station,group,onset_utc,z_onset_m,z_window_kinds,n_z_kinds,any_z_ne_4,dS_rim_05,dS_rim_1,dS_rim_5,dS_s20,dS1_obs,dS05_obs
TAO165E,A_tropical_8,2014-11-07T13:00Z,4.0,4,1,0,-0.717078211486475,-0.6116480436927723,nan,-0.26988591872923623,-0.29433333333334133,-0.35999999999999943
TAO165E,A_tropical_8,2014-11-26T03:00Z,4.0,4,1,0,0.010241560551321914,0.009958455463042588,nan,0.0,-0.036833333333341045,-0.005000000000002558
TAO165E,A_tropical_8,2014-12-05T04:00Z,4.0,4,1,0,-0.546489320172746,-0.4990108342707128,nan,-0.5376253981443696,-0.3704999999999927,-0.49450000000000216
TAO165E,A_tropical_8,2014-12-14T10:00Z,4.0,4,1,0,-0.8608162229281848,-0.7234277583777663,nan,-0.5731169240316892,-0.03583333333333627,-0.043000000000006366
TAO165E,A_tropical_8,2014-12-21T11:00Z,4.0,4,1,0,-1.0928650015882293,-0.6606353776978616,nan,-0.47095368276760635,-0.32183333333333053,-0.3329999999999984
TAO165E,A_tropical_8,2014-12-25T01:00Z,4.0,4,1,0,-0.03429473488310595,-0.03085528378710311,nan,-0.04774675009761894,7.105427357601002e-15,-0.0030000000000001137
TAO165E,A_tropical_8,2014-12-27T18:00Z,4.0,4,1,0,-0.4355277741792117,-0.3905034120473934,nan,-0.2542486749905523,-0.007166666666670096,0.005000000000002558
TAO165E,A_tropical_8,2015-01-01T02:00Z,4.0,4,1,0,-0.0542123086837457,-0.04877623976838259,nan,-0.026087978674922855,-0.02449999999999619,-0.014500000000005286
TAO165E,A_tropical_8,2015-01-06T06:00Z,4.0,4,1,0,-0.09438634681642225,-0.09455080662988201,nan,-0.0392605030479354,-0.04500000000000881,-0.030000000000001137
TAO165E,A_tropical_8,2015-01-23T19:00Z,4.0,4,1,0,-0.42330904938358777,-0.40853656224373847,nan,-0.18640510691761744,0.027999999999998693,0.011499999999998067
TAO165E,A_tropical_8,2015-01-25T11:00Z,4.0,4,1,0,-0.23226311951620177,-0.22958734559241145,nan,-0.15811195991883198,-0.08899999999999864,-0.07849999999999113
TAO165E,A_tropical_8,2015-01-30T16:00Z,4.0,4,1,0,0.0,0.0,nan,0.0,-0.07600000000000051,-0.05700000000000216
TAO165E,A_tropical_8,2015-02-10T14:00Z,4.0,4,1,0,-0.21436712058630872,-0.19861907550480104,nan,-0.2065565875093068,-0.13066666666667004,-0.05849999999999511
TAO165E,A_tropical_8,2015-02-16T05:00Z,4.0,4,1,0,-0.1420455164180064,-0.09884167457377989,nan,-0.0549025505583498,-0.11866666666666958,-0.13300000000000267
TAO165E,A_tropical_8,2015-03-02T11:00Z,4.0,4,1,0,-0.13348740901717024,-0.09988501881404085,nan,-0.0646449946115343,-0.04449999999999932,-0.037499999999994316
TAO165E,A_tropical_8,2015-03-04T00:00Z,4.0,4,1,0,-0.2624710830988063,-0.14804430921331016,nan,-0.19992198973063283,-0.06666666666666288,0.00549999999999784
TAO165E,A_tropical_8,2015-03-05T18:00Z,4.0,4,1,0,-0.08697370271476927,-0.08166320747812408,-0.01938523823708279,-0.07385299696020763,0.03333333333333144,-0.027499999999996305
TAO165E,A_tropical_8,2015-03-09T05:00Z,4.0,4,1,0,-0.047188138236094045,-0.04641441196803758,-0.029960271513848686,-0.03974533521702683,0.011000000000002785,0.003500000000002501
TAO165E,A_tropical_8,2015-03-25T19:00Z,4.0,4,1,0,-0.026481648834922603,-0.024924690085339967,nan,-0.035361120181502816,-0.014000000000002899,-0.030999999999998806
TAO165E,A_tropical_8,2015-04-10T11:00Z,4.0,4,1,0,0.02721743109946335,0.027695718268582796,nan,-0.02165358961605413,-0.045833333333327175,-0.059000000000004604
TAO165E,A_tropical_8,2015-04-17T04:00Z,4.0,4,1,0,-0.16463128116521464,-0.16515282818325716,nan,-0.11135844852472737,-0.003999999999997783,-0.026999999999993918
TAO165E,A_tropical_8,2015-04-30T18:00Z,4.0,4,1,0,-0.48461919515318164,-0.44197994098081933,nan,-0.3442851485693916,-0.021833333333340477,-0.01899999999999835
TAO165E,A_tropical_8,2015-05-03T19:00Z,4.0,4,1,0,0.0,0.0,nan,0.0,-0.026833333333343035,-0.012000000000000455
TAO165E,A_tropical_8,2015-05-06T19:00Z,4.0,4,1,0,-0.31252869984016723,-0.30465841624980605,-0.15572223193867932,-0.5104831077826993,-0.04633333333332956,-0.042999999999992156
TAO165E,A_tropical_8,2015-05-16T07:00Z,4.0,4,1,0,-0.2505269876444719,-0.1969047331806154,-0.015165723916273523,-0.20473843182959647,-0.07900000000000063,-0.09649999999999892
TAO165E,A_tropical_8,2015-05-21T04:00Z,4.0,4,1,0,-0.4425331544967672,-0.3926666836832735,-0.07664735000480578,-0.03019669924763102,-0.4024999999999963,-0.7235000000000014
TAO165E,A_tropical_8,2015-05-29T02:00Z,4.0,4,1,0,0.0,0.0,nan,0.0,-0.1701666666666668,-0.18600000000000705
TAO165E,A_tropical_8,2015-06-15T07:00Z,4.0,4,1,0,-0.588495975833696,-0.5444517407729031,nan,-0.2882705013807601,-0.09883333333333866,-0.15399999999999636
TAO165E,A_tropical_8,2015-06-24T09:00Z,4.0,4,1,0,-0.49560276734504294,-0.4442220462275017,nan,-0.21935653511432146,-0.0029999999999930083,0.011499999999998067
TAO165E,A_tropical_8,2015-07-27T12:00Z,4.0,4,1,0,-0.16813976100749845,-0.1655906407960506,-0.08121294780251315,-0.25395684765266724,-0.027999999999998693,-0.01850000000000307
TAO165E,A_tropical_8,2015-08-05T22:00Z,4.0,4,1,0,-0.24247626244630424,-0.23607270581040357,nan,-0.17486768154837942,0.02049999999999841,0.01950000000000074
TAO165E,A_tropical_8,2015-08-27T02:00Z,4.0,4,1,0,-0.016465869805424995,-0.014525978629664277,-0.0020128716429718904,-0.06164836249930753,-0.0031666666666652077,-0.0025000000000048317
TAO165E,A_tropical_8,2015-08-31T09:00Z,4.0,4,1,0,-0.4449973060263944,-0.4336889288604125,nan,-0.1389218480113309,0.05099999999999483,0.06350000000000477
TAO165E,A_tropical_8,2015-09-07T07:00Z,4.0,4,1,0,-0.10697810348385844,-0.10305489681404809,nan,0.0,-0.010666666666665492,-0.01099999999999568
TAO165E,A_tropical_8,2015-09-16T11:00Z,4.0,4,1,0,-0.9550212403603503,-0.8456176378307934,nan,-0.5267864393296273,-0.5418333333333294,-0.5920000000000059
TAO165E,A_tropical_8,2015-09-23T03:00Z,4.0,4,1,0,-0.26532122849566164,0.015270596209836347,0.03635060540864457,-0.3757950317187999,-0.07233333333333292,-0.05850000000000222
TAO165E,A_tropical_8,2015-09-26T18:00Z,4.0,4,1,0,-0.08652841809881279,-0.08194680578558772,nan,-0.038528286316013474,-0.006000000000000227,0.00549999999999784
TAO165E,A_tropical_8,2016-09-05T10:00Z,4.0,4,1,0,0.0,0.0,0.0,0.0,-0.024333333333338203,-0.016500000000000625
TAO165E,A_tropical_8,2016-09-12T22:00Z,4.0,4,1,0,0.0,0.0,0.0,0.0,0.007833333333330472,0.010500000000000398
TAO165E,A_tropical_8,2016-12-10T15:00Z,4.0,4,1,0,0.0,0.0,0.0,0.0,-0.03683333333333394,-0.02750000000000341
TAO165E,A_tropical_8,2017-01-18T19:00Z,4.0,4,1,0,-1.8840525151562035,-1.6228595808364363,-0.127632605240415,-1.396459397396292,-0.45316666666666805,-0.4575000000000031
TAO165E,A_tropical_8,2017-01-26T08:00Z,4.0,4,1,0,-0.2905539609155584,-0.2732861178095594,-0.07641719424577316,-0.11529268485099543,-0.031500000000001194,-0.012999999999998124
TAO165E,A_tropical_8,2017-01-28T14:00Z,4.0,4,1,0,0.0,0.0,0.0,-0.01117529728879134,-0.03433333333332911,-0.08100000000000307
TAO165E,A_tropical_8,2017-02-07T02:00Z,4.0,4,1,0,-0.7823233065104623,-0.6327099065858668,-0.09621156293512165,-0.359920122878572,-0.006000000000000227,-0.026000000000003354
TAO165E,A_tropical_8,2019-10-19T20:00Z,4.0,4,1,0,0.033156195926849895,0.030958238938597074,-0.012251323020825393,0.014693465219185794,-0.019666666666658728,-0.006500000000002615
TAO165E,A_tropical_8,2019-10-31T01:00Z,4.0,4,1,0,-0.12442305579322883,-0.11810409341086159,-0.04045548988598702,-0.05902406330985233,-0.000166666666665094,0.0030000000000001137
TAO165E,A_tropical_8,2019-11-07T08:00Z,4.0,4,1,0,-0.6994755960701743,-0.5825679619103606,-0.08443647028319785,-0.45397440383050364,-0.3541666666666643,-0.3260000000000076
TAO165E,A_tropical_8,2019-11-12T08:00Z,4.0,4,1,0,-0.014337040010409505,-0.012559776575448236,-0.0014742507171374003,-0.004459953377736928,-0.021333333333330984,-0.015999999999998238
TAO165E,A_tropical_8,2019-11-13T18:00Z,4.0,4,1,0,0.034626692149843014,0.02125017400617362,-0.06479326955118991,0.02779213797333785,0.00916666666667254,0.006000000000000227
TAO165E,A_tropical_8,2019-11-20T14:00Z,4.0,4,1,0,-0.16299718527314003,-0.1213413909446597,-0.016989426427675695,-0.06731805526114759,0.11149999999999949,0.17300000000000182
TAO165E,A_tropical_8,2019-11-28T09:00Z,4.0,4,1,0,-0.16448894661538355,-0.16208203441982025,-0.0404809477565653,-0.06760285491250076,-0.12983333333333036,-0.10649999999999693
TAO165E,A_tropical_8,2019-12-06T07:00Z,4.0,4,1,0,-0.05518363261362518,-0.049549745184201986,-0.006353759073124227,-0.10236420633626088,0.021333333333330984,0.025500000000000966
TAO165E,A_tropical_8,2019-12-13T13:00Z,4.0,4,1,0,0.08542713494860524,0.08213149785523828,0.02816160921810909,-0.005064790413503651,-0.04533333333333189,-0.048500000000004206
TAO165E,A_tropical_8,2019-12-21T08:00Z,4.0,4,1,0,0.051630893701008165,0.04975267441313013,0.016376027275892057,0.0,0.04066666666666663,0.07150000000000034
TAO165E,A_tropical_8,2020-01-07T05:00Z,4.0,4,1,0,-0.42316048488115493,-0.3980344180709995,-0.10756121229999903,-0.16446290877422517,-0.02583333333333826,-0.03649999999998954
TAO165E,A_tropical_8,2020-01-09T22:00Z,4.0,4,1,0,-0.4046692063234747,-0.3803563745475657,-0.07615086173758184,-0.09101582719031669,-0.030999999999998806,-0.05100000000000193
TAO165E,A_tropical_8,2020-02-03T19:00Z,4.0,4,1,0,-0.2204807874574772,-0.20542347668504926,-0.058809948097278,-0.1527853622581784,-0.10116666666666418,-0.11050000000000182
TAO165E,A_tropical_8,2020-02-06T09:00Z,4.0,4,1,0,-0.0015689133899804391,-0.0012621385713636492,0.0011136372052147011,-0.006884895270066592,-0.07416666666667737,-0.07900000000000773
TAO165E,A_tropical_8,2020-02-09T09:00Z,4.0,4,1,0,-0.3663658025622757,-0.33254807366562733,-0.08263477775388507,-0.21720653819233013,0.0023333333333326323,0.005500000000004945
TAO165E,A_tropical_8,2020-02-11T14:00Z,4.0,4,1,0,-0.1592907757057982,-0.15480074348047776,-0.07597423097880084,-0.283260591511187,0.0003333333333372934,0.009999999999990905
TAO165E,A_tropical_8,2020-03-01T22:00Z,4.0,4,1,0,-1.3726578550974164,-0.9388383030397609,-0.14615917610613396,-0.7064006251074663,-0.03016666666666623,-0.05000000000000426
TAO165E,A_tropical_8,2020-03-10T16:00Z,4.0,4,1,0,-0.10352376304435268,-0.08966678357053802,-0.016370139776675036,-0.022667519746787056,0.0010000000000047748,0.00999999999999801
TAO165E,A_tropical_8,2020-03-17T15:00Z,4.0,4,1,0,0.020570020741033302,0.0156463387680052,-0.014464960895697468,0.004441883753075911,0.009833333333340022,0.007500000000000284
TAO165E,A_tropical_8,2020-03-24T19:00Z,4.0,4,1,0,-0.15811395104761367,-0.1553822126033932,-0.10189713407294672,-0.15161564105516004,0.0029999999999930083,-0.0045000000000001705
TAO165E,A_tropical_8,2020-04-05T11:00Z,4.0,4,1,0,0.0,0.0,0.0,0.0,-0.009500000000002728,0.007000000000005002
TAO165E,A_tropical_8,2020-04-16T12:00Z,4.0,4,1,0,-0.06644960588862418,-0.05832409197439625,-0.007222429472955834,-0.02681953271086635,-0.00816666666666066,-0.013499999999993406
TAO165E,A_tropical_8,2020-04-27T05:00Z,4.0,4,1,0,0.0,0.0,0.0,0.0,0.004166666666662877,0.0
TAO8S165E,A_tropical_8,2010-10-27T22:00Z,4.0,4,1,0,0.0,0.0,nan,0.0,-0.07299999999999329,-0.08100000000000307
TAO8S165E,A_tropical_8,2010-11-08T08:00Z,4.0,4,1,0,0.006397695647492998,0.006230580123277397,nan,0.0,-0.03783333333333161,0.0
TAO8S165E,A_tropical_8,2010-12-08T17:00Z,4.0,4,1,0,0.0,0.0,nan,0.0,0.01916666666665634,0.0
TAO8S165E,A_tropical_8,2010-12-13T01:00Z,4.0,4,1,0,0.024812093982810972,0.024361366294144426,nan,0.0,-0.009000000000000341,0.006500000000002615
TAO8S165E,A_tropical_8,2010-12-21T05:00Z,4.0,4,1,0,0.04485366827888039,0.044097298350295626,nan,-0.0011610820909447783,0.006833333333325697,0.0
TAO8S165E,A_tropical_8,2010-12-27T10:00Z,4.0,4,1,0,0.0,0.0,nan,0.0,-0.014833333333335474,0.0
TAO8S165E,A_tropical_8,2011-01-24T22:00Z,4.0,4,1,0,-0.18226817638578002,-0.1468038145057786,nan,-0.09880636404161346,-0.10949999999999704,0.03300000000000125
TAO8S165E,A_tropical_8,2011-01-30T17:00Z,4.0,4,1,0,0.006207239836160439,0.00625903799684107,nan,-0.004026855513899465,-0.02216666666667777,0.0
TAO8S165E,A_tropical_8,2011-02-04T15:00Z,4.0,4,1,0,-0.024892685433322407,-0.02276938169279328,nan,-0.010392572342321067,0.007666666666672484,0.0
TAO8S165E,A_tropical_8,2011-02-10T08:00Z,4.0,4,1,0,0.10727313440538275,0.09408625118253375,nan,0.0,-0.06199999999999051,0.0
TAO8S165E,A_tropical_8,2011-02-19T10:00Z,4.0,4,1,0,-0.10934967287610015,-0.10661855710477064,nan,-0.1672045141252147,0.0008333333333396808,0.0
TAO8S165E,A_tropical_8,2011-03-09T19:00Z,4.0,4,1,0,-0.13463843742069548,-0.10712764707309219,nan,-0.07437039021505436,-0.06216666666666981,-0.0799999999999983
TAO8S165E,A_tropical_8,2011-03-26T00:00Z,4.0,4,1,0,0.07433832485085216,0.06918818509072047,nan,0.0,-0.11866666666666248,-0.12599999999999767
TAO8S165E,A_tropical_8,2011-04-11T13:00Z,4.0,4,1,0,-1.1430499369030287,-0.7858560563933635,nan,-0.6106861415627571,-0.04966666666666697,0.0
TAO8S165E,A_tropical_8,2011-04-15T17:00Z,4.0,4,1,0,-0.0660893307197479,-0.06182683553521364,nan,-0.024271676892133845,0.013333333333328312,0.0
TAO8S165E,A_tropical_8,2011-05-01T03:00Z,4.0,4,1,0,-0.3306706787582509,-0.3008198858195245,nan,-0.13361087807813884,-0.06800000000000495,-0.08149999999999835
TAO8S165E,A_tropical_8,2011-05-13T07:00Z,4.0,4,1,0,0.0,0.0,nan,0.0,0.009666666666667822,0.0
TAO8S165E,A_tropical_8,2011-05-17T11:00Z,4.0,4,1,0,0.009716335746810311,0.009572716122799182,nan,0.0,-0.020000000000003126,0.0
TAO8S165E,A_tropical_8,2011-05-22T06:00Z,4.0,4,1,0,-0.09385660443102463,-0.07836453608134598,nan,-0.02470094805319409,0.04333333333332945,0.0
TAO8S165E,A_tropical_8,2011-05-27T06:00Z,4.0,4,1,0,-0.016046544750775753,-0.014318508592867601,nan,-0.01856999892163033,-0.012166666666665549,0.0
TAO8S165E,A_tropical_8,2011-06-03T15:00Z,4.0,4,1,0,-0.5921529857151131,-0.5707940200949948,nan,-0.1672117326904769,-0.024666666666661285,0.0
TAO8S165E,A_tropical_8,2011-06-05T00:00Z,4.0,4,1,0,0.00834224836470214,0.008248518836745869,nan,0.0,-0.0048333333333303585,-0.09199999999999875
TAO8S165E,A_tropical_8,2011-06-21T00:00Z,4.0,4,1,0,-0.11759523285714704,-0.11363777497148346,nan,-0.07445302038635346,-0.03033333333333843,-0.01899999999999835
TAO8S165E,A_tropical_8,2011-06-23T09:00Z,4.0,4,1,0,0.0,0.0,nan,0.0,0.009500000000002728,0.0
TAO8S165E,A_tropical_8,2011-07-13T23:00Z,4.0,4,1,0,0.024145036982057985,0.021595780369292036,nan,0.11219419658956473,-0.027499999999996305,-0.019000000000005457
TAO8S165E,A_tropical_8,2011-07-17T11:00Z,4.0,4,1,0,-0.1087287681950741,-0.10628527279643027,nan,-0.07268654686745749,-0.003000000000007219,0.0
TAO8S165E,A_tropical_8,2011-08-06T13:00Z,4.0,4,1,0,-0.33350364891205125,-0.3177325378363601,nan,-0.1918620771941671,-0.06566666666666521,0.0
TAO8S165E,A_tropical_8,2011-09-24T06:00Z,4.0,4,1,0,-0.0828835978500268,-0.08616166797390266,nan,-0.018200837355143128,-0.09633333333333383,0.0
TAO8S165E,A_tropical_8,2011-10-03T07:00Z,4.0,4,1,0,-0.4625611807672488,-0.37803681063990563,nan,-0.08466452660492972,-0.132000000000005,0.0
TAO8S165E,A_tropical_8,2011-10-07T14:00Z,4.0,4,1,0,-0.9534160262210375,-0.7950161770005392,nan,-0.7520305562837142,-0.5553333333333299,0.0
TAO8S165E,A_tropical_8,2011-10-24T07:00Z,4.0,4,1,0,0.004528596027017532,0.004516934762217057,nan,0.0,-0.09633333333332672,0.0
TAO8S165E,A_tropical_8,2011-10-28T20:00Z,4.0,4,1,0,-1.9852874023873537,-1.6085376435053986,nan,0.47880179281827107,-0.31483333333333263,-0.10000000000000142
TAO8S165E,A_tropical_8,2011-10-30T11:00Z,4.0,4,1,0,-1.3261491951347466,-1.1126617393072171,nan,-0.40711260040234876,-0.23383333333332956,0.0
BOBOA,A_tropical_8,2013-12-08T11:00Z,4.0,4,1,0,-0.2557819968029474,-0.24848736203029517,-0.1243707594318542,-0.27891139401210535,0.16199999999999903,0.16750000000000398
BOBOA,A_tropical_8,2014-05-13T13:00Z,4.0,4,1,0,0.012979519241418498,0.014275077839266938,0.005773259480166468,-0.023992576796171294,-0.007833333333337578,-0.0034999999999953957
BOBOA,A_tropical_8,2014-05-18T05:00Z,4.0,4,1,0,0.0,0.0,0.0,0.0,-0.025666666666658955,-0.03300000000000125
BOBOA,A_tropical_8,2014-06-07T08:00Z,4.0,4,1,0,-0.24151263112325724,-0.23308010550674227,-0.11200989288646962,-0.18103708947622296,-0.047833333333336725,-0.041499999999999204
BOBOA,A_tropical_8,2014-06-09T21:00Z,4.0,4,1,0,-0.09602307989798531,-0.08768682182230868,-0.01661479576945152,-0.04898695839012419,-0.03300000000000125,-0.07149999999999324
BOBOA,A_tropical_8,2014-06-13T10:00Z,4.0,4,1,0,-0.3371594322821262,-0.3296452742069939,-0.19454778419943605,-0.3875897244443516,-0.02300000000000324,-0.12000000000000455
BOBOA,A_tropical_8,2014-06-15T12:00Z,4.0,4,1,0,-0.5714178407835786,-0.5047066118935025,-0.16207328248105185,-0.6886147335240619,-0.0626666666666722,-0.060000000000002274
BOBOA,A_tropical_8,2014-06-17T13:00Z,4.0,4,1,0,-0.7674920614165041,-0.6834869292846227,-0.16820797085716896,-0.48340285417436524,-0.13633333333333297,-0.12199999999999989
BOBOA,A_tropical_8,2014-07-09T02:00Z,4.0,4,1,0,-0.028070829780056445,-0.027727995720981974,-0.02169337549007465,0.018797491014335053,-0.04033333333333644,-0.07850000000000534
BOBOA,A_tropical_8,2014-07-18T07:00Z,4.0,4,1,0,-0.12941149964853524,-0.1270939547739186,-0.08010030990277056,-0.12850817074671156,-0.0045000000000001705,0.0020000000000024443
BOBOA,A_tropical_8,2014-07-24T02:00Z,4.0,4,1,0,-0.17899948332436189,-0.17636825281497984,-0.1195036899459588,-0.21053243917687212,0.0763333333333378,0.09850000000000136
BOBOA,A_tropical_8,2014-07-31T04:00Z,4.0,4,1,0,-0.03794851390344219,-0.03743936765237117,-0.025520843556575423,0.005957793981507777,-0.026999999999993918,-0.040500000000001535
BOBOA,A_tropical_8,2014-08-21T23:00Z,4.0,4,1,0,-0.3973757436153219,-0.33160674091548686,-0.05587367912860819,-0.3200139003607274,0.02449999999999619,0.05449999999999022
BOBOA,A_tropical_8,2014-08-24T20:00Z,4.0,4,1,0,0.0050118566984659555,0.004912345992351977,0.0025423607677112106,0.0,-0.0006666666666639287,-0.009000000000000341
BOBOA,A_tropical_8,2014-09-02T01:00Z,4.0,4,1,0,-0.2750486632212109,-0.2668672461935664,-0.13135096922078274,-0.24065495918580698,-0.1441666666666599,-0.17099999999999937
BOBOA,A_tropical_8,2014-09-04T08:00Z,4.0,4,1,0,-0.09873089743633728,-0.09394488124289233,-0.034287563498237,-0.05351948384601556,0.0063333333333410735,0.025500000000000966
BOBOA,A_tropical_8,2014-09-13T00:00Z,4.0,4,1,0,-0.16999247226501987,-0.1672420375309733,-0.11147499044638308,-0.0023934790957290605,0.1408333333333367,0.2119999999999962
BOBOA,A_tropical_8,2014-09-17T05:00Z,4.0,4,1,0,0.0062454303839613,0.00621958289424192,0.0058099841348041165,0.0,0.010666666666672597,0.007500000000000284
BOBOA,A_tropical_8,2014-10-04T15:00Z,4.0,4,1,0,-0.020109133088174174,-0.009222766720547435,-0.02058370742040255,-0.056142400257256024,-0.09500000000000597,-0.06749999999999545
BOBOA,A_tropical_8,2014-11-03T21:00Z,4.0,4,1,0,-0.2618965951082308,-0.2512828776328439,-0.09196677970126901,-0.4879032983642568,-0.03450000000000131,-0.02599999999999625
BOBOA,A_tropical_8,2014-12-23T10:00Z,4.0,4,1,0,-0.012084408663722719,-0.011714720342280112,-0.00560333238138477,-0.006329732380531722,0.025500000000000966,-0.04099999999999682
BOBOA,A_tropical_8,2014-12-29T03:00Z,4.0,4,1,0,-0.6832385533943595,-0.6455426510528806,-0.2039563610142513,-0.5180193116950982,0.04100000000000392,0.05150000000000432
BOBOA,A_tropical_8,2016-05-22T05:00Z,4.0,4,1,0,-0.07056799206682245,-0.06869897686591984,-0.040636142925379294,-0.004973110858623096,-0.08266666666666822,-0.0730000000000004
BOBOA,A_tropical_8,2016-06-01T06:00Z,4.0,4,1,0,-0.06155138940878979,-0.05134418144540725,0.005142584789634717,-0.07768130152114165,0.018333333333337976,0.023500000000005627
BOBOA,A_tropical_8,2016-06-04T09:00Z,4.0,4,1,0,-0.012347749149387625,-0.010389469996490397,0.013103542443012338,-0.015845399764772422,-0.10799999999999699,-0.039500000000003865
BOBOA,A_tropical_8,2016-06-13T07:00Z,4.0,4,1,0,-0.0978176045944196,-0.09589137589326566,-0.05714026099203505,-0.06379201212618642,-0.0311666666666639,-0.012000000000000455
BOBOA,A_tropical_8,2016-07-01T14:00Z,4.0,4,1,0,-0.020887257575746623,-0.02057035763744244,-0.013155760969731036,-0.008365342966055754,-0.005166666666667652,-0.031999999999996476
BOBOA,A_tropical_8,2016-07-07T14:00Z,4.0,4,1,0,-0.2736063425032351,-0.2696600181260118,-0.1778193962740197,-0.37856142735541576,0.0015000000000000568,0.02400000000000091
BOBOA,A_tropical_8,2016-07-15T19:00Z,4.0,4,1,0,0.0,0.0,0.0,0.0,-0.030333333333331325,-0.027499999999996305
BOBOA,A_tropical_8,2016-07-18T01:00Z,4.0,4,1,0,-0.12575311571286155,-0.10045616725661735,-0.010130673752016806,-0.07141705724166535,-0.05583333333333229,-0.04800000000000182
BOBOA,A_tropical_8,2016-07-27T08:00Z,4.0,4,1,0,-0.8411686560422702,-0.6324310068951661,-0.07476914203345117,-0.24699011869263549,-0.11833333333333229,-0.11899999999999977
BOBOA,A_tropical_8,2016-08-04T09:00Z,4.0,4,1,0,-0.11485268360781062,-0.11344895297492055,-0.08006640886781323,-0.13743967964323742,-0.07000000000000028,-0.0625
BOBOA,A_tropical_8,2017-04-14T01:00Z,4.0,4,1,0,-0.2737436303323315,-0.2535722078346217,-0.09271154858486481,-0.19835954268915926,-0.04116666666666191,-0.02650000000000574
BOBOA,A_tropical_8,2017-05-25T13:00Z,4.0,4,1,0,0.0,0.0,0.0,0.0,-0.09649999999999892,-0.08800000000000807
BOBOA,A_tropical_8,2017-05-28T00:00Z,4.0,4,1,0,-0.09703510117934289,-0.09339349775062701,-0.03436501383735887,-0.23463693229540317,-0.1148333333333369,-0.12399999999999523
BOBOA,A_tropical_8,2017-06-17T00:00Z,4.0,4,1,0,-0.23409682493861403,-0.22600345882120937,-0.10030524076944906,-0.215865281491708,-0.14983333333333348,-0.12699999999999534
BOBOA,A_tropical_8,2017-06-23T11:00Z,4.0,4,1,0,-0.03397276861213211,-0.033267364293693306,-0.020837217493061434,-0.060638128306813546,-0.013833333333337805,-0.012000000000000455
BOBOA,A_tropical_8,2017-06-26T01:00Z,4.0,4,1,0,0.019837365434671465,0.019761047239079028,0.01841229886326854,0.0,-0.022500000000000853,-0.020000000000003126
BOBOA,A_tropical_8,2017-06-29T13:00Z,4.0,4,1,0,-0.18219222245407746,-0.17379816863978836,-0.06850320926169547,-0.11280892591399495,0.039666666666661854,0.028999999999996362
BOBOA,A_tropical_8,2017-07-06T10:00Z,4.0,4,1,0,-0.14154178020934166,-0.1382330807765705,-0.07631818434164973,-0.22539550233028824,-0.01916666666665634,-0.014499999999998181
BOBOA,A_tropical_8,2017-07-12T06:00Z,4.0,4,1,0,-0.04391047589443056,-0.042703151119004724,-0.022285144903537068,-0.04053215858182751,-0.052333333333336896,-0.030500000000003524
BOBOA,A_tropical_8,2017-07-21T01:00Z,4.0,4,1,0,-0.07159897645450676,-0.06958246013041339,-0.034602800702377506,-0.06256115201226875,-0.07699999999999818,-0.09749999999999659
BOBOA,A_tropical_8,2017-08-16T17:00Z,4.0,4,1,0,-0.021513160058124592,-0.021111677721569924,-0.014953090942474167,0.001849922357490711,-0.005333333333339851,0.030999999999998806
BOBOA,A_tropical_8,2017-08-18T20:00Z,4.0,4,1,0,-0.43399351052747276,-0.3941240646890613,-0.11857575278473427,-0.1751557778720247,-0.10216666666666896,-0.021999999999998465
BOBOA,A_tropical_8,2017-08-24T11:00Z,4.0,4,1,0,-0.24715950661426092,-0.23872974037280126,-0.10527209367413878,-0.3032365121238942,-0.24416666666666487,-0.24399999999999977
BOBOA,A_tropical_8,2017-08-31T03:00Z,4.0,4,1,0,-0.5281032398050322,-0.5014675168955105,-0.15578209519963782,-0.21394115708840644,-0.42650000000000077,-0.38649999999999807
BOBOA,A_tropical_8,2017-09-16T04:00Z,4.0,4,1,0,-0.18259300251222052,-0.1758541943099312,-0.048321664371163385,-0.3633450712525341,-0.8038333333333298,-0.5409999999999968
BOBOA,A_tropical_8,2017-09-30T17:00Z,4.0,4,1,0,0.02404128891795796,0.021710963737288987,0.0011640058037289582,0.0,-0.08933333333333593,-0.3289999999999935
BOBOA,A_tropical_8,2017-10-12T07:00Z,4.0,4,1,0,0.0,0.0,0.0,0.0,-0.09650000000000603,-0.03900000000000148
BOBOA,A_tropical_8,2017-11-07T19:00Z,4.0,4,1,0,-0.14158383738385946,-0.13594005894781688,-0.05720175237304995,-0.08197014746276512,-0.13766666666666794,-0.17099999999999937
BOBOA,A_tropical_8,2017-11-09T14:00Z,4.0,4,1,0,0.02595806440752063,0.02310069477846769,-0.03769645631091428,0.10644273173887003,-0.05949999999999278,-0.08250000000000313
BOBOA,A_tropical_8,2017-11-23T15:00Z,4.0,4,1,0,0.0,0.0,0.0,0.0,-0.03950000000000031,-0.09199999999999875
BOBOA,A_tropical_8,2017-12-05T22:00Z,4.0,4,1,0,-0.17490703789661977,-0.16969414855312942,-0.08560373736755551,-0.236598404344904,-0.028333333333335986,-0.032999999999994145
BOBOA,A_tropical_8,2017-12-29T03:00Z,4.0,4,1,0,0.0,0.0,0.0,0.0,-0.0381666666666689,-0.022499999999993747
TAO170W,A_tropical_8,2008-06-23T16:00Z,4.0,4,1,0,-0.23228648293057957,-0.21062249151372295,-0.03615140628569048,-0.08289859936311779,-0.06133333333333013,0.0
TAO170W,A_tropical_8,2008-07-08T12:00Z,4.0,4,1,0,-0.006204051808811026,-0.005724268435843091,-0.0009096425343820692,-0.003653497409244144,-0.001999999999995339,0.0
TAO170W,A_tropical_8,2015-12-04T10:00Z,4.0,4,1,0,-0.06444129794514379,-0.07742311258820037,-0.08985520755087553,0.15683497493495654,-0.07600000000000051,0.04999999999999716
TAO170W,A_tropical_8,2015-12-11T06:00Z,4.0,4,1,0,-0.13219487228301666,-0.08726622640164293,-0.007194307962393504,-0.07056498747639663,-0.07800000000001006,0.014500000000005286
TAO170W,A_tropical_8,2015-12-13T23:00Z,4.0,4,1,0,-0.020664320513004427,-0.014361383067767516,-5.2021710037396245e-05,-0.02094746480667894,-0.04749999999999943,0.018499999999995964
TAO170W,A_tropical_8,2015-12-19T00:00Z,4.0,4,1,0,-0.1963942158612732,-0.18615183149357722,-0.062050530565773324,-0.08606852031199316,0.0033333333333303017,-0.008500000000005059
TAO170W,A_tropical_8,2016-01-03T22:00Z,4.0,4,1,0,-0.5624006441988483,-0.4700588961393413,-0.06745511275778884,-0.3977011151538022,-0.032166666666668675,0.08950000000000102
TAO170W,A_tropical_8,2016-01-09T04:00Z,4.0,4,1,0,-0.136350914922196,-0.13487494667501776,-0.09294134679843374,-0.11026217916042252,-0.029166666666661456,0.012000000000000455
TAO170W,A_tropical_8,2016-01-16T19:00Z,4.0,4,1,0,-0.6074977807550084,-0.5137231782920333,-0.1167960526467736,-0.4108167000530349,-0.10616666666666674,-0.0024999999999977263
TAO170W,A_tropical_8,2016-01-18T23:00Z,4.0,4,1,0,-2.946598847859885,-2.4732889731580774,-0.20958919004761778,-1.400264474500498,-0.8246666666666655,0.04100000000000392
TAO170W,A_tropical_8,2016-01-23T20:00Z,4.0,4,1,0,-0.3815287171985073,-0.3492826558444237,-0.052013039284278,-0.13041759416708995,-0.13599999999999568,0.27199999999999847
TAO170W,A_tropical_8,2016-01-27T11:00Z,4.0,4,1,0,-0.1005637257819923,-0.0982787962865534,-0.03975491182703422,-0.0904612213347097,0.005500000000004945,0.14499999999999602
TAO170W,A_tropical_8,2016-02-02T02:00Z,4.0,4,1,0,-1.2050815908847108,-1.1875678736560886,-0.17283033280281246,0.2091353491557963,-0.14066666666666805,0.19149999999999778
TAO170W,A_tropical_8,2016-02-06T02:00Z,4.0,4,1,0,-0.1105067037022732,-0.07089961802752374,-0.18978306462496386,0.03588696864545618,-0.2363333333333273,-0.3710000000000093
TAO170W,A_tropical_8,2016-02-12T11:00Z,4.0,4,1,0,-1.2504435695766496,-0.9399395117665262,-0.16486014963898601,-0.8655817113941637,-0.34183333333332655,0.09150000000000347
TAO170W,A_tropical_8,2016-02-23T11:00Z,4.0,4,1,0,-0.44742944492849873,-0.43115851803595084,-0.16595831924284205,-0.5088802447712849,-0.24033333333333218,0.015999999999998238
TAO170W,A_tropical_8,2016-03-03T05:00Z,4.0,4,1,0,-0.0155263779571709,-0.014831492327016992,-0.004603522102903988,-0.007686930183363688,0.012666666666667936,-0.09249999999999403
TAO170W,A_tropical_8,2016-03-05T16:00Z,4.0,4,1,0,-0.7664720338169106,-0.5760436649290869,-0.0027147893613352066,-0.281753364047216,-0.023500000000005627,0.0045000000000001705
TAO170W,A_tropical_8,2016-03-17T21:00Z,4.0,4,1,0,0.0,0.0,0.0,0.0,-0.0015000000000000568,-0.42600000000000193
TAO170W,A_tropical_8,2016-03-25T12:00Z,4.0,4,1,0,-0.5875404883284139,-0.5147372993741892,-0.10867887334516005,-0.23684169213625642,-0.18799999999999528,0.0009999999999976694
TAO170W,A_tropical_8,2016-03-27T19:00Z,4.0,4,1,0,0.0,0.0,0.0,0.0,0.021499999999996078,-0.03849999999999909
TAO170W,A_tropical_8,2016-03-29T20:00Z,4.0,4,1,0,-0.12579384664641335,-0.1195442521979351,-0.019368950751533068,-0.09913566114206825,-0.11149999999999949,0.025500000000000966
TAO170W,A_tropical_8,2016-04-20T09:00Z,4.0,4,1,0,-0.0727128943189953,-0.0665797503357879,-0.012287976383658103,0.0,-0.010333333333328198,-0.022499999999993747
TAO170W,A_tropical_8,2017-07-06T01:00Z,4.0,4,1,0,-0.008908874112996337,-0.008370580751953616,nan,-0.003959197608398653,-0.0591666666666697,-0.07449999999999335
TAO170W,A_tropical_8,2017-07-22T14:00Z,4.0,4,1,0,-0.2066475050318135,-0.19781333648823649,nan,-0.16383048190835717,-0.008833333333328142,-0.01200000000000756
TAO170W,A_tropical_8,2017-07-26T03:00Z,4.0,4,1,0,-0.09696791781255484,-0.08826003993483104,nan,-0.02182480720007059,-0.017166666666668107,-0.015000000000007674
TAO155W,A_tropical_8,2010-01-26T07:00Z,4.0,4,1,0,-0.016118478309921462,-0.015259229487724452,nan,-0.021220404319650377,-0.04083333333333172,0.0
TAO155W,A_tropical_8,2010-02-01T12:00Z,4.0,4,1,0,-0.02647976998460461,-0.018863924343551202,nan,-0.023608729389266354,-0.07799999999999585,0.0
TAO155W,A_tropical_8,2010-02-11T02:00Z,4.0,4,1,0,-0.36046054324399585,-0.2886131935868348,nan,-0.031791073219550325,-0.32083333333333286,-0.10200000000000387
TAO155W,A_tropical_8,2010-02-14T12:00Z,4.0,4,1,0,-0.3801185675606751,-0.3557870455277623,nan,-0.22667152484384165,-0.10816666666666919,0.0
TAO155W,A_tropical_8,2010-02-18T02:00Z,4.0,4,1,0,-0.7252408822719799,-0.6948660410664842,nan,-0.03265757996154445,-0.08149999999999125,-0.006000000000000227
TAO155W,A_tropical_8,2010-02-21T02:00Z,4.0,4,1,0,-0.41811050150100404,-0.36270168480645226,nan,-0.11054654579471308,-0.0626666666666722,-0.03849999999999909
TAO155W,A_tropical_8,2010-02-25T08:00Z,4.0,4,1,0,-0.11789220044271193,-0.11511753907027568,nan,-0.034653938154663076,-0.054999999999999716,0.0
TAO155W,A_tropical_8,2010-03-11T20:00Z,4.0,4,1,0,0.0,0.0,nan,0.0,-0.028499999999993975,-0.0625
TAO155W,A_tropical_8,2010-03-16T12:00Z,4.0,4,1,0,-1.206342003005148,-0.8478676724055665,nan,-0.1408096352932633,-0.10650000000000404,0.0
TAO155W,A_tropical_8,2010-04-03T10:00Z,4.0,4,1,0,-0.06245047158450036,-0.05559705779261214,nan,-0.06526748625156091,-0.007500000000000284,0.0
TAO140W,A_tropical_8,2004-06-10T10:00Z,4.0,4,1,0,-0.0813700929811938,-0.07811506252551662,nan,-0.08291762641635096,-0.03838888888888903,-0.036999999999999034
TAO140W,A_tropical_8,2005-03-27T17:00Z,4.0,4,1,0,0.0022503987201362876,0.0027847889699665726,nan,-0.00274480625284187,-0.05752777777777851,-0.06550000000000011
TAO140W,A_tropical_8,2005-06-03T02:00Z,4.0,4,1,0,-1.085671088548849,-0.6332248231037019,nan,-0.5652034440736774,-0.028694444444447242,-0.029500000000005855
TAO140W,A_tropical_8,2008-06-11T14:00Z,4.0,4,1,0,-0.0249012101909059,-0.02367047360927894,nan,-0.010173767225424997,0.005000000000002558,0.0
TAO140W,A_tropical_8,2008-08-06T02:00Z,4.0,4,1,0,-0.009878281533877748,-0.009464448755156337,-0.003282781916534573,-0.028981413462025252,-0.0020000000000024443,0.012000000000000455
TAO140W,A_tropical_8,2009-07-10T13:00Z,4.0,4,1,0,-0.028026947238645444,-0.02708211726563782,-0.01104837109565349,-0.021358629025167674,-0.012500000000002842,0.0
TAO140W,A_tropical_8,2015-04-12T14:00Z,4.0,4,1,0,-1.0790642499562773,-0.7636938435532682,-0.295226018876661,-0.3587740823576251,-0.6088333333333296,-0.6274999999999977
TAO140W,A_tropical_8,2015-06-30T06:00Z,4.0,4,1,0,-0.08994485181297487,-0.08607834411324865,-0.03360183918801569,-0.017563696782945785,-0.02116666666666589,-0.018999999999991246
TAO140W,A_tropical_8,2016-03-03T02:00Z,4.0,4,1,0,-0.17772184669395533,-0.2008100190845623,-0.03954917899427704,0.15117457714935026,-0.08816666666667317,-0.10249999999999204
TAO140W,A_tropical_8,2016-03-09T07:00Z,4.0,4,1,0,-0.002220976177970497,-0.0018592027973971378,-6.280187679252536e-06,-0.010046120915792555,0.012000000000000455,0.008500000000005059
TAO125W,A_tropical_8,2010-04-24T12:00Z,4.0,4,1,0,-0.10568848859778454,-0.10174042136408819,nan,-0.07374598353117597,-0.03716666666666413,0.0
TAO110W,A_tropical_8,2015-05-05T08:00Z,4.0,4,1,0,-0.22389943843958246,-0.19840333438199187,-0.035529860720521486,-0.1875368099834421,-0.04733333333332723,-0.041499999999999204
TAO110W,A_tropical_8,2015-05-06T15:00Z,4.0,4,1,0,0.09065969395099258,0.09297716569459823,0.07434612957077717,-0.013862024387012305,-0.025166666666663673,-0.028500000000008185
TAO110W,A_tropical_8,2018-02-28T15:00Z,4.0,4,1,0,-0.006119444266259432,-0.009304321544117288,nan,0.04989782116184259,-0.003666666666667595,-0.019499999999993634
KEO,B_subtropical_midlatitude_5,2007-10-19T21:00Z,4.0,4,1,0,-0.6106208815397309,-0.5758647926994217,nan,-0.7318156295718746,-0.39683333333333337,-0.4405000000000001
KEO,B_subtropical_midlatitude_5,2007-11-06T00:00Z,4.0,4,1,0,-0.08117278218396518,-0.07985940015791425,nan,-0.03839326184470947,-0.13816666666667032,-0.2015000000000029
KEO,B_subtropical_midlatitude_5,2007-11-28T09:00Z,4.0,4,1,0,-0.11447159973160491,-0.07169102817561702,nan,0.06620008204820496,-0.006500000000002615,0.0040000000000048885
KEO,B_subtropical_midlatitude_5,2007-12-13T00:00Z,4.0,4,1,0,-0.115229037753582,-0.11267352237259143,nan,-0.08734007722600813,-0.030500000000003524,-0.015999999999998238
KEO,B_subtropical_midlatitude_5,2007-12-22T12:00Z,4.0,4,1,0,-0.05334221813511774,-0.05383247893521594,nan,-0.006287722483277643,-0.008833333333342352,-0.00750000000000739
KEO,B_subtropical_midlatitude_5,2008-01-20T23:00Z,4.0,4,1,0,-0.0938024223559724,-0.09309525982923497,nan,-0.03727390396722777,-0.05033333333333445,-0.09099999999999397
KEO,B_subtropical_midlatitude_5,2008-01-28T14:00Z,4.0,4,1,0,-0.06959137177093175,-0.06836398034975573,nan,-0.06547725548973417,-0.05183333333333451,-0.08600000000000563
KEO,B_subtropical_midlatitude_5,2008-02-02T04:00Z,4.0,4,1,0,0.0012084658413190124,0.0012029838089021863,nan,0.0,-0.04200000000000159,-0.059499999999999886
KEO,B_subtropical_midlatitude_5,2008-02-26T16:00Z,4.0,4,1,0,-0.027104804562991965,-0.026897339935122645,nan,-0.02107001032550649,0.007666666666665378,0.016500000000000625
KEO,B_subtropical_midlatitude_5,2008-03-19T18:00Z,4.0,4,1,0,-0.06373770676085808,-0.06298443806468818,nan,-0.09105946117130771,0.011000000000002785,0.015999999999998238
KEO,B_subtropical_midlatitude_5,2008-03-24T21:00Z,4.0,4,1,0,-0.1294369920817104,-0.1041963104800947,nan,-0.16642955204847953,-0.05816666666665782,-0.12199999999999989
KEO,B_subtropical_midlatitude_5,2008-03-30T08:00Z,4.0,4,1,0,-0.19465409707655723,-0.18883925923468037,nan,-0.10754226269376134,-0.006999999999997897,-0.007500000000000284
KEO,B_subtropical_midlatitude_5,2008-04-03T01:00Z,4.0,4,1,0,-0.08462508083418022,-0.08380876984645864,nan,-0.05209929578497139,-0.006666666666667709,0.0034999999999953957
KEO,B_subtropical_midlatitude_5,2008-04-10T14:00Z,4.0,4,1,0,-0.14404178856499134,-0.142003192296374,nan,-0.03932545308809591,0.0018333333333373503,-0.011499999999998067
KEO,B_subtropical_midlatitude_5,2008-05-01T23:00Z,4.0,4,1,0,-0.1376788275039164,-0.13613776745449865,nan,-0.04970791996528261,-0.0013333333333349628,-0.006500000000002615
KEO,B_subtropical_midlatitude_5,2008-05-15T18:00Z,4.0,4,1,0,-0.09863494348868096,-0.07204007220703623,nan,-0.037361860321066025,-0.06783333333333275,-0.05700000000000216
KEO,B_subtropical_midlatitude_5,2008-05-23T17:00Z,4.0,4,1,0,-1.130610838036079,-0.7732711636741749,nan,-0.29426145828840017,-0.029333333333333655,-0.02599999999999625
KEO,B_subtropical_midlatitude_5,2008-05-29T16:00Z,4.0,4,1,0,-0.2024877634315973,-0.1978408496715571,nan,-0.20248579437582948,-0.051333333333325015,0.02949999999999875
KEO,B_subtropical_midlatitude_5,2008-06-02T19:00Z,4.0,4,1,0,-0.2027233988045056,-0.20088528846801124,nan,-0.3466958253936623,0.010000000000005116,-0.09100000000000108
KEO,B_subtropical_midlatitude_5,2008-06-05T05:00Z,4.0,4,1,0,-0.18698556106495687,-0.18462336867293316,nan,-0.09645642264978165,-0.0451666666666668,-0.04349999999999454
KEO,B_subtropical_midlatitude_5,2008-06-09T06:00Z,4.0,4,1,0,-0.05876035746461084,-0.057313278697818285,nan,-0.048230820994980765,-0.0023333333333326323,0.019500000000007844
KEO,B_subtropical_midlatitude_5,2008-06-15T23:00Z,4.0,4,1,0,-0.90434481843088,-0.711451179620596,nan,-0.15838406484193637,0.015000000000000568,-0.02850000000000108
KEO,B_subtropical_midlatitude_5,2008-09-15T15:00Z,4.0,4,1,0,-0.2194504697539477,-0.21422356083942393,nan,-0.12372919050059805,0.0031666666666652077,0.0010000000000047748
KEO,B_subtropical_midlatitude_5,2008-09-17T01:00Z,4.0,4,1,0,-0.29383671894021723,-0.2825081249056531,nan,-0.06956961477662887,-0.00816666666666066,0.0024999999999977263
KEO,B_subtropical_midlatitude_5,2008-09-28T20:00Z,4.0,4,1,0,0.02145073650932894,0.02147601434664156,nan,0.004159047503726209,0.009333333333337634,0.029000000000003467
KEO,B_subtropical_midlatitude_5,2008-10-01T03:00Z,4.0,4,1,0,-0.16265566711401813,-0.15828780451410876,nan,-0.10858755962664532,-0.07039999999999935,-0.09500000000000597
KEO,B_subtropical_midlatitude_5,2008-10-07T19:00Z,4.0,4,1,0,-0.1986121347975159,-0.19228063459927738,nan,-0.16175064558079325,-0.09566666666665924,-0.036000000000001364
KEO,B_subtropical_midlatitude_5,2008-10-11T04:00Z,4.0,4,1,0,-0.044405190716588945,-0.04306689092053459,nan,-0.06616624055470342,0.015166666666672768,-0.09000000000000341
KEO,B_subtropical_midlatitude_5,2008-10-26T18:00Z,4.0,4,1,0,-0.09039523408690307,-0.08775992582796249,nan,-0.04727668303020131,-0.012166666666665549,0.01100000000000989
KEO,B_subtropical_midlatitude_5,2008-10-31T21:00Z,4.0,4,1,0,-0.5732359397705832,-0.4820568805999566,nan,-0.23151491847921632,-0.03900000000000148,-0.05750000000000455
KEO,B_subtropical_midlatitude_5,2008-11-03T02:00Z,4.0,4,1,0,-0.024308086856250605,-0.023782483012945794,nan,-0.035408934968182704,0.008166666666667766,-0.010499999999993292
KEO,B_subtropical_midlatitude_5,2008-11-07T04:00Z,4.0,4,1,0,-0.1837275077143826,-0.18175496828122073,nan,-0.13073255867279973,-0.03433333333333621,0.007499999999993179
KEO,B_subtropical_midlatitude_5,2008-11-27T16:00Z,4.0,4,1,0,-0.32551555077881233,-0.30223902103045036,nan,-0.04406756600324781,-0.03616666666665935,-0.02499999999999858
KEO,B_subtropical_midlatitude_5,2008-12-09T17:00Z,4.0,4,1,0,-0.07841843833076358,-0.07655965319745828,nan,-0.09742198128549759,0.08533333333333104,0.007000000000005002
KEO,B_subtropical_midlatitude_5,2008-12-13T20:00Z,4.0,4,1,0,-0.24264416113660323,-0.22941268578586338,nan,-0.1324816066417707,-0.020000000000003126,-0.02750000000000341
KEO,B_subtropical_midlatitude_5,2008-12-17T12:00Z,4.0,4,1,0,-0.12633575558413337,-0.12320649225856055,nan,-0.09864139925825323,0.02133333333333809,0.026499999999998636
KEO,B_subtropical_midlatitude_5,2009-01-22T20:00Z,4.0,4,1,0,-0.09880692100464336,-0.09761142268407075,nan,-0.07436091407850787,0.009499999999995623,0.014499999999998181
KEO,B_subtropical_midlatitude_5,2009-02-27T08:00Z,4.0,4,1,0,-0.07470083396835679,-0.07442854293959088,nan,-0.06302553858593857,-0.010166666666663104,-0.018499999999995964
KEO,B_subtropical_midlatitude_5,2009-03-01T00:00Z,4.0,4,1,0,-0.08624379057975243,-0.08510938586745316,nan,-0.030318904225201636,-0.004166666666662877,-0.005500000000004945
KEO,B_subtropical_midlatitude_5,2009-03-03T22:00Z,4.0,4,1,0,-0.07507287602575936,-0.07475005204600385,nan,-0.07549523905421869,-0.008499999999997954,-0.015500000000002956
KEO,B_subtropical_midlatitude_5,2009-03-07T23:00Z,4.0,4,1,0,-1.0713646925225033,-0.7839152279599021,nan,-0.3666832270903865,-0.010166666666663104,-0.02049999999999841
KEO,B_subtropical_midlatitude_5,2009-03-09T15:00Z,4.0,4,1,0,-0.2265943325982069,-0.22298471617277563,nan,-0.140005816502156,-0.013666666666672711,-0.013999999999995794
KEO,B_subtropical_midlatitude_5,2009-03-20T09:00Z,4.0,4,1,0,-0.17427120682291075,-0.17201550497782822,nan,-0.18596115325451198,-0.018666666666668164,-0.015000000000000568
KEO,B_subtropical_midlatitude_5,2009-03-22T16:00Z,4.0,4,1,0,-0.1341478050335985,-0.13312925765486538,nan,-0.17760839361163408,-0.006000000000007333,-0.012999999999998124
KEO,B_subtropical_midlatitude_5,2009-03-24T07:00Z,4.0,4,1,0,-0.01953059882880575,-0.018935723323943183,nan,-0.016150400079007952,-0.03866666666667129,0.020000000000003126
KEO,B_subtropical_midlatitude_5,2009-04-05T07:00Z,4.0,4,1,0,-0.07804265519098512,-0.07632702907950259,nan,-0.02481754978665225,-0.0041666666666699825,0.01850000000000307
KEO,B_subtropical_midlatitude_5,2009-04-12T02:00Z,4.0,4,1,0,-0.09376799868567008,-0.09241132749051598,nan,-0.1323850822032188,-0.012166666666665549,-0.02049999999999841
KEO,B_subtropical_midlatitude_5,2009-04-14T20:00Z,4.0,4,1,0,-0.09703227235524925,-0.09667462835580344,nan,-0.07772576688275669,-0.01649999999999352,-0.017499999999998295
KEO,B_subtropical_midlatitude_5,2009-04-25T07:00Z,4.0,4,1,0,-0.0817079587832704,-0.08097409320968224,nan,-0.039063600527415636,-0.0018333333333302448,-0.005000000000009663
KEO,B_subtropical_midlatitude_5,2009-05-18T13:00Z,4.0,4,1,0,-0.00027237403648805724,-0.00027689912697822524,nan,0.0,0.045999999999999375,0.03450000000000131
KEO,B_subtropical_midlatitude_5,2009-05-27T16:00Z,4.0,4,1,0,-0.14815566781800285,-0.1471513158252989,nan,-0.10768099003952503,0.011000000000002785,-0.02549999999999386
KEO,B_subtropical_midlatitude_5,2009-06-03T18:00Z,4.0,4,1,0,-0.11547280565194121,-0.11222106561854812,nan,-0.09152572120702183,-0.03033333333332422,-0.041499999999999204
KEO,B_subtropical_midlatitude_5,2009-06-12T03:00Z,4.0,4,1,0,-0.2382204624208594,-0.22968072682701077,nan,-0.11154446032877584,-0.0043333333333350765,-0.00549999999999784
KEO,B_subtropical_midlatitude_5,2009-06-18T19:00Z,4.0,4,1,0,-1.1050516757023205,-0.9433875032068151,nan,-0.2039952254417036,-0.03866666666667129,-0.031500000000001194
KEO,B_subtropical_midlatitude_5,2009-07-27T16:00Z,4.0,4,1,0,-0.8618651997001977,-0.812198145234,nan,-0.5520921106802563,-0.16833333333334366,-0.21649999999999636
KEO,B_subtropical_midlatitude_5,2009-08-02T23:00Z,4.0,4,1,0,-0.20158555935465292,-0.19655273592968514,nan,-0.02838117167135437,-0.15783333333332905,-0.21799999999999642
KEO,B_subtropical_midlatitude_5,2009-09-07T16:00Z,4.0,4,1,0,-0.09508986485573961,-0.08592374009924135,nan,-0.040406627638139424,-0.0519999999999996,-0.06399999999999295
KEO,B_subtropical_midlatitude_5,2009-10-05T02:00Z,4.0,4,1,0,-0.0356732832883278,-0.03241127775354704,nan,-0.018715150266090524,-0.09299999999999642,-0.07050000000000267
KEO,B_subtropical_midlatitude_5,2010-04-15T15:00Z,4.0,4,1,0,-0.032414550867355486,-0.031121729308436617,nan,0.017773175133624475,-0.006166666666658216,-0.011499999999998067
KEO,B_subtropical_midlatitude_5,2010-04-20T11:00Z,4.0,4,1,0,-0.15003780030513583,-0.1472722753111713,nan,-0.16314164820346191,-0.0015000000000000568,-0.0020000000000024443
KEO,B_subtropical_midlatitude_5,2010-04-23T08:00Z,4.0,4,1,0,-0.07876265645662206,-0.07625493482953064,nan,-0.13776987260230572,-0.014333333333333087,-0.012000000000000455
KEO,B_subtropical_midlatitude_5,2010-04-28T04:00Z,4.0,4,1,0,-0.021620262619588822,-0.021641118399908236,nan,-0.008542065165239643,-0.0028333333333350197,-0.0015000000000000568
KEO,B_subtropical_midlatitude_5,2010-05-11T00:00Z,4.0,4,1,0,-0.1988154094747076,-0.1978451556794801,nan,-0.13716377578038355,-0.020166666666661115,-0.01549999999999585
KEO,B_subtropical_midlatitude_5,2010-06-08T02:00Z,4.0,4,1,0,-0.39048932789198504,-0.3775836330533583,nan,-0.17966448249304476,-0.006999999999997897,-0.006500000000002615
KEO,B_subtropical_midlatitude_5,2010-06-14T20:00Z,4.0,4,1,0,-0.37473762315744613,-0.3615743164640113,nan,-0.35513673519869293,-0.01549999999999585,-0.009999999999990905
KEO,B_subtropical_midlatitude_5,2010-07-31T22:00Z,4.0,4,1,0,-0.11745641562704204,-0.11749650343805025,nan,-0.042535104716159816,-0.1071666666666573,-0.14750000000000085
KEO,B_subtropical_midlatitude_5,2010-09-22T19:00Z,4.0,4,1,0,-0.01567966695439787,-0.015276859677753165,nan,-0.011141740077469773,0.0016666666666722563,-0.0015000000000000568
KEO,B_subtropical_midlatitude_5,2010-10-10T17:00Z,4.0,4,1,0,-0.2973419865403773,-0.2817654753067161,nan,-0.43016072195683597,-0.0344999999999942,-0.013999999999995794
KEO,B_subtropical_midlatitude_5,2010-10-18T15:00Z,4.0,4,1,0,-0.022798785956756534,-0.022549320774384842,nan,-0.023852008628405252,-0.01549999999999585,0.016999999999995907
KEO,B_subtropical_midlatitude_5,2010-11-25T22:00Z,4.0,4,1,0,-0.06520482382475339,-0.06341303056440478,nan,-0.04744374072278338,-0.017499999999998295,-0.027499999999996305
KEO,B_subtropical_midlatitude_5,2010-12-01T05:00Z,4.0,4,1,0,-0.163664315558697,-0.1578430790654404,nan,-0.19219000463238314,-0.010500000000000398,-0.0049999999999954525
KEO,B_subtropical_midlatitude_5,2010-12-16T05:00Z,4.0,4,1,0,-0.16834316228708687,-0.15511722638438405,nan,-0.12047770863363567,-0.012666666666667936,-0.013500000000000512
KEO,B_subtropical_midlatitude_5,2011-11-22T19:00Z,4.0,4,1,0,-0.19824550047956582,-0.18976860305654006,nan,-0.09919613308783841,-0.04025000000000034,-0.19700000000000273
KEO,B_subtropical_midlatitude_5,2011-11-28T21:00Z,4.0,4,1,0,-0.17004157482094673,-0.16780401990857693,nan,-0.21603718532545252,-0.023499999999998522,-0.004500000000007276
KEO,B_subtropical_midlatitude_5,2011-12-01T20:00Z,4.0,4,1,0,-0.06142056615913168,-0.060885290750954835,nan,-0.07205212705997892,0.03350000000000364,0.03549999999999898
KEO,B_subtropical_midlatitude_5,2011-12-08T07:00Z,4.0,4,1,0,-0.21904428265368855,-0.18643327695369402,nan,-0.08322697642707849,0.0016666666666651508,0.003999999999997783
KEO,B_subtropical_midlatitude_5,2012-01-01T17:00Z,4.0,4,1,0,-0.11968852859821463,-0.11765666786609659,nan,-0.08554279227525911,0.0005000000000094929,0.014500000000005286
KEO,B_subtropical_midlatitude_5,2012-01-16T01:00Z,4.0,4,1,0,-0.36002153649913365,-0.3189054584051278,nan,-0.2107097144641719,-0.022166666666670665,-0.027499999999996305
KEO,B_subtropical_midlatitude_5,2012-01-22T07:00Z,4.0,4,1,0,-0.07724428618916948,-0.07594197350228582,nan,-0.10708451945590142,-0.009333333333330529,-0.006500000000002615
KEO,B_subtropical_midlatitude_5,2012-02-15T03:00Z,4.0,4,1,0,-0.0593135305317368,-0.055124995682681525,nan,-0.0964985495479784,-0.026166666666668448,-0.024500000000003297
KEO,B_subtropical_midlatitude_5,2012-02-29T01:00Z,4.0,4,1,0,-0.0557524126115517,-0.05565281727695918,nan,-0.025596728227148487,-0.009833333333332916,-0.013999999999995794
KEO,B_subtropical_midlatitude_5,2012-03-17T15:00Z,4.0,4,1,0,-0.07458241080883053,-0.0748689610908621,nan,-0.027401588184706255,-0.003999999999997783,-0.0049999999999954525
KEO,B_subtropical_midlatitude_5,2012-05-17T02:00Z,4.0,4,1,0,-0.7165246849477711,-0.6787102256442036,nan,-0.25419186409529915,-0.020333333333333314,-0.020000000000003126
KEO,B_subtropical_midlatitude_5,2012-05-20T14:00Z,4.0,4,1,0,-0.3125359332744947,-0.3086818005045514,nan,-0.3017480853182812,-0.01933333333332854,-0.08899999999999864
KEO,B_subtropical_midlatitude_5,2012-06-05T17:00Z,4.0,4,1,0,-0.19320775559042408,-0.19316031540411177,nan,-0.2243879977335363,-0.041166666666669016,-0.3125
KEO,B_subtropical_midlatitude_5,2012-06-24T13:00Z,4.0,4,1,0,0.030309969299536114,0.03626337947215715,nan,-0.008499260834756689,-0.023666666666663616,-0.02850000000000108
KEO,B_subtropical_midlatitude_5,2012-06-28T16:00Z,4.0,4,1,0,-0.27059365614399405,-0.2608717691040359,nan,-0.21815330983284661,-0.05116666666666703,-0.056999999999995055
KEO,B_subtropical_midlatitude_5,2012-07-07T18:00Z,4.0,4,1,0,-0.10112266220796201,-0.09905420860182491,nan,-0.16230667958654119,-0.13056666666666672,-0.07199999999999562
KEO,B_subtropical_midlatitude_5,2012-07-19T20:00Z,4.0,4,1,0,-0.46201502930497346,-0.38834647938053846,nan,-0.2627947556633065,-0.0701833333333397,-0.06150000000000233
KEO,B_subtropical_midlatitude_5,2012-08-06T08:00Z,4.0,4,1,0,-0.2535389192217665,-0.24995402324608715,nan,-0.2529997703632067,-0.01378333333332904,-0.025000000000005684
KEO,B_subtropical_midlatitude_5,2012-08-16T22:00Z,4.0,4,1,0,-0.5755256765285929,-0.3755849680364818,nan,-0.05003965359334825,-0.058000000000006935,-0.01650000000000773
KEO,B_subtropical_midlatitude_5,2012-09-01T06:00Z,4.0,4,1,0,0.06201972129370762,0.0562695716339042,nan,0.051200972361362215,-0.007866666666664912,0.09100000000000108
KEO,B_subtropical_midlatitude_5,2012-10-02T23:00Z,4.0,4,1,0,-0.08773179586682196,-0.08635054697578128,nan,-0.105169718222292,-0.035883333333330825,-0.03249999999999886
KEO,B_subtropical_midlatitude_5,2012-10-06T04:00Z,4.0,4,1,0,-0.3912538991620423,-0.3843254100630826,nan,-0.13035189872026576,0.036483333333329426,-0.014499999999991076
KEO,B_subtropical_midlatitude_5,2012-10-14T22:00Z,4.0,4,1,0,-0.46636129125210657,-0.4136341971032691,nan,-0.45932335855779505,-0.12370000000000658,-0.16550000000000153
KEO,B_subtropical_midlatitude_5,2012-10-26T12:00Z,4.0,4,1,0,-0.022488396053440742,-0.021127657424430377,nan,-0.008591847036122544,-0.2945833333333283,-0.12950000000000728
KEO,B_subtropical_midlatitude_5,2012-10-29T02:00Z,4.0,4,1,0,-0.16981456066437478,-0.16525653212959115,nan,-0.140391178556119,-0.06783333333333275,-0.0659999999999954
KEO,B_subtropical_midlatitude_5,2012-11-01T00:00Z,4.0,4,1,0,-0.3139003214846335,-0.2130662576787186,nan,-0.09194002076559687,-0.12668333333333237,-0.04100000000000392
KEO,B_subtropical_midlatitude_5,2012-11-17T20:00Z,4.0,4,1,0,-0.07525882800976723,-0.07457790509877853,nan,-0.0469592122933135,-0.02734999999999843,-0.041499999999999204
KEO,B_subtropical_midlatitude_5,2012-12-02T20:00Z,4.0,4,1,0,-0.19505641951449157,-0.19322415716441843,nan,-0.12088024154260091,-0.02970000000000539,-0.028999999999996362
KEO,B_subtropical_midlatitude_5,2014-08-06T22:00Z,3.84,3.84,1,1,-0.51034160264632,-0.3474970908562494,nan,-0.29629812831318403,-0.5086999999999975,-0.47700000000000387
KEO,B_subtropical_midlatitude_5,2014-08-10T21:00Z,3.84,3.84,1,1,0.00042333758721768727,0.00041878184654587064,nan,0.0,-0.04471666666667318,-0.054999999999999716
KEO,B_subtropical_midlatitude_5,2014-08-26T19:00Z,3.84,3.84,1,1,0.0,0.0,nan,0.0,-0.04563333333334185,-0.046999999999997044
KEO,B_subtropical_midlatitude_5,2014-09-08T19:00Z,3.84,3.84,1,1,-0.14344418693292488,-0.14152259066593725,nan,-0.12134557018567758,-0.08423333333333005,-0.05200000000000671
KEO,B_subtropical_midlatitude_5,2014-09-17T02:00Z,3.84,3.84,1,1,-0.4904200390814545,-0.2868258334705405,nan,-0.20200070175481008,-0.012650000000000716,-0.011000000000002785
KEO,B_subtropical_midlatitude_5,2014-09-26T19:00Z,3.84,3.84,1,1,-0.035942883987144354,-0.035267699402716894,nan,-0.03370588504493033,-0.0054500000000032855,-0.012000000000000455
KEO,B_subtropical_midlatitude_5,2014-10-03T00:00Z,3.84,3.84,1,1,-0.04006903406704392,-0.03753044679841087,nan,-0.07056979851769232,0.015266666666668982,0.026000000000003354
KEO,B_subtropical_midlatitude_5,2014-11-01T13:00Z,3.84,3.84,1,1,-0.10185192535705448,-0.09860853765146567,nan,-0.13350932113933253,-0.04631666666666945,-0.035000000000003695
KEO,B_subtropical_midlatitude_5,2014-11-09T11:00Z,3.84,3.84,1,1,-0.3321698025944352,-0.3167326201725355,nan,-0.3890152047793461,-0.0683000000000007,-0.06400000000000006
KEO,B_subtropical_midlatitude_5,2014-12-04T12:00Z,3.84,3.84,1,1,-0.16106542218758696,-0.1574595120829347,nan,-0.22091139748572972,-0.09035000000000082,-0.04200000000000159
KEO,B_subtropical_midlatitude_5,2014-12-08T12:00Z,3.84,3.84,1,1,0.0007915589535759398,0.0005996481716317886,nan,-0.0010861544941153482,-0.006716666666676474,-0.009999999999990905
KEO,B_subtropical_midlatitude_5,2015-01-26T12:00Z,3.84,3.84,1,1,-0.009701702275310434,-0.009528176514011305,nan,-0.005733649914241057,-0.0011999999999972033,-0.0025000000000048317
KEO,B_subtropical_midlatitude_5,2015-09-14T01:00Z,3.8,3.8,1,1,-0.1430422216625239,-0.09138465448837076,nan,-0.003414716868338101,-0.7224000000000075,-0.5724999999999909
KEO,B_subtropical_midlatitude_5,2015-09-15T08:00Z,3.8,3.8,1,1,0.0,0.0,nan,0.0,-0.3768999999999991,-0.38050000000000495
KEO,B_subtropical_midlatitude_5,2015-09-18T11:00Z,3.8,3.8,1,1,-0.559092619533365,-0.45803439482744274,nan,-0.4381862268700766,-0.16020000000000323,-0.050499999999999545
KEO,B_subtropical_midlatitude_5,2015-09-24T19:00Z,3.8,3.8,1,1,-0.04366348597627144,-0.04246154974658844,nan,-0.037063854935144386,0.0038333333333255837,-0.034000000000006025
KEO,B_subtropical_midlatitude_5,2015-09-27T04:00Z,3.8,3.8,1,1,-0.42920663398535164,-0.39433052820563147,nan,-0.10355221345471292,-0.10064999999999458,-0.14650000000000318
KEO,B_subtropical_midlatitude_5,2015-10-16T04:00Z,3.8,3.8,1,1,-0.09573967014187185,-0.0937901732783161,nan,-0.08313587667398793,0.0007500000000035811,-0.0009999999999976694
KEO,B_subtropical_midlatitude_5,2015-10-27T16:00Z,3.8,3.8,1,1,-0.0886564071939115,-0.08701758327541056,nan,-0.09959640492092521,-0.021200000000007435,-0.015999999999998238
KEO,B_subtropical_midlatitude_5,2015-10-31T07:00Z,3.8,3.8,1,1,-0.376588648686316,-0.31215972571733847,nan,-0.07821932919527523,-0.056783333333335406,-0.054500000000004434
KEO,B_subtropical_midlatitude_5,2015-11-22T05:00Z,3.8,3.8,1,1,-0.046803287115683295,-0.04645355249804175,nan,0.008032801860633966,-0.03433333333332911,-0.027999999999998693
KEO,B_subtropical_midlatitude_5,2015-11-24T01:00Z,3.8,3.8,1,1,-0.30634918790146026,-0.2831870606301735,nan,-0.21268746474350123,-0.032983333333326925,-0.023499999999998522
KEO,B_subtropical_midlatitude_5,2015-11-30T11:00Z,3.8,3.8,1,1,-0.17822566770316606,-0.15083258274739694,nan,-0.019232022383934774,0.00835000000000008,0.013500000000000512
KEO,B_subtropical_midlatitude_5,2015-12-02T22:00Z,3.8,3.8,1,1,-0.12816280619939271,-0.1262417661576365,nan,-0.1387885366967024,-0.016399999999997306,-0.017000000000003013
KEO,B_subtropical_midlatitude_5,2015-12-07T17:00Z,3.8,3.8,1,1,-0.30924349043122557,-0.25996778520089925,nan,-0.10075191675346774,-0.05798333333333261,-0.05600000000000449
KEO,B_subtropical_midlatitude_5,2016-01-18T02:00Z,3.8,3.8,1,1,-0.13875472983897494,-0.1375568471765893,nan,-0.1201644362119819,-0.020483333333338294,-0.018000000000000682
KEO,B_subtropical_midlatitude_5,2016-02-05T03:00Z,3.8,3.8,1,1,-0.010867132384492885,-0.010598309884043526,nan,0.0,-0.002400000000001512,-0.0005000000000023874
KEO,B_subtropical_midlatitude_5,2016-02-28T07:00Z,3.8,3.8,1,1,-0.03889559799258259,-0.030898695526449724,nan,-0.019510996660332448,-0.0797499999999971,-0.10499999999999687
KEO,B_subtropical_midlatitude_5,2016-03-07T06:00Z,3.8,3.8,1,1,-0.07687384746772064,-0.07537992591162561,nan,-0.07718561566499743,-0.003883333333334349,-0.0045000000000001705
KEO,B_subtropical_midlatitude_5,2016-03-19T09:00Z,3.8,3.8,1,1,-0.05043886034860896,-0.04950637746320754,nan,-0.038347061266095855,-0.00475000000000847,-0.013999999999995794
KEO,B_subtropical_midlatitude_5,2016-04-10T00:00Z,3.8,3.8,1,1,-0.37652837280327656,-0.33027052521192524,nan,-0.2350809526790905,-0.025283333333327107,-0.030000000000001137
KEO,B_subtropical_midlatitude_5,2016-04-14T02:00Z,3.8,3.8,1,1,-0.17351641158165587,-0.1685595106006801,nan,-0.15206375442926537,-0.04140000000000299,-0.04200000000000159
KEO,B_subtropical_midlatitude_5,2016-04-18T23:00Z,3.8,3.8,1,1,-0.34447710359434,-0.2767283260468973,nan,-0.24338140769473476,-0.046583333333330756,-0.06199999999999761
KEO,B_subtropical_midlatitude_5,2016-04-24T09:00Z,3.8,3.8,1,1,-0.1791055488804807,-0.1405919743325786,nan,-0.07410656067729812,-0.025249999999999773,-0.012500000000002842
KEO,B_subtropical_midlatitude_5,2016-04-27T20:00Z,3.8,3.8,1,1,-0.08931410460228766,-0.10899820411448288,nan,0.027720009288740508,-0.0038166666666583637,-0.006999999999990791
KEO,B_subtropical_midlatitude_5,2016-05-07T06:00Z,3.8,3.8,1,1,-0.17034209162708866,-0.165359615879359,nan,-0.09276459424808718,-0.010316666666668084,-0.011499999999998067
KEO,B_subtropical_midlatitude_5,2016-05-18T08:00Z,3.8,3.8,1,1,-0.3037218344350384,-0.24482007010431334,nan,-0.12263379285113829,-0.006999999999997897,-0.017000000000003013
KEO,B_subtropical_midlatitude_5,2016-06-05T06:00Z,3.8,3.8,1,1,-0.5906441360554916,-0.5853251707759267,nan,0.11827173386760645,-0.042149999999999466,-0.03999999999999204
KEO,B_subtropical_midlatitude_5,2016-06-09T04:00Z,3.8,3.8,1,1,-0.27535272555107354,-0.26593913689897103,nan,-0.238199911099248,-0.08473333333333244,-0.09299999999999642
KEO,B_subtropical_midlatitude_5,2016-06-12T20:00Z,3.8,3.8,1,1,-0.22277139992711986,-0.2153781059081409,nan,-0.3387066495627771,-0.018583333333332064,-0.012499999999995737
KEO,B_subtropical_midlatitude_5,2016-07-09T12:00Z,3.8,3.8,1,1,-0.2058272720106488,-0.19745625656832613,nan,-0.12055876998028055,-0.01278333333333137,-0.015500000000002956
KEO,B_subtropical_midlatitude_5,2016-07-13T04:00Z,3.8,3.8,1,1,-0.8617134102282478,-0.6380862547148775,nan,-0.4309023393366804,0.09370000000000545,-0.0015000000000000568
KEO,B_subtropical_midlatitude_5,2016-08-29T07:00Z,4.0,4,1,0,-0.10092194481212226,-0.10038301389286111,nan,-0.0716695264158266,-0.04173333333332607,-0.03583333333333627
KEO,B_subtropical_midlatitude_5,2016-10-13T17:00Z,4.0,4,1,0,-0.13349638968489305,-0.12620562632443028,nan,-0.10174736365849407,-0.0025500000000064915,-0.009500000000002728
KEO,B_subtropical_midlatitude_5,2016-10-22T11:00Z,4.0,4,1,0,-0.3828390746856447,-0.29906624959985406,nan,-0.05820443841792447,-0.1126166666666748,-0.08799999999999386
KEO,B_subtropical_midlatitude_5,2018-01-12T00:00Z,4.0,4,1,0,-0.18331031537547207,-0.16930948288715347,nan,-0.08082946982706653,-0.008933333333338567,-0.007999999999995566
KEO,B_subtropical_midlatitude_5,2018-02-01T17:00Z,4.0,4,1,0,-0.6152509773244816,-0.5297791040391738,nan,-0.37022483783253546,-0.057133333333347025,-0.04399999999999693
KEO,B_subtropical_midlatitude_5,2018-02-11T04:00Z,4.0,4,1,0,-0.14942073064797076,-0.14546124662099627,nan,-0.06418618374914008,-0.01646666666667329,-0.013999999999995794
KEO,B_subtropical_midlatitude_5,2018-04-15T18:00Z,4.0,4,1,0,-0.1369568469756162,-0.12835591497524323,nan,-0.09478696774583806,0.029866666666663377,0.03249999999999886
KEO,B_subtropical_midlatitude_5,2018-04-17T20:00Z,4.0,4,1,0,-0.09476865866938168,-0.09292468264187215,nan,-0.061890172169716505,-0.012066666666669335,-0.006500000000002615
KEO,B_subtropical_midlatitude_5,2018-04-26T05:00Z,4.0,4,1,0,-0.18256767709641913,-0.17112407886691966,nan,0.2454903532712226,-0.01456666666666706,-0.015500000000002956
KEO,B_subtropical_midlatitude_5,2018-05-09T16:00Z,4.0,4,1,0,-0.6169311495915336,-0.5488068627880054,nan,-0.5156781407048359,-0.1799000000000035,-0.23699999999999477
KEO,B_subtropical_midlatitude_5,2018-05-19T16:00Z,4.0,4,1,0,-0.1868312522249379,-0.1780353687912758,nan,-0.16100269126623187,-0.043133333333329915,-0.055499999999995
KEO,B_subtropical_midlatitude_5,2018-05-23T07:00Z,4.0,4,1,0,-0.08803867718002176,-0.08611140494140232,nan,-0.046712767086763245,-0.005700000000011585,-0.00999999999999801
KEO,B_subtropical_midlatitude_5,2018-05-26T02:00Z,4.0,4,1,0,-1.4075077061203756,-1.1030832091966247,nan,-0.34609688769766284,-0.13178333333333825,-0.06499999999999773
KEO,B_subtropical_midlatitude_5,2018-06-03T14:00Z,4.0,4,1,0,-0.15106657522161615,-0.1069235613309697,nan,-0.05105640225178006,-0.11673333333333602,-0.10699999999999932
KEO,B_subtropical_midlatitude_5,2018-06-09T01:00Z,4.0,4,1,0,-0.3685887561642288,-0.32700623414617525,nan,-0.21366930649434826,-0.25473333333333414,-0.26900000000000546
KEO,B_subtropical_midlatitude_5,2018-06-12T22:00Z,4.0,4,1,0,-0.02793409393873386,-0.026897538674801515,nan,-0.00046105442970657395,-0.16189999999999571,-0.21249999999999858
KEO,B_subtropical_midlatitude_5,2018-06-15T04:00Z,4.0,4,1,0,-0.2518263126257397,-0.24917032498836575,nan,-0.08443757286541595,-0.009449999999993963,-0.03249999999999886
KEO,B_subtropical_midlatitude_5,2018-06-18T05:00Z,4.0,4,1,0,-0.2553958336353415,-0.2515847989995475,nan,-0.24798558648543667,-0.03036666666665866,-0.03200000000000358
KEO,B_subtropical_midlatitude_5,2018-07-14T01:00Z,4.0,4,1,0,0.0,0.0,nan,0.0,-0.12000000000000455,-0.10199999999999676
KEO,B_subtropical_midlatitude_5,2018-07-23T22:00Z,4.0,4,1,0,-1.1001274422010299,-0.5820407057198924,nan,-0.5598414110851271,-0.5057833333333335,-0.27250000000000085
KEO,B_subtropical_midlatitude_5,2018-07-26T20:00Z,4.0,4,1,0,-0.24263980875219607,-0.22917514210505763,nan,-0.2087913543720408,-0.03271666666667272,-0.0799999999999983
KEO,B_subtropical_midlatitude_5,2018-08-07T00:00Z,4.0,4,1,0,-0.18288412531204265,-0.18173584419779565,nan,-0.14248921292019653,-0.03190000000000737,-0.031916666666660376
KEO,B_subtropical_midlatitude_5,2018-10-01T04:00Z,4.0,4,1,0,0.0,0.0,nan,0.0,-0.07453333333332779,-0.10150000000000148
KEO,B_subtropical_midlatitude_5,2018-10-13T02:00Z,4.0,4,1,0,-0.14766584454404386,-0.13898698575619484,nan,-0.02414816523011642,-0.06674999999999187,-0.10799999999998988
KEO,B_subtropical_midlatitude_5,2018-10-17T17:00Z,4.0,4,1,0,-1.003813780524958,-0.7097953570470062,nan,-0.6452909506403562,-0.16355000000000075,-0.15449999999999875
KEO,B_subtropical_midlatitude_5,2018-11-12T20:00Z,4.0,4,1,0,-0.16553686485038466,-0.14384913890069387,nan,-0.08025358905276253,0.1763000000000048,0.17300000000000182
KEO,B_subtropical_midlatitude_5,2018-11-24T00:00Z,4.0,4,1,0,-0.04152338862869382,-0.0414002208676754,nan,0.013364882204663472,-0.011733333333339147,-0.009000000000000341
KEO,B_subtropical_midlatitude_5,2018-12-05T05:00Z,4.0,4,1,0,-0.14736293324715388,-0.14217944546949546,nan,-0.11460791128021337,-0.01908333333333445,-0.01650000000000773
KEO,B_subtropical_midlatitude_5,2019-02-04T09:00Z,4.0,4,1,0,-0.02921593066461372,-0.027429084165981853,nan,-0.01638773277958549,0.00843333333333618,0.011499999999998067
KEO,B_subtropical_midlatitude_5,2019-02-22T14:00Z,4.0,4,1,0,-0.12610338662438406,-0.12223233569149254,nan,-0.1841574610053681,-0.004599999999996385,-0.003999999999990678
KEO,B_subtropical_midlatitude_5,2019-03-03T03:00Z,4.0,4,1,0,-0.059788403043577014,-0.05900454304560009,nan,-0.04133280834310741,0.0033999999999991815,0.00549999999999784
KEO,B_subtropical_midlatitude_5,2019-03-10T11:00Z,4.0,4,1,0,-0.2086898184003599,-0.20382802875775705,nan,-0.1810686126944677,-0.007683333333332598,-0.007000000000005002
KEO,B_subtropical_midlatitude_5,2019-03-15T12:00Z,4.0,4,1,0,-0.08456740620669118,-0.07371910412876742,nan,-0.05640136247534591,0.03459999999999752,0.022500000000000853
KEO,B_subtropical_midlatitude_5,2019-03-19T10:00Z,4.0,4,1,0,-0.07656672696127635,-0.07356626974663313,nan,-0.09858109528124491,-0.002033333333336884,-0.010500000000000398
KEO,B_subtropical_midlatitude_5,2019-03-25T23:00Z,4.0,4,1,0,-0.14586748679287465,-0.08728734526998995,nan,-0.07849758305774367,-0.005166666666667652,-0.0015000000000000568
KEO,B_subtropical_midlatitude_5,2019-04-07T21:00Z,4.0,4,1,0,-0.41318235757271105,-0.38150563515223207,nan,-0.2423262403481643,-0.040249999999993236,-0.03149999999999409
KEO,B_subtropical_midlatitude_5,2019-04-12T11:00Z,4.0,4,1,0,-0.1100394659478235,-0.09557004053607095,nan,-0.1086396660482478,-0.014183333333328108,-0.012000000000000455
KEO,B_subtropical_midlatitude_5,2019-04-17T09:00Z,4.0,4,1,0,-0.18803276019519788,-0.1828671144665105,nan,-0.25829006359818546,0.008949999999998681,0.010000000000005116
KEO,B_subtropical_midlatitude_5,2019-04-25T08:00Z,4.0,4,1,0,-0.13958760318869368,-0.1332460314971135,nan,-0.17538109697262613,-0.029083333333325356,-0.008000000000002672
KEO,B_subtropical_midlatitude_5,2019-04-30T11:00Z,4.0,4,1,0,-0.04117514738778774,-0.04307563884490946,nan,-0.038338806109567074,-0.00023333333333397377,-0.0010000000000047748
KEO,B_subtropical_midlatitude_5,2019-05-29T15:00Z,4.0,4,1,0,-0.1867224285364448,-0.1735107563201626,nan,-0.1969272822310645,-0.04541666666666089,-0.03899999999999437
KEO,B_subtropical_midlatitude_5,2019-06-02T07:00Z,4.0,4,1,0,-0.3127221150141895,-0.30548931910121424,nan,0.03808925823983331,-0.01104999999999734,-0.009000000000000341
KEO,B_subtropical_midlatitude_5,2019-06-09T06:00Z,4.0,4,1,0,-0.37377471557643716,-0.27738881351595707,nan,-0.15870665962557612,-0.011733333333332041,-0.0010000000000047748
KEO,B_subtropical_midlatitude_5,2019-06-18T20:00Z,4.0,4,1,0,-0.6826250971284157,-0.5035680044799988,nan,-0.21596577570641406,-0.018783333333324492,-0.02449999999999619
KEO,B_subtropical_midlatitude_5,2019-07-12T21:00Z,4.0,4,1,0,-0.11842151077526256,-0.1127008905908836,nan,-0.09162514015933242,-0.029016666666670687,-0.012000000000000455
KEO,B_subtropical_midlatitude_5,2019-08-04T17:00Z,4.0,4,1,0,-0.3492742677090671,-0.3346102078321232,nan,-0.0953435349412084,-0.15610000000000213,-0.19500000000000028
KEO,B_subtropical_midlatitude_5,2019-08-25T06:00Z,4.0,4,1,0,-0.10743183812619182,-0.10651554635671026,nan,0.04519418142849908,0.006700000000002149,0.00549999999999784
KEO,B_subtropical_midlatitude_5,2019-09-15T06:00Z,4.0,4,1,0,-0.03377558098758573,-0.032960620585799044,nan,-0.035815188180921775,-0.0013166666666606375,-0.009499999999995623
KEO,B_subtropical_midlatitude_5,2019-09-19T18:00Z,4.0,4,1,0,-0.04302767168280715,-0.0438050041661051,nan,-0.07734680131045715,-0.006983333333330677,0.012000000000000455
KEO,B_subtropical_midlatitude_5,2019-10-08T23:00Z,4.0,4,1,0,0.0,0.0,0.0,0.0,-0.12250000000000227,-0.03300000000000125
KEO,B_subtropical_midlatitude_5,2019-10-20T20:00Z,4.0,4,1,0,-0.013455862717260333,-0.012662388047635082,-0.004345984318495305,-0.029286170837362138,-0.00021666666666675383,-0.0020000000000024443
KEO,B_subtropical_midlatitude_5,2019-10-24T04:00Z,4.0,4,1,0,-0.18671944655990413,-0.18442463103423878,-0.15304570604341736,-0.15422736499118872,0.04936666666667122,0.07799999999999585
KEO,B_subtropical_midlatitude_5,2019-11-08T17:00Z,4.0,4,1,0,-0.17924614416778287,-0.17261971796273556,-0.11359498399658421,-0.07360670125943584,-0.09424999999999528,-0.09849999999999426
KEO,B_subtropical_midlatitude_5,2019-11-27T16:00Z,4.0,4,1,0,-0.05157097769504477,-0.050271749006838326,-0.03508486167108228,-0.03534630959357469,-0.028583333333330074,-0.03800000000000381
KEO,B_subtropical_midlatitude_5,2019-12-02T16:00Z,4.0,4,1,0,-0.24830430201910864,-0.20891392693200067,-0.07967697234095633,-0.2394739119693745,-0.024933333333336805,-0.02850000000000108
KEO,B_subtropical_midlatitude_5,2019-12-07T02:00Z,4.0,4,1,0,-0.21466360929096914,-0.20284119168899178,-0.10581504634436364,-0.0838989901321939,-0.016933333333334133,-0.02049999999999841
KEO,B_subtropical_midlatitude_5,2019-12-11T04:00Z,4.0,4,1,0,-0.05508629942404001,-0.05210839398972416,-0.02630894707085152,-0.03024711908624174,-0.024550000000004957,-0.035000000000003695
KEO,B_subtropical_midlatitude_5,2019-12-22T02:00Z,4.0,4,1,0,-0.384367646275443,-0.4179654575230084,-0.1052474186363803,-0.06620275179835314,-0.003966666666663343,-0.0009999999999976694
KEO,B_subtropical_midlatitude_5,2019-12-30T15:00Z,4.0,4,1,0,-0.04878065581861488,-0.04610492095458926,-0.023863669487085532,-0.02777459603185755,-0.18114999999999526,-0.11650000000000205
KEO,B_subtropical_midlatitude_5,2020-01-15T01:00Z,4.0,4,1,0,-0.0056564720283802696,-0.00550157338651579,-0.003798684012695768,-0.0019360536803320746,-0.05569999999999453,-0.08599999999999852
KEO,B_subtropical_midlatitude_5,2020-01-17T16:00Z,4.0,4,1,0,-0.3914176818023759,-0.3218576008044103,-0.0665042219347934,-0.06148624424793138,-0.041100000000000136,-0.06400000000000716
KEO,B_subtropical_midlatitude_5,2020-02-26T03:00Z,4.0,4,1,0,-0.038576548406099524,-0.03740100855179023,-0.02459450613980498,-0.029126448414565343,-0.07249999999999801,-0.05449999999999733
KEO,B_subtropical_midlatitude_5,2020-03-08T10:00Z,4.0,4,1,0,-0.039205506917270774,-0.038489340739041096,-0.029230160074941402,-0.031927425740527586,-0.005299999999998306,-0.0024999999999977263
KEO,B_subtropical_midlatitude_5,2020-03-31T05:00Z,4.0,4,1,0,-0.21069720748221166,-0.208980590168612,-0.16387910864484498,-0.008141718185357805,0.002533333333332166,0.0025000000000048317
KEO,B_subtropical_midlatitude_5,2020-04-12T12:00Z,4.0,4,1,0,-0.2249882985702893,-0.20262077814204388,-0.07332176443038076,-0.09821691620769417,-0.01379999999999626,-0.009999999999990905
KEO,B_subtropical_midlatitude_5,2020-04-18T14:00Z,4.0,4,1,0,-0.018484773427710367,-0.018910687258587945,-0.024926988945086822,0.03890723539587726,-0.014400000000001967,-0.021500000000003183
KEO,B_subtropical_midlatitude_5,2020-04-26T14:00Z,4.0,4,1,0,-0.3894265158914438,-0.3516133971383378,-0.1299823097969687,-0.44760984379799434,0.0002833333333356336,0.0024999999999977263
MOSEAN/WHOTS,B_subtropical_midlatitude_5,2004-12-22T07:00Z,3.47,3.47,1,1,-0.3524136349103246,-0.33255695520533374,nan,-0.29097079913137486,-1.1941969500173926,-0.03250000000000597
MOSEAN/WHOTS,B_subtropical_midlatitude_5,2004-12-27T10:00Z,3.47,3.47,1,1,-0.37913026041102127,-0.37395503658915885,nan,-0.19836443520951866,-0.04794496931904746,0.23099999999999454
MOSEAN/WHOTS,B_subtropical_midlatitude_5,2005-01-01T17:00Z,3.47,3.47,1,1,-0.41613677796413046,-0.41087919792742206,nan,-0.38208000590599533,-0.25195811193112405,0.07200000000000273
MOSEAN/WHOTS,B_subtropical_midlatitude_5,2005-01-09T09:00Z,3.47,3.47,1,1,-0.2781917074238841,-0.27870655847769205,nan,-0.18525647217631672,-0.034945424987732565,0.09899999999998954
MOSEAN/WHOTS,B_subtropical_midlatitude_5,2005-01-11T16:00Z,3.47,3.47,1,1,0.0,0.0,nan,0.0,-0.009485584616207632,-0.1144999999999996
MOSEAN/WHOTS,B_subtropical_midlatitude_5,2005-01-16T03:00Z,3.47,3.47,1,1,-0.014709392296650884,-0.014736941663060516,nan,-0.005493735410923417,0.0008206709653038047,0.03200000000000358
MOSEAN/WHOTS,B_subtropical_midlatitude_5,2005-01-26T08:00Z,3.47,3.47,1,1,-0.090010527128303,-0.08852867977250069,nan,-0.016335263534011477,-0.2544344231501583,-0.1384999999999934
MOSEAN/WHOTS,B_subtropical_midlatitude_5,2005-02-01T04:00Z,3.47,3.47,1,1,-0.8455490834399508,-0.8665163202089702,nan,0.10885820990750372,-0.06006634197424887,-0.023499999999998522
MOSEAN/WHOTS,B_subtropical_midlatitude_5,2005-10-01T11:00Z,3.425,3.425,1,1,-0.05449342874329817,-0.05410890971799501,nan,-0.10440923621219687,-0.10560393859125838,0.06449999999999534
MOSEAN/WHOTS,B_subtropical_midlatitude_5,2005-10-19T14:00Z,3.425,3.425,1,1,-0.04156002205048594,-0.036480137914036655,nan,-0.02940261638556517,-0.2240722514286091,-0.001999999999995339
MOSEAN/WHOTS,B_subtropical_midlatitude_5,2006-02-20T04:00Z,3.425,3.425,1,1,-0.1830066496117733,-0.18236530270182194,nan,-0.20925754213131445,-0.13991410357652967,-0.021000000000000796
MOSEAN/WHOTS,B_subtropical_midlatitude_5,2006-03-14T01:00Z,3.425,3.425,1,1,-0.038820366718199904,-0.03853170581650777,nan,-0.03178483775522321,0.004428571772116641,0.025500000000000966
MOSEAN/WHOTS,B_subtropical_midlatitude_5,2006-03-19T12:00Z,3.425,3.425,1,1,-0.03850833623960014,-0.03804058724308214,nan,-0.09042653681579423,-0.01739154689931155,0.07950000000000301
MOSEAN/WHOTS,B_subtropical_midlatitude_5,2006-03-22T11:00Z,3.425,3.425,1,1,-0.05977341185429978,-0.058090598494860264,nan,-0.040021100257387844,-0.018992822515450314,0.03699999999999193
MOSEAN/WHOTS,B_subtropical_midlatitude_5,2006-04-01T09:00Z,3.425,3.425,1,1,-0.5625827795497549,-0.5276111307201546,nan,-0.2613141411192499,-0.0973909514129474,0.10499999999999687
MOSEAN/WHOTS,B_subtropical_midlatitude_5,2006-08-01T10:00Z,3.35,3.35,1,1,-0.0017984731076821695,-0.0023075907941587145,nan,-0.06301170757229059,-0.029822076935154485,0.02599999999999625
MOSEAN/WHOTS,B_subtropical_midlatitude_5,2006-10-15T05:00Z,3.35,3.35,1,1,-0.2500100931436353,-0.24669244576301816,nan,-0.21955334369070745,-0.015216762867133582,0.0030000000000001137
MOSEAN/WHOTS,B_subtropical_midlatitude_5,2006-10-17T07:00Z,3.35,3.35,1,1,-0.07012242402830066,-0.05730427129734289,nan,-0.062175180635774506,-0.18328962407295535,0.01950000000000074
MOSEAN/WHOTS,B_subtropical_midlatitude_5,2006-11-01T16:00Z,3.35,3.35,1,1,0.0,0.0,nan,-0.00126446111986867,-0.0050955338461804445,0.003500000000002501
MOSEAN/WHOTS,B_subtropical_midlatitude_5,2007-02-01T12:00Z,3.35,3.35,1,1,-0.0014367277616568882,-0.001384469183916125,nan,-0.006519957713228092,-0.007315007756844238,-0.008000000000009777
MOSEAN/WHOTS,B_subtropical_midlatitude_5,2007-03-10T03:00Z,3.35,3.35,1,1,-0.6479555028224478,-0.6342337933849357,nan,-0.3197555113609262,-0.06950899723720028,0.012000000000000455
MOSEAN/WHOTS,B_subtropical_midlatitude_5,2007-11-04T12:00Z,3.84,3.84,1,1,-0.16795745817216495,-0.16147282309716363,nan,-0.3194673630010812,-0.024770745679418837,-0.0015000000000000568
MOSEAN/WHOTS,B_subtropical_midlatitude_5,2007-11-28T02:00Z,3.84,3.84,1,1,-0.16489460060112968,-0.16244230196857776,nan,-0.09504678127576781,0.02508612445002001,0.02599999999999625
MOSEAN/WHOTS,B_subtropical_midlatitude_5,2007-11-30T07:00Z,3.84,3.84,1,1,-0.005712176432953118,-0.005485539891631542,nan,-0.011375826735040095,-0.01551694671045567,-0.0005000000000023874
MOSEAN/WHOTS,B_subtropical_midlatitude_5,2007-12-04T14:00Z,3.84,3.84,1,1,-0.10134977055357268,-0.10032964906796633,nan,-0.05697288606582502,-0.032937775079339815,-0.03249999999999886
MOSEAN/WHOTS,B_subtropical_midlatitude_5,2007-12-07T08:00Z,3.84,3.84,1,1,-0.00744585438294338,-0.007379038751088045,nan,-0.008836442551007519,-0.028375693294435678,-0.041499999999999204
MOSEAN/WHOTS,B_subtropical_midlatitude_5,2007-12-27T11:00Z,3.84,3.84,1,1,-0.002919394267453597,-0.0029113808992488996,nan,0.0,0.006148213153153392,0.007499999999993179
MOSEAN/WHOTS,B_subtropical_midlatitude_5,2008-03-16T13:00Z,3.84,3.84,1,1,-0.0028618789526748947,-0.002847862066804523,nan,0.0,-0.004686129898225033,-0.0025000000000048317
MOSEAN/WHOTS,B_subtropical_midlatitude_5,2008-04-25T12:00Z,3.84,3.84,1,1,-0.5700180938278058,-0.5554868236930477,nan,-0.016908697387548022,-0.09448592987374838,-0.022500000000000853
MOSEAN/WHOTS,B_subtropical_midlatitude_5,2008-09-12T12:00Z,3.26,3.26,1,1,-0.07003486082370876,-0.06418285815135272,nan,-0.026365488517143296,-0.1248729084522111,-0.07150000000000034
MOSEAN/WHOTS,B_subtropical_midlatitude_5,2008-10-26T15:00Z,3.26,3.26,1,1,-0.20667165517761057,-0.17089659994477857,nan,-0.11281148959057767,-0.13053022068199027,-0.014000000000002899
MOSEAN/WHOTS,B_subtropical_midlatitude_5,2008-11-22T01:00Z,3.26,3.26,1,1,-0.7181039460446826,-0.6614253422760499,nan,-0.17868058595661926,-0.004513031538245116,-0.025000000000005684
MOSEAN/WHOTS,B_subtropical_midlatitude_5,2008-12-11T02:00Z,3.26,3.26,1,1,0.001521677956606216,0.001518280682967666,nan,-0.0020388537058148464,-0.007873796643131925,-0.006500000000002615
MOSEAN/WHOTS,B_subtropical_midlatitude_5,2009-08-13T09:00Z,3.42,3.42,1,1,-0.12743102791377822,-0.12564310060423386,nan,-0.11033400708749705,-0.03253520468737037,-0.019000000000005457
MOSEAN/WHOTS,B_subtropical_midlatitude_5,2009-11-11T01:00Z,3.42,3.42,1,1,-0.04349128640770167,-0.0431092321087215,nan,-0.04578709883943424,-0.018300319391286735,-0.022500000000000853
MOSEAN/WHOTS,B_subtropical_midlatitude_5,2009-11-13T08:00Z,3.42,3.42,1,1,-0.05918051022966039,-0.05887467885657062,nan,-0.035597397369763334,-0.06523498521193005,-0.05650000000000688
MOSEAN/WHOTS,B_subtropical_midlatitude_5,2009-12-04T03:00Z,3.42,3.42,1,1,-0.08553907416872962,-0.08199062928756337,nan,-0.038858351532681086,-0.06973045077678108,-0.044000000000004036
MOSEAN/WHOTS,B_subtropical_midlatitude_5,2009-12-30T03:00Z,3.42,3.42,1,1,-0.1239274779305022,-0.1206697602876245,nan,-0.06344391887871545,-0.010450313829743152,-0.004500000000007276
MOSEAN/WHOTS,B_subtropical_midlatitude_5,2010-01-05T01:00Z,3.42,3.42,1,1,-0.023601120666292313,-0.02298164802888431,nan,-0.010917929422135098,-0.007514525371178138,-0.007499999999993179
MOSEAN/WHOTS,B_subtropical_midlatitude_5,2010-03-07T11:00Z,3.42,3.42,1,1,-0.050402281750049314,-0.04910848148287504,nan,-0.026983963965851065,-0.06725309375226374,-0.06850000000000023
MOSEAN/WHOTS,B_subtropical_midlatitude_5,2010-03-15T03:00Z,3.42,3.42,1,1,-0.014110853134751257,-0.013957929546452476,nan,-0.008210057121274919,-0.006372564745333875,-0.003999999999997783
MOSEAN/WHOTS,B_subtropical_midlatitude_5,2010-11-19T04:00Z,3.4,3.4,1,1,-1.2755325493024083,-1.216742660045079,nan,-0.9361665759955416,-0.6114203806524046,-0.7450000000000045
MOSEAN/WHOTS,B_subtropical_midlatitude_5,2010-12-09T13:00Z,3.4,3.4,1,1,-0.06781529917297155,-0.06631547535552207,nan,-0.061574789842140966,-0.007355702281103049,-0.006000000000000227
MOSEAN/WHOTS,B_subtropical_midlatitude_5,2010-12-20T19:00Z,3.4,3.4,1,1,0.08476591779386114,0.08245369088197645,nan,0.06948879588317382,0.007706682113074237,0.004499999999993065
MOSEAN/WHOTS,B_subtropical_midlatitude_5,2010-12-26T11:00Z,3.4,3.4,1,1,-0.48193770865084706,-0.47248153217793276,nan,-0.29899614993588136,-0.07615436276639542,-0.13799999999999102
MOSEAN/WHOTS,B_subtropical_midlatitude_5,2010-12-27T22:00Z,3.4,3.4,1,1,-0.3284532157910728,-0.31821368596322586,nan,-0.08389999012455321,-0.02528308979147198,-0.015999999999998238
MOSEAN/WHOTS,B_subtropical_midlatitude_5,2011-01-06T07:00Z,3.4,3.4,1,1,-0.021899557918598513,-0.02174059475115443,nan,-0.013046721005831638,-0.005343663675397181,-0.0014999999999929514
MOSEAN/WHOTS,B_subtropical_midlatitude_5,2011-01-12T17:00Z,3.4,3.4,1,1,-0.2006992924970131,-0.1997710753924363,nan,-0.17748195695204425,-0.013456266702668529,-0.01549999999999585
MOSEAN/WHOTS,B_subtropical_midlatitude_5,2011-02-07T00:00Z,3.4,3.4,1,1,-0.20985889558609666,-0.20631230891316665,nan,-0.16210973593946654,-0.03738069954159329,-0.013999999999995794
MOSEAN/WHOTS,B_subtropical_midlatitude_5,2011-03-03T18:00Z,3.4,3.4,1,1,-0.07163275082396618,-0.0712032104816164,nan,-0.035720518627524,-0.00767273895493048,-0.01099999999999568
MOSEAN/WHOTS,B_subtropical_midlatitude_5,2011-05-08T16:00Z,3.4,3.4,1,1,-0.1486672733609387,-0.14814190121585732,nan,-0.04287868835485731,0.0021101281174153996,0.0
MOSEAN/WHOTS,B_subtropical_midlatitude_5,2013-09-30T07:00Z,3.31,3.31,1,1,0.0,0.0,nan,0.0,-0.027545801339847742,-0.02400000000000091
MOSEAN/WHOTS,B_subtropical_midlatitude_5,2013-10-12T06:00Z,3.31,3.31,1,1,-0.03762490069035451,-0.03688047245283515,nan,0.002635798817337596,-0.006673212865486278,0.031500000000001194
MOSEAN/WHOTS,B_subtropical_midlatitude_5,2013-10-31T08:00Z,3.31,3.31,1,1,-0.004782414896527668,-0.004586966058504144,nan,0.0,-0.07834508453802869,-0.07450000000000045
MOSEAN/WHOTS,B_subtropical_midlatitude_5,2013-11-29T11:00Z,3.31,3.31,1,1,-0.0035180257673401625,-0.0034614205592271743,nan,-0.0026522458323116594,-0.018177039775650883,-0.023499999999998522
MOSEAN/WHOTS,B_subtropical_midlatitude_5,2013-12-01T19:00Z,3.31,3.31,1,1,-2.4677591922027835,-1.8930379118102278,nan,-0.8288832172225414,-0.2636429258195463,-0.2524999999999977
MOSEAN/WHOTS,B_subtropical_midlatitude_5,2013-12-06T14:00Z,3.31,3.31,1,1,0.0,0.0,nan,0.0,-0.8511123174335893,-0.6019999999999968
MOSEAN/WHOTS,B_subtropical_midlatitude_5,2014-01-03T05:00Z,3.31,3.31,1,1,-0.10161889602508173,-0.0999419532377037,nan,-0.03862847466032075,-0.09773592931917818,-0.05150000000000432
MOSEAN/WHOTS,B_subtropical_midlatitude_5,2014-01-30T08:00Z,3.31,3.31,1,1,-0.0016107642897677588,-0.0015639157452855244,nan,-0.0010363787750458677,-0.015067178195629083,-0.027999999999991587
MOSEAN/WHOTS,B_subtropical_midlatitude_5,2014-02-06T00:00Z,3.31,3.31,1,1,-0.17369281113475593,-0.17028974661799945,nan,-0.023061825773708286,-0.00943028115352007,-0.006500000000002615
MOSEAN/WHOTS,B_subtropical_midlatitude_5,2014-02-16T01:00Z,3.31,3.31,1,1,-0.023906808412767197,-0.023324377532876715,nan,-0.03287738399274409,-0.004833943708682398,-0.005000000000002558
MOSEAN/WHOTS,B_subtropical_midlatitude_5,2014-03-28T15:00Z,3.31,3.31,1,1,-0.15665725858930918,-0.1518975911717928,nan,-0.09652022277239398,-0.19711061058885093,-0.11250000000000426
MOSEAN/WHOTS,B_subtropical_midlatitude_5,2014-03-29T21:00Z,3.31,3.31,1,1,-0.1760543106909893,-0.17363134725927568,nan,-0.12843303916810647,-0.05798022925709745,0.003999999999997783
MOSEAN/WHOTS,B_subtropical_midlatitude_5,2014-05-11T00:00Z,3.31,3.31,1,1,-0.016501601966244468,-0.010825669855900935,nan,0.0,-0.13599524795041873,-0.10800000000000409
MOSEAN/WHOTS,B_subtropical_midlatitude_5,2014-05-24T14:00Z,3.31,3.31,1,1,-0.8383472626435703,-0.8046755591645228,nan,-0.1827188424724572,-0.3429554480623338,-0.2779999999999916
MOSEAN/WHOTS,B_subtropical_midlatitude_5,2014-08-31T06:00Z,3.4,3.4,1,1,0.0,0.0,nan,0.0,0.02021037691984162,0.0015000000000071623
MOSEAN/WHOTS,B_subtropical_midlatitude_5,2014-10-05T16:00Z,3.4,3.4,1,1,-0.11173050320559609,-0.10579168241211714,nan,-0.015600734212991681,-0.6145441492370978,-0.8229999999999933
MOSEAN/WHOTS,B_subtropical_midlatitude_5,2014-12-24T09:00Z,3.4,3.4,1,1,-0.06536468945844168,-0.0648059787822004,nan,-0.0438604187217599,-0.04574009986286853,-0.02850000000000108
MOSEAN/WHOTS,B_subtropical_midlatitude_5,2015-01-02T18:00Z,3.4,3.4,1,1,-0.19414901094886214,-0.17718313657879617,nan,-0.1449001259202009,-0.01922641177367268,-0.013999999999995794
MOSEAN/WHOTS,B_subtropical_midlatitude_5,2015-05-22T15:00Z,3.4,3.4,1,1,-0.04102739137563611,-0.03284691348363605,nan,-0.011134108342862839,-0.32789509142736506,-0.23700000000000188
MOSEAN/WHOTS,B_subtropical_midlatitude_5,2015-08-24T07:00Z,3.31,3.31,1,1,-1.162514966185065,-0.9969745458714151,nan,-0.26616812253736394,-0.03821932824374841,-0.027499999999996305
MOSEAN/WHOTS,B_subtropical_midlatitude_5,2015-12-13T00:00Z,3.31,3.31,1,1,-0.0283724678625806,-0.026323822438828175,nan,-0.022328248957137132,-0.11158868425582824,-0.0934999999999988
MOSEAN/WHOTS,B_subtropical_midlatitude_5,2016-03-21T17:00Z,3.31,3.31,1,1,-0.4349727108401852,-0.3739556965361963,nan,-0.18568160333530895,-0.5211178077556369,-0.4504999999999981
MOSEAN/WHOTS,B_subtropical_midlatitude_5,2016-07-24T11:00Z,3.35,3.35,1,1,-0.07080721463464175,-0.07014309965808331,nan,-0.013379629240140058,-0.026021247042237405,-0.03999999999999915
MOSEAN/WHOTS,B_subtropical_midlatitude_5,2017-05-24T09:00Z,3.35,3.35,1,1,0.0,0.0,nan,-0.001067706203072855,-0.019178144028614952,-0.0030000000000001137
MOSEAN/WHOTS,B_subtropical_midlatitude_5,2017-07-24T14:00Z,3.35,3.35,1,1,-0.20386176949583243,-0.20212323571594246,nan,-0.2557074858285843,0.004752637540882176,-0.030500000000003524
MOSEAN/WHOTS,B_subtropical_midlatitude_5,2017-10-24T01:00Z,3.3,3.3,1,1,-0.24053579107277107,-0.23488913200374859,nan,-0.25667605911751007,-0.05096067077359123,-0.06750000000000256
MOSEAN/WHOTS,B_subtropical_midlatitude_5,2017-12-27T03:00Z,3.3,3.3,1,1,-0.4570531785724638,-0.36833264321749976,nan,-0.14578769095230656,-0.43948431891177364,-0.2459999999999951
MOSEAN/WHOTS,B_subtropical_midlatitude_5,2018-01-31T02:00Z,3.3,3.3,1,1,-0.1457792537093817,-0.14222967825196503,nan,-0.10771482357723355,-0.02760881369214019,-0.030999999999998806
MOSEAN/WHOTS,B_subtropical_midlatitude_5,2018-02-02T03:00Z,3.3,3.3,1,1,-0.3412097871394887,-0.3152156321283742,nan,-0.2262720582204483,-0.05769271976762269,-0.06199999999999761
MOSEAN/WHOTS,B_subtropical_midlatitude_5,2018-02-05T03:00Z,3.3,3.3,1,1,-0.38281235483832265,-0.33839243374734224,nan,-0.20443884223667275,-0.06467262890383552,-0.011000000000002785
MOSEAN/WHOTS,B_subtropical_midlatitude_5,2018-02-13T20:00Z,3.3,3.3,1,1,-0.06319186940703239,-0.0580328142987925,nan,-0.028783969170446833,0.014456125543773624,0.017000000000010118
MOSEAN/WHOTS,B_subtropical_midlatitude_5,2018-03-26T10:00Z,3.3,3.3,1,1,-0.14205872861519342,-0.13208547071371515,nan,0.05683997578167585,-0.00936131451237543,-0.006500000000002615
MOSEAN/WHOTS,B_subtropical_midlatitude_5,2018-04-08T04:00Z,3.3,3.3,1,1,-0.40135253135848337,-0.37929779245049006,nan,-0.14547822429895677,-0.006961710304501878,-0.0020000000000024443
MOSEAN/WHOTS,B_subtropical_midlatitude_5,2018-04-13T18:00Z,3.3,3.3,1,1,0.00020141543995780875,0.00020099548580479023,nan,0.0,0.016124842093923064,0.021000000000000796
MOSEAN/WHOTS,B_subtropical_midlatitude_5,2018-08-28T04:00Z,3.3,3.3,1,1,-0.09830997432986902,-0.09709338171232244,nan,-0.06152588351577252,-0.03820363420054207,-0.04250000000000398
MOSEAN/WHOTS,B_subtropical_midlatitude_5,2018-10-19T20:00Z,3.5,3.5,1,1,0.0,0.0,nan,0.0,-0.16248137364073045,-0.11499999999999488
MOSEAN/WHOTS,B_subtropical_midlatitude_5,2018-10-30T14:00Z,3.5,3.5,1,1,-0.18587568975321261,-0.1847123073983712,nan,-0.2185744561264526,-0.029102817787546087,-0.011500000000005173
MOSEAN/WHOTS,B_subtropical_midlatitude_5,2018-11-10T03:00Z,3.5,3.5,1,1,-0.24079655602922984,-0.2388977396281934,nan,-0.17250623533334805,-0.08431252365579667,-0.05799999999999983
MOSEAN/WHOTS,B_subtropical_midlatitude_5,2018-11-30T10:00Z,3.5,3.5,1,1,-0.03394524271768629,-0.023141702488803133,nan,-0.024125212554570303,-0.008600048294525209,-0.010000000000005116
MOSEAN/WHOTS,B_subtropical_midlatitude_5,2019-02-10T12:00Z,3.5,3.5,1,1,-0.03563379537834312,-0.035476370712487736,nan,-0.024843687899325673,-0.02243364875089071,-0.007499999999993179
MOSEAN/WHOTS,B_subtropical_midlatitude_5,2019-05-04T13:00Z,3.5,3.5,1,1,-0.08797894360348643,-0.08741175539741808,nan,-0.06548007618220376,-0.018308851381291902,-0.03450000000000131
MOSEAN/WHOTS,B_subtropical_midlatitude_5,2019-06-25T22:00Z,3.5,3.5,1,1,-0.2927335164328273,-0.28829515643564346,nan,-0.3214773851219806,-0.018449202488909577,-0.027999999999998693
MOSEAN/WHOTS,B_subtropical_midlatitude_5,2019-10-10T22:00Z,3.36,3.36,1,1,0.0,0.0,nan,0.0,-0.013562821736655906,-0.014499999999998181
MOSEAN/WHOTS,B_subtropical_midlatitude_5,2019-10-30T20:00Z,3.36,3.36,1,1,-1.7003489781321885,-1.6104176166447068,nan,-0.47499896502019506,-0.06870266418735582,-0.08849999999999625
MOSEAN/WHOTS,B_subtropical_midlatitude_5,2019-11-03T11:00Z,3.36,3.36,1,1,-0.007583428420352053,-0.007377107071534904,nan,-0.006013448702189158,-0.04361760582334995,-0.0625
MOSEAN/WHOTS,B_subtropical_midlatitude_5,2019-11-17T07:00Z,3.36,3.36,1,1,0.008372614345456207,0.003880553329079182,nan,0.017248866512927605,-0.014915074380319027,0.0030000000000001137
MOSEAN/WHOTS,B_subtropical_midlatitude_5,2019-12-25T08:00Z,3.36,3.36,1,1,-0.16440039359049619,-0.16342963751018466,nan,-0.14600031774403793,-0.0078096295768759205,-0.0015000000000071623
MOSEAN/WHOTS,B_subtropical_midlatitude_5,2020-02-06T00:00Z,3.36,3.36,1,1,-0.2570476932737171,-0.24782696252206268,nan,-0.14070891137682925,-0.01250340417112028,-0.010500000000007503
MOSEAN/WHOTS,B_subtropical_midlatitude_5,2020-03-17T04:00Z,3.36,3.36,1,1,-0.05858658942849603,-0.058179393899724104,nan,-0.029328536899157275,-0.004538342384286409,-0.003999999999997783
MOSEAN/WHOTS,B_subtropical_midlatitude_5,2020-07-27T04:00Z,3.36,3.36,1,1,-0.2188297153241253,-0.21892631533303936,nan,-0.18637784363465368,-0.016812025758788707,-0.02200000000000557
MOSEAN/WHOTS,B_subtropical_midlatitude_5,2021-12-04T22:00Z,3.28,3.28,1,1,0.0014243865242593318,0.001423671477876965,nan,0.0,-0.1452945420018139,-0.14149999999999352
MOSEAN/WHOTS,B_subtropical_midlatitude_5,2021-12-06T17:00Z,3.28,3.28,1,1,-0.16571876785699766,-0.1568958979478875,nan,-0.20082011500992727,-0.20079339963431408,-0.17149999999999466
MOSEAN/WHOTS,B_subtropical_midlatitude_5,2021-12-15T07:00Z,3.28,3.28,1,1,-0.009123550550023892,-0.008884106385017928,nan,-0.010970016644298053,0.0032283305185814015,0.0045000000000001705
MOSEAN/WHOTS,B_subtropical_midlatitude_5,2021-12-30T21:00Z,3.28,3.28,1,1,-0.08978567739514212,-0.08894983619396654,nan,-0.02164162616111874,-0.0023401987041680172,0.0005000000000023874
MOSEAN/WHOTS,B_subtropical_midlatitude_5,2022-03-22T09:00Z,3.28,3.28,1,1,0.0,0.0,nan,-0.002374527571157937,-0.009284927139191268,-0.009500000000002728
MOSEAN/WHOTS,B_subtropical_midlatitude_5,2022-09-11T07:00Z,3.3,3.3,1,1,0.0,0.0,nan,0.0,-0.13253365566023945,-0.009000000000000341
MOSEAN/WHOTS,B_subtropical_midlatitude_5,2022-12-16T10:00Z,3.3,3.3,1,1,-0.7746811711708168,-0.7446256693764869,nan,-0.45430768126580845,-0.040980611146764545,-0.04099999999999682
MOSEAN/WHOTS,B_subtropical_midlatitude_5,2022-12-18T15:00Z,3.3,3.3,1,1,-0.6409782690192692,-0.6086847804815916,nan,-0.3747627873407568,0.10884602115680053,0.14799999999999613
MOSEAN/WHOTS,B_subtropical_midlatitude_5,2023-01-21T23:00Z,3.3,3.3,1,1,-0.21718489602036814,-0.21104943793649772,nan,-0.12940199109071152,-0.027885994960136884,-0.040500000000001535
MOSEAN/WHOTS,B_subtropical_midlatitude_5,2023-01-25T04:00Z,3.3,3.3,1,1,-0.12737703152135377,-0.1206413435446795,nan,0.0004206071079645643,-0.63046460470634,-0.1810000000000045
MOSEAN/WHOTS,B_subtropical_midlatitude_5,2023-02-03T14:00Z,3.3,3.3,1,1,-0.05704549739797777,-0.05644776711903795,nan,-0.028573689271717554,-0.027272483408374626,-0.021500000000003183
MOSEAN/WHOTS,B_subtropical_midlatitude_5,2023-02-17T14:00Z,3.3,3.3,1,1,-0.2414287544301788,-0.23918296069285405,nan,-0.3160256667627049,0.05878282264497159,0.07900000000000063
MOSEAN/WHOTS,B_subtropical_midlatitude_5,2023-03-06T09:00Z,3.3,3.3,1,1,-0.009398245892929362,-0.009170134847746134,nan,-0.012534021386241191,-0.017510175707819542,-0.017000000000003013
MOSEAN/WHOTS,B_subtropical_midlatitude_5,2023-03-29T08:00Z,3.3,3.3,1,1,-0.07896018562518645,-0.07741064327712584,nan,-0.057530042653050374,-0.09322242081333343,-0.09500000000000597
MOSEAN/WHOTS,B_subtropical_midlatitude_5,2023-04-03T01:00Z,3.3,3.3,1,1,-0.17905072426696994,-0.17789571444220129,nan,-0.2176993077061227,-0.051195828595965054,-0.06150000000000233
MOSEAN/WHOTS,B_subtropical_midlatitude_5,2023-04-19T02:00Z,3.3,3.3,1,1,-0.13844128326536811,-0.1367261202518219,nan,-0.0668451281028253,0.015119331149378468,0.019000000000005457
Papa,B_subtropical_midlatitude_5,2007-07-08T16:00Z,4.0,4,1,0,-0.11094563141899356,-0.1098339666605675,-0.08100707470728437,-0.07781816419093526,-0.016166666666663332,-0.019000000000005457
Papa,B_subtropical_midlatitude_5,2007-09-14T07:00Z,4.0,4,1,0,-0.16503661644417075,-0.16313244669926538,-0.11390004136854458,-0.11755868551503111,-0.008833333333335247,-0.010500000000000398
Papa,B_subtropical_midlatitude_5,2007-10-18T12:00Z,4.0,4,1,0,-0.053795592198483795,-0.052854512321941605,-0.033100722422006394,-0.04258867726528449,-0.012999999999998124,-0.01099999999999568
Papa,B_subtropical_midlatitude_5,2007-10-20T17:00Z,4.0,4,1,0,0.000971162827606247,0.0010734395655098805,0.003693956857350422,-0.02768095529909258,-0.0043333333333350765,-0.00549999999999784
Papa,B_subtropical_midlatitude_5,2007-11-11T00:00Z,4.0,4,1,0,-0.09126320353464891,-0.08889295091908199,-0.04385246986261467,-0.0855250939105766,-0.030999999999998806,-0.013499999999993406
Papa,B_subtropical_midlatitude_5,2007-11-15T06:00Z,4.0,4,1,0,-0.045818174266878585,-0.04480856245825648,-0.023569147312344593,-0.073862438023198,-0.005833333333335133,-0.0049999999999954525
Papa,B_subtropical_midlatitude_5,2007-12-13T10:00Z,4.0,4,1,0,-1.200244961575069,-1.0020743541148927,nan,-0.4440139900275533,-0.026333333333326436,-0.030000000000001137
Papa,B_subtropical_midlatitude_5,2008-04-10T09:00Z,4.0,4,1,0,-0.017874690298785967,-0.01606815398854056,nan,-0.010599963764319527,-0.007500000000000284,-0.006500000000002615
Papa,B_subtropical_midlatitude_5,2008-04-30T03:00Z,4.0,4,1,0,-0.03005001185101673,-0.02915854127005483,nan,-0.014683323449065444,-0.010499999999993292,-0.009000000000000341
Papa,B_subtropical_midlatitude_5,2009-08-23T11:00Z,4.0,4,1,0,-0.20759158369638372,-0.20010158899922584,nan,-0.11979949899008979,-0.0175000000000054,-0.017499999999998295
Papa,B_subtropical_midlatitude_5,2009-09-13T15:00Z,4.0,4,1,0,-0.04799307843657133,-0.046761547113851665,nan,-0.07793166803036645,-0.009833333333332916,-0.006999999999997897
Papa,B_subtropical_midlatitude_5,2009-10-20T01:00Z,4.0,4,1,0,-0.08761747359036826,-0.08614336409076248,nan,-0.0942689744704755,-0.003666666666667595,-0.0040000000000048885
Papa,B_subtropical_midlatitude_5,2010-01-17T07:00Z,4.0,4,1,0,0.0,0.0,nan,0.0,-0.029333333333333655,-0.04200000000000159
Papa,B_subtropical_midlatitude_5,2010-02-17T18:00Z,4.0,4,1,0,-0.31210595367242994,-0.24630220848606893,nan,-0.17671117751519208,-0.022500000000007958,-0.012000000000000455
Papa,B_subtropical_midlatitude_5,2010-07-08T14:00Z,4.0,4,1,0,-0.18462130421171366,-0.18246478487023246,nan,-0.0769041145866313,-0.008499999999997954,-0.007999999999995566
Papa,B_subtropical_midlatitude_5,2010-09-22T05:00Z,4.0,4,1,0,-0.10521688736686115,-0.10403658539784838,nan,-0.1054965728902299,-0.024833333333333485,0.0
Papa,B_subtropical_midlatitude_5,2010-09-26T13:00Z,4.0,4,1,0,-0.05295980110839151,-0.05162481339821337,nan,-0.051617761742788294,-0.008000000000002672,-0.003999999999997783
Papa,B_subtropical_midlatitude_5,2010-10-11T18:00Z,4.0,4,1,0,-0.10201443030805861,-0.08436300126322038,nan,-0.09341624099624808,-0.02666666666666373,0.0
Papa,B_subtropical_midlatitude_5,2010-10-17T04:00Z,4.0,4,1,0,-0.08011997002038503,-0.0780415215852392,nan,-0.07113107997654528,0.007000000000005002,0.0
Papa,B_subtropical_midlatitude_5,2010-10-21T23:00Z,4.0,4,1,0,-0.009099906505802613,-0.005560407195458677,nan,-0.015398535959246883,-0.03549999999999187,0.0
Papa,B_subtropical_midlatitude_5,2010-11-16T11:00Z,4.0,4,1,0,-0.22053296090333038,-0.1777240597978811,nan,-0.13638256522831174,-0.06299999999999528,-0.015000000000000568
Papa,B_subtropical_midlatitude_5,2010-12-30T23:00Z,4.0,4,1,0,-0.16625393005602832,-0.1628566548082658,nan,-0.2112744159422418,-0.01016666666667021,0.0
Papa,B_subtropical_midlatitude_5,2011-02-04T19:00Z,4.0,4,1,0,0.006707413033035008,0.006796985165221663,nan,-0.008360409440847738,-0.0008333333333325754,0.0
Papa,B_subtropical_midlatitude_5,2011-05-03T10:00Z,4.0,4,1,0,-0.047926280761089075,-0.04733715750291571,nan,-0.03414883468505787,-0.0018333333333373503,-0.001999999999995339
Papa,B_subtropical_midlatitude_5,2011-08-17T05:00Z,4.0,4,1,0,-0.28743015511635833,-0.2705335274456178,nan,-0.2359345986614996,-0.01633333333333553,-0.015000000000000568
Papa,B_subtropical_midlatitude_5,2011-08-19T06:00Z,4.0,4,1,0,-0.06366930904291188,-0.06158005376207769,nan,-0.02583070258549247,-0.0008333333333325754,0.0009999999999976694
Papa,B_subtropical_midlatitude_5,2011-09-08T09:00Z,4.0,4,1,0,-0.14595213267628565,-0.14167551728650138,nan,-0.10422117612286295,-0.022166666666670665,-0.012500000000002842
Papa,B_subtropical_midlatitude_5,2011-10-07T19:00Z,4.0,4,1,0,-0.4441523990898433,-0.4147354580623211,nan,-0.28217307406674647,-0.028333333333335986,-0.0344999999999942
Papa,B_subtropical_midlatitude_5,2012-06-15T03:00Z,4.0,4,1,0,-0.125187868287108,-0.12328326039780121,nan,-0.08821565922064611,-0.01633333333333553,-0.013500000000000512
Papa,B_subtropical_midlatitude_5,2012-08-09T17:00Z,4.0,4,1,0,-0.06946186691611465,-0.0684118307574196,nan,-0.04554271275740427,-0.009000000000007446,-0.006999999999997897
Papa,B_subtropical_midlatitude_5,2012-08-12T12:00Z,4.0,4,1,0,-0.22469767618837805,-0.22060754246326839,nan,-0.15063842082755352,-0.009666666666667822,-0.00549999999999784
Papa,B_subtropical_midlatitude_5,2012-09-12T16:00Z,4.0,4,1,0,-0.012697161807071143,-0.012510548095570206,nan,-0.009162248159323242,-0.0008333333333396808,-0.001999999999995339
Papa,B_subtropical_midlatitude_5,2012-10-10T11:00Z,4.0,4,1,0,-0.17502344084245888,-0.1728803469853002,nan,-0.10001235605105398,-0.015333333333337862,-0.016999999999995907
Papa,B_subtropical_midlatitude_5,2012-11-04T04:00Z,4.0,4,1,0,-0.0706490806359755,-0.06851148470064895,nan,-0.09852021482614266,-0.012500000000009948,-0.020000000000003126
Papa,B_subtropical_midlatitude_5,2013-01-19T09:00Z,4.0,4,1,0,-0.023756035871403677,-0.023403203907782603,nan,-0.013606199002256292,0.002333333333325527,0.0015000000000000568
Papa,B_subtropical_midlatitude_5,2013-08-06T16:00Z,4.0,4,1,0,-0.16404323751728056,-0.1602277385598144,nan,-0.08779174267203602,-0.005833333333335133,-0.009500000000002728
Papa,B_subtropical_midlatitude_5,2013-08-11T03:00Z,4.0,4,1,0,-0.10942004665093438,-0.10728744773880104,nan,-0.048991172476945406,-0.008833333333335247,-0.007999999999995566
Papa,B_subtropical_midlatitude_5,2013-10-20T19:00Z,4.0,4,1,0,-0.3223502337914231,-0.420719461199951,nan,-0.030487991890927046,-0.053333333333334565,-0.07849999999999824
Papa,B_subtropical_midlatitude_5,2014-09-06T06:00Z,4.2,4.2,1,1,-0.15615258865560577,-0.15074159074827898,nan,-0.11286891154043749,-0.03360000000000696,-0.022500000000000853
Papa,B_subtropical_midlatitude_5,2014-09-23T09:00Z,4.2,4.2,1,1,-0.1438777518312339,-0.14179286271711003,nan,-0.08706279914483075,-0.0019166666666663446,-0.003500000000002501
Papa,B_subtropical_midlatitude_5,2014-10-01T16:00Z,4.2,4.2,1,1,-0.08239548980311212,-0.07139162075791199,nan,-0.0473349714154682,-0.006199999999999761,-0.007999999999995566
Papa,B_subtropical_midlatitude_5,2014-11-10T08:00Z,4.2,4.2,1,1,-0.08567571561912712,-0.08267412660136349,nan,-0.11901644797618371,-0.017966666666659137,-0.01850000000000307
Papa,B_subtropical_midlatitude_5,2014-11-14T07:00Z,4.2,4.2,1,1,-0.013168626465831702,-0.01269202543588461,nan,0.0,-0.0024166666666616266,-0.0014999999999929514
Papa,B_subtropical_midlatitude_5,2014-12-06T20:00Z,4.2,4.2,1,1,-0.3798490259432503,-0.3209905925446496,nan,-0.2591724500343273,-0.09143333333332748,-0.14300000000000068
Papa,B_subtropical_midlatitude_5,2014-12-22T11:00Z,4.2,4.2,1,1,-0.0949579738968931,-0.08102242407563137,nan,-0.08702498449030176,-0.013849999999990814,-0.027999999999998693
Papa,B_subtropical_midlatitude_5,2015-01-24T09:00Z,4.2,4.2,1,1,-0.5431867540911202,-0.4896443300460814,nan,-0.34727729624612014,-0.062466666666672666,-0.04299999999999926
Papa,B_subtropical_midlatitude_5,2015-07-01T04:00Z,4.2,4.2,1,1,-0.2680562259426986,-0.26049332805559827,nan,-0.252652539270914,-0.023083333333332234,-0.023499999999998522
Papa,B_subtropical_midlatitude_5,2015-07-29T11:00Z,4.2,4.2,1,1,-0.20629556818191547,-0.18454094389160583,nan,-0.09121415689407696,-0.01576666666667137,-0.009499999999995623
Papa,B_subtropical_midlatitude_5,2015-08-09T16:00Z,4.2,4.2,1,1,-0.2748516514155849,-0.25224463491261895,nan,-0.2037547831999522,-0.05473333333333841,-0.05449999999999022
Papa,B_subtropical_midlatitude_5,2015-10-11T01:00Z,4.2,4.2,1,1,-0.040011952043213506,-0.03904001773286381,nan,-0.05234544103631832,-0.008583333333341159,-0.009499999999995623
Papa,B_subtropical_midlatitude_5,2015-10-14T18:00Z,4.2,4.2,1,1,-0.14977812669706242,-0.1474858197276406,nan,-0.11196356817812766,0.006283333333335861,0.013500000000000512
Papa,B_subtropical_midlatitude_5,2015-10-26T10:00Z,4.2,4.2,1,1,-0.08963198143737965,-0.07462683044512322,nan,-0.08914481288062766,0.01016666666667021,0.015000000000000568
Papa,B_subtropical_midlatitude_5,2015-10-30T20:00Z,4.2,4.2,1,1,-0.6331231776436159,-0.47481895206176744,nan,-0.2803106063602514,-0.097849999999994,-0.06799999999999784
Papa,B_subtropical_midlatitude_5,2015-12-02T04:00Z,4.2,4.2,1,1,-0.18659952312491027,-0.17795149223086948,nan,-0.2274073473717462,-0.018250000000001876,-0.019000000000005457
Papa,B_subtropical_midlatitude_5,2016-02-29T12:00Z,4.2,4.2,1,1,-0.10396182914139315,-0.10313992147259254,nan,0.08162758339436493,-0.01378333333334325,-0.013500000000000512
Papa,B_subtropical_midlatitude_5,2016-09-13T21:00Z,4.2,4.2,1,1,-0.012574631580002799,-0.011594439329756056,nan,-0.021057023375320578,-0.03855000000000075,-0.020500000000005514
Papa,B_subtropical_midlatitude_5,2016-09-21T14:00Z,4.2,4.2,1,1,-0.07703060363860978,-0.0760966464730766,nan,-0.08710471311997363,-0.016883333333332473,-0.013500000000000512
Papa,B_subtropical_midlatitude_5,2016-10-18T19:00Z,4.2,4.2,1,1,-0.11603271877781185,-0.11192763066227471,nan,-0.0869517049418584,-0.020749999999999602,-0.022500000000000853
Papa,B_subtropical_midlatitude_5,2016-12-07T10:00Z,4.2,4.2,1,1,0.0,0.0,nan,0.0,-0.022933333333341466,-0.022500000000007958
Papa,B_subtropical_midlatitude_5,2017-04-24T18:00Z,4.2,3.8;4.2,2,1,-0.10461696299658413,-0.09922374095189392,nan,-0.08621525829570743,-0.01286666666666747,-0.009999999999990905
Papa,B_subtropical_midlatitude_5,2017-04-28T17:00Z,4.2,4.2,1,1,-0.008121638416331513,-0.0056912147629823795,nan,-0.017379804397786122,-0.034900000000000375,-0.031500000000001194
Papa,B_subtropical_midlatitude_5,2017-05-01T22:00Z,4.2,3.8;4.2,2,1,-0.00041024952052639527,-0.0003777549516145668,nan,-0.002705729436759408,-0.0003333333333372934,-0.0010000000000047748
Papa,B_subtropical_midlatitude_5,2017-06-28T03:00Z,3.8,3.8,1,1,-0.04744061959737888,-0.047562805475139865,nan,-0.023949551503234856,-0.009766666666671142,-0.008500000000005059
Papa,B_subtropical_midlatitude_5,2017-09-04T22:00Z,3.8,3.8,1,1,-0.6181306671435244,-0.38887349609705774,nan,-0.20845841742769713,-0.020666666666663502,-0.03349999999999653
Papa,B_subtropical_midlatitude_5,2017-12-04T23:00Z,3.8,3.8,1,1,-0.040393288077227536,-0.03903642851889279,nan,-0.04371610661309899,-0.007566666666669164,-0.007500000000000284
Papa,B_subtropical_midlatitude_5,2018-03-27T23:00Z,3.8,3.8,1,1,-0.10520282794313636,-0.09367400471666297,nan,-0.12306420726401435,-0.025566666666655635,-0.027499999999996305
Papa,B_subtropical_midlatitude_5,2018-07-02T06:00Z,3.8,3.8,1,1,-0.17867296419069795,-0.17372877931393751,nan,-0.04968354990803506,-0.010950000000001125,-0.005749999999999034
Papa,B_subtropical_midlatitude_5,2018-09-03T03:00Z,4.0,4,1,0,-0.25525430639179875,-0.23793832514523697,nan,-0.11831695189693797,-0.025866666666665594,-0.02049999999999841
Papa,B_subtropical_midlatitude_5,2018-10-31T10:00Z,4.0,4,1,0,-0.17698697004322125,-0.17210802757569932,nan,-0.2705368576068542,-0.015349999999997976,-0.02200000000000557
Papa,B_subtropical_midlatitude_5,2018-12-06T00:00Z,4.0,4,1,0,-0.038207460703824705,-0.038656340336466886,nan,-0.006402330298543087,0.0006833333333275959,0.0029999999999930083
Papa,B_subtropical_midlatitude_5,2019-09-25T04:00Z,4.0,4,1,0,-0.5015549660498928,-0.40907704448290916,nan,-0.0856466516478505,-0.01839999999999975,-0.025000000000005684
Papa,B_subtropical_midlatitude_5,2019-10-04T00:00Z,4.0,4,1,0,-0.07962251581707848,-0.0736063395780531,nan,-0.08026009703694674,-0.0081999999999951,-0.006000000000000227
Papa,B_subtropical_midlatitude_5,2019-10-13T13:00Z,4.0,4,1,0,-0.183331521118392,-0.17957095077592194,nan,-0.1633615120757661,-0.010833333333330586,-0.014000000000002899
Papa,B_subtropical_midlatitude_5,2019-11-10T13:00Z,4.0,4,1,0,-0.16335386950891506,-0.16118962418009747,nan,-0.18330562985584234,0.009816666666665697,0.007999999999995566
Papa,B_subtropical_midlatitude_5,2019-11-25T17:00Z,4.0,4,1,0,-0.274288257657045,-0.17573607570796754,nan,-0.20670922470810812,-0.0309999999999917,-0.03650000000000375
Papa,B_subtropical_midlatitude_5,2020-04-26T01:00Z,4.0,4,1,0,-0.07405406988489949,-0.06078684490617135,nan,-0.10306255678946563,-0.014933333333338794,-0.021999999999998465
Papa,B_subtropical_midlatitude_5,2020-09-03T18:00Z,4.0,4,1,0,-0.8630420560798299,-0.43451923151803795,-0.006782440250443991,-0.22712925899166722,-0.042066666666663366,-0.03200000000000358
Papa,B_subtropical_midlatitude_5,2020-10-14T21:00Z,4.0,4,1,0,-0.11438454169885767,-0.11118539613446138,-0.07435300858438786,-0.11551413401182882,-0.005949999999991462,-0.012499999999995737
Papa,B_subtropical_midlatitude_5,2020-10-16T15:00Z,4.0,4,1,0,-0.17458649039120075,-0.16510913920177606,-0.0835916256436533,-0.13175813446516385,-0.047783333333335065,-0.03800000000000381
Papa,B_subtropical_midlatitude_5,2020-10-26T18:00Z,4.0,4,1,0,-0.15864455451243123,-0.13460783620116226,-0.03162802890760248,-0.11440462081416324,-0.01833333333333087,-0.012500000000002842
Papa,B_subtropical_midlatitude_5,2020-10-31T23:00Z,4.0,4,1,0,-0.229937777306144,-0.18163020209663483,-0.013363041226885553,-0.1200233055990964,-0.0571166666666727,-0.053499999999992554
Papa,B_subtropical_midlatitude_5,2020-11-04T02:00Z,4.0,4,1,0,-0.044683032556498394,-0.04327169948464546,-0.029236815814379497,-0.05814022565195431,-0.007966666666668232,-0.0025000000000048317
Papa,B_subtropical_midlatitude_5,2020-11-14T06:00Z,4.0,4,1,0,-0.27526050579259076,-0.24840932822338213,-0.09110691198155034,-0.12322853067696034,-0.017899999999997362,-0.01099999999999568
Papa,B_subtropical_midlatitude_5,2020-12-11T15:00Z,4.0,4,1,0,-0.10550387041288935,-0.10356854574792451,-0.07785943936003362,-0.11009158580393714,-0.005149999999993327,-0.004500000000007276
Papa,B_subtropical_midlatitude_5,2022-06-23T00:00Z,4.0,4,1,0,-0.1756145935767106,-0.1676462951191088,-0.09137061260138613,-0.13674608823576523,-0.015316666666656431,-0.013499999999993406
Papa,B_subtropical_midlatitude_5,2022-08-23T11:00Z,4.0,4,1,0,-0.2718822765830174,-0.24099720954793713,-0.07392877726533904,-0.1425935153590562,-0.04964999999999975,-0.05850000000000222
Papa,B_subtropical_midlatitude_5,2022-09-24T16:00Z,4.0,4,1,0,-0.5639241904278508,-0.09779203012733621,0.0018576515873620092,-0.21031682945435373,-0.014533333333339726,-0.015500000000002956
Papa,B_subtropical_midlatitude_5,2022-10-05T23:00Z,4.0,4,1,0,-0.02664451855326863,-0.025062811051860298,nan,-0.049573507232408144,-0.009816666666658591,-0.006000000000000227
Papa,B_subtropical_midlatitude_5,2022-10-14T08:00Z,4.0,4,1,0,-0.024666958793834022,-0.023502032391789565,nan,-0.022936144106252165,-0.007899999999999352,-0.0030000000000001137
Papa,B_subtropical_midlatitude_5,2022-11-20T19:00Z,4.0,4,1,0,-0.05798424274335537,-0.054804393730809746,nan,-0.06127756832629248,-0.008866666666669687,-0.012500000000002842
Papa,B_subtropical_midlatitude_5,2022-12-21T13:00Z,4.0,4,1,0,-0.1400170076341944,-0.1385329051261722,nan,-0.17382570258156493,-0.0015666666666547258,-0.006999999999997897
Papa,B_subtropical_midlatitude_5,2023-04-28T00:00Z,4.0,4,1,0,-0.07105490012355849,-0.06368627442906007,-0.019771695114613463,-0.04236441650199954,-0.01575000000000415,-0.014499999999998181
Papa,B_subtropical_midlatitude_5,2023-08-06T21:00Z,4.0,4,1,0,-0.1533607610067218,-0.1485520717613188,-0.09511389293600375,-0.2674679849856139,-0.02258333333332274,-0.012999999999998124
Papa,B_subtropical_midlatitude_5,2023-09-20T21:00Z,4.0,4,1,0,-0.011539365093422798,-0.01130466624409508,-0.008403506308646573,-0.008482115645814131,0.02021666666666988,0.02400000000000091
Papa,B_subtropical_midlatitude_5,2023-10-09T12:00Z,4.0,4,1,0,-0.13389290747622998,-0.12367224462219828,-0.051658218230237654,-0.10927611622961524,-0.005883333333329688,0.0
Papa,B_subtropical_midlatitude_5,2023-10-16T21:00Z,4.0,4,1,0,-0.13001835096239925,-0.12763062317294113,-0.09721106723130431,-0.12446161259631063,-0.010600000000003718,-0.007500000000000284
Papa,B_subtropical_midlatitude_5,2023-10-29T02:00Z,4.0,4,1,0,-0.14286637643080835,-0.14005349861850017,-0.10472513895797077,-0.18587632715681252,-0.024216666666667663,-0.02400000000000091
Papa,B_subtropical_midlatitude_5,2023-11-08T08:00Z,4.0,4,1,0,-0.09030441741219512,-0.08807944397599833,-0.06117899661735542,-0.15259567532603,-0.005049999999997112,-0.0034999999999953957
Papa,B_subtropical_midlatitude_5,2023-11-25T02:00Z,4.0,4,1,0,-0.07611428442610124,-0.07168204629866609,-0.034715296186865176,-0.03994839956246333,-0.01028333333334075,-0.011000000000002785
Papa,B_subtropical_midlatitude_5,2024-02-20T20:00Z,4.0,4,1,0,-0.033634699712691,-0.03254261970490456,-0.020869701067212313,-0.02120729317851353,-0.005116666666658887,-0.00549999999999784
Papa,B_subtropical_midlatitude_5,2024-03-14T15:00Z,4.0,4,1,0,-0.29510826719062283,-0.27665947498350185,-0.13097085874860112,-0.180406521605294,-0.020616666666661843,-0.01950000000000074
Papa,B_subtropical_midlatitude_5,2024-08-16T10:00Z,4.0,4,1,0,-0.2984787249822543,-0.2713893732994936,nan,-0.2276484752715513,-0.03381666666667371,-0.05100000000000193
Papa,B_subtropical_midlatitude_5,2024-09-21T08:00Z,4.0,4,1,0,-0.1444552697491075,-0.1370456040275572,nan,-0.13883181178941775,-0.014433333333329301,-0.01650000000000773
Papa,B_subtropical_midlatitude_5,2024-09-30T00:00Z,4.0,4,1,0,-0.15468715291987273,-0.1522148434801537,nan,-0.24390891670486567,-0.014883333333337134,-0.012000000000000455
Papa,B_subtropical_midlatitude_5,2024-10-11T17:00Z,4.0,4,1,0,-0.07421017229658072,-0.07284033942870773,nan,-0.03889866708588052,-0.010116666666661445,-0.011499999999998067
Papa,B_subtropical_midlatitude_5,2025-01-27T23:00Z,4.0,4,1,0,-0.14880736602041458,-0.13340546667947775,nan,-0.10850119417151004,-0.022349999999995873,-0.026000000000003354
SOFS,B_subtropical_midlatitude_5,2012-01-01T23:00Z,3.32,3.32,1,1,-0.140781406200692,-0.13595384027485963,nan,-0.09084074076471021,-0.0779572222221887,-0.039500000000003865
SOFS,B_subtropical_midlatitude_5,2012-01-29T03:00Z,3.32,3.32,1,1,-0.325333032863674,-0.30285097900834923,nan,-0.42221658707267196,-0.08497444444445534,-0.014499999999998181
SOFS,B_subtropical_midlatitude_5,2012-03-15T01:00Z,3.32,3.32,1,1,-0.10883013757605192,-0.10775766252918872,nan,-0.17599184354538208,-0.013799999999960733,-0.012499999999995737
SOFS,B_subtropical_midlatitude_5,2012-03-20T02:00Z,3.32,3.32,1,1,-0.2510147292394163,-0.24513033432568676,nan,-0.3590531356410909,-0.012789444444408105,-0.012000000000000455
SOFS,B_subtropical_midlatitude_5,2012-04-05T10:00Z,3.32,3.32,1,1,-0.273134967362141,-0.26211734573737433,nan,-0.10485206611037688,-0.018805277777758533,-0.016000000000005343
SOFS,B_subtropical_midlatitude_5,2012-06-24T06:00Z,3.32,3.32,1,1,-0.3405088072292549,-0.3294777661507789,nan,-0.28451397258704747,-0.024268055555559442,0.005000000000002558
SOFS,B_subtropical_midlatitude_5,2012-07-15T22:00Z,3.32,3.32,1,1,-0.03835646300214908,-0.03811051000773642,nan,-0.03326190117218103,0.0006030555555511796,0.0030000000000001137
SOFS,B_subtropical_midlatitude_5,2013-06-08T13:00Z,3.55,3.55,1,1,-0.1749511343428044,-0.17445556946422555,nan,-0.09627514459221238,-0.006432777777753529,-0.010000000000005116
SOFS,B_subtropical_midlatitude_5,2013-08-15T23:00Z,3.55,3.55,1,1,-0.028393333959239254,-0.02838698482420064,nan,-0.01616413430851534,-0.00782096388888931,-0.012000000000000455
SOFS,B_subtropical_midlatitude_5,2021-04-18T17:00Z,3.29,3.29,1,1,-0.07085344166628038,-0.06971143246642117,nan,-0.05797700641178732,-0.00019394722222187966,0.0020000000000024443
