station,group,season,onset_utc,local_solar_hour,i,dS05,dS1,dp,dS05_0-3,dp_0-3,dS05_3-6,dp_3-6,dS05_6-12,dp_6-12,dp_raw,dp_c0413,dp_c0433,dp_isochem,dT,S0_05,T_pre,pco2_pre,pco2_air,dpco2_pre,u10,g6,c6,n_ctrl_valid,ctrl_mean_x,ctrl_mean_y,bm,bm_E1_local,bm_E3_Lueker2000,bm_E3_Millero2010,bm_E2_dicrain0,bm_E2_dicrain12,bm_E2_dicrain50,bm_E4_local,bm_E4b_9psu,E4_ok,gx_central,gx_upper,rain_max6,rain_insufficient,s1_substitute,_glodap_pco2,in_D4
TAO165E,A_tropical_8,SON,2014-11-07T13:00Z,0.0,41310,-0.36,-0.294333,-8.435899,-0.328,-10.060194,-0.392,-6.811603,-0.1115,1.228401,-14.6,-8.582645,-8.289103,-8.820759,-0.351,34.12,30.7335,381.7,374.8,6.9,3.740475,31.278333,12.59,5,-0.0171,-0.05361,13.798376,14.993189,13.257802,12.974582,14.88469,14.369857,12.657548,15.542564,14.303911,1,-0.041266,-0.247597,31.278333,0,False,372.089751,1
TAO165E,A_tropical_8,SON,2014-11-26T03:00Z,14.0,41756,-0.005,-0.036833,-5.714523,0.0265,,-0.0365,-5.714523,-0.0215,2.013804,1.15,-5.553616,-5.875363,-5.29227,0.4555,34.2995,30.945,383.35,372.4,10.95,2.301807,7.818333,0.0,5,0.016,0.546194,13.798376,14.993189,13.257802,12.974582,14.88469,14.369857,12.657548,15.551219,14.310262,1,-0.024691,-0.148144,7.818333,0,False,372.089751,0
TAO165E,A_tropical_8,DJF,2014-12-05T04:00Z,15.0,41973,-0.4945,-0.3705,-14.963458,-0.53,-21.545521,-0.459,-8.381395,-0.2755,-6.499456,-17.75,-15.029571,-14.897332,-15.136872,-0.176,34.452,31.056,387.7,373.25,14.45,4.862557,62.158333,31.905,5,0.0197,-0.803487,13.798376,14.993189,13.257802,12.974582,14.88469,14.369857,12.657548,15.676434,14.424262,1,-0.146295,-0.877772,62.158333,0,False,372.089751,1
TAO165E,A_tropical_8,DJF,2014-12-14T10:00Z,21.0,42195,-0.043,-0.035833,-1.610395,-0.071,-1.538291,-0.015,-1.682499,-0.0075,-1.081139,-2.9,-1.640935,-1.579852,-1.690507,-0.08,34.495,30.736,383.35,374.15,9.2,6.371241,14.103333,34.43,5,-0.0068,-0.168329,13.798376,14.993189,13.257802,12.974582,14.88469,14.369857,12.657548,15.492497,14.255419,1,-0.157879,-0.947274,34.43,0,False,372.089751,0
TAO165E,A_tropical_8,DJF,2014-12-21T11:00Z,22.0,42364,-0.333,-0.321833,-6.316056,-0.2975,-6.975043,-0.3685,-5.657069,-0.7,-12.72137,-13.25,-6.481406,-6.150636,-6.749677,-0.436,34.3305,31.1755,385.2,373.45,11.75,2.766877,16.838333,15.135,5,-0.002,-0.033551,13.798376,14.993189,13.257802,12.974582,14.88469,14.369857,12.657548,15.613638,14.366974,1,-0.038379,-0.230274,16.838333,0,False,372.089751,1
TAO165E,A_tropical_8,DJF,2014-12-25T01:00Z,12.0,42450,-0.003,0.0,-1.164585,-0.0045,-0.844181,-0.0015,-1.484988,-0.0715,-1.883053,-1.15,-1.164211,-1.16496,-1.163606,0.001,34.2235,30.67,375.05,373.65,1.4,6.080007,1.36,2.945,5,0.0214,-0.635924,13.798376,14.993189,13.257802,12.974582,14.88469,14.369857,12.657548,15.245065,14.029506,1,-0.021571,-0.129429,2.945,0,False,372.089751,0
TAO165E,A_tropical_8,DJF,2014-12-27T18:00Z,5.0,42515,0.005,-0.007167,-0.990247,-0.003,-2.09842,0.013,0.117925,0.0285,1.814184,-1.1,-0.992842,-0.987653,-0.997053,-0.007,34.242,30.4795,372.0,374.45,-2.45,3.833428,11.451667,12.125,5,-0.0104,0.146039,13.798376,14.993189,13.257802,12.974582,14.88469,14.369857,12.657548,15.118758,13.913572,1,0.014872,0.089231,12.125,0,False,372.089751,0
TAO165E,A_tropical_8,DJF,2015-01-01T02:00Z,13.0,42619,-0.0145,-0.0245,-2.684887,-0.0235,-2.354396,-0.0055,-3.015377,-0.0235,-2.832534,-0.75,-2.639237,-2.730532,-2.565122,0.122,34.3205,30.562,376.4,374.15,2.25,4.928047,6.503333,1.425,5,0.0144,-0.307178,13.798376,14.993189,13.257802,12.974582,14.88469,14.369857,12.657548,15.270108,14.052251,1,-0.0228,-0.136801,6.503333,0,False,372.089751,0
TAO165E,A_tropical_8,DJF,2015-01-06T06:00Z,17.0,42743,-0.03,-0.045,-3.75787,-0.0185,-3.815249,-0.0415,-3.700492,-0.025,-2.86104,-8.0,-3.858519,-3.657203,-4.02187,-0.2665,34.2355,31.0085,381.8,372.95,8.85,6.280702,0.811667,4.75,5,-0.0163,-1.650662,13.798376,14.993189,13.257802,12.974582,14.88469,14.369857,12.657548,15.508706,14.271362,1,-0.148177,-0.889064,4.75,0,False,372.089751,0
TAO165E,A_tropical_8,DJF,2015-01-23T19:00Z,6.0,43164,0.0115,0.028,-0.536691,0.018,-0.982726,0.005,-0.090657,0.0495,1.27103,-1.25,-0.55357,-0.519812,-0.580969,-0.0455,34.155,30.37,371.55,375.25,-3.7,7.879623,7.093333,16.69,5,-0.0034,3.692304,13.798376,14.993189,13.257802,12.974582,14.88469,14.369857,12.657548,15.127838,13.92272,1,0.095203,0.571216,16.69,0,False,372.089751,0
TAO165E,A_tropical_8,DJF,2015-01-25T11:00Z,22.0,43204,-0.0785,-0.089,-0.072435,-0.027,0.29066,-0.13,-0.43553,-0.1885,1.208494,-1.35,-0.102698,-0.04217,-0.151818,-0.081,34.38,30.4535,373.85,375.55,-1.7,13.002631,37.765,28.905,5,0.001,-0.511491,13.798376,14.993189,13.257802,12.974582,14.88469,14.369857,12.657548,15.151073,13.942548,1,0.118752,0.712512,37.765,0,False,372.089751,0
TAO165E,A_tropical_8,DJF,2015-01-30T16:00Z,3.0,43329,-0.057,-0.076,-6.97421,-0.1005,-14.360394,-0.0135,0.411974,-0.0065,1.674139,-10.3,-7.053152,-6.895252,-7.181269,-0.211,34.4295,30.6295,380.95,374.55,6.4,1.847904,7.991667,0.0,5,0.0101,0.535725,13.798376,14.993189,13.257802,12.974582,14.88469,14.369857,12.657548,15.417742,14.187312,1,-0.009204,-0.055221,7.991667,0,False,372.089751,0
TAO165E,A_tropical_8,DJF,2015-02-10T14:00Z,1.0,43591,-0.0585,-0.130667,-4.633217,-0.0405,-5.335107,-0.0765,-3.931328,-0.0345,-2.303261,-8.45,-4.723708,-4.542714,-4.870578,-0.2385,34.5085,30.254,383.45,375.3,8.15,5.671071,10.328333,14.1,5,-0.0024,-0.360066,13.798376,14.993189,13.257802,12.974582,14.88469,14.369857,12.657548,15.494982,14.258926,1,-0.111245,-0.667472,14.1,0,False,372.089751,0
TAO165E,A_tropical_8,DJF,2015-02-16T05:00Z,16.0,43726,-0.133,-0.118667,-16.097883,-0.108,-18.644717,-0.158,-13.551048,-0.0195,-9.879194,-13.1,-16.027635,-16.168101,-15.913534,0.1925,34.469,30.2085,386.3,375.5,10.8,2.292753,3.918333,2.13,5,0.0055,-1.204952,13.798376,14.993189,13.257802,12.974582,14.88469,14.369857,12.657548,15.620388,14.374818,1,-0.024364,-0.146187,3.918333,0,False,372.089751,0
TAO165E,A_tropical_8,MAM,2015-03-02T11:00Z,22.0,44068,-0.0375,-0.0445,-2.911547,-0.039,-5.276135,-0.036,-0.546958,-0.165,-5.627611,-9.9,-3.078029,-2.745002,-3.348155,-0.4375,34.37,30.7435,383.3,374.75,8.55,3.361417,6.241667,2.75,5,0.0123,-2.495499,13.798376,14.993189,13.257802,12.974582,14.88469,14.369857,12.657548,15.528818,14.28969,1,-0.041053,-0.246319,6.241667,0,False,372.089751,0
TAO165E,A_tropical_8,MAM,2015-03-04T00:00Z,11.0,44105,0.0055,-0.066667,-0.186613,-0.011,-0.367392,0.022,-0.005835,-0.8035,-12.359468,0.85,-0.162149,-0.211076,-0.12243,0.066,34.325,30.008,370.75,375.15,-4.4,4.493157,36.508333,10.21,5,0.0166,8.658158,13.798376,14.993189,13.257802,12.974582,14.88469,14.369857,12.657548,15.046396,13.847702,1,0.036562,0.219372,36.508333,0,False,372.089751,0
TAO165E,A_tropical_8,MAM,2015-03-05T18:00Z,5.0,44147,-0.0275,0.033333,0.033639,-0.101,0.079901,0.046,-0.012622,0.064,0.391783,0.3,0.039928,0.027351,0.050137,0.017,34.308,29.8815,369.9,375.4,-5.5,6.739735,10.105,5.31,5,-0.0112,1.877671,13.798376,14.993189,13.257802,12.974582,14.88469,14.369857,12.657548,15.01815,13.822147,1,0.102736,0.616418,10.105,0,False,372.089751,0
TAO165E,A_tropical_8,MAM,2015-03-09T05:00Z,16.0,44230,0.0035,0.011,-1.434856,-0.013,-2.016632,0.02,-0.85308,0.0415,-0.411093,-1.6,-1.43876,-1.430952,-1.445098,-0.0105,34.387,29.8295,374.15,375.7,-1.55,10.306677,7.125,4.13,5,-0.0233,-3.370417,13.798376,14.993189,13.257802,12.974582,14.88469,14.369857,12.657548,15.163948,13.95609,1,0.068449,0.410694,7.125,0,False,372.089751,0
TAO165E,A_tropical_8,MAM,2015-03-25T19:00Z,6.0,44628,-0.031,-0.014,0.064168,-0.013,-0.249021,-0.049,0.377356,-0.008,-1.078505,-0.5,0.050823,0.077514,0.029159,-0.035,34.667,29.991,381.2,377.8,3.4,6.52727,7.091667,2.695,5,0.016,2.908625,13.798376,14.993189,13.257802,12.974582,14.88469,14.369857,12.657548,15.358917,14.133258,1,-0.060768,-0.36461,7.091667,0,False,372.089751,0
TAO165E,A_tropical_8,MAM,2015-04-10T11:00Z,22.0,45004,-0.059,-0.045833,-0.628689,-0.057,-0.106324,-0.061,-1.151054,-0.0275,0.537228,-1.8,-0.656506,-0.600866,-0.701649,-0.1465,34.46,29.83,373.6,376.2,-2.6,5.00591,9.341667,1.455,5,0.0046,-0.273462,13.798376,14.993189,13.257802,12.974582,14.88469,14.369857,12.657548,15.120153,13.915286,1,0.026952,0.16171,9.341667,0,False,372.089751,0
TAO165E,A_tropical_8,MAM,2015-04-17T04:00Z,15.0,45165,-0.027,-0.004,-0.040468,-0.041,0.689342,-0.013,-0.770279,0.023,0.915143,-1.15,-0.066737,-0.014198,-0.109375,-0.0705,34.436,29.885,372.9,375.55,-2.65,9.680749,10.18,18.23,5,0.0028,-7.384798,13.798376,14.993189,13.257802,12.974582,14.88469,14.369857,12.657548,15.099289,13.896067,1,0.102556,0.615338,18.23,0,False,372.089751,0
TAO165E,A_tropical_8,MAM,2015-04-30T18:00Z,5.0,45491,-0.019,-0.021833,-0.492782,-0.0015,-0.038531,-0.0365,-0.947034,-0.037,0.054275,-0.7,-0.497688,-0.487877,-0.50565,-0.013,34.5445,30.207,378.95,376.35,2.6,5.604978,10.773333,20.535,5,0.0,0.217393,13.798376,14.993189,13.257802,12.974582,14.88469,14.369857,12.657548,15.305689,14.084494,1,-0.034136,-0.204814,20.535,0,False,372.089751,0
TAO165E,A_tropical_8,MAM,2015-05-03T19:00Z,6.0,45564,-0.012,-0.026833,0.613604,-0.0205,-0.689325,-0.0035,1.916533,-0.004,-0.502845,1.5,0.634499,0.592712,0.668425,0.055,34.4545,30.1595,377.4,375.4,2.0,4.350709,2.448333,0.0,5,0.0021,2.90661,13.798376,14.993189,13.257802,12.974582,14.88469,14.369857,12.657548,15.271499,14.053755,1,-0.015811,-0.094865,2.448333,0,False,372.089751,0
TAO165E,A_tropical_8,MAM,2015-05-06T19:00Z,6.0,45636,-0.043,-0.046333,-3.250435,0.025,-1.164811,-0.111,-5.336059,-0.176,-5.320726,-4.6,-3.282408,-3.218458,-3.334305,-0.0855,34.407,30.087,378.35,374.3,4.05,9.509027,70.521667,53.985,5,0.0017,2.279947,13.798376,14.993189,13.257802,12.974582,14.88469,14.369857,12.657548,15.32399,14.102612,1,-0.153825,-0.922947,70.521667,0,False,372.089751,0
TAO165E,A_tropical_8,MAM,2015-05-16T07:00Z,18.0,45864,-0.0965,-0.079,-10.745149,-0.074,-7.822193,-0.119,-13.668106,-0.242,-13.807751,-15.95,-10.868645,-10.621631,-11.069074,-0.32,34.707,30.5605,403.7,376.3,27.4,3.51805,23.671667,10.05,5,-0.0302,-8.334125,13.798376,14.993189,13.257802,12.974582,14.88469,14.369857,12.657548,16.233213,14.936381,1,-0.151495,-0.90897,23.671667,0,False,372.089751,0
TAO165E,A_tropical_8,MAM,2015-05-21T04:00Z,15.0,45981,-0.7235,-0.4025,-26.978009,-0.8385,-44.925035,-0.6085,-9.030984,-0.064,1.524971,-29.95,-27.048525,-26.907481,-27.16297,-0.1945,34.5185,29.981,388.1,376.95,11.15,4.54567,17.87,7.42,5,-0.0076,-5.24057,13.798376,14.993189,13.257802,12.974582,14.88469,14.369857,12.657548,15.677316,14.427582,1,-0.099427,-0.596564,17.87,0,False,372.089751,1
TAO165E,A_tropical_8,MAM,2015-05-29T02:00Z,13.0,46171,-0.186,-0.170167,-2.753542,-0.267,-4.567492,-0.105,-0.939592,-0.0345,-1.655924,-3.15,-2.762919,-2.744165,-2.77814,-0.0245,34.554,29.9385,387.65,376.2,11.45,3.85727,12.678333,0.0,5,-0.0229,-0.434609,13.798376,14.993189,13.257802,12.974582,14.88469,14.369857,12.657548,15.648704,14.401109,1,-0.07333,-0.439983,12.678333,0,False,372.089751,0
TAO165E,A_tropical_8,JJA,2015-06-15T07:00Z,18.0,46584,-0.154,-0.098833,-2.88429,-0.075,-1.46392,-0.233,-4.304661,-0.5045,-8.552714,-5.15,-2.938028,-2.830544,-3.025244,-0.142,34.508,30.021,384.5,375.8,8.7,7.211746,54.221667,19.39,5,0.0178,-3.915565,13.798376,14.993189,13.257802,12.974582,14.88469,14.369857,12.657548,15.537717,14.298964,1,-0.193086,-1.158518,54.221667,0,False,372.089751,0
TAO165E,A_tropical_8,JJA,2015-06-24T09:00Z,20.0,46802,0.0115,-0.003,2.229244,0.0085,2.048125,0.0145,2.410362,0.027,3.985065,-4.85,2.060567,2.397985,1.786883,-0.4325,34.3965,30.598,388.8,374.9,13.9,4.394167,2.053333,12.835,5,0.0236,-0.218157,13.798376,14.993189,13.257802,12.974582,14.88469,14.369857,12.657548,15.740302,14.484647,1,-0.116052,-0.696314,12.835,0,False,372.089751,0
TAO165E,A_tropical_8,JJA,2015-07-27T12:00Z,23.0,47597,-0.0185,-0.028,5.470011,-0.012,3.031072,-0.025,7.90895,-0.053,10.471505,3.15,5.415064,5.524963,5.325877,-0.134,34.373,29.574,403.4,375.7,27.7,7.94783,7.486667,20.545,5,-0.0094,-6.486434,13.798376,14.993189,13.257802,12.974582,14.88469,14.369857,12.657548,16.329308,15.030521,1,-0.799891,-4.799349,20.545,0,False,372.089751,0
TAO165E,A_tropical_8,JJA,2015-08-05T22:00Z,9.0,47823,0.0195,0.0205,-2.027573,0.0195,0.896294,0.0195,-4.95144,-0.091,7.732372,-2.6,-2.041125,-2.014019,-2.063124,-0.0525,34.2575,29.1895,413.5,375.05,38.45,8.258077,3.72,16.61,5,0.0026,8.122039,13.798376,14.993189,13.257802,12.974582,14.88469,14.369857,12.657548,16.765515,15.434646,1,-1.247141,-7.482845,16.61,0,False,372.089751,0
TAO165E,A_tropical_8,JJA,2015-08-27T02:00Z,13.0,48331,-0.0025,-0.003167,-0.120776,0.002,0.094797,-0.007,-0.336349,-0.38,-7.628156,4.3,-0.016569,-0.224968,0.152625,0.1995,34.42,29.415,400.6,374.6,26.0,4.355236,4.955,2.955,5,-0.0057,3.793737,13.798376,14.993189,13.257802,12.974582,14.88469,14.369857,12.657548,16.203492,14.914828,1,-0.22341,-1.34046,4.955,0,False,372.089751,0
TAO165E,A_tropical_8,JJA,2015-08-31T09:00Z,20.0,48434,0.0635,0.051,1.750445,0.0475,0.174429,0.0795,3.326461,0.1455,2.228804,1.2,1.737415,1.763475,1.716265,-0.033,34.0675,29.3285,392.0,375.6,16.4,7.219895,35.208333,24.86,5,-0.0259,-9.412599,13.798376,14.993189,13.257802,12.974582,14.88469,14.369857,12.657548,15.9746,14.706369,1,-0.383358,-2.300148,35.208333,0,False,372.089751,0
TAO165E,A_tropical_8,SON,2015-09-07T07:00Z,18.0,48600,-0.011,-0.010667,-3.518459,-0.0175,-4.43829,-0.0045,-2.598629,-0.051,-4.530591,-9.1,-3.651302,-3.385574,-3.866857,-0.325,34.1835,30.1115,412.0,375.25,36.75,2.233601,0.46,0.0,5,-0.0266,-7.828094,13.798376,14.993189,13.257802,12.974582,14.88469,14.369857,12.657548,16.731612,15.400637,1,-0.086295,-0.517772,0.46,0,False,372.089751,0
TAO165E,A_tropical_8,SON,2015-09-16T11:00Z,22.0,48820,-0.592,-0.541833,-11.851179,-0.52,-11.041482,-0.664,-12.660876,-0.227,-2.768562,-15.85,-11.946213,-11.75612,-12.100435,-0.2475,34.24,29.4875,396.0,374.6,21.4,4.454225,60.431667,29.715,5,0.0022,-1.84511,13.798376,14.993189,13.257802,12.974582,14.88469,14.369857,12.657548,16.078608,14.800674,1,-0.19101,-1.146062,60.431667,0,False,372.089751,1
TAO165E,A_tropical_8,SON,2015-09-23T03:00Z,14.0,48980,-0.0585,-0.072333,5.504793,-0.0645,12.818894,-0.0525,-1.809309,-0.125,-4.871625,8.9,5.584676,5.424928,5.714393,0.198,34.2535,29.004,394.2,375.1,19.1,2.280682,2.738333,5.155,5,0.0286,3.832595,13.798376,14.993189,13.257802,12.974582,14.88469,14.369857,12.657548,16.002472,14.732119,1,-0.044633,-0.267798,5.155,0,False,372.089751,0
TAO165E,A_tropical_8,SON,2015-09-26T18:00Z,5.0,49067,0.0055,-0.006,-0.635074,0.005,0.516819,0.006,-1.786967,-0.0215,0.434444,-1.05,-0.644886,-0.625263,-0.660813,-0.025,34.276,29.006,392.4,375.85,16.55,6.131916,9.671667,2.75,5,-0.0126,0.260972,13.798376,14.993189,13.257802,12.974582,14.88469,14.369857,12.657548,15.923998,14.659659,1,-0.27771,-1.666259,9.671667,0,False,372.089751,0
TAO165E,A_tropical_8,SON,2016-09-05T10:00Z,21.0,57339,-0.0165,-0.024333,-13.833492,-0.0255,-15.398526,-0.0075,-12.268457,-0.0065,-7.31912,-20.2,-13.984848,-13.682093,-14.230464,-0.338,35.1395,29.959,463.1,383.55,79.55,3.04785,18.183333,0.0,5,-0.0053,-1.070192,13.798376,14.993189,13.257802,12.974582,14.88469,14.369857,12.657548,18.410548,16.940108,1,-0.385927,-2.31556,18.183333,0,False,372.089751,0
TAO165E,A_tropical_8,SON,2016-09-12T22:00Z,9.0,57519,0.0105,0.007833,-0.712996,0.0075,0.505778,0.0135,-1.931771,0.021,-0.074988,-0.45,-0.706769,-0.719224,-0.69666,0.014,35.0155,29.698,444.75,383.05,61.7,8.211299,1.555,0.0,5,0.0081,2.581694,13.798376,14.993189,13.257802,12.974582,14.88469,14.369857,12.657548,17.740107,16.324684,1,-2.082926,-12.497558,1.555,0,False,372.089751,0
TAO165E,A_tropical_8,DJF,2016-12-10T15:00Z,2.0,59648,-0.0275,-0.036833,-1.392038,-0.0025,-1.054124,-0.0525,-1.729952,0.0045,1.656453,-1.65,-1.398146,-1.385929,-1.408062,-0.0145,35.2355,30.061,423.65,382.3,41.35,3.40216,1.766667,0.0,5,-0.0028,0.39529,13.798376,14.993189,13.257802,12.974582,14.88469,14.369857,12.657548,16.849012,15.500298,1,-0.222697,-1.336184,1.766667,0,False,372.089751,0
TAO165E,A_tropical_8,DJF,2017-01-18T19:00Z,6.0,60588,-0.4575,-0.453167,-9.939688,-0.289,-11.913733,-0.626,-7.965643,-0.127,-3.692079,-15.6,-10.074463,-9.804867,-10.293149,-0.3385,34.67,30.3285,407.85,384.5,23.35,4.699284,55.13,74.96,5,-0.002,0.306018,13.798376,14.993189,13.257802,12.974582,14.88469,14.369857,12.657548,16.409267,15.099521,1,-0.234121,-1.404724,74.96,0,False,372.089751,1
TAO165E,A_tropical_8,DJF,2017-01-26T08:00Z,19.0,60769,-0.013,-0.0315,-2.221798,-0.0135,-2.424792,-0.0125,-2.018804,-0.3265,-9.305018,-4.15,-2.267499,-2.176091,-2.341675,-0.115,34.4085,30.428,399.6,383.25,16.35,5.611617,20.235,8.27,5,-0.0098,-0.194744,13.798376,14.993189,13.257802,12.974582,14.88469,14.369857,12.657548,16.166053,14.877155,1,-0.230412,-1.382469,20.235,0,False,372.089751,0
TAO165E,A_tropical_8,DJF,2017-01-28T14:00Z,1.0,60823,-0.081,-0.034333,0.098806,-0.159,-0.225056,-0.003,0.422669,-0.005,-0.075755,-1.15,0.069234,0.128381,0.021233,-0.0745,34.402,30.345,396.95,383.9,13.05,6.030874,17.168333,0.79,5,-0.0088,-0.827826,13.798376,14.993189,13.257802,12.974582,14.88469,14.369857,12.657548,16.063326,14.782828,1,-0.210915,-1.26549,17.168333,0,False,372.089751,0
TAO165E,A_tropical_8,DJF,2017-02-07T02:00Z,13.0,61051,-0.026,-0.006,-4.036405,-0.026,-4.036405,,,0.032,1.93668,-3.75,-4.029632,-4.043178,-4.018638,0.016,34.768,29.848,431.95,385.7,46.25,3.303774,13.973333,17.08,5,0.0097,1.013757,13.798376,14.993189,13.257802,12.974582,14.88469,14.369857,12.657548,17.323796,15.942808,1,-0.246072,-1.476434,17.08,0,False,372.089751,0
TAO165E,A_tropical_8,SON,2019-10-19T20:00Z,7.0,84685,-0.0065,-0.019667,1.084237,-0.037,-0.077658,0.024,2.246132,0.0185,0.20183,4.25,1.158459,1.010044,1.27901,0.19,34.086,30.8865,388.25,387.15,1.1,3.406687,3.928333,0.0,5,0.0166,1.423927,13.798376,14.993189,13.257802,12.974582,14.88469,14.369857,12.657548,15.814293,14.553963,1,-0.005572,-0.033429,3.928333,0,False,372.089751,0
TAO165E,A_tropical_8,SON,2019-10-31T01:00Z,12.0,84954,0.003,-0.000167,-1.207137,0.0025,-1.150995,0.0035,-1.263279,-0.184,-5.110273,-1.45,-1.212885,-1.201389,-1.222215,-0.0145,34.4765,30.958,397.7,385.1,12.6,5.21747,0.543333,4.085,5,0.0101,-1.993728,13.798376,14.993189,13.257802,12.974582,14.88469,14.369857,12.657548,16.066575,14.783574,1,-0.151437,-0.908621,4.085,0,False,372.089751,0
TAO165E,A_tropical_8,SON,2019-11-07T08:00Z,19.0,85129,-0.326,-0.354167,-17.49885,-0.1735,-14.837097,-0.4785,-20.160603,-0.556,-20.670182,-27.65,-17.741933,-17.255615,-18.136217,-0.596,34.8345,31.482,427.6,386.9,40.7,4.0302,32.263333,21.5,5,-0.0047,-2.970564,13.798376,14.993189,13.257802,12.974582,14.88469,14.369857,12.657548,17.128202,15.75677,1,-0.31246,-1.874762,32.263333,0,False,372.089751,1
TAO165E,A_tropical_8,SON,2019-11-12T08:00Z,19.0,85249,-0.016,-0.021333,-7.21656,-0.0085,-11.861771,-0.0235,-2.571348,0.0515,-0.294388,-12.85,-7.350741,-7.082329,-7.568459,-0.334,34.5105,31.123,406.35,387.65,18.7,2.581272,13.341667,0.195,5,-0.0259,-2.866736,13.798376,14.993189,13.257802,12.974582,14.88469,14.369857,12.657548,16.397559,15.087667,1,-0.056305,-0.337828,13.341667,0,False,372.089751,0
TAO165E,A_tropical_8,SON,2019-11-13T18:00Z,5.0,85283,0.006,0.009167,-1.181807,0.0035,-1.364649,0.0085,-0.998964,0.0045,-0.187234,-1.5,-1.189335,-1.174278,-1.201556,-0.028,34.6585,30.612,397.9,387.6,10.3,5.955063,5.306667,8.705,5,-0.0032,0.871715,13.798376,14.993189,13.257802,12.974582,14.88469,14.369857,12.657548,16.019243,14.739578,1,-0.160589,-0.963531,8.705,0,False,372.089751,0
TAO165E,A_tropical_8,SON,2019-11-20T14:00Z,1.0,85447,0.173,0.1115,-1.766186,0.1335,-3.818356,0.2125,0.285984,0.2245,0.003823,0.05,-1.723354,-1.809014,-1.653811,0.113,33.8725,30.511,380.45,386.9,-6.45,4.927141,10.625,3.4,5,-0.0692,-0.613747,13.798376,14.993189,13.257802,12.974582,14.88469,14.369857,12.657548,15.571577,14.332513,1,0.067527,0.405164,10.625,0,False,372.089751,0
TAO165E,A_tropical_8,SON,2019-11-28T09:00Z,20.0,85634,-0.1065,-0.129833,-3.414464,-0.002,-0.506045,-0.211,-6.322882,0.013,0.629731,-6.25,-3.48182,-3.347092,-3.591129,-0.177,34.149,30.6205,385.75,387.2,-1.45,6.385727,30.963333,6.895,5,-0.0101,-4.114896,13.798376,14.993189,13.257802,12.974582,14.88469,14.369857,12.657548,15.696062,14.445402,1,0.025593,0.153558,30.963333,0,False,372.089751,0
TAO165E,A_tropical_8,DJF,2019-12-06T07:00Z,18.0,85824,0.0255,0.021333,0.623463,0.022,0.059295,0.029,1.187631,-0.6955,-10.987553,0.1,0.611079,0.635848,0.590977,-0.032,34.243,30.519,386.2,387.55,-1.35,5.103089,3.353333,7.245,5,0.0127,-3.68396,13.798376,14.993189,13.257802,12.974582,14.88469,14.369857,12.657548,15.685097,14.435013,1,0.01519,0.091139,7.245,0,False,372.089751,0
TAO165E,A_tropical_8,DJF,2019-12-13T13:00Z,0.0,85998,-0.0485,-0.045333,-0.735823,-0.066,-0.990599,-0.031,-0.481047,-0.0615,-0.886701,-4.35,-0.821623,-0.650005,-0.96087,-0.22,34.197,30.6395,390.8,387.45,3.35,5.619766,10.743333,0.185,5,0.0188,0.853154,13.798376,14.993189,13.257802,12.974582,14.88469,14.369857,12.657548,15.882362,14.616647,1,-0.046419,-0.278514,10.743333,0,False,372.089751,0
TAO165E,A_tropical_8,DJF,2019-12-21T08:00Z,19.0,86185,0.0715,0.040667,-18.682424,-0.0185,-37.496557,0.1615,0.131709,0.2565,2.950952,-21.65,-18.75245,-18.612405,-18.866139,-0.181,33.8425,30.889,391.4,387.05,4.35,3.137182,25.73,0.0,5,0.0004,-0.003592,13.798376,14.993189,13.257802,12.974582,14.88469,14.369857,12.657548,16.018711,14.743532,1,-0.019072,-0.114434,25.73,0,False,372.089751,0
TAO165E,A_tropical_8,DJF,2020-01-07T05:00Z,16.0,86590,-0.0365,-0.025833,-0.848705,-0.049,-1.296242,-0.024,-0.401167,-0.144,-3.962103,-4.25,-0.929458,-0.767935,-1.060511,-0.205,34.267,30.701,394.7,387.05,7.65,4.688722,2.101667,11.205,5,-0.0243,-7.729735,13.798376,14.993189,13.257802,12.974582,14.88469,14.369857,12.657548,16.015201,14.738386,1,-0.074416,-0.446494,11.205,0,False,372.089751,0
TAO165E,A_tropical_8,DJF,2020-01-09T22:00Z,9.0,86655,-0.051,-0.031,-1.261392,-0.018,-1.213851,-0.084,-1.308934,-0.012,-2.254782,-2.05,-1.280063,-1.24272,-1.31037,-0.0485,34.197,30.2005,386.25,386.65,-0.4,4.555025,18.716667,8.25,5,0.0441,8.650177,13.798376,14.993189,13.257802,12.974582,14.88469,14.369857,12.657548,15.702936,14.452614,1,0.003604,0.021624,18.716667,0,False,372.089751,0
TAO165E,A_tropical_8,DJF,2020-02-03T19:00Z,6.0,87252,-0.1105,-0.101167,-0.738658,-0.13,-0.73349,-0.091,-0.743826,-0.0985,-1.60347,-4.55,-0.829186,-0.64811,-0.9761,-0.231,34.176,30.519,392.8,388.4,4.4,5.814425,11.983333,12.625,5,0.0035,1.638529,13.798376,14.993189,13.257802,12.974582,14.88469,14.369857,12.657548,15.969364,14.69724,1,-0.065804,-0.394824,12.625,0,False,372.089751,0
TAO165E,A_tropical_8,DJF,2020-02-06T09:00Z,20.0,87314,-0.079,-0.074167,-1.410929,-0.0015,-0.179478,-0.1565,-2.642379,-0.003,-0.076234,-2.95,-1.447397,-1.374457,-1.506588,-0.095,34.1885,30.1275,385.8,388.75,-2.95,5.523794,18.47,0.47,5,0.0028,-3.74492,13.798376,14.993189,13.257802,12.974582,14.88469,14.369857,12.657548,15.687931,14.439054,1,0.039073,0.234437,18.47,0,False,372.089751,0
TAO165E,A_tropical_8,DJF,2020-02-09T09:00Z,20.0,87386,0.0055,0.002333,-1.036932,0.02,-1.162274,-0.009,-0.911591,-0.0675,-3.021049,-1.45,-1.046712,-1.027152,-1.062586,-0.0255,34.192,30.069,384.5,388.55,-4.05,5.191817,11.455,15.06,5,0.0037,-2.506451,13.798376,14.993189,13.257802,12.974582,14.88469,14.369857,12.657548,15.635208,14.390641,1,0.047212,0.283272,15.06,0,False,372.089751,0
TAO165E,A_tropical_8,DJF,2020-02-11T14:00Z,1.0,87439,0.01,0.000333,1.028331,0.0105,1.39503,0.0095,0.661632,0.036,0.477052,0.05,1.005177,1.051485,0.967594,-0.0605,34.1525,29.994,381.85,389.65,-7.8,8.738538,14.073333,25.475,5,-0.0045,-0.15557,13.798376,14.993189,13.257802,12.974582,14.88469,14.369857,12.657548,15.542065,14.305291,1,0.25605,1.536299,25.475,0,False,372.089751,0
TAO165E,A_tropical_8,MAM,2020-03-01T22:00Z,9.0,87903,-0.05,-0.030167,-1.886813,-0.0435,-1.496073,-0.0565,-2.277554,-0.04,-1.960142,-2.85,-1.909611,-1.864015,-1.946616,-0.0585,34.5045,30.363,391.6,389.55,2.05,5.091017,10.653333,35.55,5,0.0083,-0.081558,13.798376,14.993189,13.257802,12.974582,14.88469,14.369857,12.657548,15.818977,14.557015,1,-0.023116,-0.138693,35.55,0,False,372.089751,0
TAO165E,A_tropical_8,MAM,2020-03-10T16:00Z,3.0,88113,0.01,0.001,0.315316,0.0245,0.141435,-0.0045,0.489197,0.0305,-0.196852,-0.25,0.301942,0.32869,0.280233,-0.0345,34.4885,30.088,387.05,389.15,-2.1,5.560915,9.761667,2.51,5,0.0265,0.712037,13.798376,14.993189,13.257802,12.974582,14.88469,14.369857,12.657548,15.64459,14.397328,1,0.027942,0.167653,9.761667,0,False,372.089751,0
TAO165E,A_tropical_8,MAM,2020-03-17T15:00Z,2.0,88280,0.0075,0.009833,-0.255987,0.006,-0.242929,0.009,-0.269046,-0.205,-3.866651,-1.85,-0.293703,-0.21827,-0.354925,-0.097,34.482,30.1795,389.55,389.4,0.15,6.296697,0.868333,1.8,5,0.0241,0.788075,13.798376,14.993189,13.257802,12.974582,14.88469,14.369857,12.657548,15.745405,14.489952,1,-0.002578,-0.015466,1.8,0,False,372.089751,0
TAO165E,A_tropical_8,MAM,2020-03-24T19:00Z,6.0,88452,-0.0045,0.003,3.367092,-0.011,3.011058,0.002,3.723125,0.01,4.039881,1.15,3.314536,3.419654,3.229235,-0.13,34.862,29.968,400.9,388.5,12.4,11.206334,9.508333,17.985,5,-0.0275,-1.130891,13.798376,14.993189,13.257802,12.974582,14.88469,14.369857,12.657548,16.07637,14.792508,1,-0.688867,-4.133202,17.985,0,False,372.089751,0
TAO165E,A_tropical_8,MAM,2020-04-05T11:00Z,22.0,88732,0.007,-0.0095,1.102119,0.021,0.378168,-0.007,1.82607,0.016,2.880033,-2.9,1.007018,1.197244,0.852687,-0.2175,35.309,29.7725,436.05,389.6,46.45,4.544764,27.9205,0.0,5,0.0288,5.972857,13.798376,14.993189,13.257802,12.974582,14.88469,14.369857,12.657548,17.306694,15.922123,1,-0.462383,-2.774295,27.9205,0,False,372.089751,0
TAO165E,A_tropical_8,MAM,2020-04-16T12:00Z,23.0,88997,-0.0135,-0.008167,0.694018,-0.0155,0.145284,-0.0115,1.242753,-0.0145,2.048332,-0.55,0.664579,0.723459,0.616791,-0.0675,35.2825,29.5975,435.45,388.7,46.75,3.326409,2.245,1.32,5,-0.0035,1.255114,13.798376,14.993189,13.257802,12.974582,14.88469,14.369857,12.657548,17.291513,15.9091,1,-0.249602,-1.497611,2.245,0,False,372.089751,0
TAO165E,A_tropical_8,MAM,2020-04-27T05:00Z,16.0,89254,0.0,0.004167,0.821602,-0.011,1.174814,0.011,0.46839,0.0025,-0.214166,-0.75,0.784366,0.858841,0.723929,-0.082,35.419,29.4585,453.9,388.15,65.75,7.923384,0.503333,0.0,5,0.0179,-0.64315,13.798376,14.993189,13.257802,12.974582,14.88469,14.369857,12.657548,17.959131,16.523214,1,-2.087465,-12.524792,0.503333,0,False,372.089751,0
TAO8S165E,A_tropical_8,SON,2010-10-27T22:00Z,9.0,11896,-0.081,-0.073,3.88784,-0.081,3.188765,-0.081,4.586916,-0.081,-4.096317,9.25,4.013213,3.762534,4.21336,0.319,35.064,29.509,388.45,370.1,18.35,1.641173,3.621667,0.0,5,0.0004,3.537127,13.355058,14.509253,12.82008,12.564488,14.401882,13.905773,12.255631,15.544524,14.301306,1,-0.020787,-0.124721,3.621667,0,False,358.549084,0
TAO8S165E,A_tropical_8,SON,2010-11-08T08:00Z,19.0,12170,0.0,-0.037833,-3.269158,0.0,-2.039064,0.0,-4.499251,0.0,-1.268016,-10.35,-3.43807,-3.100171,-3.707385,-0.431,34.831,30.257,395.3,371.45,23.85,3.628508,1.26,0.0,5,0.0,-1.999531,13.355058,14.509253,12.82008,12.564488,14.401882,13.905773,12.255631,15.882635,14.612237,1,-0.135341,-0.812044,1.26,0,False,358.549084,0
TAO8S165E,A_tropical_8,DJF,2010-12-08T17:00Z,4.0,12899,0.0,0.019167,4.497548,0.0,6.614588,0.0,2.380508,0.089,-0.544538,4.15,4.489328,4.505767,4.476216,-0.021,35.023,29.574,386.3,370.55,15.75,3.596216,0.916667,0.0,5,0.0,0.776407,13.355058,14.509253,12.82008,12.564488,14.401882,13.905773,12.255631,15.472124,14.234783,1,-0.085191,-0.511149,0.916667,0,False,358.549084,0
TAO8S165E,A_tropical_8,DJF,2010-12-13T01:00Z,12.0,13003,0.0065,-0.009,-3.733722,0.0065,,0.0065,-3.733722,0.0065,-5.319872,-5.25,-3.769471,-3.697979,-3.82651,-0.0455,35.0825,29.765,387.35,370.9,16.45,4.398996,17.313333,0.0,5,-0.0021,-0.148322,13.355058,14.509253,12.82008,12.564488,14.401882,13.905773,12.255631,15.495289,14.254976,1,-0.133007,-0.798041,17.313333,0,False,358.549084,0
TAO8S165E,A_tropical_8,DJF,2010-12-21T05:00Z,16.0,13199,0.0,0.006833,-0.517897,0.0,-0.540314,0.0,-0.49548,0.0,-0.92729,-0.65,-0.520946,-0.514851,-0.525818,-0.008,35.103,29.877,386.3,369.7,16.6,5.931221,0.493333,0.095,5,0.0,-0.819116,13.355058,14.509253,12.82008,12.564488,14.401882,13.905773,12.255631,15.447634,14.210568,1,-0.242749,-1.456496,0.493333,0,False,358.549084,0
TAO8S165E,A_tropical_8,DJF,2010-12-27T10:00Z,21.0,13348,0.0,-0.014833,0.595582,0.0,0.05631,0.0,1.134854,0.0,1.626497,-1.95,0.535227,0.655946,0.438959,-0.157,35.158,29.5585,383.7,371.1,12.6,6.6498,2.013333,0.0,5,0.0,0.198607,13.355058,14.509253,12.82008,12.564488,14.401882,13.905773,12.255631,15.330199,14.10298,1,-0.229832,-1.378995,2.013333,0,False,358.549084,0
TAO8S165E,A_tropical_8,DJF,2011-01-24T22:00Z,9.0,14032,0.033,-0.1095,-3.469912,0.033,-4.024297,0.033,-2.915527,0.033,-1.568646,-3.95,-3.481272,-3.458551,-3.499395,-0.0305,34.923,29.556,375.55,372.35,3.2,4.909637,41.665,4.465,5,-0.0114,2.351412,13.355058,14.509253,12.82008,12.564488,14.401882,13.905773,12.255631,15.078196,13.872964,1,-0.031315,-0.187893,41.665,0,False,358.549084,0
TAO8S165E,A_tropical_8,DJF,2011-01-30T17:00Z,4.0,14171,0.0,-0.022167,-0.779288,0.0,-0.638633,0.0,-0.919942,-0.039,-1.77193,-1.9,-0.805823,-0.75275,-0.848152,-0.07,35.122,29.4345,379.9,372.3,7.6,8.556555,2.913333,0.38,5,0.0,-0.909992,13.355058,14.509253,12.82008,12.564488,14.401882,13.905773,12.255631,15.191751,13.976236,1,-0.22738,-1.36428,2.913333,0,False,358.549084,0
TAO8S165E,A_tropical_8,DJF,2011-02-04T15:00Z,2.0,14289,0.0,0.007667,0.974116,0.0,0.53855,0.0,1.409682,-0.018,1.508047,0.55,0.964091,0.984142,0.948097,-0.0265,35.045,29.422,377.05,373.0,4.05,5.460719,20.051667,0.57,5,0.0,-0.455508,13.355058,14.509253,12.82008,12.564488,14.401882,13.905773,12.255631,15.102101,13.894396,1,-0.04907,-0.294419,20.051667,0,False,358.549084,0
TAO8S165E,A_tropical_8,DJF,2011-02-10T08:00Z,19.0,14426,0.0,-0.062,-6.470387,0.0,-10.735308,0.0,-2.205466,0.0,-5.171386,-9.5,-6.542161,-6.398605,-6.656649,-0.194,34.816,29.7815,376.9,372.85,4.05,2.345266,17.79,0.0,5,0.0,-0.779383,13.355058,14.509253,12.82008,12.564488,14.401882,13.905773,12.255631,15.162225,13.950486,1,-0.009107,-0.054639,17.79,0,False,358.549084,0
TAO8S165E,A_tropical_8,DJF,2011-02-19T10:00Z,21.0,14644,0.0,0.000833,0.694627,0.0,0.52987,0.0,0.859384,0.0,1.495642,-0.85,0.658039,0.731219,0.599677,-0.098,34.892,29.5255,372.75,373.45,-0.7,8.595185,8.865,17.05,5,0.0,0.088355,13.355058,14.509253,12.82008,12.564488,14.401882,13.905773,12.255631,14.976777,13.779927,1,0.020839,0.125036,17.05,0,False,358.549084,0
TAO8S165E,A_tropical_8,MAM,2011-03-09T19:00Z,6.0,15085,-0.08,-0.062167,-0.61894,0.0,-0.451961,-0.16,-0.785919,-0.16,-0.411773,-0.65,-0.619688,-0.618191,-0.62088,-0.002,34.989,29.1905,371.65,374.4,-2.75,3.914008,12.426667,4.1,5,-0.0131,0.741094,13.355058,14.509253,12.82008,12.564488,14.401882,13.905773,12.255631,14.906099,13.71514,1,0.016897,0.10138,12.426667,0,False,358.549084,0
TAO8S165E,A_tropical_8,MAM,2011-03-26T00:00Z,11.0,15474,-0.126,-0.118667,-0.526732,-0.126,0.096243,-0.126,-1.149708,-0.126,-2.534119,3.6,-0.429698,-0.623741,-0.274845,0.2595,34.949,29.473,374.45,373.85,0.6,4.815778,15.588333,0.0,5,0.0012,-0.451122,13.355058,14.509253,12.82008,12.564488,14.401882,13.905773,12.255631,15.027447,13.826289,1,-0.005627,-0.033763,15.588333,0,False,358.549084,0
TAO8S165E,A_tropical_8,MAM,2011-04-11T13:00Z,0.0,15871,0.0,-0.049667,-1.399898,0.0,-1.866166,0.0,-0.93363,-0.0045,0.731416,-5.7,-1.502107,-1.297662,-1.665107,-0.277,34.628,30.0425,370.35,374.35,-4.0,3.453466,18.371667,24.16,5,0.0,-0.066476,13.355058,14.509253,12.82008,12.564488,14.401882,13.905773,12.255631,14.956901,13.762083,1,0.019205,0.115229,24.16,0,False,358.549084,0
TAO8S165E,A_tropical_8,MAM,2011-04-15T17:00Z,4.0,15971,0.0,0.013333,1.836863,0.0,0.451286,0.0,3.22244,0.019,3.519242,1.55,1.830079,1.843647,1.819256,-0.0185,34.663,29.5615,365.05,373.3,-8.25,5.694913,5.751667,1.445,5,0.0,0.399456,13.355058,14.509253,12.82008,12.564488,14.401882,13.905773,12.255631,14.73823,13.561884,1,0.106141,0.636849,5.751667,0,False,358.549084,0
TAO8S165E,A_tropical_8,MAM,2011-05-01T03:00Z,14.0,16341,-0.0815,-0.068,-2.960699,-0.0815,-3.347372,-0.0815,-2.574026,-0.0815,-5.296317,-1.05,-2.915541,-3.005857,-2.843499,0.1185,35.0585,29.7845,384.7,373.7,11.0,4.493459,14.761667,8.415,5,0.0449,-1.116799,13.355058,14.509253,12.82008,12.564488,14.401882,13.905773,12.255631,15.398174,14.165715,1,-0.092112,-0.552669,14.761667,0,False,358.549084,0
TAO8S165E,A_tropical_8,MAM,2011-05-13T07:00Z,18.0,16633,0.0,0.009667,-4.871767,0.0,-8.530253,0.0,-1.213281,0.0,-0.723714,-10.4,-5.003408,-4.740079,-5.213321,-0.343,34.923,30.319,389.0,373.3,15.7,1.740163,11.675,0.0,5,0.0,-1.480194,13.355058,14.509253,12.82008,12.564488,14.401882,13.905773,12.255631,15.605919,14.356512,1,-0.020006,-0.120035,11.675,0,False,358.549084,0
TAO8S165E,A_tropical_8,MAM,2011-05-17T11:00Z,22.0,16733,0.0,-0.02,-1.624677,0.0,-3.408049,0.0,0.158696,0.0,0.649457,-3.65,-1.672667,-1.576681,-1.749216,-0.128,34.867,29.783,376.75,374.1,2.65,4.140054,5.576667,0.0,5,0.0,0.384049,13.355058,14.509253,12.82008,12.564488,14.401882,13.905773,12.255631,15.141263,13.93078,1,-0.018519,-0.111112,5.576667,0,False,358.549084,0
TAO8S165E,A_tropical_8,MAM,2011-05-22T06:00Z,17.0,16848,0.0,0.043333,-0.259038,0.0,0.444535,0.0,-0.962612,0.0,0.673457,-1.2,-0.281324,-0.236751,-0.316871,-0.0585,34.948,30.0825,382.45,373.45,9.0,4.599691,10.463333,1.14,5,0.0,-2.496013,13.355058,14.509253,12.82008,12.564488,14.401882,13.905773,12.255631,15.341184,14.113281,1,-0.078576,-0.471458,10.463333,0,False,358.549084,0
TAO8S165E,A_tropical_8,MAM,2011-05-27T06:00Z,17.0,16968,0.0,-0.012167,-1.740916,0.0,-1.265219,0.0,-2.216613,0.0,-1.989195,-1.65,-1.738766,-1.743065,-1.735336,0.0055,35.128,29.7745,387.35,373.4,13.95,3.882621,3.726667,1.045,5,0.0,-2.496013,13.355058,14.509253,12.82008,12.564488,14.401882,13.905773,12.255631,15.481783,14.242107,1,-0.087689,-0.526134,3.726667,0,False,358.549084,0
TAO8S165E,A_tropical_8,JJA,2011-06-03T15:00Z,2.0,17145,0.0,-0.024667,-1.25952,0.0,-1.227348,0.0,-1.291692,-0.018,-0.890955,-2.4,-1.286526,-1.232513,-1.329603,-0.0695,35.26,29.873,389.85,374.9,14.95,7.299871,12.875667,19.135,5,0.0,2.601624,13.355058,14.509253,12.82008,12.564488,14.401882,13.905773,12.255631,15.540562,14.294691,1,-0.332626,-1.995756,19.135,0,False,358.549084,0
TAO8S165E,A_tropical_8,JJA,2011-06-05T00:00Z,11.0,17178,-0.092,-0.004833,-0.110626,-0.092,0.186256,-0.092,-0.407509,-0.092,-2.063147,1.95,-0.062056,-0.159189,0.015443,0.1255,35.224,29.777,387.25,373.8,13.45,6.153645,1.011667,0.0,5,-0.0046,0.53647,13.355058,14.509253,12.82008,12.564488,14.401882,13.905773,12.255631,15.44955,14.211552,1,-0.21144,-1.268641,1.011667,0,False,358.549084,0
TAO8S165E,A_tropical_8,JJA,2011-06-21T00:00Z,11.0,17562,-0.019,-0.030333,-2.051751,-0.019,-2.586495,-0.019,-1.517008,-0.019,-0.636692,-1.75,-2.044621,-2.058882,-2.033245,0.0195,34.829,29.548,367.9,373.6,-5.7,7.750756,9.005,6.205,5,0.0102,0.900277,13.355058,14.509253,12.82008,12.564488,14.401882,13.905773,12.255631,14.803204,13.620533,1,0.136163,0.816979,9.005,0,False,358.549084,0
TAO8S165E,A_tropical_8,JJA,2011-06-23T09:00Z,20.0,17619,0.0,0.0095,1.117958,0.0,1.313979,0.0,0.921936,0.0,1.725711,-0.5,1.079638,1.156281,1.018513,-0.103,34.864,29.5855,370.85,373.65,-2.8,8.089976,2.508333,0.0,5,0.0,-1.460355,13.355058,14.509253,12.82008,12.564488,14.401882,13.905773,12.255631,14.909638,13.718145,1,0.073441,0.440647,2.508333,0,False,358.549084,0
TAO8S165E,A_tropical_8,JJA,2011-07-13T23:00Z,10.0,18113,-0.019,-0.0275,0.067909,-0.019,0.239259,-0.019,-0.103441,-0.019,-0.531605,-0.2,0.061573,0.074245,0.051466,-0.017,34.993,29.275,372.65,374.1,-1.45,8.606955,9.645,0.0,5,0.0128,0.480779,13.355058,14.509253,12.82008,12.564488,14.401882,13.905773,12.255631,14.944192,13.749908,1,0.043182,0.25909,9.645,0,False,358.549084,0
TAO8S165E,A_tropical_8,JJA,2011-07-17T11:00Z,22.0,18197,0.0,-0.003,-1.080404,0.0,-1.593589,0.0,-0.567219,0.0,1.741516,-2.0,-1.102168,-1.05864,-1.136885,-0.0585,35.027,29.126,373.1,373.6,-0.5,9.035507,15.23,7.425,5,0.0,1.108153,13.355058,14.509253,12.82008,12.564488,14.401882,13.905773,12.255631,14.95237,13.757647,1,0.016432,0.098593,15.23,0,False,358.549084,0
TAO8S165E,A_tropical_8,JJA,2011-08-06T13:00Z,0.0,18679,0.0,-0.065667,-2.168162,0.0,-1.464645,0.0,-2.871679,-0.0045,-0.401211,-3.5,-2.199698,-2.136623,-2.250003,-0.082,35.276,29.0535,386.45,373.05,13.4,6.597589,22.648333,18.835,5,0.0,0.149932,13.355058,14.509253,12.82008,12.564488,14.401882,13.905773,12.255631,15.403983,14.171557,1,-0.242593,-1.455559,22.648333,0,False,358.549084,0
TAO8S165E,A_tropical_8,SON,2011-09-24T06:00Z,17.0,19848,0.0,-0.096333,-2.403482,0.0,-1.308938,0.0,-3.498026,0.0,-3.964639,-3.6,-2.431792,-2.37517,-2.476954,-0.0725,35.264,29.5235,395.7,374.45,21.25,6.57767,11.326667,1.35,5,0.0,-1.380772,13.355058,14.509253,12.82008,12.564488,14.401882,13.905773,12.255631,15.768961,14.506079,1,-0.39204,-2.352243,11.326667,0,False,358.549084,0
TAO8S165E,A_tropical_8,SON,2011-10-03T07:00Z,18.0,20065,0.0,-0.132,-2.56713,0.0,-4.946045,0.0,-0.188216,0.0,-0.418405,-6.3,-2.655784,-2.478457,-2.797174,-0.232,35.036,29.4515,384.9,374.35,10.55,3.807775,13.64,7.3,5,0.0,-0.534582,13.355058,14.509253,12.82008,12.564488,14.401882,13.905773,12.255631,15.413447,14.181046,1,-0.06373,-0.382383,13.64,0,False,358.549084,0
TAO8S165E,A_tropical_8,SON,2011-10-07T14:00Z,1.0,20168,0.0,-0.555333,-17.602293,0.0,-15.965677,0.0,-19.238909,-0.058,-19.700175,-24.8,-17.77432,-17.430175,-18.048568,-0.4695,34.662,29.477,384.7,375.3,9.4,3.855761,41.33,32.81,5,0.0,4.346257,13.355058,14.509253,12.82008,12.564488,14.401882,13.905773,12.255631,15.517591,14.279864,1,-0.05912,-0.35472,41.33,0,False,358.549084,0
TAO8S165E,A_tropical_8,SON,2011-10-24T07:00Z,18.0,20569,0.0,-0.096333,-3.667582,0.0,-3.933506,0.0,-3.401658,0.0,-0.436014,-11.1,-3.844922,-3.490162,-4.12767,-0.4495,35.033,30.1095,397.95,374.4,23.55,4.666389,7.823333,0.0,5,0.0,-2.211199,13.355058,14.509253,12.82008,12.564488,14.401882,13.905773,12.255631,15.925623,14.650524,1,-0.221189,-1.327131,7.823333,0,False,358.549084,0
TAO8S165E,A_tropical_8,SON,2011-10-28T20:00Z,7.0,20678,-0.1,-0.314833,-7.584512,0.0,-10.995619,-0.2,-4.173406,-0.2,-3.297724,-9.95,-7.640729,-7.528281,-7.730383,-0.1495,34.864,29.6725,386.65,373.6,13.05,2.868884,15.775,11.045,5,0.012,3.112045,13.355058,14.509253,12.82008,12.564488,14.401882,13.905773,12.255631,15.533227,14.292056,1,-0.045239,-0.271437,15.775,0,False,358.549084,0
TAO8S165E,A_tropical_8,SON,2011-10-30T11:00Z,22.0,20717,0.0,-0.233833,-7.157018,0.0,-8.848021,0.0,-5.466016,0.0,2.46468,-13.25,-7.302211,-7.011769,-7.533723,-0.39,34.594,29.634,379.45,373.3,6.15,3.070183,12.62,21.165,5,0.0,0.008305,13.355058,14.509253,12.82008,12.564488,14.401882,13.905773,12.255631,15.329879,14.10698,1,-0.024154,-0.144925,21.165,0,False,358.549084,0
BOBOA,A_tropical_8,DJF,2013-12-08T11:00Z,17.0,411,0.1675,0.162,-0.720425,0.121,-1.694499,0.214,0.253649,-0.145,-1.28327,0.4,-0.693976,-0.746872,-0.651067,0.0735,31.092,28.578,360.4,375.2,-14.8,8.003964,12.493333,25.535,5,0.0296,-0.607794,14.043647,15.252085,13.286184,13.036864,15.217563,14.66231,12.801418,15.760905,14.50712,1,0.431911,2.591469,25.535,0,False,362.304899,0
BOBOA,A_tropical_8,MAM,2014-05-13T13:00Z,19.0,4157,-0.0035,-0.007833,-0.814141,-0.0065,-1.125967,-0.0005,-0.502314,0.0115,1.511878,-2.65,-0.857638,-0.770639,-0.928188,-0.1085,32.4995,30.662,401.8,377.65,24.15,8.691458,10.345,2.185,5,-0.0041,-0.226773,14.043647,15.252085,13.286184,13.036864,15.217563,14.66231,12.801418,16.976227,15.625893,1,-0.869859,-5.219153,10.345,0,False,362.304899,0
BOBOA,A_tropical_8,MAM,2014-05-18T05:00Z,11.0,4269,-0.033,-0.025667,-3.923974,-0.036,-4.12471,-0.03,-3.723239,-0.034,-4.78009,-3.0,-3.902135,-3.945814,-3.866706,0.054,32.637,30.6425,408.65,376.75,31.9,4.298498,2.16,0.0,5,0.0026,-0.366904,14.043647,15.252085,13.286184,13.036864,15.217563,14.66231,12.801418,17.207675,15.83918,1,-0.285198,-1.711189,2.16,0,False,362.304899,0
BOBOA,A_tropical_8,JJA,2014-06-07T08:00Z,14.0,4752,-0.0415,-0.047833,-4.943564,-0.022,-5.122873,-0.061,-4.764255,-0.1435,-6.656491,-4.4,-4.930704,-4.956425,-4.909843,0.033,32.726,30.283,393.95,374.2,19.75,8.27528,42.91,18.97,5,-0.1035,-4.041198,14.043647,15.252085,13.286184,13.036864,15.217563,14.66231,12.801418,16.572624,15.254962,1,-0.625089,-3.750535,42.91,0,False,362.304899,0
BOBOA,A_tropical_8,JJA,2014-06-09T21:00Z,3.0,4813,-0.0715,-0.033,0.173312,-0.0095,1.013974,-0.1335,-0.667351,0.0085,0.371809,-2.4,0.112299,0.234332,0.013344,-0.155,32.7755,30.386,393.7,374.7,19.0,5.718152,8.173333,2.98,5,-0.0024,1.336322,14.043647,15.252085,13.286184,13.036864,15.217563,14.66231,12.801418,16.544435,15.228652,1,-0.285959,-1.715755,8.173333,0,False,362.304899,0
BOBOA,A_tropical_8,JJA,2014-06-13T10:00Z,16.0,4898,-0.12,-0.023,-0.241165,0.0015,1.354037,-0.2415,-1.836367,-0.0785,-1.656083,-2.25,-0.288807,-0.193515,-0.366076,-0.121,33.0505,30.098,394.95,373.1,21.85,9.633367,51.585,39.71,5,-0.069,-2.369733,14.043647,15.252085,13.286184,13.036864,15.217563,14.66231,12.801418,16.499959,15.18805,1,-0.927817,-5.566903,51.585,0,False,362.304899,0
BOBOA,A_tropical_8,JJA,2014-06-15T12:00Z,18.0,4948,-0.06,-0.062667,-2.790687,-0.019,-0.413704,-0.101,-5.16767,-0.071,-2.831394,-3.6,-2.809838,-2.771536,-2.840902,-0.05,32.973,29.8565,387.7,375.8,11.9,6.516104,18.066667,47.945,5,-0.0578,-2.316544,14.043647,15.252085,13.286184,13.036864,15.217563,14.66231,12.801418,16.231061,14.941154,1,-0.227325,-1.363951,47.945,0,False,362.304899,0
BOBOA,A_tropical_8,JJA,2014-06-17T13:00Z,19.0,4997,-0.122,-0.136333,-3.610963,-0.089,-4.269102,-0.155,-2.952824,-0.171,-1.444007,-3.65,-3.611865,-3.610062,-3.613331,-0.0025,33.185,29.476,385.2,373.65,11.55,6.072462,15.448333,38.965,5,-0.0261,-0.017512,14.043647,15.252085,13.286184,13.036864,15.217563,14.66231,12.801418,16.057293,14.781754,1,-0.188969,-1.133817,38.965,0,False,362.304899,0
BOBOA,A_tropical_8,JJA,2014-07-09T02:00Z,8.0,5514,-0.0785,-0.040333,-0.731988,-0.142,-1.882689,-0.015,0.418713,-0.0015,-0.212674,-1.45,-0.748981,-0.714994,-0.776545,-0.045,32.441,29.501,379.15,373.15,6.0,9.69765,15.605,4.45,5,-0.1426,0.71646,14.043647,15.252085,13.286184,13.036864,15.217563,14.66231,12.801418,16.064739,14.789287,1,-0.254057,-1.524345,15.605,0,False,362.304899,0
BOBOA,A_tropical_8,JJA,2014-07-18T07:00Z,13.0,5735,0.002,-0.0045,-2.408336,0.002,-2.928864,0.002,-1.887808,-0.018,-2.660034,-2.7,-2.415233,-2.401439,-2.42642,-0.0185,32.672,29.0415,374.4,373.6,0.8,11.288423,12.88,14.885,5,-0.2163,-0.938526,14.043647,15.252085,13.286184,13.036864,15.217563,14.66231,12.801418,15.789271,14.536887,1,-0.044916,-0.269496,14.885,0,False,362.304899,0
BOBOA,A_tropical_8,JJA,2014-07-24T02:00Z,8.0,5874,0.0985,0.076333,-1.327488,0.07,-0.849066,0.127,-1.80591,0.109,-0.463932,-0.45,-1.306768,-1.348207,-1.273154,0.0555,32.805,28.8,374.7,374.15,0.55,12.368555,13.721667,27.1,5,-0.0244,0.420499,14.043647,15.252085,13.286184,13.036864,15.217563,14.66231,12.801418,15.756391,14.507302,1,-0.036972,-0.221831,27.1,0,False,362.304899,0
BOBOA,A_tropical_8,JJA,2014-07-31T04:00Z,10.0,6044,-0.0405,-0.027,-2.376027,-0.015,-3.079013,-0.066,-1.673041,-0.0845,-2.831459,-2.4,-2.376594,-2.37546,-2.377514,-0.0015,33.194,28.461,376.8,374.35,2.45,8.878572,12.655,2.07,5,-0.0041,-0.350146,14.043647,15.252085,13.286184,13.036864,15.217563,14.66231,12.801418,15.711696,14.466673,1,-0.084226,-0.505356,12.655,0,False,362.304899,0
BOBOA,A_tropical_8,JJA,2014-08-21T23:00Z,5.0,6567,0.0545,0.0245,-3.471534,0.0165,-2.528992,0.0925,-4.414076,-0.6375,-9.68363,-7.55,-3.56846,-3.374583,-3.72564,-0.251,32.7925,29.628,389.8,372.8,17.0,4.412879,14.868333,21.375,5,-0.0045,2.501779,14.043647,15.252085,13.286184,13.036864,15.217563,14.66231,12.801418,16.380169,15.079507,1,-0.151538,-0.909227,21.375,0,False,362.304899,0
BOBOA,A_tropical_8,JJA,2014-08-24T20:00Z,2.0,6636,-0.009,-0.000667,0.696473,-0.015,0.361813,-0.003,1.031134,0.383,8.697096,-0.8,0.661021,0.73193,0.603518,-0.098,31.083,29.561,361.0,373.8,-12.8,7.925497,0.6,0.0,5,-0.0122,1.154325,14.043647,15.252085,13.286184,13.036864,15.217563,14.66231,12.801418,15.789298,14.530422,1,0.363312,2.179872,0.6,0,False,362.304899,0
BOBOA,A_tropical_8,SON,2014-09-02T01:00Z,7.0,6833,-0.171,-0.144167,-4.728883,-0.0835,-2.597184,-0.2585,-6.860582,-0.384,-9.119092,-6.15,-4.762553,-4.69521,-4.817164,-0.092,32.1775,28.6605,371.9,375.0,-3.1,8.740651,35.125,23.355,5,-0.0236,1.668086,14.043647,15.252085,13.286184,13.036864,15.217563,14.66231,12.801418,15.856324,14.599554,1,0.106348,0.63809,35.125,0,False,362.304899,0
BOBOA,A_tropical_8,SON,2014-09-04T08:00Z,14.0,6888,0.0255,0.006333,-4.530984,0.021,-5.93273,0.03,-3.129237,0.037,-0.950137,-4.0,-4.518433,-4.543534,-4.498074,0.0345,31.948,28.544,367.35,375.1,-7.75,8.46179,19.625,4.835,5,-0.0527,-3.85189,14.043647,15.252085,13.286184,13.036864,15.217563,14.66231,12.801418,15.747094,14.498711,1,0.248412,1.490472,19.625,0,False,362.304899,0
BOBOA,A_tropical_8,SON,2014-09-13T00:00Z,6.0,7096,0.212,0.140833,4.114043,0.2155,2.48537,0.2085,5.742717,-0.0495,-0.744183,2.65,4.079367,4.148722,4.023124,-0.094,32.0185,28.686,365.15,374.1,-8.95,5.648437,1.228333,4.99,5,-0.0543,0.616431,14.043647,15.252085,13.286184,13.036864,15.217563,14.66231,12.801418,15.630813,14.391272,1,0.12626,0.757561,4.99,0,False,362.304899,0
BOBOA,A_tropical_8,SON,2014-09-17T05:00Z,11.0,7197,0.0075,0.010667,-1.634855,0.0165,-1.460999,-0.0015,-1.808712,0.0145,-0.361287,-1.65,-1.635214,-1.634497,-1.635795,-0.001,31.9775,28.384,361.7,368.4,-6.7,9.94784,5.06,0.0,5,-0.0082,-0.705493,14.043647,15.252085,13.286184,13.036864,15.217563,14.66231,12.801418,15.500661,14.272193,1,0.29125,1.7475,5.06,0,False,362.304899,0
BOBOA,A_tropical_8,SON,2014-10-04T15:00Z,21.0,7615,-0.0675,-0.095,-3.075686,0.0025,-7.844164,-0.1375,1.692792,0.016,0.052208,-5.45,-3.132045,-3.019316,-3.223446,-0.1485,32.3385,29.344,379.95,369.6,10.35,2.983567,23.838333,2.57,5,0.0679,0.513113,14.043647,15.252085,13.286184,13.036864,15.217563,14.66231,12.801418,16.134008,14.85352,1,-0.041858,-0.25115,23.838333,0,False,362.304899,0
BOBOA,A_tropical_8,SON,2014-11-03T21:00Z,3.0,8341,-0.026,-0.0345,1.959023,0.0005,3.251454,-0.0525,0.666591,-0.0555,1.349644,1.5,1.948162,1.969884,1.930544,-0.029,32.3685,29.3635,373.3,374.45,-1.15,8.600617,6.876667,45.085,5,-0.0123,0.188636,14.043647,15.252085,13.286184,13.036864,15.217563,14.66231,12.801418,15.847962,14.589885,1,0.037753,0.226519,45.085,0,False,362.304899,0
BOBOA,A_tropical_8,DJF,2014-12-23T10:00Z,16.0,9530,-0.041,0.0255,-1.773757,-0.02,-1.021183,-0.062,-2.526331,-0.1495,-0.071702,-3.05,-1.803972,-1.743539,-1.852983,-0.0765,34.002,28.3075,396.5,381.55,14.95,7.107023,13.555,0.525,5,0.0435,-2.242773,14.043647,15.252085,13.286184,13.036864,15.217563,14.66231,12.801418,16.239716,14.950791,1,-0.338575,-2.031451,13.555,0,False,362.304899,0
BOBOA,A_tropical_8,DJF,2014-12-29T03:00Z,9.0,9667,0.0515,0.041,1.886623,0.048,2.628458,0.055,1.144788,-0.024,8.101491,2.4,1.89877,1.874475,1.918475,0.0305,33.782,28.223,396.45,384.55,11.9,6.959746,11.488333,36.3,5,-0.0324,-0.116164,14.043647,15.252085,13.286184,13.036864,15.217563,14.66231,12.801418,16.309774,15.016832,1,-0.26124,-1.567441,36.3,0,False,362.304899,0
BOBOA,A_tropical_8,MAM,2016-05-22T05:00Z,11.0,21909,-0.073,-0.082667,-4.599415,-0.093,-5.722435,-0.053,-3.476395,-0.1025,-2.759056,-6.0,-4.632585,-4.566242,-4.686387,-0.0845,33.143,30.2715,397.6,381.7,15.9,8.336846,25.193333,2.285,5,0.0226,-0.210505,14.043647,15.252085,13.286184,13.036864,15.217563,14.66231,12.801418,16.575335,15.256768,1,-0.506824,-3.040943,25.193333,0,False,362.304899,0
BOBOA,A_tropical_8,JJA,2016-06-01T06:00Z,12.0,22150,0.0235,0.018333,-3.791372,0.0385,-1.698543,0.0085,-5.884202,0.0905,-2.511603,-3.45,-3.78332,-3.799423,-3.770257,0.02,33.3115,30.408,400.3,381.2,19.1,6.037755,12.453333,5.95,5,-0.0514,0.848666,14.043647,15.252085,13.286184,13.036864,15.217563,14.66231,12.801418,16.626198,15.302729,1,-0.319117,-1.9147,12.453333,0,False,362.304899,0
BOBOA,A_tropical_8,JJA,2016-06-04T09:00Z,15.0,22225,-0.0395,-0.108,-3.755335,-0.006,-2.145613,-0.073,-5.365057,-0.0275,-2.553345,-3.25,-3.74341,-3.767259,-3.724062,0.0295,33.476,30.307,403.6,382.4,21.2,4.687514,14.24,1.09,5,-0.0102,-1.4996,14.043647,15.252085,13.286184,13.036864,15.217563,14.66231,12.801418,16.703448,15.373596,1,-0.214263,-1.28558,14.24,0,False,362.304899,0
BOBOA,A_tropical_8,JJA,2016-06-13T07:00Z,13.0,22439,-0.012,-0.031167,-1.726646,0.0035,-0.958279,-0.0275,-2.495013,-0.0255,-1.003682,-1.8,-1.728379,-1.724912,-1.731191,-0.0045,33.3255,30.0945,393.65,379.25,14.4,9.8908,29.953333,6.65,5,-0.0698,-1.089745,14.043647,15.252085,13.286184,13.036864,15.217563,14.66231,12.801418,16.352196,15.051161,1,-0.633993,-3.803955,29.953333,0,False,362.304899,0
BOBOA,A_tropical_8,JJA,2016-07-01T14:00Z,20.0,22878,-0.032,-0.005167,-0.179664,-0.067,-0.580426,0.003,0.221098,0.062,0.87127,-0.9,-0.196709,-0.162619,-0.224357,-0.045,32.282,29.388,379.0,377.95,1.05,11.424835,12.421667,2.515,5,-0.0039,0.900614,14.043647,15.252085,13.286184,13.036864,15.217563,14.66231,12.801418,16.114561,14.835396,1,-0.062212,-0.373271,12.421667,0,False,362.304899,0
BOBOA,A_tropical_8,JJA,2016-07-07T14:00Z,20.0,23022,0.024,0.0015,-0.970128,-0.003,0.136387,0.051,-2.076643,0.0795,-2.046889,-1.05,-0.972007,-0.968249,-0.975056,-0.005,32.551,29.4945,381.2,377.9,3.3,11.921594,18.511667,44.73,5,-0.0009,0.852489,14.043647,15.252085,13.286184,13.036864,15.217563,14.66231,12.801418,16.110982,14.831957,1,-0.211503,-1.269017,44.73,0,False,362.304899,0
BOBOA,A_tropical_8,JJA,2016-07-15T19:00Z,1.0,23219,-0.0275,-0.030333,-1.385927,-0.044,-1.250153,-0.011,-1.521701,0.0435,-1.163587,-2.25,-1.406377,-1.365477,-1.439547,-0.0535,32.723,29.4325,383.65,379.15,4.5,8.266226,15.186667,0.0,5,0.0013,0.934892,14.043647,15.252085,13.286184,13.036864,15.217563,14.66231,12.801418,16.152069,14.869968,1,-0.138736,-0.832415,15.186667,0,False,362.304899,0
BOBOA,A_tropical_8,JJA,2016-07-18T01:00Z,7.0,23273,-0.048,-0.055833,5.02071,-0.0395,,-0.0565,5.02071,-0.048,2.770853,4.55,5.009575,5.031845,4.991514,-0.0165,32.8155,29.422,378.85,380.9,-2.05,4.054646,14.606667,4.19,5,0.0063,0.267474,14.043647,15.252085,13.286184,13.036864,15.217563,14.66231,12.801418,15.923052,14.658876,1,0.01491,0.089457,14.606667,0,False,362.304899,0
BOBOA,A_tropical_8,JJA,2016-07-27T08:00Z,14.0,23496,-0.119,-0.118333,-2.492615,0.035,-0.862263,-0.273,-4.122967,0.0015,-2.956165,-2.55,-2.493978,-2.491252,-2.496189,-0.004,32.97,29.5945,378.85,380.1,-1.25,2.984774,17.575,10.03,5,-0.0354,-0.345359,14.043647,15.252085,13.286184,13.036864,15.217563,14.66231,12.801418,15.87029,14.609521,1,0.004883,0.029299,17.575,0,False,362.304899,0
BOBOA,A_tropical_8,JJA,2016-08-04T09:00Z,15.0,23689,-0.0625,-0.07,-3.767377,-0.0475,-3.059128,-0.0775,-4.475626,-0.0815,-3.622191,-3.75,-3.766966,-3.767788,-3.7663,0.001,32.8965,29.076,376.7,378.15,-1.45,10.469044,13.446667,16.325,5,-0.0497,-2.543644,14.043647,15.252085,13.286184,13.036864,15.217563,14.66231,12.801418,15.807605,14.553494,1,0.069797,0.418779,16.325,0,False,362.304899,0
BOBOA,A_tropical_8,MAM,2017-04-14T01:00Z,7.0,29753,-0.0265,-0.041167,-0.477988,-0.031,-0.315585,-0.022,-0.640392,-0.515,-5.40084,-2.65,-0.529421,-0.426552,-0.612845,-0.128,32.697,29.6605,402.7,391.2,11.5,6.29217,7.533333,12.885,5,0.0045,6.871755,14.043647,15.252085,13.286184,13.036864,15.217563,14.66231,12.801418,16.943001,15.598202,1,-0.217892,-1.30735,12.885,0,False,362.304899,0
BOBOA,A_tropical_8,MAM,2017-05-25T13:00Z,19.0,30749,-0.088,-0.0965,-0.421606,-0.138,-2.265495,-0.038,1.422283,-0.007,1.433105,-4.05,-0.507746,-0.335448,-0.647445,-0.201,33.587,31.4605,428.4,384.95,43.45,5.199664,2.601667,0.0,5,-0.024,-0.56995,14.043647,15.252085,13.286184,13.036864,15.217563,14.66231,12.801418,17.661125,16.252074,1,-0.572264,-3.433587,2.601667,0,False,362.304899,0
BOBOA,A_tropical_8,MAM,2017-05-28T00:00Z,6.0,30808,-0.124,-0.114833,-0.925989,-0.12,-0.47909,-0.128,-1.372887,-0.1785,-0.751628,-1.95,-0.950277,-0.901697,-0.98967,-0.0585,32.848,30.6245,416.15,383.45,32.7,9.046975,14.043333,23.29,5,-0.0293,0.604646,14.043647,15.252085,13.286184,13.036864,15.217563,14.66231,12.801418,17.437141,16.050466,1,-1.311805,-7.870832,23.29,0,False,362.304899,0
BOBOA,A_tropical_8,JJA,2017-06-17T00:00Z,6.0,31288,-0.127,-0.149833,-4.025633,-0.126,-5.836697,-0.128,-2.21457,-0.1445,-3.110863,-5.65,-4.064136,-3.987126,-4.126584,-0.095,33.639,29.649,408.3,385.4,22.9,7.854273,30.095,18.065,5,0.0088,0.743973,14.043647,15.252085,13.286184,13.036864,15.217563,14.66231,12.801418,16.837832,15.498848,1,-0.658521,-3.951128,30.095,0,False,362.304899,0
BOBOA,A_tropical_8,JJA,2017-06-23T11:00Z,17.0,31443,-0.012,-0.013833,-1.55573,-0.0035,-1.80417,-0.0205,-1.307289,-0.0545,0.627093,-2.05,-1.567424,-1.544035,-1.586393,-0.029,32.9425,29.3575,404.8,385.25,19.55,10.528498,5.745,7.835,5,0.0085,-0.961069,14.043647,15.252085,13.286184,13.036864,15.217563,14.66231,12.801418,16.940166,15.59634,1,-1.035184,-6.211105,7.835,0,False,362.304899,0
BOBOA,A_tropical_8,JJA,2017-06-26T01:00Z,7.0,31505,-0.02,-0.0225,-1.367668,-0.009,-1.038478,-0.031,-1.696859,-0.0365,-5.276967,-0.45,-1.346004,-1.389332,-1.310857,0.0545,32.835,29.26,399.05,385.85,13.2,9.730546,1.04,0.0,5,-0.0033,0.130392,14.043647,15.252085,13.286184,13.036864,15.217563,14.66231,12.801418,16.743724,15.415749,1,-0.590053,-3.540319,1.04,0,False,362.304899,0
BOBOA,A_tropical_8,JJA,2017-06-29T13:00Z,19.0,31589,0.029,0.039667,0.837121,0.012,-0.986843,0.046,2.661084,0.0645,3.966341,-0.7,0.800715,0.873529,0.741665,-0.0925,32.858,29.2885,392.65,386.1,6.55,7.74804,22.245,8.86,5,0.0066,0.257914,14.043647,15.252085,13.286184,13.036864,15.217563,14.66231,12.801418,16.473994,15.167008,1,-0.181701,-1.090204,22.245,0,False,362.304899,0
BOBOA,A_tropical_8,JJA,2017-07-06T10:00Z,16.0,31754,-0.0145,-0.019167,-1.821613,-0.006,-0.74316,-0.023,-2.900066,-0.064,-2.350007,-2.4,-1.835292,-1.807934,-1.857481,-0.035,32.947,29.2165,393.75,385.4,8.35,10.045622,19.443333,23.9,5,0.0032,-1.06091,14.043647,15.252085,13.286184,13.036864,15.217563,14.66231,12.801418,16.48774,15.179799,1,-0.389407,-2.336443,23.9,0,False,362.304899,0
BOBOA,A_tropical_8,JJA,2017-07-12T06:00Z,12.0,31894,-0.0305,-0.052333,-0.892693,0.0115,0.162538,-0.0725,-1.947925,-0.125,-2.966429,0.75,-0.853938,-0.931445,-0.791061,0.098,33.1855,29.2385,396.45,385.3,11.15,8.593072,2.648333,3.645,5,-0.0067,-1.595734,14.043647,15.252085,13.286184,13.036864,15.217563,14.66231,12.801418,16.51484,15.20421,1,-0.379415,-2.276492,3.645,0,False,362.304899,0
BOBOA,A_tropical_8,JJA,2017-07-21T01:00Z,7.0,32105,-0.0975,-0.077,-0.781775,-0.0465,-0.142696,-0.1485,-1.420854,-0.233,-4.08391,-1.1,-0.789303,-0.774247,-0.801513,-0.0195,32.5835,28.5645,387.4,385.45,1.95,8.947382,31.033333,5.855,5,0.0327,0.725397,14.043647,15.252085,13.286184,13.036864,15.217563,14.66231,12.801418,16.353749,15.058834,1,-0.072418,-0.434506,31.033333,0,False,362.304899,0
BOBOA,A_tropical_8,JJA,2017-08-16T17:00Z,23.0,32745,0.031,-0.005333,-0.359344,-0.003,-0.2124,0.065,-0.506288,0.0825,-0.301746,-1.9,-0.395836,-0.322849,-0.455025,-0.0905,32.956,29.367,403.6,383.65,19.95,9.06961,0.753333,2.43,5,0.0308,2.829785,14.043647,15.252085,13.286184,13.036864,15.217563,14.66231,12.801418,16.88647,15.54679,1,-0.780436,-4.682618,2.43,0,False,362.304899,0
BOBOA,A_tropical_8,JJA,2017-08-18T20:00Z,2.0,32796,-0.022,-0.102167,-2.250004,-0.034,-2.744159,-0.01,-1.755848,-0.1105,-6.967998,-3.1,-2.270117,-2.22989,-2.302742,-0.0505,32.985,29.22,399.45,383.0,16.45,6.957633,20.425,15.39,5,-0.0128,3.299123,14.043647,15.252085,13.286184,13.036864,15.217563,14.66231,12.801418,16.706865,15.381699,1,-0.37395,-2.243698,20.425,0,False,362.304899,0
BOBOA,A_tropical_8,JJA,2017-08-24T11:00Z,17.0,32931,-0.244,-0.244167,-14.190493,-0.1165,-12.657606,-0.3715,-15.723381,-0.447,-17.114468,-13.55,-14.175354,-14.205633,-14.150794,0.0415,31.8505,28.6155,375.45,383.85,-8.4,8.464506,43.028333,27.36,5,-0.0043,-1.162943,14.043647,15.252085,13.286184,13.036864,15.217563,14.66231,12.801418,16.120051,14.841916,1,0.277915,1.66749,43.028333,0,False,362.304899,1
BOBOA,A_tropical_8,JJA,2017-08-31T03:00Z,9.0,33091,-0.3865,-0.4265,-6.13353,-0.074,-0.728943,-0.699,-11.538116,-0.0845,-3.198102,-8.2,-6.18257,-6.084481,-6.262103,-0.133,32.339,28.747,378.6,385.15,-6.55,6.435222,82.958333,17.055,5,0.0532,3.181758,14.043647,15.252085,13.286184,13.036864,15.217563,14.66231,12.801418,16.077557,14.803428,1,0.123465,0.740789,82.958333,0,False,362.304899,1
BOBOA,A_tropical_8,SON,2017-09-16T04:00Z,10.0,33476,-0.541,-0.803833,-14.311663,-0.405,-12.894349,-0.677,-15.728978,-0.827,-18.823556,-18.05,-14.400259,-14.223057,-14.543956,-0.2265,33.476,29.634,403.5,382.0,21.5,7.199976,57.1,29.97,5,0.0685,-3.138916,14.043647,15.252085,13.286184,13.036864,15.217563,14.66231,12.801418,16.7004,15.372938,1,-0.515903,-3.095421,57.1,0,False,362.304899,1
BOBOA,A_tropical_8,SON,2017-09-30T17:00Z,23.0,33825,-0.329,-0.089333,-5.88812,-0.0385,-6.124899,-0.6195,-5.651341,-0.0125,1.09506,-9.45,-5.972845,-5.80337,-6.110232,-0.222,32.6475,29.1995,387.45,385.1,2.35,4.448491,15.121667,0.0,5,-0.01,-1.865604,14.043647,15.252085,13.286184,13.036864,15.217563,14.66231,12.801418,16.334604,15.038982,1,-0.021366,-0.128196,15.121667,0,False,362.304899,1
BOBOA,A_tropical_8,SON,2017-10-12T07:00Z,13.0,34103,-0.039,-0.0965,-2.492768,-0.063,-2.145791,-0.015,-2.839745,-0.029,-2.917493,-0.25,-2.439567,-2.545978,-2.353284,0.138,32.44,29.6995,387.95,382.05,5.9,2.668189,4.43,0.0,5,0.0092,-2.920387,14.043647,15.252085,13.286184,13.036864,15.217563,14.66231,12.801418,16.428562,15.123963,1,-0.019417,-0.116505,4.43,0,False,362.304899,0
BOBOA,A_tropical_8,SON,2017-11-07T19:00Z,1.0,34739,-0.171,-0.137667,-0.209685,-0.254,-0.492474,-0.088,0.073104,-0.1455,0.149246,-0.65,-0.220179,-0.199187,-0.237194,-0.0275,32.522,29.2785,383.05,384.75,-1.7,7.313754,25.618333,6.34,5,0.0549,2.353825,14.043647,15.252085,13.286184,13.036864,15.217563,14.66231,12.801418,16.197566,14.912422,1,0.041401,0.248408,25.618333,0,False,362.304899,0
BOBOA,A_tropical_8,SON,2017-11-09T14:00Z,20.0,34782,-0.0825,-0.0595,-2.118864,-0.1335,-2.943313,-0.0315,-1.294414,0.0225,0.349929,-4.25,-2.169363,-2.068359,-2.25127,-0.1325,32.4715,29.2905,383.25,386.05,-2.8,7.824395,7.721667,5.12,5,-0.0669,-4.058084,14.043647,15.252085,13.286184,13.036864,15.217563,14.66231,12.801418,16.223573,14.936333,1,0.078271,0.469626,7.721667,0,False,362.304899,0
BOBOA,A_tropical_8,SON,2017-11-23T15:00Z,21.0,35119,-0.092,-0.0395,0.512221,-0.066,0.130426,-0.118,0.894016,-0.496,-5.612529,-0.9,0.478773,0.545672,0.424519,-0.09,31.724,28.7965,370.85,389.1,-18.25,4.204035,1.055,0.0,5,0.0989,1.456135,14.043647,15.252085,13.286184,13.036864,15.217563,14.66231,12.801418,15.973437,14.705728,1,0.147282,0.883692,1.055,1,False,362.304899,0
BOBOA,A_tropical_8,DJF,2017-12-05T22:00Z,4.0,35414,-0.033,-0.028333,-0.759167,-0.016,-1.383166,-0.05,-0.135167,-0.191,-3.055695,-0.85,-0.761312,-0.757022,-0.764791,-0.0055,33.436,28.808,391.25,384.9,6.35,9.485486,4.66,23.28,5,0.0708,1.744363,14.043647,15.252085,13.286184,13.036864,15.217563,14.66231,12.801418,16.217976,14.931371,1,-0.257205,-1.543229,23.28,0,False,362.304899,0
BOBOA,A_tropical_8,DJF,2017-12-29T03:00Z,9.0,35971,-0.0225,-0.038167,-1.598572,-0.0035,-1.210994,-0.0415,-1.98615,-0.045,-1.454964,-1.9,-1.605701,-1.591443,-1.617264,-0.019,32.9425,27.7815,377.0,386.5,-9.5,8.27196,3.456667,0.0,5,0.0178,0.064448,14.043647,15.252085,13.286184,13.036864,15.217563,14.66231,12.801418,15.801214,14.55219,1,0.289112,1.734674,3.456667,0,False,362.304899,0
TAO170W,A_tropical_8,JJA,2008-06-23T16:00Z,4.67,26128,0.0,-0.061333,1.154439,0.0,-0.514095,0.0,2.822972,-0.007,-2.9137,1.35,1.158995,1.149886,1.167657,0.0095,35.273,27.3645,463.15,370.15,93.0,4.03865,8.415333,4.39,5,0.0,3.485302,15.868396,17.238714,15.294043,14.995754,17.164429,16.550621,14.503761,18.340044,16.886279,1,-0.810878,-4.865267,8.415333,0,False,432.153841,0
TAO170W,A_tropical_8,JJA,2008-07-08T12:00Z,0.67,26484,0.0,-0.002,0.563942,0.0,-1.217416,0.0,2.3453,0.0,4.88434,-1.75,0.509117,0.618773,0.405013,-0.119,35.276,27.683,460.3,369.65,90.65,5.516551,2.708333,0.23,5,0.0,2.381555,15.868396,17.238714,15.294043,14.995754,17.164429,16.550621,14.503761,18.234853,16.787488,1,-1.457416,-8.744496,2.708333,0,False,432.153841,0
TAO170W,A_tropical_8,DJF,2015-12-04T10:00Z,22.67,91402,0.05,-0.076,-3.515616,0.0595,-2.005247,0.0405,-5.025985,-0.8895,2.480242,-3.4,-3.512878,-3.518354,-3.507679,0.007,34.1945,30.6165,380.95,377.25,3.7,5.526812,7.531667,2.52,5,0.0212,0.105484,15.868396,17.238714,15.294043,14.995754,17.164429,16.550621,14.503761,15.490283,14.255621,1,-0.048085,-0.288511,7.531667,0,False,432.153841,0
TAO170W,A_tropical_8,DJF,2015-12-11T06:00Z,18.67,91566,0.0145,-0.078,-2.032431,0.015,-3.92694,0.014,-0.137922,0.024,-5.660395,-8.9,-2.196234,-1.868558,-2.507119,-0.4225,34.139,31.291,389.8,377.15,12.65,2.096283,10.603333,1.935,3,-0.159833,-7.309778,15.868396,17.238714,15.294043,14.995754,17.164429,16.550621,14.503761,15.856687,14.591688,1,-0.024236,-0.145413,10.603333,0,False,432.153841,0
TAO170W,A_tropical_8,DJF,2015-12-13T23:00Z,11.67,91631,0.0185,-0.0475,0.566331,0.0195,1.55088,0.0175,-0.418218,0.026,-2.25783,0.3,0.560033,0.572629,0.548072,-0.0165,34.1825,30.6215,381.2,375.4,5.8,3.307094,5.128333,0.795,4,0.0165,2.456751,15.868396,17.238714,15.294043,14.995754,17.164429,16.550621,14.503761,15.503965,14.26828,1,-0.027023,-0.162138,5.128333,0,False,432.153841,0
TAO170W,A_tropical_8,DJF,2015-12-19T00:00Z,12.67,91752,-0.0085,0.003333,-6.223156,-0.0085,-5.797963,-0.0085,-6.648348,-0.2615,-2.752933,-0.8,-6.09587,-6.350397,-5.854018,0.344,34.1075,30.3265,376.25,376.3,-0.05,6.32567,2.648333,6.205,5,0.0142,1.428276,15.868396,17.238714,15.294043,14.995754,17.164429,16.550621,14.503761,15.3309,14.110102,1,0.000844,0.005063,6.205,0,False,432.153841,0
TAO170W,A_tropical_8,DJF,2016-01-03T22:00Z,10.67,92134,0.0895,-0.032167,-6.441553,0.0255,-0.092333,0.1535,-12.790772,0.204,-1.834072,-5.85,-6.427513,-6.455595,-6.400857,0.038,33.9975,29.9975,372.6,376.4,-3.8,3.910085,10.1475,18.565,4,0.0165,2.456751,15.868396,17.238714,15.294043,14.995754,17.164429,16.550621,14.503761,15.220169,14.009595,1,0.024405,0.146427,18.565,0,False,432.153841,0
TAO170W,A_tropical_8,DJF,2016-01-09T04:00Z,16.67,92260,0.012,-0.029167,-5.363955,0.0105,-4.844931,0.0135,-5.882979,0.009,-5.975602,-6.15,-5.382556,-5.345353,-5.417879,-0.049,34.4695,29.734,385.0,377.5,7.5,9.293845,15.09,15.11,5,-0.109,-5.900668,15.868396,17.238714,15.294043,14.995754,17.164429,16.550621,14.503761,15.570313,14.330114,1,-0.278055,-1.668331,15.11,0,False,432.153841,0
TAO170W,A_tropical_8,DJF,2016-01-16T19:00Z,7.67,92443,-0.0025,-0.106167,-15.582007,-0.0005,-3.939434,-0.0045,-27.22458,-0.0225,-6.855416,-13.75,-15.538853,-15.625154,-15.456878,0.121,34.2735,29.537,380.25,375.9,4.35,5.183971,48.510833,23.57,3,-0.026,3.673584,15.868396,17.238714,15.294043,14.995754,17.164429,16.550621,14.503761,15.442215,14.213982,1,-0.04994,-0.29964,48.510833,0,False,432.153841,0
TAO170W,A_tropical_8,DJF,2016-01-18T23:00Z,11.67,92495,0.041,-0.824667,-23.265799,0.0285,-14.282253,0.0535,-32.249345,0.0505,-7.727825,-20.75,-23.206512,-23.325077,-23.093894,0.1655,34.1865,29.415,381.05,376.55,4.5,5.207511,92.2,73.7,4,0.022,2.496206,15.868396,17.238714,15.294043,14.995754,17.164429,16.550621,14.503761,15.501105,14.269131,1,-0.052528,-0.315167,92.2,0,False,432.153841,0
TAO170W,A_tropical_8,DJF,2016-01-23T20:00Z,8.67,92612,0.272,-0.136,-5.422306,0.263,-3.914809,0.281,-6.929803,0.289,0.312373,-1.45,-5.328917,-5.51567,-5.151493,0.251,33.95,29.402,377.75,376.05,1.7,4.53903,11.915,6.81,5,-0.0112,3.949056,15.868396,17.238714,15.294043,14.995754,17.164429,16.550621,14.503761,15.442897,14.216789,1,-0.015076,-0.090455,11.915,0,False,432.153841,0
TAO170W,A_tropical_8,DJF,2016-01-27T11:00Z,23.67,92699,0.145,0.0055,-2.666014,0.1335,-2.177856,0.1565,-3.154171,0.154,-3.882091,-3.1,-2.676277,-2.655751,-2.695767,-0.027,34.1495,29.59,382.7,377.0,5.7,7.215066,3.185,7.12,5,0.0311,0.255311,15.868396,17.238714,15.294043,14.995754,17.164429,16.550621,14.503761,15.578108,14.339727,1,-0.128396,-0.770376,7.12,0,False,432.153841,0
TAO170W,A_tropical_8,DJF,2016-02-02T02:00Z,14.67,92834,0.1915,-0.140667,-23.293999,0.239,-22.888854,0.144,-23.699144,0.2075,-24.068908,-13.9,-23.074305,-23.513579,-22.656769,0.598,33.896,29.8715,391.65,376.1,15.55,3.782123,15.945,12.275,5,0.0365,-1.335179,15.868396,17.238714,15.294043,14.995754,17.164429,16.550621,14.503761,16.015536,14.74321,1,-0.099867,-0.5992,15.945,0,False,432.153841,0
TAO170W,A_tropical_8,DJF,2016-02-06T02:00Z,14.67,92930,-0.371,-0.236333,-17.392837,-0.116,-13.766201,-0.626,-21.019473,-0.4335,-8.050631,-21.85,-17.499065,-17.286566,-17.70069,-0.288,34.23,29.748,389.4,374.5,14.9,4.164802,34.196667,7.925,5,0.0635,-0.623191,15.868396,17.238714,15.294043,14.995754,17.164429,16.550621,14.503761,15.819449,14.561102,1,-0.113656,-0.681936,34.196667,0,False,432.153841,1
TAO170W,A_tropical_8,DJF,2016-02-12T11:00Z,23.67,93083,0.0915,-0.341833,-9.307676,0.049,-5.017409,0.134,-13.597942,0.1665,-12.433642,-9.4,-9.309857,-9.305494,-9.314,0.0105,33.995,30.036,379.5,373.8,5.7,5.311329,58.188333,53.975,5,0.0239,-0.358226,15.868396,17.238714,15.294043,14.995754,17.164429,16.550621,14.503761,15.497279,14.264758,1,-0.069053,-0.414319,58.188333,0,False,432.153841,0
TAO170W,A_tropical_8,DJF,2016-02-23T11:00Z,23.67,93347,0.016,-0.240333,-8.213167,0.065,,-0.033,-8.213167,0.02,-2.646978,-9.75,-8.249554,-8.176778,-8.318648,-0.0565,34.662,29.6835,397.75,375.65,22.1,7.927307,34.594,42.525,5,0.0194,-6.04842,15.868396,17.238714,15.294043,14.995754,17.164429,16.550621,14.503761,16.014991,14.738496,1,-0.615397,-3.692383,42.525,0,False,432.153841,0
TAO170W,A_tropical_8,MAM,2016-03-03T05:00Z,17.67,93557,-0.0925,0.012667,0.183528,-0.112,2.349441,-0.073,-1.982385,0.0245,-1.200978,-1.6,0.141261,0.2258,0.061006,-0.1055,34.751,29.8885,401.2,376.5,24.7,6.685412,1.113333,0.56,5,0.019,-5.665507,15.868396,17.238714,15.294043,14.995754,17.164429,16.550621,14.503761,16.122926,14.836543,1,-0.491503,-2.949016,1.113333,0,False,432.153841,0
TAO170W,A_tropical_8,MAM,2016-03-05T16:00Z,4.67,93616,0.0045,-0.0235,-1.874645,0.0115,-1.001319,-0.0025,-2.747972,0.0035,-2.982658,-1.0,-1.85399,-1.8953,-1.81476,0.052,34.7995,29.6535,398.95,376.15,22.8,3.188488,3.981667,13.975,5,0.0016,-3.333113,15.868396,17.238714,15.294043,14.995754,17.164429,16.550621,14.503761,16.019613,14.741777,1,-0.102502,-0.615013,13.975,0,False,432.153841,0
TAO170W,A_tropical_8,MAM,2016-03-17T21:00Z,9.67,93909,-0.426,-0.0015,6.338574,-0.7195,4.563042,-0.1325,8.114106,-0.2575,27.259884,2.6,6.249791,6.427376,6.081237,-0.21,34.7825,29.287,417.35,376.7,40.65,6.925944,1.493333,0.0,5,0.0224,5.919574,15.868396,17.238714,15.294043,14.995754,17.164429,16.550621,14.503761,16.746577,15.412943,1,-0.915415,-5.492491,1.493333,1,False,432.153841,1
TAO170W,A_tropical_8,MAM,2016-03-25T12:00Z,0.67,94092,0.001,-0.188,12.564556,0.008,32.366352,-0.006,-7.237239,-0.0045,-32.817721,10.8,12.52277,12.606346,12.443423,-0.092,35.13,29.5145,444.25,376.5,67.75,4.03352,13.095,11.945,5,0.0223,2.149783,15.868396,17.238714,15.294043,14.995754,17.164429,16.550621,14.503761,17.682135,16.270859,1,-0.549318,-3.295908,13.095,0,False,432.153841,0
TAO170W,A_tropical_8,MAM,2016-03-27T19:00Z,7.67,94147,-0.0385,0.0215,8.405729,-0.0725,5.002699,-0.0045,11.808759,0.0185,11.773355,7.45,8.383111,8.428348,8.34016,-0.0515,35.1025,29.31,429.8,376.85,52.95,4.206148,1.083333,0.0,5,0.0246,6.732616,15.868396,17.238714,15.294043,14.995754,17.164429,16.550621,14.503761,17.129415,15.762709,1,-0.449568,-2.697407,1.083333,0,False,432.153841,0
TAO170W,A_tropical_8,MAM,2016-03-29T20:00Z,8.67,94196,0.0255,-0.1115,20.244794,0.0195,28.342567,0.0315,12.147022,0.027,7.196141,22.65,20.301345,20.188259,20.408782,0.1245,35.0945,28.697,441.45,377.7,63.75,7.401275,17.73,8.1,5,0.0181,8.956429,15.868396,17.238714,15.294043,14.995754,17.164429,16.550621,14.503761,17.580338,16.18092,1,-1.744497,-10.466984,17.73,0,False,432.153841,0
TAO170W,A_tropical_8,MAM,2016-04-20T09:00Z,21.67,94713,-0.0225,-0.010333,-7.125309,-0.0025,-5.64744,-0.0425,-8.603177,0.0215,-9.583017,-8.7,-7.162573,-7.088043,-7.233337,-0.085,35.0205,29.6485,444.45,377.85,66.6,3.502357,0.6,0.0,5,-0.0219,-7.702442,15.868396,17.238714,15.294043,14.995754,17.164429,16.550621,14.503761,17.726781,16.312542,1,-0.408781,-2.452685,0.6,0,False,432.153841,0
TAO170W,A_tropical_8,JJA,2017-07-06T01:00Z,13.67,105313,-0.0745,-0.059167,-5.840056,-0.1235,-4.988722,-0.0255,-6.691389,-0.0245,-7.222721,-4.6,-5.810781,-5.869328,-5.75518,0.056,35.3205,28.8035,522.15,386.65,135.5,5.930919,12.703333,0.255,5,-0.0033,-5.002591,15.868396,17.238714,15.294043,14.995754,17.164429,16.550621,14.503761,20.597147,18.959409,1,-2.910409,-17.462455,12.703333,0,False,432.153841,0
TAO170W,A_tropical_8,JJA,2017-07-22T14:00Z,2.67,105710,-0.012,-0.008833,-2.337603,-0.0105,-2.244605,-0.0135,-2.430601,-0.013,1.889728,-3.55,-2.3663,-2.308904,-2.420795,-0.057,35.4475,28.4855,506.3,386.5,119.8,7.031573,6.505,12.81,5,-0.0024,2.548091,15.868396,17.238714,15.294043,14.995754,17.164429,16.550621,14.503761,19.943345,18.356637,1,-3.470537,-20.823223,12.81,0,False,432.153841,0
TAO170W,A_tropical_8,JJA,2017-07-26T03:00Z,15.67,105795,-0.015,-0.017167,1.269567,-0.012,8.870268,-0.018,-6.331134,-0.0625,-19.773814,5.85,1.377485,1.161666,1.582483,0.203,35.397,28.355,523.35,386.65,136.7,5.306802,2.803333,1.35,5,-0.0082,-0.045007,15.868396,17.238714,15.294043,14.995754,17.164429,16.550621,14.503761,20.60603,18.969257,1,-2.362301,-14.173804,2.803333,0,False,432.153841,0
TAO155W,A_tropical_8,DJF,2010-01-26T07:00Z,20.67,369,0.0,-0.040833,-4.05,0.0,-3.2,0.0,-4.9,0.0,-2.05,-4.05,-4.05,-4.05,-4.05,0.0,35.255,28.23,454.9,374.5,80.4,7.661424,14.963333,1.775,5,0.0,-0.49,16.097009,17.48691,15.533591,15.246655,17.404477,16.785213,14.720677,18.066399,16.627927,1,-2.421027,-14.526162,14.963333,0,False,439.275406,0
TAO155W,A_tropical_8,DJF,2010-02-01T12:00Z,1.67,518,0.0,-0.078,-8.25,0.0,-3.45,0.0,-13.05,0.0,-13.0,-8.25,-8.25,-8.25,-8.25,0.0,35.271,28.53,453.75,373.25,80.5,3.077124,16.458333,0.99,5,0.0,0.56,16.097009,17.48691,15.533591,15.246655,17.404477,16.785213,14.720677,18.019854,16.583379,1,-0.388202,-2.329212,16.458333,0,False,439.275406,0
TAO155W,A_tropical_8,DJF,2010-02-11T02:00Z,15.67,748,-0.102,-0.320833,-19.575484,-0.102,-1.209568,-0.102,-37.9414,-0.102,-8.084242,-21.15,-19.612704,-19.538265,-19.684231,-0.085,35.277,28.315,459.05,376.0,83.05,4.086334,16.633333,1.65,5,-0.001,-1.546668,16.097009,17.48691,15.533591,15.246655,17.404477,16.785213,14.720677,18.219802,16.768672,1,-0.718193,-4.309158,16.633333,0,False,439.275406,0
TAO155W,A_tropical_8,DJF,2010-02-14T12:00Z,1.67,830,0.0,-0.108167,-1.8,0.0,0.65,0.0,-4.25,0.0,-2.2,-1.8,-1.8,-1.8,-1.8,0.0,35.861,28.12,457.05,375.55,81.5,6.18292,26.678333,17.08,5,0.0,0.91,16.097009,17.48691,15.533591,15.246655,17.404477,16.785213,14.720677,17.948868,16.51305,1,-1.567039,-9.402235,26.678333,0,False,439.275406,0
TAO155W,A_tropical_8,DJF,2010-02-18T02:00Z,15.67,916,-0.006,-0.0815,-4.573546,-0.006,-5.524551,-0.006,-3.622541,-0.006,-0.519261,-5.05,-4.58481,-4.562282,-4.606456,-0.025,35.296,28.135,454.8,374.8,80.0,4.641943,15.26,24.09,5,0.0014,-1.325341,16.097009,17.48691,15.533591,15.246655,17.404477,16.785213,14.720677,18.047796,16.610815,1,-0.883416,-5.300493,24.09,0,False,439.275406,0
TAO155W,A_tropical_8,DJF,2010-02-21T02:00Z,15.67,988,-0.0385,-0.062667,-3.8,-0.0385,-1.7,-0.0385,-5.9,-0.0385,-7.35,-3.8,-3.8,-3.8,-3.8,0.0,35.3475,27.99,461.6,374.4,87.2,5.615541,13.846667,6.37,5,-0.0088,-1.434279,16.097009,17.48691,15.533591,15.246655,17.404477,16.785213,14.720677,18.290204,16.834467,1,-1.43485,-8.609102,13.846667,0,False,439.275406,0
TAO155W,A_tropical_8,DJF,2010-02-25T08:00Z,21.67,1090,0.0,-0.055,-2.7,0.0,-3.1,0.0,-2.3,0.0,-2.05,-2.7,-2.7,-2.7,-2.7,0.0,35.355,28.41,449.5,373.3,76.2,9.924601,16.475,4.34,5,0.0,-5.23,16.097009,17.48691,15.533591,15.246655,17.404477,16.785213,14.720677,17.827068,16.405363,1,-3.768651,-22.611907,16.475,0,False,439.275406,0
TAO155W,A_tropical_8,MAM,2010-03-11T20:00Z,9.67,1438,-0.0625,-0.0285,4.370079,0.0,1.45,-0.125,7.290159,-0.125,2.609998,5.35,4.393198,4.346964,4.437631,0.05,35.35,28.88,455.05,373.95,81.1,3.372282,2.123333,0.0,5,0.0257,5.040661,16.097009,17.48691,15.533591,15.246655,17.404477,16.785213,14.720677,18.046784,16.605673,1,-0.467952,-2.807712,2.123333,0,False,439.275406,0
TAO155W,A_tropical_8,MAM,2010-03-16T12:00Z,1.67,1550,0.0,-0.1065,-3.85,0.0,-1.1,0.0,-6.6,0.0,-6.7,-3.85,-3.85,-3.85,-3.85,0.0,35.289,28.56,458.3,373.55,84.75,4.744554,17.236667,8.505,5,0.0,-1.98,16.097009,17.48691,15.533591,15.246655,17.404477,16.785213,14.720677,18.189502,16.739401,1,-0.982747,-5.896483,17.236667,0,False,439.275406,0
TAO155W,A_tropical_8,MAM,2010-04-03T10:00Z,23.67,1980,0.0,-0.0075,-0.3,0.0,0.3,0.0,-0.9,0.0,-2.75,-0.3,-0.3,-0.3,-0.3,0.0,35.37,28.49,469.5,373.25,96.25,5.244934,4.55,3.795,5,0.0,-0.23,16.097009,17.48691,15.533591,15.246655,17.404477,16.785213,14.720677,18.592045,17.109882,1,-1.401971,-8.411826,4.55,0,False,439.275406,0
TAO140W,A_tropical_8,JJA,2004-06-10T10:00Z,0.67,508,-0.037,-0.038389,-1.31064,-0.0085,-1.038098,-0.0655,-1.583182,-0.0365,-6.241868,-2.5,-1.33879,-1.282488,-1.393492,-0.06,35.3535,27.04,470.45,363.05,107.4,7.362041,21.681667,7.5,5,0.0021,2.543187,16.160495,17.552609,15.576954,15.296303,17.488554,16.859699,14.761101,18.610835,17.135467,1,-3.147591,-18.885546,21.681667,0,False,439.865829,0
TAO140W,A_tropical_8,MAM,2005-03-27T17:00Z,7.67,7475,-0.0655,-0.057528,-3.061072,-0.0865,-3.115473,-0.0445,-3.006672,-0.0445,-6.132623,-1.75,-3.030196,-3.091943,-2.970176,0.0695,34.9725,27.2395,447.1,364.45,82.65,3.606477,5.816667,0.15,5,-0.0021,0.957072,16.160495,17.552609,15.576954,15.296303,17.488554,16.859699,14.761101,17.845837,16.432611,1,-0.553142,-3.318854,5.816667,0,False,439.865829,0
TAO140W,A_tropical_8,JJA,2005-06-03T02:00Z,16.67,9092,-0.0295,-0.028694,-7.022842,-0.0245,-5.428259,-0.0345,-8.617425,-0.216,-15.499235,-7.55,-7.035252,-7.010435,-7.059375,-0.0265,35.0525,26.9825,472.1,365.45,106.65,2.842326,1.97,17.15,5,-0.0004,-4.175327,16.160495,17.552609,15.576954,15.296303,17.488554,16.859699,14.761101,18.776181,17.291532,1,-0.474818,-2.848909,17.15,0,False,439.865829,0
TAO140W,A_tropical_8,JJA,2008-06-11T14:00Z,4.67,35600,0.0,0.005,2.596857,0.0,2.55717,0.0,2.636544,-0.002,-0.009731,1.65,2.574457,2.619258,2.530928,-0.047,35.364,26.222,474.25,373.05,101.2,6.825748,0.666667,0.695,5,0.0,1.952326,16.160495,17.552609,15.576954,15.296303,17.488554,16.859699,14.761101,18.73503,17.255009,1,-2.601652,-15.609914,0.695,0,False,439.865829,0
TAO140W,A_tropical_8,JJA,2008-08-06T02:00Z,16.67,36932,0.012,-0.002,-3.465888,0.012,-3.465888,0.012,,0.012,-3.771681,-2.9,-3.452407,-3.479374,-3.426222,-0.013,35.301,26.0545,474.2,371.5,102.7,5.296541,6.606667,2.295,5,0.002,-1.454724,16.160495,17.552609,15.576954,15.296303,17.488554,16.859699,14.761101,18.750664,17.271215,1,-1.597662,-9.585974,6.606667,0,False,439.865829,0
TAO140W,A_tropical_8,JJA,2009-07-10T13:00Z,3.67,45055,0.0,-0.0125,1.92635,0.0,1.341897,0.0,2.510803,-0.012,0.952903,0.8,1.899693,1.953008,1.847893,-0.0555,35.206,27.224,478.35,371.95,106.4,7.514449,11.981667,1.84,5,0.0,2.9616,16.160495,17.552609,15.576954,15.296303,17.488554,16.859699,14.761101,18.966847,17.464401,1,-3.333115,-19.998691,11.981667,0,False,439.865829,0
TAO140W,A_tropical_8,MAM,2015-04-12T14:00Z,4.67,95504,-0.6275,-0.608833,-29.923528,-0.025,-1.246213,-1.23,-58.600843,-0.6205,-35.162816,-34.5,-30.032521,-29.814496,-30.244223,-0.2735,34.923,27.9035,445.8,381.55,64.25,2.930753,34.27,23.29,5,0.032,3.411114,16.160495,17.552609,15.576954,15.296303,17.488554,16.859699,14.761101,17.821035,16.406736,1,-0.281339,-1.688034,34.27,0,False,439.865829,1
TAO140W,A_tropical_8,JJA,2015-06-30T06:00Z,20.67,97392,-0.019,-0.021167,-1.232234,-0.0165,-1.071903,-0.0215,-1.392566,-0.0275,-1.154808,-3.95,-1.296651,-1.167809,-1.421813,-0.1345,35.2345,28.133,479.8,382.6,97.2,6.370336,1.93,1.125,5,0.0005,0.735263,16.160495,17.552609,15.576954,15.296303,17.488554,16.859699,14.761101,19.027892,17.515215,1,-2.169684,-13.018105,1.93,0,False,439.865829,0
TAO140W,A_tropical_8,MAM,2016-03-03T02:00Z,16.67,103316,-0.1025,-0.088167,-17.499966,-0.0705,-17.051644,-0.1345,-17.948287,-0.1095,-13.129416,-16.4,-17.474015,-17.525913,-17.423577,0.057,34.9755,28.396,478.6,388.9,89.7,2.36609,4.608333,0.345,5,-0.0095,-3.443883,16.160495,17.552609,15.576954,15.296303,17.488554,16.859699,14.761101,19.076615,17.561512,1,-0.277752,-1.666511,4.608333,0,False,439.865829,0
TAO140W,A_tropical_8,MAM,2016-03-09T07:00Z,21.67,103465,0.0085,0.012,-0.941901,0.0065,0.705904,0.0105,-2.589706,-0.0065,-0.510911,-4.6,-1.028666,-0.855122,-1.197242,-0.185,35.0195,27.858,473.0,389.15,83.85,6.001238,3.343333,0.58,5,0.0156,2.741792,16.160495,17.552609,15.576954,15.296303,17.488554,16.859699,14.761101,18.837621,17.343532,1,-1.652777,-9.916664,3.343333,0,False,439.865829,0
TAO125W,A_tropical_8,MAM,2010-04-24T12:00Z,3.67,52332,0.0,-0.037167,5.004368,0.0,2.919804,0.0,7.088931,0.0,5.420501,1.75,4.927158,5.081591,4.77354,-0.162,34.709,26.573,471.2,374.45,96.75,7.777918,8.883333,5.99,5,0.0,3.560939,16.14334,17.525961,15.546251,15.298614,17.497997,16.856829,14.713511,18.852497,17.367695,1,-3.287777,-19.726663,8.883333,0,False,438.661624,0
TAO110W,A_tropical_8,MAM,2015-05-05T08:00Z,0.67,49372,-0.0415,-0.047333,0.291222,0.0,0.291222,-0.083,,-0.1035,-5.165171,-0.15,0.280794,0.30165,0.25725,-0.051,34.946,27.9515,463.05,384.3,78.75,4.714978,11.408333,9.95,5,0.0145,3.961062,18.058187,19.584366,17.40041,17.19135,19.690291,18.918838,16.326657,18.474478,17.009252,1,-0.936967,-5.621801,11.408333,0,False,494.747246,0
TAO110W,A_tropical_8,MAM,2015-05-06T15:00Z,7.67,49403,-0.0285,-0.025167,-0.98332,-0.017,-0.468842,-0.04,-1.497798,-0.0695,-7.191462,-0.85,-0.980175,-0.986465,-0.973074,0.007,34.834,28.01,451.45,384.85,66.6,6.635314,1.571667,0.68,5,0.0093,2.275952,18.058187,19.584366,17.40041,17.19135,19.690291,18.918838,16.326657,18.065051,16.632422,1,-1.526549,-9.159296,1.571667,0,False,494.747246,0
TAO110W,A_tropical_8,DJF,2018-02-28T15:00Z,7.67,74099,-0.0195,-0.003667,-0.798963,-0.025,-0.57168,-0.014,-1.026246,0.035,5.916914,-1.55,-0.816721,-0.781205,-0.856812,-0.04,33.854,26.064,450.65,390.1,60.55,3.766127,16.558333,0.0,5,0.0612,14.306248,18.058187,19.584366,17.40041,17.19135,19.690291,18.918838,16.326657,18.343352,16.906694,1,-0.478625,-2.871749,16.558333,0,False,494.747246,0
KEO,B_subtropical_midlatitude_5,SON,2007-10-19T21:00Z,6.64,635,-0.4405,-0.396833,-1.979524,-0.4845,6.011549,-0.3965,-9.970597,-0.276,-7.705879,-4.8,-2.046519,-1.912513,-2.16381,-0.1865,34.5025,26.041,355.4,367.6,-12.2,6.917796,82.144167,53.6,5,0.0077,2.010157,12.559796,13.614533,12.047663,11.948494,13.604622,13.110066,11.457267,14.390091,13.255482,1,0.234193,1.405157,82.144167,0,False,337.820907,1
KEO,B_subtropical_midlatitude_5,SON,2007-11-06T00:00Z,9.64,1046,-0.2015,-0.138167,-1.006505,-0.192,-0.899585,-0.211,-1.113424,-0.0225,-6.517527,-2.75,-1.047866,-0.965137,-1.120284,-0.118,34.343,24.6215,351.6,373.7,-22.1,10.136765,33.531667,5.4,5,0.0133,1.418661,12.559796,13.614533,12.047663,11.948494,13.604622,13.110066,11.457267,14.269905,13.152258,1,0.920592,5.523553,33.531667,0,False,337.820907,1
KEO,B_subtropical_midlatitude_5,SON,2007-11-28T09:00Z,18.64,1583,0.004,-0.0065,-0.214954,-0.004,0.120294,0.012,-0.550201,0.0115,0.857071,-0.45,-0.220513,-0.209394,-0.23025,-0.0165,34.532,23.1675,336.9,373.7,-36.8,9.185198,12.065,4.4,5,-0.0031,0.10349,12.559796,13.614533,12.047663,11.948494,13.604622,13.110066,11.457267,13.617195,12.556508,1,1.205065,7.23039,12.065,0,False,337.820907,0
KEO,B_subtropical_midlatitude_5,DJF,2007-12-13T00:00Z,9.64,1934,-0.016,-0.0305,5.650946,-0.023,6.517805,-0.009,4.784087,0.0195,0.190881,5.0,5.635541,5.666353,5.608563,-0.046,34.644,21.4455,328.15,375.5,-47.35,9.311048,9.726667,8.3,5,-0.0118,-0.637948,12.559796,13.614533,12.047663,11.948494,13.604622,13.110066,11.457267,13.212991,12.192502,1,1.569317,9.415904,9.726667,0,False,337.820907,0
KEO,B_subtropical_midlatitude_5,DJF,2007-12-22T12:00Z,21.64,2162,-0.0075,-0.008833,0.075625,-0.0085,0.090282,-0.0065,0.060968,-0.0625,4.458129,0.15,0.077383,0.073866,0.080462,0.0055,34.7155,20.524,318.75,385.1,-66.35,13.359054,8.573333,8.05,5,0.0031,1.146438,12.559796,13.614533,12.047663,11.948494,13.604622,13.110066,11.457267,12.808409,11.823889,1,4.40598,26.435883,8.573333,0,False,337.820907,0
KEO,B_subtropical_midlatitude_5,DJF,2008-01-20T23:00Z,8.64,2869,-0.091,-0.050333,-1.022487,-0.1475,-0.047724,-0.0345,-1.99725,-0.025,-7.159057,-1.3,-1.029032,-1.015942,-1.040496,-0.0205,34.6985,19.3965,322.5,381.5,-59.0,14.225514,27.876667,8.68,5,0.0074,0.117043,12.559796,13.614533,12.047663,11.948494,13.604622,13.110066,11.457267,12.930966,11.944595,1,4.585502,27.513013,27.876667,0,False,337.820907,0
KEO,B_subtropical_midlatitude_5,DJF,2008-01-28T14:00Z,23.64,3052,-0.086,-0.051833,20.419381,-0.0635,13.708061,-0.1085,27.1307,-0.073,7.396633,4.0,20.021671,20.817564,19.326303,-1.1215,34.6465,17.618,335.85,382.85,-47.0,11.364778,10.35,8.255,5,0.012,-3.315255,12.559796,13.614533,12.047663,11.948494,13.604622,13.110066,11.457267,13.404031,12.395646,1,2.529435,15.17661,10.35,0,False,337.820907,0
KEO,B_subtropical_midlatitude_5,DJF,2008-02-02T04:00Z,13.64,3162,-0.0595,-0.042,1.84064,-0.0695,5.133124,-0.0495,-1.451844,-0.0555,-3.214563,-2.95,1.726101,1.955242,1.525662,-0.354,34.5495,16.0415,319.8,384.25,-64.45,7.400068,3.265,0.0,5,-0.0121,-0.876878,12.559796,13.614533,12.047663,11.948494,13.604622,13.110066,11.457267,12.758598,11.810438,1,1.422367,8.534204,3.265,0,False,337.820907,0
KEO,B_subtropical_midlatitude_5,DJF,2008-02-26T16:00Z,1.64,3750,0.0165,0.007667,-12.798217,0.018,-9.981366,0.015,-15.615067,0.0255,-17.703983,-4.7,-12.610513,-12.985742,-12.281359,0.5865,34.683,17.332,334.9,382.95,-48.05,15.600502,1.675,4.365,5,0.0051,-1.177376,12.559796,13.614533,12.047663,11.948494,13.604622,13.110066,11.457267,13.348112,12.345924,1,4.868641,29.211844,4.365,0,False,337.820907,0
KEO,B_subtropical_midlatitude_5,MAM,2008-03-19T18:00Z,3.64,4280,0.016,0.011,-0.798986,0.018,4.903117,0.014,-6.501089,-0.006,-2.162977,-2.95,-0.850248,-0.747705,-0.939974,-0.2095,34.668,18.6115,321.8,383.5,-61.7,12.750631,2.256667,11.875,5,-0.0018,-0.00688,12.559796,13.614533,12.047663,11.948494,13.604622,13.110066,11.457267,12.889951,11.912208,1,3.892511,23.355064,11.875,0,False,337.820907,0
KEO,B_subtropical_midlatitude_5,MAM,2008-03-24T21:00Z,6.64,4403,-0.122,-0.058167,-1.231632,-0.0535,-1.408018,-0.1905,-1.055246,-0.1325,-6.089242,0.7,-1.186025,-1.277237,-1.106146,0.1425,34.6875,18.4585,322.0,380.85,-58.85,5.016775,15.736667,8.07,5,0.0049,-0.625019,12.559796,13.614533,12.047663,11.948494,13.604622,13.110066,11.457267,12.888265,11.911643,1,0.576006,3.456037,15.736667,0,False,337.820907,0
KEO,B_subtropical_midlatitude_5,MAM,2008-03-30T08:00Z,17.64,4534,-0.0075,-0.007,4.101226,-0.012,3.445268,-0.003,4.757183,-0.0005,6.149247,5.1,4.124833,4.077619,4.166176,0.0735,34.69,18.2315,314.05,386.4,-72.35,7.608006,2.851667,8.96,5,-0.0013,-1.224458,12.559796,13.614533,12.047663,11.948494,13.604622,13.110066,11.457267,12.574261,11.6226,1,1.582759,9.496556,8.96,0,False,337.820907,0
KEO,B_subtropical_midlatitude_5,MAM,2008-04-03T01:00Z,10.64,4623,0.0035,-0.006667,-0.12026,0.0,-4.916822,0.007,4.676301,0.007,1.404463,2.3,-0.062967,-0.177558,0.037362,0.174,34.671,17.6995,326.0,384.7,-58.7,13.323743,1.583333,6.555,5,0.0085,-0.389119,12.559796,13.614533,12.047663,11.948494,13.604622,13.110066,11.457267,13.022863,12.041889,1,4.168563,25.011379,6.555,0,False,337.820907,0
KEO,B_subtropical_midlatitude_5,MAM,2008-04-10T14:00Z,23.64,4804,-0.0115,0.001833,0.926249,0.0155,0.004862,-0.0385,1.847635,-0.0215,1.935518,1.0,0.927988,0.924509,0.931035,0.0055,34.7165,18.426,318.45,381.95,-63.5,10.605758,17.916667,8.605,5,-0.0017,5.187624,12.559796,13.614533,12.047663,11.948494,13.604622,13.110066,11.457267,12.743067,11.777351,1,2.736378,16.418267,17.916667,0,False,337.820907,0
KEO,B_subtropical_midlatitude_5,MAM,2008-05-01T23:00Z,8.64,5317,-0.0065,-0.001333,-2.395862,-0.004,-1.672223,-0.009,-3.1195,-0.065,-2.836544,-1.5,-2.374715,-2.417007,-2.337678,0.0675,34.705,19.1355,316.0,381.5,-65.5,11.367796,2.833333,7.33,5,0.0377,-1.892581,12.559796,13.614533,12.047663,11.948494,13.604622,13.110066,11.457267,12.670711,11.705573,1,3.179197,19.075183,7.33,0,False,337.820907,0
KEO,B_subtropical_midlatitude_5,MAM,2008-05-15T18:00Z,3.64,5648,-0.057,-0.067833,-6.654238,-0.0735,-3.651491,-0.0405,-9.656986,-0.0495,-6.36575,-4.75,-6.609346,-6.699125,-6.530712,0.1405,34.6435,19.703,327.2,381.85,-54.65,2.710441,7.335,1.105,5,-0.005,-0.192354,12.559796,13.614533,12.047663,11.948494,13.604622,13.110066,11.457267,13.135238,12.131735,1,0.156747,0.940484,7.335,0,False,337.820907,0
KEO,B_subtropical_midlatitude_5,MAM,2008-05-23T17:00Z,2.64,5839,-0.026,-0.029333,-0.216873,-0.0315,-1.683967,-0.0205,1.250221,-0.0195,-4.373427,-1.45,-0.246062,-0.187682,-0.297177,-0.087,34.5585,20.98,336.4,380.45,-44.05,2.870393,3.333333,11.1,5,-0.0058,-1.308524,12.559796,13.614533,12.047663,11.948494,13.604622,13.110066,11.457267,13.546872,12.504363,1,0.144654,0.867925,11.1,0,False,337.820907,0
KEO,B_subtropical_midlatitude_5,MAM,2008-05-29T16:00Z,1.64,5982,0.0295,-0.051333,-2.434402,0.0245,-3.519914,0.0345,-1.34889,0.009,-2.605738,-2.45,-2.434766,-2.434038,-2.435405,-0.001,34.3655,21.0385,331.65,375.1,-43.45,10.49198,18.69,27.39,5,-0.0144,-0.998475,12.559796,13.614533,12.047663,11.948494,13.604622,13.110066,11.457267,13.414498,12.382517,1,1.887704,11.326227,27.39,0,False,337.820907,0
KEO,B_subtropical_midlatitude_5,JJA,2008-06-02T19:00Z,4.64,6081,-0.091,0.01,14.736417,-0.0695,14.736417,-0.1125,,-0.0865,,12.0,14.671487,14.801359,14.557803,-0.2085,34.4325,21.1505,332.2,379.35,-47.15,15.339145,16.136667,53.57,5,-0.0193,-1.846423,12.559796,13.614533,12.047663,11.948494,13.604622,13.110066,11.457267,13.420634,12.387197,1,4.367025,26.202152,53.57,0,False,337.820907,0
KEO,B_subtropical_midlatitude_5,JJA,2008-06-05T05:00Z,14.64,6139,-0.0435,-0.045167,2.066124,-0.0665,3.607435,-0.0205,0.524813,-0.0225,-2.38325,1.65,2.056284,2.075965,2.03905,-0.0295,34.3775,20.956,330.0,377.3,-47.3,11.328864,10.86,11.17,5,0.0126,0.655063,12.559796,13.614533,12.047663,11.948494,13.604622,13.110066,11.457267,13.344875,12.318628,1,2.382273,14.293639,11.17,0,False,337.820907,0
KEO,B_subtropical_midlatitude_5,JJA,2008-06-09T06:00Z,15.64,6236,0.0195,-0.002333,-0.424854,0.009,-1.384099,0.03,0.534391,0.0,5.140243,1.3,-0.384149,-0.465555,-0.312855,0.121,34.359,21.3935,335.8,375.6,-39.8,9.351187,5.945,4.575,5,0.0065,-0.234554,12.559796,13.614533,12.047663,11.948494,13.604622,13.110066,11.457267,13.586629,12.539423,1,1.388761,8.332569,5.945,0,False,337.820907,0
KEO,B_subtropical_midlatitude_5,JJA,2008-06-15T23:00Z,8.64,6397,-0.0285,0.015,-1.409782,0.0155,-0.841579,-0.0725,-1.977984,-0.237,-6.691712,-0.35,-1.384761,-1.434801,-1.340939,0.0705,34.4835,22.7475,356.15,375.0,-18.85,5.271794,1.295,10.295,5,-0.0046,-0.530858,12.559796,13.614533,12.047663,11.948494,13.604622,13.110066,11.457267,14.376904,13.260698,1,0.219714,1.318283,10.295,0,False,337.820907,0
KEO,B_subtropical_midlatitude_5,SON,2008-09-15T15:00Z,0.64,8597,0.001,0.003167,0.066576,0.0085,-0.020165,-0.0065,0.153317,-0.0325,-2.367057,-0.55,0.051976,0.081177,0.02641,-0.0395,34.0945,27.7325,369.45,365.9,3.55,7.596236,2.533333,13.4,5,-0.0288,-0.566845,12.559796,13.614533,12.047663,11.948494,13.604622,13.110066,11.457267,15.078408,13.885202,1,-0.086171,-0.517024,13.4,0,False,337.820907,0
KEO,B_subtropical_midlatitude_5,SON,2008-09-17T01:00Z,10.64,8631,0.0025,-0.008167,-0.869614,-0.0,-0.735706,0.005,-1.003523,-0.1255,-0.770928,-0.8,-0.867968,-0.87126,-0.865085,0.0045,33.879,27.948,366.65,366.75,-0.1,5.767345,0.633333,6.425,5,-0.0342,1.059192,12.559796,13.614533,12.047663,11.948494,13.604622,13.110066,11.457267,15.032928,13.843465,1,0.001397,0.008379,6.425,0,False,337.820907,0
KEO,B_subtropical_midlatitude_5,SON,2008-09-28T20:00Z,5.64,8914,0.029,0.009333,1.35892,0.0055,1.414897,0.0525,1.302943,0.05,2.536725,1.55,1.363437,1.354402,1.371349,0.0125,34.0855,27.069,359.2,370.45,-11.25,9.244049,0.616667,0.93,5,0.0138,-0.779507,12.559796,13.614533,12.047663,11.948494,13.604622,13.110066,11.457267,14.669228,13.51067,1,0.39357,2.361421,0.93,0,False,337.820907,0
KEO,B_subtropical_midlatitude_5,SON,2008-10-01T03:00Z,12.64,8969,-0.095,-0.0704,-0.98682,,,-0.095,-0.98682,-0.057,-0.441762,-1.7,-1.003691,-0.969949,-1.033236,-0.042,34.126,26.804,359.9,368.3,-8.4,8.537843,34.606667,10.33,5,-0.0361,0.779546,12.559796,13.614533,12.047663,11.948494,13.604622,13.110066,11.457267,14.683565,13.524783,1,0.25155,1.509303,34.606667,0,False,337.820907,0
KEO,B_subtropical_midlatitude_5,SON,2008-10-07T19:00Z,4.64,9129,-0.036,-0.095667,-1.59138,-0.0535,-1.455442,-0.0185,-1.727319,-0.375,-4.635931,-0.95,-1.576244,-1.606516,-1.549732,0.043,34.1325,26.218,353.6,372.1,-18.5,7.707901,20.375,13.565,5,0.0031,-0.197677,12.559796,13.614533,12.047663,11.948494,13.604622,13.110066,11.457267,14.426649,13.29035,1,0.444569,2.667411,20.375,0,False,337.820907,0
KEO,B_subtropical_midlatitude_5,SON,2008-10-11T04:00Z,13.64,9210,-0.09,0.015167,-1.426128,-0.0605,-1.583666,-0.1195,-1.26859,0.0035,0.044219,-1.6,-1.430275,-1.421979,-1.437533,-0.0115,33.9385,26.775,361.3,370.05,-8.75,9.008647,42.965,6.455,5,0.0026,-0.645079,12.559796,13.614533,12.047663,11.948494,13.604622,13.110066,11.457267,14.795053,13.628553,1,0.295714,1.774286,42.965,0,False,337.820907,0
KEO,B_subtropical_midlatitude_5,SON,2008-10-26T18:00Z,3.64,9584,0.011,-0.012167,1.326272,-0.012,1.296774,0.034,1.35577,0.0285,0.541079,0.45,1.305531,1.347014,1.269211,-0.0595,33.999,25.2305,347.35,378.6,-31.25,9.835571,7.3,4.16,5,0.0086,0.48682,12.559796,13.614533,12.047663,11.948494,13.604622,13.110066,11.457267,14.207244,13.093022,1,1.217196,7.303177,7.3,0,False,337.820907,0
KEO,B_subtropical_midlatitude_5,SON,2008-10-31T21:00Z,6.64,9707,-0.0575,-0.039,-1.124293,-0.0525,0.094965,-0.0625,-2.34355,-0.0435,-1.409275,-2.85,-1.165189,-1.083391,-1.2368,-0.1195,34.1785,24.7,343.5,376.9,-33.4,5.112445,21.483333,15.2,5,0.0076,0.256281,12.559796,13.614533,12.047663,11.948494,13.604622,13.110066,11.457267,13.996985,12.900811,1,0.346044,2.076264,21.483333,0,False,337.820907,0
KEO,B_subtropical_midlatitude_5,SON,2008-11-03T02:00Z,11.64,9760,-0.0105,0.008167,-0.108811,-0.019,-1.157258,-0.002,0.939636,-0.013,-1.242193,2.7,-0.042646,-0.174965,0.073257,0.193,34.184,24.966,342.95,376.95,-34.0,9.742014,12.15,4.745,5,-0.012,-0.451343,12.559796,13.614533,12.047663,11.948494,13.604622,13.110066,11.457267,13.976683,12.880775,1,1.272173,7.633036,12.15,0,False,337.820907,0
KEO,B_subtropical_midlatitude_5,SON,2008-11-07T04:00Z,13.64,9858,0.0075,-0.034333,1.372093,-0.005,2.952187,0.02,-0.208001,0.009,-1.817305,-0.65,1.324154,1.420038,1.240216,-0.1355,34.215,25.2765,352.6,378.3,-25.7,12.705663,13.5,15.81,5,-0.0273,-1.247078,12.559796,13.614533,12.047663,11.948494,13.604622,13.110066,11.457267,14.35409,13.227333,1,1.684298,10.105789,15.81,0,False,337.820907,0
KEO,B_subtropical_midlatitude_5,SON,2008-11-27T16:00Z,1.64,10350,-0.025,-0.036167,3.559097,-0.0545,4.744452,0.0045,2.373742,0.048,-1.096578,1.35,3.506281,3.611941,3.413855,-0.156,34.0995,21.4905,332.9,382.3,-49.4,9.36175,14.3,9.55,5,-0.0115,2.113741,12.559796,13.614533,12.047663,11.948494,13.604622,13.110066,11.457267,13.54559,12.50192,1,1.727267,10.363599,14.3,0,False,337.820907,0
KEO,B_subtropical_midlatitude_5,DJF,2008-12-09T17:00Z,2.64,10639,0.007,0.085333,-10.070085,0.049,-10.934352,-0.035,-9.205819,-0.0335,-9.881874,-4.45,-9.938033,-10.202098,-9.706678,0.408,34.258,21.2865,333.0,382.4,-49.4,10.427094,4.216667,11.035,5,0.0097,-1.054474,12.559796,13.614533,12.047663,11.948494,13.604622,13.110066,11.457267,13.501899,12.462198,1,2.133863,12.803178,11.035,0,False,337.820907,0
KEO,B_subtropical_midlatitude_5,DJF,2008-12-13T20:00Z,5.64,10738,-0.0275,-0.02,-7.979445,-0.0375,-2.034419,-0.0175,-13.924472,-0.0325,-9.451224,-2.45,-7.850079,-8.108747,-7.623363,0.408,34.4055,22.132,327.75,379.85,-52.1,5.344829,7.433333,8.615,5,-0.0079,-0.345361,12.559796,13.614533,12.047663,11.948494,13.604622,13.110066,11.457267,13.273534,12.245546,1,0.569053,3.414316,8.615,0,False,337.820907,0
KEO,B_subtropical_midlatitude_5,DJF,2008-12-17T12:00Z,21.64,10826,0.0265,0.021333,7.607933,0.054,5.146085,-0.001,10.069781,-0.021,4.054712,8.6,7.631294,7.584576,7.672216,0.0705,34.494,21.8145,327.05,380.65,-53.6,8.785317,9.683333,9.295,5,0.0221,-1.364391,12.559796,13.614533,12.047663,11.948494,13.604622,13.110066,11.457267,13.216657,12.194434,1,1.577804,9.466823,9.683333,0,False,337.820907,0
KEO,B_subtropical_midlatitude_5,DJF,2009-01-22T20:00Z,5.64,11698,0.0145,0.0095,2.235272,0.0145,2.022595,0.0145,2.447948,-0.0,2.751249,3.0,2.253331,2.217214,2.28496,0.056,34.5515,18.958,320.45,384.05,-63.6,12.406884,2.23,10.97,5,-0.0041,0.75368,12.559796,13.614533,12.047663,11.948494,13.604622,13.110066,11.457267,12.877171,11.898488,1,3.779674,22.678044,10.97,0,False,337.820907,0
KEO,B_subtropical_midlatitude_5,DJF,2009-02-27T08:00Z,17.64,12550,-0.0185,-0.010167,-1.993874,-0.005,-2.438184,-0.032,-1.549563,-0.0145,-1.307526,-1.45,-1.981012,-2.006735,-1.958489,0.04,34.65,18.654,322.5,386.85,-64.35,10.574974,3.95,6.665,5,-0.0021,1.125526,12.559796,13.614533,12.047663,11.948494,13.604622,13.110066,11.457267,12.922785,11.942378,1,2.800782,16.804694,6.665,0,False,337.820907,0
KEO,B_subtropical_midlatitude_5,MAM,2009-03-01T00:00Z,9.64,12590,-0.0055,-0.004167,1.245312,-0.005,1.236165,-0.006,1.254459,-0.005,0.931248,1.15,1.243058,1.247565,1.239112,-0.007,34.65,18.565,320.8,385.4,-64.6,11.721804,5.951667,7.64,5,0.0022,1.30887,12.559796,13.614533,12.047663,11.948494,13.604622,13.110066,11.457267,12.854559,11.879864,1,3.435977,20.615861,7.64,0,False,337.820907,0
KEO,B_subtropical_midlatitude_5,MAM,2009-03-03T22:00Z,7.64,12660,-0.0155,-0.0085,-0.327163,-0.0135,0.554765,-0.0175,-1.209091,-0.0175,6e-06,-0.3,-0.326521,-0.327805,-0.325397,0.002,34.6545,18.438,323.4,387.0,-63.6,15.355442,9.983333,16.335,5,0.0074,0.227793,12.559796,13.614533,12.047663,11.948494,13.604622,13.110066,11.457267,12.950043,11.969121,1,5.87523,35.251382,16.335,0,False,337.820907,0
KEO,B_subtropical_midlatitude_5,MAM,2009-03-07T23:00Z,8.64,12757,-0.0205,-0.010167,-1.472076,-0.015,-0.874098,-0.026,-2.070054,-0.014,2.13056,-2.6,-1.49881,-1.445338,-1.545621,-0.0835,34.648,18.236,322.1,386.5,-64.4,1.970736,5.9,15.525,5,0.0057,1.012818,12.559796,13.614533,12.047663,11.948494,13.604622,13.110066,11.457267,12.895522,11.920135,1,0.097818,0.586909,15.525,0,False,337.820907,0
KEO,B_subtropical_midlatitude_5,MAM,2009-03-09T15:00Z,0.64,12797,-0.014,-0.013667,-1.234,-0.004,-1.636456,-0.024,-0.831545,-0.0295,1.211524,-1.2,-1.233196,-1.234804,-1.231789,0.0025,34.645,18.315,322.05,384.95,-62.9,13.982265,13.65,24.17,5,-0.0028,0.002317,12.559796,13.614533,12.047663,11.948494,13.604622,13.110066,11.457267,12.896728,11.920697,1,4.803243,28.819456,24.17,0,False,337.820907,0
KEO,B_subtropical_midlatitude_5,MAM,2009-03-20T09:00Z,18.64,13055,-0.015,-0.018667,0.97501,-0.013,0.810089,-0.017,1.139932,-0.015,0.665603,-1.05,0.926976,1.023053,0.842873,-0.149,34.686,18.719,321.35,385.1,-63.75,13.088945,10.5,21.88,5,-0.0055,-3.399683,12.559796,13.614533,12.047663,11.948494,13.604622,13.110066,11.457267,12.871088,11.893913,1,4.220171,25.321028,21.88,0,False,337.820907,0
KEO,B_subtropical_midlatitude_5,MAM,2009-03-22T16:00Z,1.64,13110,-0.013,-0.006,0.839635,-0.01,-0.522417,-0.016,2.201688,-0.009,1.077652,1.7,0.859995,0.819275,0.895649,0.0625,34.692,19.2995,322.75,384.35,-61.6,16.423804,10.133333,26.045,5,-0.0019,-0.523511,12.559796,13.614533,12.047663,11.948494,13.604622,13.110066,11.457267,12.939719,11.953379,1,6.398878,38.393266,26.045,0,False,337.820907,0
KEO,B_subtropical_midlatitude_5,MAM,2009-03-24T07:00Z,16.64,13149,0.02,-0.038667,-2.388095,0.02,-2.388095,,,0.0195,-4.516974,-3.3,-2.40967,-2.36652,-2.447452,-0.166,34.642,18.7485,316.9,384.2,-67.3,9.111258,17.033333,1.465,5,-0.0088,-0.619225,12.559796,13.614533,12.047663,11.948494,13.604622,13.110066,11.457267,12.710965,11.745738,1,2.124278,12.745671,17.033333,0,False,337.820907,0
KEO,B_subtropical_midlatitude_5,MAM,2009-04-05T07:00Z,16.64,13437,0.0185,-0.004167,0.321355,0.011,-2.22552,0.026,2.868231,-0.0075,7.641948,-1.9,0.268686,0.374032,0.176464,-0.163,34.671,18.0675,321.25,385.95,-64.7,8.471448,4.033333,4.435,5,-0.0048,2.941675,12.559796,13.614533,12.047663,11.948494,13.604622,13.110066,11.457267,12.851829,11.880802,1,1.812498,10.87499,4.435,0,False,337.820907,0
KEO,B_subtropical_midlatitude_5,MAM,2009-04-12T02:00Z,11.64,13600,-0.0205,-0.012167,3.012553,-0.013,3.08132,-0.028,2.943785,-0.001,-0.655856,0.15,2.944579,3.080541,2.825572,-0.21,34.678,19.9645,320.65,386.2,-65.55,12.340488,14.233333,16.025,5,0.0043,-0.343525,12.559796,13.614533,12.047663,11.948494,13.604622,13.110066,11.457267,12.878829,11.892721,1,3.778466,22.670797,16.025,0,False,337.820907,0
KEO,B_subtropical_midlatitude_5,MAM,2009-04-14T20:00Z,5.64,13666,-0.0175,-0.0165,0.927358,-0.022,0.927358,-0.013,,-0.0135,,-1.45,0.870985,0.983739,0.77228,-0.126,34.675,20.1115,322.15,382.7,-60.55,14.634147,26.233333,18.345,5,0.0029,-0.649107,12.559796,13.614533,12.047663,11.948494,13.604622,13.110066,11.457267,12.941432,11.94967,1,4.927574,29.565447,26.233333,0,False,337.820907,0
KEO,B_subtropical_midlatitude_5,MAM,2009-04-25T07:00Z,16.64,13917,-0.005,-0.001833,19.442003,-0.0055,5.682687,-0.0045,33.201319,-0.0125,8.033938,16.05,19.361604,19.522413,19.220826,-0.2405,34.7005,19.3665,314.95,389.0,-74.05,14.830315,6.016667,5.18,5,0.0056,-2.052023,12.559796,13.614533,12.047663,11.948494,13.604622,13.110066,11.457267,12.637058,11.67293,1,6.072297,36.433781,6.016667,0,False,337.820907,0
KEO,B_subtropical_midlatitude_5,MAM,2009-05-18T13:00Z,22.64,14475,0.0345,0.046,-8.149174,0.0435,-8.204046,0.0255,-8.094302,-0.1745,-6.085414,1.55,-7.92263,-8.375586,-7.52557,0.713,34.6335,19.38,323.4,383.3,-59.9,7.84371,4.316667,0.0,5,-0.0118,-0.357403,12.559796,13.614533,12.047663,11.948494,13.604622,13.110066,11.457267,12.98199,11.992213,1,1.425024,8.550145,4.316667,0,False,337.820907,0
KEO,B_subtropical_midlatitude_5,MAM,2009-05-27T16:00Z,1.64,14694,-0.0255,0.011,2.697433,0.008,0.684464,-0.059,4.710402,-0.0795,4.080137,-0.6,2.619009,2.77588,2.481721,-0.237,34.568,20.8635,327.3,381.4,-54.1,13.553713,10.766667,20.205,5,-0.0116,0.502808,12.559796,13.614533,12.047663,11.948494,13.604622,13.110066,11.457267,13.18709,12.172507,1,3.830951,22.985704,20.205,0,False,337.820907,0
KEO,B_subtropical_midlatitude_5,JJA,2009-06-03T18:00Z,3.64,14864,-0.0415,-0.030333,4.010819,-0.052,4.843015,-0.031,3.178622,-0.034,2.626428,0.8,3.934682,4.086966,3.801372,-0.2235,34.67,21.389,338.0,378.15,-40.15,8.724957,14.116667,8.35,5,0.0226,-4.801545,12.559796,13.614533,12.047663,11.948494,13.604622,13.110066,11.457267,13.588783,12.539948,1,1.212219,7.273314,14.116667,0,False,337.820907,0
KEO,B_subtropical_midlatitude_5,JJA,2009-06-12T03:00Z,12.64,15065,-0.0055,-0.004333,-0.789451,-0.005,2.405344,-0.006,-3.984245,-0.009,-0.441347,-1.35,-0.802704,-0.776197,-0.825915,-0.0395,34.531,21.715,332.6,377.2,-44.6,8.2451,1.216667,9.66,5,0.0159,2.254675,12.559796,13.614533,12.047663,11.948494,13.604622,13.110066,11.457267,13.422178,12.384716,1,1.180634,7.083804,9.66,0,False,337.820907,0
KEO,B_subtropical_midlatitude_5,JJA,2009-06-18T19:00Z,4.64,15225,-0.0315,-0.038667,0.079925,-0.0325,-1.040161,-0.0305,1.200012,-0.061,0.815993,-2.35,0.022246,0.137616,-0.07874,-0.171,34.5875,22.631,336.8,377.55,-40.75,7.653577,15.1,34.31,5,-0.0144,-3.717028,12.559796,13.614533,12.047663,11.948494,13.604622,13.110066,11.457267,13.589132,12.533294,1,0.930282,5.581694,34.31,0,False,337.820907,0
KEO,B_subtropical_midlatitude_5,JJA,2009-07-27T16:00Z,1.64,16158,-0.2165,-0.168333,-5.352286,-0.3575,-2.938162,-0.0755,-7.766409,-0.078,-1.65025,-11.5,-5.498408,-5.206126,-5.754217,-0.3595,34.4015,28.3965,413.85,369.45,44.4,5.960495,17.906667,38.84,5,-0.0391,-3.217895,12.559796,13.614533,12.047663,11.948494,13.604622,13.110066,11.457267,16.744041,15.416101,1,-0.747841,-4.487048,38.84,0,False,337.820907,1
KEO,B_subtropical_midlatitude_5,JJA,2009-08-02T23:00Z,8.64,16309,-0.218,-0.157833,-7.313796,-0.2125,-1.883931,-0.2235,-12.743662,-0.395,-8.624651,-7.45,-7.317123,-7.310465,-7.322936,-0.01,34.4065,28.872,415.4,369.3,46.1,7.546741,3.966667,4.55,5,-0.0732,-5.603783,12.559796,13.614533,12.047663,11.948494,13.604622,13.110066,11.457267,16.806017,15.471244,1,-1.24392,-7.463523,4.55,0,False,337.820907,1
KEO,B_subtropical_midlatitude_5,SON,2009-09-07T16:00Z,1.64,17166,-0.064,-0.052,0.484463,-0.1155,-0.160325,-0.0125,1.129251,0.007,0.626356,-0.25,0.467084,0.501843,0.436651,-0.0455,34.0645,27.664,381.55,364.55,17.0,6.673642,7.521667,2.015,5,0.0148,2.026927,12.559796,13.614533,12.047663,11.948494,13.604622,13.110066,11.457267,15.569147,14.338017,1,-0.332116,-1.992695,7.521667,0,False,337.820907,0
KEO,B_subtropical_midlatitude_5,SON,2009-10-05T02:00Z,11.64,17824,-0.0705,-0.093,-3.833775,-0.0495,-3.423166,-0.0915,-4.244384,0.013,-1.388308,0.65,-3.728401,-3.939119,-3.543788,0.293,34.1195,25.9605,363.45,369.45,-6.0,4.116514,55.06,0.64,5,-0.0069,-1.355108,12.559796,13.614533,12.047663,11.948494,13.604622,13.110066,11.457267,14.819628,13.654009,1,0.042699,0.256195,55.06,0,False,337.820907,0
KEO,B_subtropical_midlatitude_5,MAM,2010-04-15T15:00Z,0.64,22445,-0.0115,-0.006167,1.229903,-0.01,0.977187,-0.013,1.48262,-0.0585,1.876772,0.7,1.217365,1.242442,1.195409,-0.0385,34.669,18.8605,324.15,388.35,-64.2,5.802957,4.09,4.14,5,-0.0044,0.46886,12.559796,13.614533,12.047663,11.948494,13.604622,13.110066,11.457267,12.987589,12.000808,1,0.843522,5.061133,4.14,0,False,337.820907,0
KEO,B_subtropical_midlatitude_5,MAM,2010-04-20T11:00Z,20.64,22561,-0.002,-0.0015,-0.709679,0.001,-0.824908,-0.005,-0.594451,-0.0105,2.798828,-1.3,-0.723651,-0.695707,-0.748118,-0.044,34.664,18.9325,318.2,389.65,-71.45,11.08139,8.681667,17.285,5,-0.0,0.330119,12.559796,13.614533,12.047663,11.948494,13.604622,13.110066,11.457267,12.760787,11.790475,1,3.340856,20.045138,17.285,0,False,337.820907,0
KEO,B_subtropical_midlatitude_5,MAM,2010-04-23T08:00Z,17.64,22630,-0.012,-0.014333,-0.888525,-0.0065,-0.322624,-0.0175,-1.454425,-0.059,-0.995734,-0.95,-0.889978,-0.887071,-0.892525,-0.0045,34.6375,18.758,323.0,380.35,-57.35,9.58176,9.535,11.695,5,0.0075,-1.215027,12.559796,13.614533,12.047663,11.948494,13.604622,13.110066,11.457267,12.948278,11.965296,1,2.051297,12.307782,11.695,0,False,337.820907,0
KEO,B_subtropical_midlatitude_5,MAM,2010-04-28T04:00Z,13.64,22746,-0.0015,-0.002833,0.858834,-0.002,1.148156,-0.001,0.569512,-0.001,1.460622,0.9,0.859807,0.857861,0.86151,0.003,34.662,18.6975,324.1,388.4,-64.3,13.837704,1.361667,7.31,5,0.0077,-2.497048,12.559796,13.614533,12.047663,11.948494,13.604622,13.110066,11.457267,12.982762,11.997521,1,4.816401,28.898407,7.31,0,False,337.820907,0
KEO,B_subtropical_midlatitude_5,MAM,2010-05-11T00:00Z,9.64,23054,-0.0155,-0.020167,-0.521163,-0.007,-0.049882,-0.024,-0.992443,-0.0185,-2.790906,-0.1,-0.511209,-0.531117,-0.493776,0.03,34.668,19.57,332.5,387.8,-55.3,13.920397,10.646667,29.85,5,0.0022,0.631224,12.559796,13.614533,12.047663,11.948494,13.604622,13.110066,11.457267,13.330444,12.31308,1,4.273483,25.640899,29.85,0,False,337.820907,0
KEO,B_subtropical_midlatitude_5,JJA,2010-06-08T02:00Z,11.64,23728,-0.0065,-0.007,-1.818708,-0.004,-1.597425,-0.009,-2.03999,-0.0195,-2.019929,-2.45,-1.833644,-1.803771,-1.859801,-0.044,34.736,22.3515,340.85,381.1,-40.25,7.659915,3.375,19.455,5,0.0021,-0.313894,12.559796,13.614533,12.047663,11.948494,13.604622,13.110066,11.457267,13.702291,12.638606,1,0.931417,5.5885,19.455,0,False,337.820907,0
KEO,B_subtropical_midlatitude_5,JJA,2010-06-14T20:00Z,5.64,23890,-0.01,-0.0155,-7.083231,-0.0035,-4.406642,-0.0165,-9.75982,-0.032,-11.562506,-3.05,-6.988538,-7.177892,-6.822628,0.2855,34.6985,21.3725,339.75,379.05,-39.3,7.626416,14.668333,29.2,5,0.005,1.122885,12.559796,13.614533,12.047663,11.948494,13.604622,13.110066,11.457267,13.648855,12.595411,1,0.91151,5.46906,29.2,0,False,337.820907,0
KEO,B_subtropical_midlatitude_5,JJA,2010-07-31T22:00Z,7.64,25020,-0.1475,-0.107167,-2.004831,-0.124,-1.658416,-0.171,-2.351246,-0.1085,0.055146,-1.55,-1.994088,-2.015573,-1.975273,0.027,34.287,27.3865,400.15,372.35,27.8,8.362801,18.393333,11.49,5,0.0014,-1.413127,12.559796,13.614533,12.047663,11.948494,13.604622,13.110066,11.457267,16.233479,14.950521,1,-0.8985,-5.390999,18.393333,0,False,337.820907,0
KEO,B_subtropical_midlatitude_5,SON,2010-09-22T19:00Z,4.64,26289,-0.0015,0.001667,0.946854,-0.0105,0.508613,0.0075,1.385095,0.011,0.982313,0.55,0.937469,0.95624,0.921033,-0.0235,34.2325,28.571,399.35,368.0,31.35,8.798898,6.653333,0.99,5,0.0018,3.391329,12.559796,13.614533,12.047663,11.948494,13.604622,13.110066,11.457267,16.227021,14.939903,1,-1.107193,-6.643156,6.653333,0,False,337.820907,0
KEO,B_subtropical_midlatitude_5,SON,2010-10-10T17:00Z,2.64,26719,-0.014,-0.0345,-1.571355,0.0105,0.198772,-0.0385,-3.341481,-0.116,-2.557211,-3.15,-1.608754,-1.533951,-1.674243,-0.0915,34.5825,27.0395,411.1,369.75,41.35,8.290154,21.031667,33.44,5,0.0034,2.080767,12.559796,13.614533,12.047663,11.948494,13.604622,13.110066,11.457267,16.565415,15.256317,1,-1.345669,-8.074015,33.44,0,False,337.820907,0
KEO,B_subtropical_midlatitude_5,SON,2010-10-18T15:00Z,0.64,26909,0.017,-0.0155,1.756794,0.0255,3.796344,0.0085,-0.282756,-0.121,0.862633,1.65,1.754364,1.759219,1.750098,-0.006,34.6045,26.7765,404.0,376.4,27.6,12.135282,44.15,4.005,5,0.0009,-1.372601,12.559796,13.614533,12.047663,11.948494,13.604622,13.110066,11.457267,16.277638,14.992046,1,-1.887017,-11.322103,44.15,0,False,337.820907,0
KEO,B_subtropical_midlatitude_5,SON,2010-11-25T22:00Z,7.64,27828,-0.0275,-0.0175,10.234064,-0.0435,13.592544,-0.0115,6.875584,-0.0075,6.895108,8.75,10.198937,10.269193,10.137424,-0.0595,34.6775,23.2495,358.1,380.2,-22.1,8.282593,7.896667,4.71,5,0.0011,2.042469,12.559796,13.614533,12.047663,11.948494,13.604622,13.110066,11.457267,14.408218,13.285568,1,0.630286,3.781714,7.896667,0,False,337.820907,0
KEO,B_subtropical_midlatitude_5,DJF,2010-12-01T05:00Z,14.64,27955,-0.005,-0.0105,-2.757156,-0.0105,-1.151709,0.0005,-4.362604,-0.0335,-3.273509,-2.6,-2.75344,-2.760873,-2.746931,0.0105,34.6715,22.4805,355.1,384.25,-29.15,8.520561,5.858333,17.53,5,0.0005,-0.610015,12.559796,13.614533,12.047663,11.948494,13.604622,13.110066,11.457267,14.277578,13.169548,1,0.879836,5.279017,17.53,0,False,337.820907,0
KEO,B_subtropical_midlatitude_5,DJF,2010-12-16T05:00Z,14.64,28315,-0.0135,-0.012667,-9.816087,-0.0125,-8.672949,-0.0145,-10.959224,-0.029,-11.021499,-1.0,-9.610342,-10.021703,-9.249715,0.6135,34.6735,21.5065,345.25,380.25,-35.0,6.005998,6.823333,8.445,5,0.0041,0.108172,12.559796,13.614533,12.047663,11.948494,13.604622,13.110066,11.457267,13.8724,12.801273,1,0.513405,3.080431,8.445,0,False,337.820907,0
KEO,B_subtropical_midlatitude_5,SON,2011-11-22T19:00Z,4.64,36513,-0.197,-0.04025,-1.379522,-0.351,-3.461012,-0.043,0.701968,-0.014,0.007289,-3.15,-1.421503,-1.337534,-1.49501,-0.125,34.593,22.72,338.2,385.9,-47.7,8.131926,38.696667,9.815,5,0.0058,1.790317,12.559796,13.614533,12.047663,11.948494,13.604622,13.110066,11.457267,13.644082,12.583503,1,1.233953,7.403721,38.696667,0,False,337.820907,0
KEO,B_subtropical_midlatitude_5,SON,2011-11-28T21:00Z,6.64,36659,-0.0045,-0.0235,0.369765,0.0035,0.669828,-0.0125,0.069701,-0.0735,-0.250425,0.3,0.36812,0.37141,0.365238,-0.005,34.6225,21.775,331.9,385.1,-53.2,11.659935,24.818333,28.805,5,0.0056,1.346545,12.559796,13.614533,12.047663,11.948494,13.604622,13.110066,11.457267,13.371795,12.337355,1,2.794905,16.76943,28.805,0,False,337.820907,0
KEO,B_subtropical_midlatitude_5,DJF,2011-12-01T20:00Z,5.64,36730,0.0355,0.0335,0.744572,0.01,1.46284,0.061,0.026304,0.0065,2.423955,1.95,0.77295,0.716199,0.822662,0.085,34.572,22.115,333.95,382.7,-48.75,13.532587,19.176667,14.005,5,0.006,0.820955,12.559796,13.614533,12.047663,11.948494,13.604622,13.110066,11.457267,13.472058,12.428223,1,3.468664,20.811983,19.176667,0,False,337.820907,0
KEO,B_subtropical_midlatitude_5,DJF,2011-12-08T07:00Z,16.64,36885,0.004,0.001667,-2.581853,0.008,-2.581853,0.0,,-0.064,-0.971801,-2.3,-2.575192,-2.588513,-2.563527,0.005,34.462,21.82,335.6,384.8,-49.2,6.792248,4.238333,6.11,5,-0.0012,0.534013,12.559796,13.614533,12.047663,11.948494,13.604622,13.110066,11.457267,13.560172,12.511908,1,0.895443,5.372659,6.11,0,False,337.820907,0
KEO,B_subtropical_midlatitude_5,DJF,2012-01-01T17:00Z,2.64,37471,0.0145,0.0005,-1.189933,0.019,-1.351449,0.01,-1.028417,-0.0625,-2.258138,0.25,-1.15597,-1.223892,-1.096483,0.105,34.696,19.865,324.6,388.0,-63.4,9.624313,12.771667,10.48,5,0.0004,0.423887,12.559796,13.614533,12.047663,11.948494,13.604622,13.110066,11.457267,13.02509,12.028532,1,2.258847,13.553081,12.771667,0,False,337.820907,0
KEO,B_subtropical_midlatitude_5,DJF,2012-01-16T01:00Z,10.64,37815,-0.0275,-0.022167,1.558686,-0.0175,0.888243,-0.0375,2.22913,-0.027,-0.106687,0.8,1.540731,1.576643,1.509287,-0.055,34.7525,18.81,324.9,388.45,-63.55,6.224568,10.173333,16.065,5,-0.0004,-1.118565,12.559796,13.614533,12.047663,11.948494,13.604622,13.110066,11.457267,12.993787,12.006498,1,0.960527,5.763163,16.065,0,False,337.820907,0
KEO,B_subtropical_midlatitude_5,DJF,2012-01-22T07:00Z,16.64,37965,-0.0065,-0.009333,0.140448,-0.003,0.320528,-0.01,-0.039632,-0.011,0.066161,0.35,0.145401,0.135495,0.154075,0.015,34.723,18.51,329.7,386.85,-57.15,13.605018,8.656667,12.41,5,-0.0042,-0.293628,12.559796,13.614533,12.047663,11.948494,13.604622,13.110066,11.457267,13.177316,12.178642,1,4.229545,25.377272,12.41,0,False,337.820907,0
KEO,B_subtropical_midlatitude_5,DJF,2012-02-15T03:00Z,12.64,38537,-0.0245,-0.026167,-0.864478,-0.018,-0.11878,-0.031,-1.610176,-0.1135,-0.250635,-2.25,-0.897298,-0.831656,-0.954767,-0.1,34.763,17.985,329.2,388.8,-59.6,6.600305,4.366667,6.985,5,-0.0057,-1.294431,12.559796,13.614533,12.047663,11.948494,13.604622,13.110066,11.457267,13.131354,12.139775,1,1.042559,6.255352,6.985,0,False,337.820907,0
KEO,B_subtropical_midlatitude_5,DJF,2012-02-29T01:00Z,10.64,38871,-0.014,-0.009833,4.248168,-0.003,0.689407,-0.025,7.806929,-0.0475,4.291523,4.6,4.25648,4.239857,4.271037,0.025,34.741,17.15,330.35,394.05,-63.7,14.940773,5.666667,9.595,5,-0.0011,-0.677713,12.559796,13.614533,12.047663,11.948494,13.604622,13.110066,11.457267,13.152889,12.16623,1,5.817169,34.903017,9.595,0,False,337.820907,0
KEO,B_subtropical_midlatitude_5,MAM,2012-03-17T15:00Z,0.64,39293,-0.005,-0.004,1.522498,-0.006,1.092424,-0.004,1.952571,0.0025,0.808809,1.1,1.512508,1.532488,1.495012,-0.03,34.744,17.115,332.1,392.85,-60.75,14.545117,0.761667,10.305,5,0.0047,1.416211,12.559796,13.614533,12.047663,11.948494,13.604622,13.110066,11.457267,13.217686,12.226523,1,5.296024,31.776142,10.305,0,False,337.820907,0
KEO,B_subtropical_midlatitude_5,MAM,2012-05-17T02:00Z,11.64,40744,-0.02,-0.020333,-2.807946,-0.005,-2.181163,-0.035,-3.434729,-0.051,1.344712,-3.85,-2.832632,-2.783257,-2.875858,-0.075,34.649,20.76,332.3,387.3,-55.0,6.023872,7.465,25.985,5,-0.0096,2.427245,12.559796,13.614533,12.047663,11.948494,13.604622,13.110066,11.457267,13.358171,12.330898,1,0.782388,4.69433,25.985,0,False,337.820907,0
KEO,B_subtropical_midlatitude_5,MAM,2012-05-20T14:00Z,23.64,40828,-0.089,-0.019333,-1.240439,-0.012,-1.691211,-0.166,-0.789667,-0.0405,0.475619,-0.75,-1.22887,-1.252007,-1.208607,0.035,34.619,20.225,332.4,391.05,-58.65,12.487162,7.436667,38.215,5,0.0074,1.364489,12.559796,13.614533,12.047663,11.948494,13.604622,13.110066,11.457267,13.356811,12.333273,1,3.619125,21.714748,38.215,0,False,337.820907,0
KEO,B_subtropical_midlatitude_5,JJA,2012-06-05T17:00Z,2.64,41215,-0.3125,-0.041167,0.709508,-0.02,0.709508,-0.605,,-0.059,,0.5,0.704553,0.714462,0.695877,-0.025,34.605,20.075,329.7,384.45,-54.75,15.380793,22.261667,49.72,5,0.0178,-1.590957,12.559796,13.614533,12.047663,11.948494,13.604622,13.110066,11.457267,13.251861,12.237287,1,5.087292,30.523754,49.72,0,False,337.820907,1
KEO,B_subtropical_midlatitude_5,JJA,2012-06-24T13:00Z,22.64,41667,-0.0285,-0.023667,0.50535,-0.0445,0.880546,-0.0125,0.130154,-0.064,-2.286223,-0.4,0.483924,0.526778,0.446402,-0.06,34.5395,22.755,356.2,377.95,-21.75,4.059474,1.861667,2.27,5,0.0052,-0.680058,12.559796,13.614533,12.047663,11.948494,13.604622,13.110066,11.457267,14.36319,13.247691,1,0.149947,0.899681,2.27,0,False,337.820907,0
KEO,B_subtropical_midlatitude_5,JJA,2012-06-28T16:00Z,1.64,41766,-0.057,-0.051167,-1.679926,-0.0065,-1.389226,-0.1075,-1.970627,-0.0755,-1.192586,-1.9,-1.685103,-1.674751,-1.694173,-0.015,34.5495,22.255,345.3,381.25,-35.95,8.148827,28.126667,19.315,5,-0.0043,0.608828,12.559796,13.614533,12.047663,11.948494,13.604622,13.110066,11.457267,13.92459,12.845518,1,0.966438,5.798627,28.126667,0,False,337.820907,0
KEO,B_subtropical_midlatitude_5,JJA,2012-07-07T18:00Z,3.64,41984,-0.072,-0.130567,0.084848,0.0025,1.003766,-0.1465,-0.834069,-0.112,0.372487,0.25,0.088748,0.080949,0.095577,0.011,34.4845,23.0285,352.65,379.45,-26.8,10.744566,53.475,17.42,5,-0.0029,0.360354,12.559796,13.614533,12.047663,11.948494,13.604622,13.110066,11.457267,14.245358,13.137542,1,1.276654,7.659925,53.475,0,False,337.820907,0
KEO,B_subtropical_midlatitude_5,JJA,2012-07-19T20:00Z,5.64,42274,-0.0615,-0.070183,-3.160522,-0.0305,-1.425812,-0.0925,-4.895232,-0.168,-5.5511,-4.25,-3.186316,-3.134726,-3.231485,-0.0685,34.1925,26.1175,380.15,378.1,2.05,3.974278,19.611667,12.92,5,0.0013,1.758731,12.559796,13.614533,12.047663,11.948494,13.604622,13.110066,11.457267,15.460537,14.244106,1,-0.014307,-0.085839,19.611667,0,False,337.820907,0
KEO,B_subtropical_midlatitude_5,JJA,2012-08-06T08:00Z,17.64,42694,-0.025,-0.013783,-0.792828,-0.006,-1.572705,-0.044,-0.01295,-0.0755,8.999979,-3.5,-0.857066,-0.728577,-0.969539,-0.163,33.974,28.126,394.15,374.65,19.5,11.787844,28.466667,31.535,5,0.0198,-3.380852,12.559796,13.614533,12.047663,11.948494,13.604622,13.110066,11.457267,16.101722,14.827597,1,-1.236285,-7.417709,31.535,0,False,337.820907,0
KEO,B_subtropical_midlatitude_5,JJA,2012-08-16T22:00Z,7.64,42948,-0.0165,-0.058,-21.428422,-0.061,-24.217656,0.028,-18.639188,-0.162,-37.768514,-20.85,-21.414765,-21.442078,-21.390847,0.0305,33.983,28.046,446.45,375.85,70.6,2.468632,10.091667,4.345,5,0.002,-0.436878,12.559796,13.614533,12.047663,11.948494,13.604622,13.110066,11.457267,18.166768,16.732337,1,-0.229638,-1.377827,10.091667,0,False,337.820907,0
KEO,B_subtropical_midlatitude_5,SON,2012-09-01T06:00Z,15.64,43316,0.091,-0.007867,2.812177,0.149,3.933014,0.033,1.691341,0.118,0.670443,3.65,2.831955,2.792401,2.866594,0.048,34.149,28.1275,406.85,374.7,32.15,5.805097,13.215,1.785,5,-0.0341,-1.929144,12.559796,13.614533,12.047663,11.948494,13.604622,13.110066,11.457267,16.54866,15.23871,1,-0.510135,-3.06081,13.215,0,False,337.820907,0
KEO,B_subtropical_midlatitude_5,SON,2012-10-02T23:00Z,8.64,44077,-0.0325,-0.035883,0.295944,-0.0355,0.51341,-0.0295,0.078478,-0.0365,-0.34546,-0.85,0.268818,0.323071,0.221318,-0.069,34.6815,27.135,392.9,374.2,18.7,10.840629,6.318333,13.435,5,0.0047,2.214683,12.559796,13.614533,12.047663,11.948494,13.604622,13.110066,11.457267,15.822615,14.570207,1,-0.977975,-5.867851,13.435,0,False,337.820907,0
KEO,B_subtropical_midlatitude_5,SON,2012-10-06T04:00Z,13.64,44154,-0.0145,0.036483,-3.560058,-0.1275,-5.948539,0.0985,-1.171577,0.12,0.208888,-5.25,-3.600111,-3.52,-3.670244,-0.104,34.5255,26.608,387.7,378.55,9.15,8.238418,35.041667,18.63,5,0.0128,-4.57595,12.559796,13.614533,12.047663,11.948494,13.604622,13.110066,11.457267,15.661258,14.424944,1,-0.275389,-1.652332,35.041667,0,False,337.820907,0
KEO,B_subtropical_midlatitude_5,SON,2012-10-14T22:00Z,7.64,44364,-0.1655,-0.1237,-5.173398,-0.1835,-5.883701,-0.1475,-4.463095,-0.0975,-4.32545,-6.55,-5.205997,-5.140797,-5.26308,-0.0885,34.3395,25.388,373.3,381.9,-8.6,6.741636,33.96,38.4,5,-0.0049,0.027971,12.559796,13.614533,12.047663,11.948494,13.604622,13.110066,11.457267,15.136634,13.948122,1,0.169175,1.01505,38.4,0,False,337.820907,0
KEO,B_subtropical_midlatitude_5,SON,2012-10-26T12:00Z,21.64,44642,-0.1295,-0.294583,-4.424348,0.0065,1.289645,-0.2655,-10.138341,-0.126,-1.11079,-7.55,-4.498699,-4.349974,-4.628856,-0.2095,34.3905,24.7325,363.25,385.15,-21.9,4.169709,24.258333,0.525,5,-0.0033,0.453483,12.559796,13.614533,12.047663,11.948494,13.604622,13.110066,11.457267,14.716864,13.56389,1,0.160196,0.961179,24.258333,0,False,337.820907,0
KEO,B_subtropical_midlatitude_5,SON,2012-10-29T02:00Z,11.64,44704,-0.066,-0.067833,1.033287,-0.049,0.929989,-0.083,1.136585,-0.2805,-1.443883,-1.35,0.976765,1.089817,0.8778,-0.157,34.469,24.387,359.05,383.75,-24.7,8.297323,15.506667,12.895,5,0.0206,0.192243,12.559796,13.614533,12.047663,11.948494,13.604622,13.110066,11.457267,14.523958,13.387261,1,0.705639,4.233832,15.506667,0,False,337.820907,0
KEO,B_subtropical_midlatitude_5,SON,2012-11-01T00:00Z,9.64,44774,-0.041,-0.126683,-1.636797,-0.017,-0.230164,-0.065,-3.043431,-0.184,-3.376457,-0.05,-1.599371,-1.674219,-1.533817,0.106,34.432,24.0645,355.05,387.25,-32.2,3.109495,6.331667,4.52,5,-0.0027,0.246898,12.559796,13.614533,12.047663,11.948494,13.604622,13.110066,11.457267,14.372382,13.249286,1,0.128135,0.76881,6.331667,0,False,337.820907,0
KEO,B_subtropical_midlatitude_5,SON,2012-11-17T20:00Z,5.64,45178,-0.0415,-0.02735,-1.135157,-0.063,-1.684864,-0.02,-0.58545,-0.006,-1.095053,-1.95,-1.15445,-1.115861,-1.188235,-0.0655,34.763,23.3475,345.8,386.45,-40.65,13.462303,16.636667,6.83,5,-0.0151,0.650034,12.559796,13.614533,12.047663,11.948494,13.604622,13.110066,11.457267,13.906232,12.82106,1,2.916477,17.498862,16.636667,0,False,337.820907,0
KEO,B_subtropical_midlatitude_5,DJF,2012-12-02T20:00Z,5.64,45538,-0.029,-0.0297,2.125013,-0.018,1.266045,-0.04,2.983981,-0.049,2.267149,-0.35,2.066224,2.183816,1.963299,-0.174,34.735,22.147,335.3,391.0,-55.7,13.416657,27.085,23.22,5,0.0038,0.432211,12.559796,13.614533,12.047663,11.948494,13.604622,13.110066,11.457267,13.482139,12.436483,1,3.884622,23.307732,27.085,0,False,337.820907,0
KEO,B_subtropical_midlatitude_5,JJA,2014-08-06T22:00Z,7.64,60228,-0.477,-0.5087,-19.596701,-0.241,-12.972553,-0.713,-26.22085,-1.2895,-22.334028,-21.05,-19.631074,-19.562329,-19.691267,-0.084,34.623,28.1505,430.85,376.6,54.25,4.066492,37.035,12.59,5,0.0428,12.398543,12.559796,13.614533,12.047663,11.948494,13.604622,13.110066,11.457267,17.335769,15.961086,1,-0.443985,-2.66391,37.035,0,True,337.820907,1
KEO,B_subtropical_midlatitude_5,JJA,2014-08-10T21:00Z,6.64,60323,-0.055,-0.044717,-1.224996,-0.0145,-0.641174,-0.0955,-1.808819,-0.042,-2.394538,-2.4,-1.252811,-1.197179,-1.301519,-0.0665,34.5505,27.798,419.05,376.9,42.15,10.565988,15.313333,0.0,5,0.0062,4.493641,12.559796,13.614533,12.047663,11.948494,13.604622,13.110066,11.457267,16.894847,15.556724,1,-2.265711,-13.594264,15.313333,0,True,337.820907,0
KEO,B_subtropical_midlatitude_5,JJA,2014-08-26T19:00Z,4.64,60705,-0.047,-0.045633,0.154411,-0.0445,-0.562111,-0.0495,0.870932,-0.0365,0.289274,-6.45,-0.002946,0.311827,-0.278379,-0.365,34.4465,29.0445,430.9,375.05,55.85,10.100378,1.216667,0.0,5,-0.0067,5.301932,12.559796,13.614533,12.047663,11.948494,13.604622,13.110066,11.457267,17.403462,16.020941,1,-2.815096,-16.890576,1.216667,0,True,337.820907,0
KEO,B_subtropical_midlatitude_5,SON,2014-09-08T19:00Z,4.64,61017,-0.052,-0.084233,1.414852,-0.091,1.265941,-0.0325,1.489308,-0.05975,6.889094,-2.333333,1.325792,1.503935,1.169873,-0.215167,34.507,28.105,412.45,371.6,40.85,16.999978,36.915,18.795,5,-0.0032,1.185235,12.559796,13.614533,12.047663,11.948494,13.604622,13.110066,11.457267,16.652679,15.332387,1,-5.564583,-33.387496,36.915,0,True,337.820907,0
KEO,B_subtropical_midlatitude_5,SON,2014-09-17T02:00Z,11.64,61216,-0.011,-0.01265,-5.76186,-0.0175,-4.816227,-0.0045,-6.707493,-0.0035,-2.252704,-7.4,-5.8007,-5.723015,-5.868706,-0.1045,34.3995,26.2925,378.45,375.1,3.35,2.989631,8.253333,7.165,5,0.0313,1.087342,12.559796,13.614533,12.047663,11.948494,13.604622,13.110066,11.457267,15.332297,14.123834,1,-0.013005,-0.078033,8.253333,0,True,337.820907,0
KEO,B_subtropical_midlatitude_5,SON,2014-09-26T19:00Z,4.64,61449,-0.012,-0.00545,-1.098183,-0.01,-1.053257,-0.014,-1.143109,-0.004,0.69298,-1.35,-1.104136,-1.092229,-1.114563,-0.016,34.557,25.1325,373.55,376.1,-2.55,14.033437,1.981667,4.465,5,0.0012,1.94774,12.559796,13.614533,12.047663,11.948494,13.604622,13.110066,11.457267,15.078295,13.894356,1,0.216072,1.296431,4.465,0,True,337.820907,0
KEO,B_subtropical_midlatitude_5,SON,2014-10-03T00:00Z,9.64,61598,0.026,0.015267,-11.994804,0.057,-10.122268,-0.005,-13.867341,0.0375,-17.142448,1.0,-11.692948,-12.296405,-11.163694,0.845,34.44,24.946,369.2,378.25,-9.05,9.052444,1.405,6.76,5,-0.0051,0.384164,12.559796,13.614533,12.047663,11.948494,13.604622,13.110066,11.457267,14.93939,13.767847,1,0.316858,1.901151,6.76,0,True,337.820907,0
KEO,B_subtropical_midlatitude_5,SON,2014-11-01T13:00Z,22.64,62307,-0.035,-0.046317,1.00619,-0.0375,-0.741539,-0.0325,2.75392,-0.0615,3.277165,2.2,1.034364,0.978019,1.083711,0.0775,34.5035,23.522,361.9,383.6,-21.7,11.327897,22.011667,14.9,5,0.0021,1.413965,12.559796,13.614533,12.047663,11.948494,13.604622,13.110066,11.457267,14.611174,13.472374,1,1.178247,7.069481,22.011667,0,True,337.820907,0
KEO,B_subtropical_midlatitude_5,SON,2014-11-09T11:00Z,20.64,62497,-0.064,-0.0683,2.434688,-0.0465,2.277385,-0.0815,2.591991,-0.0495,-1.754195,1.75,2.418436,2.450944,2.389982,-0.045,34.3215,22.9975,358.45,386.2,-27.75,9.365435,21.446667,37.405,5,0.007,0.017269,12.559796,13.614533,12.047663,11.948494,13.604622,13.110066,11.457267,14.518223,13.390537,1,1.033382,6.200292,37.405,0,True,337.820907,0
KEO,B_subtropical_midlatitude_5,DJF,2014-12-04T12:00Z,21.64,63098,-0.042,-0.09035,6.045436,0.022,5.291507,-0.106,6.799365,-0.105,1.57812,4.95,6.019495,6.071378,5.974071,-0.074,34.551,21.757,343.8,387.55,-43.75,14.102607,15.82,28.385,5,-0.0207,-0.047916,12.559796,13.614533,12.047663,11.948494,13.604622,13.110066,11.457267,13.854988,12.784252,1,3.527179,21.163077,28.385,0,True,337.820907,0
KEO,B_subtropical_midlatitude_5,DJF,2014-12-08T12:00Z,21.64,63194,-0.01,-0.006717,-2.151902,-0.0105,-2.315855,-0.0095,-1.987949,0.008,-3.149038,-1.2,-2.129428,-2.174375,-2.090066,0.0665,34.6005,21.291,339.6,393.0,-53.4,6.892598,2.085,0.08,5,-0.024,1.951952,12.559796,13.614533,12.047663,11.948494,13.604622,13.110066,11.457267,13.667435,12.613607,1,1.016842,6.101053,2.085,0,True,337.820907,0
KEO,B_subtropical_midlatitude_5,DJF,2015-01-26T12:00Z,21.64,64370,-0.0025,-0.0012,4.75051,-0.0045,-3.014811,-0.0005,12.51583,-0.007,-1.331951,5.0,4.756405,4.744615,4.766729,0.0165,34.8225,18.1735,348.15,397.5,-49.35,12.733308,2.915,0.705,5,-0.0015,1.339709,12.559796,13.614533,12.047663,11.948494,13.604622,13.110066,11.457267,13.846847,12.800523,1,3.433047,20.598284,2.915,0,True,337.820907,0
KEO,B_subtropical_midlatitude_5,SON,2015-09-14T01:00Z,10.64,69903,-0.5725,-0.7224,-12.200405,-0.786,-20.300966,-0.359,-4.099844,-0.1,-5.873953,-9.3,-12.132176,-12.268618,-12.012647,0.1735,34.565,27.353,400.1,377.65,22.45,3.546117,40.871667,0.445,5,0.0075,2.505051,12.559796,13.614533,12.047663,11.948494,13.604622,13.110066,11.457267,16.143154,14.865574,1,-0.128861,-0.773163,40.871667,0,True,337.820907,1
KEO,B_subtropical_midlatitude_5,SON,2015-09-15T08:00Z,17.64,69934,-0.3805,-0.3769,-10.474509,-0.3275,-13.793691,-0.4335,-7.155327,-0.092,-1.869611,-15.6,-10.596505,-10.352474,-10.810057,-0.3085,34.6175,27.822,405.05,376.8,28.25,2.830858,15.906667,0.0,5,0.0077,-2.79717,12.559796,13.614533,12.047663,11.948494,13.604622,13.110066,11.457267,16.324714,15.030482,1,-0.104137,-0.62482,15.906667,0,True,337.820907,1
KEO,B_subtropical_midlatitude_5,SON,2015-09-18T11:00Z,20.64,70009,-0.0505,-0.1602,-7.726476,-0.0325,-4.244173,-0.0685,-11.208779,-0.7135,-11.244229,-5.15,-7.665749,-7.787194,-7.559378,0.16,34.5255,27.7055,387.15,375.75,11.4,5.731129,50.54,28.655,5,0.0072,-2.389174,12.559796,13.614533,12.047663,11.948494,13.604622,13.110066,11.457267,15.648546,14.408326,1,-0.163733,-0.982399,50.54,0,True,337.820907,0
KEO,B_subtropical_midlatitude_5,SON,2015-09-24T19:00Z,4.64,70161,-0.034,0.003833,0.917334,-0.0095,0.585321,-0.0585,1.249348,-0.0645,3.718487,-0.6,0.881384,0.953288,0.818433,-0.095,34.5095,27.583,377.25,376.95,0.3,12.165446,3.195,4.345,5,-0.0057,1.169953,12.559796,13.614533,12.047663,11.948494,13.604622,13.110066,11.457267,15.261998,14.05264,1,-0.018842,-0.113051,4.345,0,True,337.820907,0
KEO,B_subtropical_midlatitude_5,SON,2015-09-27T04:00Z,13.64,70218,-0.1465,-0.10065,-3.657582,-0.0525,-2.249175,-0.2405,-5.06599,-0.119,-1.977105,-4.95,-3.688195,-3.626966,-3.7418,-0.082,34.4435,27.4335,377.55,377.7,-0.15,7.403086,28.515,14.94,5,-0.0015,0.49155,12.559796,13.614533,12.047663,11.948494,13.604622,13.110066,11.457267,15.292878,14.08214,1,0.003508,0.021048,28.515,0,True,337.820907,0
KEO,B_subtropical_midlatitude_5,SON,2015-10-16T04:00Z,13.64,70674,-0.001,0.00075,-0.042665,0.0015,-0.010488,-0.0035,-0.074842,-0.03,0.027937,-0.45,-0.052299,-0.033032,-0.069169,-0.027,34.6055,24.4835,356.95,386.6,-29.65,13.390742,1.618333,10.745,5,-0.0001,-0.790952,12.559796,13.614533,12.047663,11.948494,13.604622,13.110066,11.457267,14.404078,13.275347,1,2.173948,13.04369,10.745,0,True,337.820907,0
KEO,B_subtropical_midlatitude_5,SON,2015-10-27T16:00Z,1.64,70950,-0.016,-0.0212,0.422968,-0.01,-0.076817,-0.022,0.922753,-0.028,0.66364,0.6,0.427152,0.418784,0.43448,0.0115,34.556,24.502,363.0,387.35,-24.35,14.872567,11.961667,13.615,5,-0.001,0.665537,12.559796,13.614533,12.047663,11.948494,13.604622,13.110066,11.457267,14.655734,13.507769,1,2.253574,13.521442,13.615,0,True,337.820907,0
KEO,B_subtropical_midlatitude_5,SON,2015-10-31T07:00Z,16.64,71037,-0.0545,-0.056783,-2.435035,-0.0545,-3.529955,-0.0545,-1.340114,-0.201,-5.385149,2.4,-2.321135,-2.548915,-2.121617,0.3235,34.6505,23.964,355.1,391.9,-36.8,5.263343,15.95,7.05,5,0.0164,0.492003,12.559796,13.614533,12.047663,11.948494,13.604622,13.110066,11.457267,14.311049,13.192001,1,0.416021,2.496127,15.95,0,True,337.820907,0
KEO,B_subtropical_midlatitude_5,SON,2015-11-22T05:00Z,14.64,71563,-0.028,-0.034333,0.903148,-0.0025,0.596058,-0.0535,1.210238,-0.061,-0.404562,0.45,0.892418,0.913878,0.87363,-0.0305,34.6995,23.848,350.5,391.95,-41.45,13.997355,12.215,4.86,5,-0.0083,-0.751015,12.559796,13.614533,12.047663,11.948494,13.604622,13.110066,11.457267,14.11553,13.011885,1,3.258124,19.548746,12.215,0,True,337.820907,0
KEO,B_subtropical_midlatitude_5,SON,2015-11-24T01:00Z,10.64,71607,-0.0235,-0.032983,-5.153306,-0.0545,-6.13053,0.0075,-4.176083,0.006,-5.850567,-1.2,-5.060454,-5.24613,-4.897772,0.274,34.6735,22.662,344.35,389.7,-45.35,6.77233,21.508333,16.035,5,-0.0184,0.513109,12.559796,13.614533,12.047663,11.948494,13.604622,13.110066,11.457267,13.861694,12.784351,1,0.829823,4.97894,21.508333,0,True,337.820907,0
KEO,B_subtropical_midlatitude_5,SON,2015-11-30T11:00Z,20.64,71761,0.0135,0.00835,-0.2723,0.0035,-0.443701,0.0235,-0.1009,0.019,0.114567,0.0,-0.265861,-0.27874,-0.254584,0.019,34.6335,22.1175,339.45,394.3,-54.85,4.062191,0.913333,1.7,5,-0.0146,1.613037,12.559796,13.614533,12.047663,11.948494,13.604622,13.110066,11.457267,13.670575,12.61126,1,0.35792,2.147522,1.7,0,True,337.820907,0
KEO,B_subtropical_midlatitude_5,DJF,2015-12-02T22:00Z,7.64,71820,-0.017,-0.0164,0.333771,-0.0045,0.397299,-0.0295,0.270243,-0.026,0.530221,0.55,0.338888,0.328653,0.34785,0.015,34.6505,22.066,340.0,393.75,-53.75,15.089861,17.07,18.96,5,0.0016,0.530348,12.559796,13.614533,12.047663,11.948494,13.604622,13.110066,11.457267,13.686418,12.626112,1,4.849381,29.096289,18.96,0,True,337.820907,0
KEO,B_subtropical_midlatitude_5,DJF,2015-12-07T17:00Z,2.64,71935,-0.056,-0.057983,-0.029525,-0.024,-2.005961,-0.088,1.94691,-0.0345,3.19437,-1.3,-0.059641,0.000594,-0.112372,-0.088,34.692,22.1005,340.9,395.25,-54.35,8.226992,12.688333,9.8,5,-0.0047,0.584384,12.559796,13.614533,12.047663,11.948494,13.604622,13.110066,11.457267,13.711053,12.648436,1,1.458925,8.75355,12.688333,0,True,337.820907,0
KEO,B_subtropical_midlatitude_5,DJF,2016-01-18T02:00Z,11.64,72928,-0.018,-0.020483,0.546301,-0.0125,0.945862,-0.0235,0.14674,-0.01,0.382761,2.05,0.581781,0.510824,0.643925,0.1065,34.8265,19.236,332.6,396.7,-64.1,17.842251,12.298333,26.75,5,0.0017,-0.513553,12.559796,13.614533,12.047663,11.948494,13.604622,13.110066,11.457267,13.283683,12.271345,1,8.121287,48.72772,26.75,0,True,337.820907,0
KEO,B_subtropical_midlatitude_5,DJF,2016-02-05T03:00Z,12.64,73361,-0.0005,-0.0024,4.737685,0.0015,5.455579,-0.0025,4.01979,-0.0105,4.079579,0.75,4.642881,4.832514,4.476914,-0.284,34.8415,19.0345,329.05,399.55,-70.5,7.898033,2.485,0.0,5,0.0045,0.39542,12.559796,13.614533,12.047663,11.948494,13.604622,13.110066,11.457267,13.137384,12.137331,1,1.730461,10.382767,2.485,0,True,337.820907,0
KEO,B_subtropical_midlatitude_5,DJF,2016-02-28T07:00Z,16.64,73917,-0.105,-0.07975,9.987412,-0.088,7.547688,-0.122,12.427136,-0.128,12.4583,-1.95,9.700097,10.274977,9.197527,-0.852,34.832,19.6735,327.05,407.25,-80.2,2.583384,2.136667,0.88,5,-0.0086,-0.051198,12.559796,13.614533,12.047663,11.948494,13.604622,13.110066,11.457267,13.080189,12.080069,1,0.207119,1.242713,2.136667,0,True,337.820907,0
KEO,B_subtropical_midlatitude_5,MAM,2016-03-07T06:00Z,15.64,74108,-0.0045,-0.003883,1.099969,-0.003,1.321802,-0.006,0.878137,-0.013,-0.244631,1.1,1.09997,1.099968,1.099971,0.0,34.777,18.316,331.85,402.9,-71.05,13.698576,2.755,10.88,5,0.0022,-1.378167,12.559796,13.614533,12.047663,11.948494,13.604622,13.110066,11.457267,13.239965,12.237793,1,5.377727,32.26636,10.88,0,True,337.820907,0
KEO,B_subtropical_midlatitude_5,MAM,2016-03-19T09:00Z,18.64,74399,-0.014,-0.00475,0.156808,-0.0175,-0.851053,-0.0105,1.164669,-0.0205,0.900196,-0.65,0.137712,0.175906,0.104272,-0.057,34.7145,19.209,334.7,399.95,-65.25,12.18959,1.955,4.515,5,0.008,-2.863589,12.559796,13.614533,12.047663,11.948494,13.604622,13.110066,11.457267,13.39295,12.373206,1,3.911664,23.469982,4.515,0,True,337.820907,0
KEO,B_subtropical_midlatitude_5,MAM,2016-04-10T00:00Z,9.64,74918,-0.03,-0.025283,3.236318,-0.0265,5.100643,-0.0335,1.371994,-0.103,-1.538922,-3.2,3.082987,3.389707,2.814596,-0.4585,34.7025,19.8135,332.0,401.65,-69.65,4.421329,3.431667,13.51,5,0.0022,-1.664699,12.559796,13.614533,12.047663,11.948494,13.604622,13.110066,11.457267,13.308706,12.291135,1,0.539127,3.234761,13.51,0,True,337.820907,0
KEO,B_subtropical_midlatitude_5,MAM,2016-04-14T02:00Z,11.64,75016,-0.042,-0.0414,-3.636532,-0.013,-3.067945,-0.071,-4.205119,-0.0405,-0.749588,-2.25,-3.603813,-3.669248,-3.546506,0.1005,34.69,19.3435,328.8,400.5,-71.7,11.525636,23.89,17.03,5,0.0016,-1.431016,12.559796,13.614533,12.047663,11.948494,13.604622,13.110066,11.457267,13.175428,12.171139,1,3.753456,22.520737,23.89,0,True,337.820907,0
KEO,B_subtropical_midlatitude_5,MAM,2016-04-18T23:00Z,8.64,75133,-0.062,-0.046583,-1.770457,-0.0165,0.153328,-0.1075,-3.694242,-0.052,-2.55872,-0.85,-1.748725,-1.792188,-1.710663,0.0665,34.8145,19.236,328.6,399.1,-70.5,4.973618,11.586667,14.265,5,0.0055,-1.328246,12.559796,13.614533,12.047663,11.948494,13.604622,13.110066,11.457267,13.132659,12.13169,1,0.68384,4.10304,14.265,0,True,337.820907,0
KEO,B_subtropical_midlatitude_5,MAM,2016-04-24T09:00Z,18.64,75263,-0.0125,-0.02525,0.472176,-0.0055,-0.034472,-0.0195,0.978824,-0.022,0.670219,0.5,0.472835,0.471517,0.473988,0.002,34.8905,20.217,334.55,399.45,-64.9,4.004849,3.71,3.62,5,0.0052,0.801206,12.559796,13.614533,12.047663,11.948494,13.604622,13.110066,11.457267,13.368869,12.343047,1,0.41017,2.461018,3.71,0,True,337.820907,0
KEO,B_subtropical_midlatitude_5,MAM,2016-04-27T20:00Z,5.64,75346,-0.007,-0.003817,1.139154,-0.0165,-0.216469,0.0025,2.494777,-0.0585,5.238268,1.8,1.154756,1.123553,1.182082,0.048,34.8475,19.2265,323.05,399.95,-76.9,12.563818,5.073333,13.005,5,0.0032,-0.822166,12.559796,13.614533,12.047663,11.948494,13.604622,13.110066,11.457267,12.909927,11.925539,1,4.65147,27.908819,13.005,0,True,337.820907,0
KEO,B_subtropical_midlatitude_5,MAM,2016-05-07T06:00Z,15.64,75572,-0.0115,-0.010317,-1.24955,-0.009,-1.378017,-0.014,-1.121083,-0.0175,-1.085293,-1.0,-1.243644,-1.255456,-1.233302,0.0175,34.918,20.014,338.75,398.25,-59.5,10.267141,3.138333,9.745,5,0.0006,-0.797462,12.559796,13.614533,12.047663,11.948494,13.604622,13.110066,11.457267,13.518335,12.482468,1,2.515157,15.090945,9.745,0,True,337.820907,0
KEO,B_subtropical_midlatitude_5,MAM,2016-05-18T08:00Z,17.64,75838,-0.017,-0.007,0.504385,-0.023,-0.221517,-0.011,1.230287,-0.013,1.579718,0.9,0.513743,0.495027,0.530131,0.0255,34.9,21.851,366.55,396.8,-30.25,4.095388,1.181667,6.165,5,0.003,-0.881771,12.559796,13.614533,12.047663,11.948494,13.604622,13.110066,11.457267,14.642508,13.509319,1,0.219195,1.315173,6.165,0,True,337.820907,0
KEO,B_subtropical_midlatitude_5,JJA,2016-06-05T06:00Z,15.64,76268,-0.04,-0.04215,-1.801752,-0.027,-1.110323,-0.053,-2.493181,-0.004,-3.095236,-2.95,-1.828936,-1.774567,-1.876539,-0.0735,35.044,23.834,371.95,392.7,-20.75,7.934249,9.583333,11.47,5,0.0053,-1.777129,12.559796,13.614533,12.047663,11.948494,13.604622,13.110066,11.457267,14.853822,13.691104,1,0.555869,3.335213,11.47,0,True,337.820907,0
KEO,B_subtropical_midlatitude_5,JJA,2016-06-09T04:00Z,13.64,76362,-0.093,-0.084733,-0.104093,-0.1315,-0.909078,-0.0545,0.700892,-0.1075,0.58314,-0.95,-0.124117,-0.084067,-0.159182,-0.055,35.1475,24.055,363.9,393.15,-29.25,9.648457,24.713333,26.82,5,0.0024,-1.497823,12.559796,13.614533,12.047663,11.948494,13.604622,13.110066,11.457267,14.516809,13.37805,1,1.119006,6.714038,26.82,0,True,337.820907,0
KEO,B_subtropical_midlatitude_5,JJA,2016-06-12T20:00Z,5.64,76450,-0.0125,-0.018583,-2.632201,0.044,-3.564975,-0.069,-1.699427,-0.019,-5.766498,-1.15,-2.597205,-2.667195,-2.535911,0.096,34.827,23.107,366.7,387.9,-21.2,11.181587,32.838333,41.085,5,-0.0122,-0.118751,12.559796,13.614533,12.047663,11.948494,13.604622,13.110066,11.457267,14.697673,13.552767,1,1.129759,6.778555,41.085,0,True,337.820907,0
KEO,B_subtropical_midlatitude_5,JJA,2016-07-09T12:00Z,21.64,77090,-0.0155,-0.012783,0.525021,-0.013,0.514828,-0.018,0.535215,-0.0125,-0.635595,-3.75,0.423402,0.626668,0.245501,-0.24,34.737,25.9795,423.1,389.5,33.6,8.223974,3.061667,11.325,5,-0.0066,1.379431,12.559796,13.614533,12.047663,11.948494,13.604622,13.110066,11.457267,16.967592,15.631778,1,-1.122367,-6.734203,11.325,0,True,337.820907,0
KEO,B_subtropical_midlatitude_5,JJA,2016-07-13T04:00Z,13.64,77178,-0.0015,0.0937,-3.777857,0.0565,-4.197991,-0.0595,-3.357723,0.1205,6.922982,-12.1,-3.97648,-3.579142,-4.324105,-0.475,34.5565,26.441,422.1,385.1,37.0,3.787555,15.518333,22.635,5,0.004,-0.692394,12.559796,13.614533,12.047663,11.948494,13.604622,13.110066,11.457267,16.99507,15.655917,1,-0.262028,-1.572166,22.635,0,True,337.820907,0
KEO,B_subtropical_midlatitude_5,JJA,2016-08-29T07:00Z,16.64,78309,-0.035833,-0.041733,-1.886669,-0.0115,-1.751722,-0.060167,-2.29151,-0.036833,-1.2292,-8.55,-2.001701,-1.742852,-2.203009,-0.462,34.6245,27.138,401.15,375.3,25.85,26.633166,22.358333,30.215,5,-0.009167,-4.648126,12.559796,13.614533,12.047663,11.948494,13.604622,13.110066,11.457267,16.163669,14.885065,1,-8.394923,-50.369538,30.215,0,True,337.820907,0
KEO,B_subtropical_midlatitude_5,SON,2016-10-13T17:00Z,2.64,79399,-0.0095,-0.00255,1.31274,-0.0395,1.703857,0.0205,0.921624,0.0185,0.538172,0.2,1.286397,1.339085,1.240266,-0.0695,34.5815,26.724,377.75,386.2,-8.45,10.872451,35.651667,9.22,5,0.0054,0.977978,12.559796,13.614533,12.047663,11.948494,13.604622,13.110066,11.457267,15.254189,14.048676,1,0.42722,2.563322,35.651667,0,True,337.820907,0
KEO,B_subtropical_midlatitude_5,SON,2016-10-22T11:00Z,20.64,79609,-0.088,-0.112617,-0.504174,-0.031,1.109584,-0.145,-2.117932,-0.0475,2.164852,-2.2,-0.544374,-0.463968,-0.614764,-0.109,34.669,26.122,370.1,387.65,-17.55,5.724432,8.593333,7.905,5,-0.0031,0.984787,12.559796,13.614533,12.047663,11.948494,13.604622,13.110066,11.457267,14.92201,13.744579,1,0.240516,1.443095,8.593333,0,True,337.820907,0
KEO,B_subtropical_midlatitude_5,DJF,2018-01-12T00:00Z,9.64,90326,-0.008,-0.008933,-0.824781,-0.009,-0.057966,-0.007,-1.591596,-0.005,-1.334378,-0.4,-0.814749,-0.834813,-0.797179,0.03,34.815,18.8985,334.6,406.05,-71.45,7.557306,5.445,9.17,5,-0.0028,4.901901,12.559796,13.614533,12.047663,11.948494,13.604622,13.110066,11.457267,13.353691,12.338592,1,1.645759,9.874556,9.17,0,True,337.820907,0
KEO,B_subtropical_midlatitude_5,DJF,2018-02-01T17:00Z,2.64,90823,-0.044,-0.057133,-4.038799,-0.024,-2.636628,-0.064,-5.440969,-0.0375,-3.097659,-4.35,-4.046159,-4.031438,-4.059049,-0.022,34.83,18.052,339.15,407.45,-68.3,5.229431,14.976667,22.26,5,-0.0092,1.044852,12.559796,13.614533,12.047663,11.948494,13.604622,13.110066,11.457267,13.497114,12.477593,1,0.775978,4.655868,22.26,0,True,337.820907,0
KEO,B_subtropical_midlatitude_5,DJF,2018-02-11T04:00Z,13.64,91050,-0.014,-0.016467,-1.247332,-0.0175,-0.502449,-0.0105,-1.992215,-0.003,-3.565873,-0.8,-1.236764,-1.257899,-1.218257,0.031,34.8275,17.791,342.7,404.45,-61.75,10.482939,12.381667,10.745,5,0.0001,-0.931387,12.559796,13.614533,12.047663,11.948494,13.604622,13.110066,11.457267,13.624241,12.597365,1,2.869425,17.216549,12.381667,0,True,337.820907,0
KEO,B_subtropical_midlatitude_5,MAM,2018-04-15T18:00Z,3.64,92576,0.0325,0.029867,-9.725165,0.0345,-4.907207,0.0305,-14.543124,0.048,-24.252225,3.0,-9.429858,-10.020209,-8.912052,0.8995,34.8505,17.983,338.1,402.5,-64.4,8.185076,9.833333,8.395,5,-0.0046,-1.245499,12.559796,13.614533,12.047663,11.948494,13.604622,13.110066,11.457267,13.449323,12.433766,1,1.785527,10.713163,9.833333,0,True,337.820907,0
KEO,B_subtropical_midlatitude_5,MAM,2018-04-17T20:00Z,5.64,92626,-0.0065,-0.012067,1.945823,-0.0025,1.028953,-0.0105,2.862694,-0.029,1.301077,1.0,1.923435,1.968213,1.884229,-0.066,34.8005,19.136,337.4,409.9,-72.5,12.082326,7.456667,9.355,5,-0.0013,4.680102,12.559796,13.614533,12.047663,11.948494,13.604622,13.110066,11.457267,13.472217,12.446629,1,4.301581,25.809485,9.355,0,True,337.820907,0
KEO,B_subtropical_midlatitude_5,MAM,2018-04-26T05:00Z,14.64,92827,-0.0155,-0.014567,-4.566442,-0.013,-3.676232,-0.018,-5.456652,-0.0275,-2.805723,-3.8,-4.548341,-4.584542,-4.516638,0.054,34.78,19.8975,339.3,400.2,-60.9,4.537944,2.0,4.09,5,0.0145,-0.005793,12.559796,13.614533,12.047663,11.948494,13.604622,13.110066,11.457267,13.572651,12.53427,1,0.508052,3.04831,4.09,0,True,337.820907,0
KEO,B_subtropical_midlatitude_5,MAM,2018-05-09T16:00Z,1.64,93150,-0.237,-0.1799,-6.831339,-0.2955,-6.657667,-0.1785,-7.005011,-0.1525,-8.236653,-7.45,-6.845974,-6.816703,-6.871603,-0.041,34.7705,20.7395,363.85,400.85,-37.0,6.717546,43.336667,37.935,5,0.0231,-0.409126,12.559796,13.614533,12.047663,11.948494,13.604622,13.110066,11.457267,14.54482,13.427449,1,0.730622,4.383732,43.336667,0,True,337.820907,1
KEO,B_subtropical_midlatitude_5,MAM,2018-05-19T16:00Z,1.64,93390,-0.0555,-0.043133,-6.809451,-0.067,-4.784344,-0.044,-8.834558,-0.045,-9.495323,-8.35,-6.84594,-6.77296,-6.909833,-0.1045,34.759,21.811,356.0,398.65,-42.65,9.364663,13.34,14.935,5,-0.0062,0.928233,12.559796,13.614533,12.047663,11.948494,13.604622,13.110066,11.457267,14.273146,13.169151,1,1.568204,9.409224,14.935,0,True,337.820907,0
KEO,B_subtropical_midlatitude_5,MAM,2018-05-23T07:00Z,16.64,93477,-0.01,-0.0057,1.404019,-0.006,0.566387,-0.014,2.241651,-0.007,5.23163,0.5,1.38262,1.425419,1.345147,-0.062,34.725,21.214,343.75,400.55,-56.8,11.914467,8.926667,6.82,5,-0.0132,-3.819523,12.559796,13.614533,12.047663,11.948494,13.604622,13.110066,11.457267,13.793366,12.729825,1,3.266525,19.59915,8.926667,0,True,337.820907,0
KEO,B_subtropical_midlatitude_5,MAM,2018-05-26T02:00Z,11.64,93544,-0.065,-0.131783,-9.201963,-0.051,-11.25487,-0.079,-7.149055,-0.035,-6.283577,-8.9,-9.194818,-9.209108,-9.182307,0.021,34.725,21.447,351.95,400.05,-48.1,5.530326,11.235,16.985,5,0.0024,-0.264242,12.559796,13.614533,12.047663,11.948494,13.604622,13.110066,11.457267,14.116862,13.027285,1,0.612023,3.672136,16.985,0,True,337.820907,0
KEO,B_subtropical_midlatitude_5,JJA,2018-06-03T14:00Z,23.64,93748,-0.107,-0.116733,2.880993,-0.1065,1.881678,-0.1075,3.880307,-0.0565,2.950217,1.4,2.845916,2.916072,2.784495,-0.0985,34.6995,21.8565,353.5,399.65,-46.15,3.733412,7.131667,2.215,5,0.0301,0.206391,12.559796,13.614533,12.047663,11.948494,13.604622,13.110066,11.457267,14.193746,13.095837,1,0.26787,1.60722,7.131667,0,True,337.820907,0
KEO,B_subtropical_midlatitude_5,JJA,2018-06-09T01:00Z,10.64,93879,-0.269,-0.254733,-6.311373,-0.354,-9.184271,-0.184,-3.438475,-0.2025,-2.332614,-5.85,-6.300492,-6.322253,-6.281433,0.0295,34.629,22.667,369.75,396.85,-27.1,5.913095,43.515,13.895,5,-0.0045,-0.407164,12.559796,13.614533,12.047663,11.948494,13.604622,13.110066,11.457267,14.86315,13.709544,1,0.414357,2.486141,43.515,0,True,337.820907,1
KEO,B_subtropical_midlatitude_5,JJA,2018-06-12T22:00Z,7.64,93972,-0.2125,-0.1619,-2.08591,-0.205,-1.477998,-0.22,-2.693822,-0.2145,-3.610323,3.5,-1.955151,-2.216607,-1.726005,0.362,34.664,21.966,363.55,391.6,-28.05,4.789319,10.653333,0.77,5,-0.0248,1.887919,12.559796,13.614533,12.047663,11.948494,13.604622,13.110066,11.457267,14.596031,13.467052,1,0.277655,1.66593,10.653333,0,True,337.820907,1
KEO,B_subtropical_midlatitude_5,JJA,2018-06-15T04:00Z,13.64,94026,-0.0325,-0.00945,-3.147621,0.014,-3.909509,-0.079,-2.385732,-0.0385,0.935983,-6.6,-3.229619,-3.065604,-3.373177,-0.227,34.636,22.21,364.3,393.8,-29.5,13.951831,33.38,28.025,5,-0.0222,-2.938894,12.559796,13.614533,12.047663,11.948494,13.604622,13.110066,11.457267,14.638955,13.505293,1,2.479209,14.875254,33.38,0,True,337.820907,0
KEO,B_subtropical_midlatitude_5,JJA,2018-06-18T05:00Z,14.64,94099,-0.032,-0.030367,0.205187,-0.01,0.091219,-0.054,0.319155,-0.113,4.812665,-0.85,0.180188,0.230189,0.136414,-0.07,34.679,22.298,357.05,397.3,-40.25,12.16618,29.538333,37.865,5,-0.0112,-2.24181,12.559796,13.614533,12.047663,11.948494,13.604622,13.110066,11.457267,14.347338,13.235074,1,2.499454,14.996726,37.865,0,True,337.820907,0
KEO,B_subtropical_midlatitude_5,JJA,2018-07-14T01:00Z,10.64,94719,-0.102,-0.12,-5.788204,-0.2005,-6.996395,-0.0035,-4.580012,-0.0425,-10.083024,-1.05,-5.676971,-5.899399,-5.482079,0.274,34.5045,27.3585,411.1,390.65,20.45,4.036091,12.02,0.0,5,0.0116,4.495167,12.559796,13.614533,12.047663,11.948494,13.604622,13.110066,11.457267,16.59395,15.281648,1,-0.157718,-0.946309,12.02,0,True,337.820907,0
KEO,B_subtropical_midlatitude_5,JJA,2018-07-23T22:00Z,7.64,94956,-0.2725,-0.505783,-26.331532,-0.163,-18.535283,-0.382,-34.127781,-0.276,-12.053779,-29.4,-26.40424,-26.258817,-26.531552,-0.1775,34.713,28.5035,437.0,387.15,49.85,4.241271,73.913333,21.4,5,0.0164,2.68283,12.559796,13.614533,12.047663,11.948494,13.604622,13.110066,11.457267,17.548886,16.155221,1,-0.448138,-2.688828,73.913333,0,True,337.820907,1
KEO,B_subtropical_midlatitude_5,JJA,2018-07-26T20:00Z,5.64,95026,-0.08,-0.032717,-1.030462,-0.153,-3.038968,-0.007,0.978043,-0.023,0.056889,-1.85,-1.049851,-1.011073,-1.083805,-0.046,34.655,27.8325,422.45,381.6,40.85,8.58702,24.276667,18.615,5,0.0195,2.662053,12.559796,13.614533,12.047663,11.948494,13.604622,13.110066,11.457267,16.994045,15.647237,1,-1.457569,-8.745413,24.276667,0,True,337.820907,0
KEO,B_subtropical_midlatitude_5,JJA,2018-08-07T00:00Z,9.64,95294,-0.031917,-0.0319,1.081808,-0.024667,1.081808,-0.039167,,-0.021,,-3.775,0.966255,1.25731,0.763973,-0.350333,34.6645,26.578,406.8,385.3,21.5,23.40522,16.285,35.34,5,-0.004133,-0.02254,12.559796,13.614533,12.047663,11.948494,13.604622,13.110066,11.457267,16.365712,15.07384,1,-5.513514,-33.081086,35.34,0,True,337.820907,0
KEO,B_subtropical_midlatitude_5,SON,2018-10-01T04:00Z,13.64,96618,-0.1015,-0.074533,-1.390421,-0.143,-1.955427,-0.06,-0.825415,-0.0635,0.35732,-0.15,-1.36114,-1.4197,-1.309855,0.0745,34.558,27.4545,394.45,386.4,8.05,10.271812,18.423333,0.0,5,0.0147,-0.351812,12.559796,13.614533,12.047663,11.948494,13.604622,13.110066,11.457267,15.924222,14.663317,1,-0.380584,-2.283502,18.423333,0,True,337.820907,0
KEO,B_subtropical_midlatitude_5,SON,2018-10-13T02:00Z,11.64,96904,-0.108,-0.06675,-0.889297,-0.14,1.930826,-0.076,-3.70942,-0.1095,-6.043359,-1.3,-0.899039,-0.879554,-0.916096,-0.0245,34.496,27.296,392.45,391.95,0.5,10.605743,5.056667,1.845,5,0.0056,-0.628865,12.559796,13.614533,12.047663,11.948494,13.604622,13.110066,11.457267,15.863525,14.60848,1,-0.025156,-0.150938,5.056667,0,True,337.820907,0
KEO,B_subtropical_midlatitude_5,SON,2018-10-17T17:00Z,2.64,97015,-0.1545,-0.16355,-4.568425,-0.112,-1.985128,-0.197,-7.151723,-0.049,-3.135403,-8.55,-4.662999,-4.473831,-4.828571,-0.2525,34.401,26.3515,379.5,390.6,-11.1,4.292586,24.3,30.53,5,0.0,0.395798,12.559796,13.614533,12.047663,11.948494,13.604622,13.110066,11.457267,15.373842,14.161863,1,0.089079,0.534475,30.53,0,True,337.820907,0
KEO,B_subtropical_midlatitude_5,SON,2018-11-12T20:00Z,5.64,97642,0.173,0.1763,-7.308454,0.1095,-5.140218,0.2365,-9.47669,0.318,-11.157218,6.45,-6.990146,-7.626431,-6.431898,0.91,34.3555,24.0235,357.75,397.35,-39.6,3.782389,11.961667,5.58,5,0.0126,-0.184714,12.559796,13.614533,12.047663,11.948494,13.604622,13.110066,11.457267,14.49974,13.36746,1,0.236335,1.418008,11.961667,0,True,337.820907,0
KEO,B_subtropical_midlatitude_5,SON,2018-11-24T00:00Z,9.64,97910,-0.009,-0.011733,-0.591283,-0.0075,-0.152146,-0.0105,-1.03042,-0.0165,-0.016407,-1.6,-0.615158,-0.567406,-0.656968,-0.0665,34.7575,24.6215,359.75,401.3,-41.55,14.070239,10.393333,2.815,5,0.0243,0.04483,12.559796,13.614533,12.047663,11.948494,13.604622,13.110066,11.457267,14.472814,13.337115,1,3.367423,20.204535,10.393333,0,True,337.820907,0
KEO,B_subtropical_midlatitude_5,DJF,2018-12-05T05:00Z,14.64,98179,-0.0165,-0.019083,0.549553,-0.0095,-0.3678,-0.0235,1.466907,-0.3655,0.487059,-0.75,0.518768,0.580342,0.464861,-0.087,34.6915,23.6245,352.95,398.5,-45.55,7.850076,1.45,11.65,5,0.0322,-0.914997,12.559796,13.614533,12.047663,11.948494,13.604622,13.110066,11.457267,14.209944,13.100304,1,1.139619,6.837711,11.65,0,True,337.820907,0
KEO,B_subtropical_midlatitude_5,DJF,2019-02-04T09:00Z,18.64,99647,0.0115,0.008433,-0.3181,0.012,-0.8089,0.011,0.1727,0.029,2.323257,0.1,-0.308222,-0.327978,-0.290923,0.029,34.685,18.441,340.75,406.0,-65.25,9.176707,2.533333,1.415,5,-0.0039,4.148293,12.559796,13.614533,12.047663,11.948494,13.604622,13.110066,11.457267,13.609511,12.579415,1,2.298501,13.791003,2.533333,0,True,337.820907,0
KEO,B_subtropical_midlatitude_5,DJF,2019-02-22T14:00Z,23.64,100084,-0.004,-0.0046,1.646102,-0.0065,2.38901,-0.0015,0.903194,-0.076,0.681529,1.45,1.641466,1.650738,1.633347,-0.006,34.8025,18.1265,342.8,410.1,-67.3,11.618461,5.321667,20.725,5,0.0027,0.760548,12.559796,13.614533,12.047663,11.948494,13.604622,13.110066,11.457267,13.646323,12.615318,1,3.827178,22.963069,20.725,0,True,337.820907,0
KEO,B_subtropical_midlatitude_5,MAM,2019-03-03T03:00Z,12.64,100289,0.0055,0.0034,-3.064468,0.006,-3.022275,0.005,-3.106661,-0.0065,1.422639,-3.15,-3.066486,-3.06245,-3.070022,-0.006,34.861,18.1915,343.0,410.3,-67.3,13.027445,6.096667,10.085,5,-0.0017,-0.723769,12.559796,13.614533,12.047663,11.948494,13.604622,13.110066,11.457267,13.640753,12.60935,1,4.797113,28.782677,10.085,0,True,337.820907,0
KEO,B_subtropical_midlatitude_5,MAM,2019-03-10T11:00Z,20.64,100465,-0.007,-0.007683,-0.171996,-0.0075,-0.610364,-0.0065,0.266372,-0.016,0.124044,-1.0,-0.191592,-0.1524,-0.225906,-0.0575,34.8575,18.054,341.0,408.6,-67.6,14.299023,8.543333,23.645,5,0.0002,0.022166,12.559796,13.614533,12.047663,11.948494,13.604622,13.110066,11.457267,13.560642,12.536256,1,5.774887,34.649322,23.645,0,True,337.820907,0
KEO,B_subtropical_midlatitude_5,MAM,2019-03-15T12:00Z,21.64,100586,0.0225,0.0346,3.154801,-0.0055,1.172023,0.0505,5.137579,0.0185,5.399986,3.65,3.166438,3.143168,3.186825,0.034,34.8435,18.4095,334.1,411.4,-77.3,6.942754,0.881667,3.925,5,-0.0033,0.567057,12.559796,13.614533,12.047663,11.948494,13.604622,13.110066,11.457267,13.312033,12.303472,1,1.509056,9.054335,3.925,0,True,337.820907,0
KEO,B_subtropical_midlatitude_5,MAM,2019-03-19T10:00Z,19.64,100680,-0.0105,-0.002033,-2.012791,-0.0005,-4.076203,-0.0205,0.050622,-0.106,1.728083,-0.3,-1.972408,-2.053169,-1.901672,0.1205,34.8395,18.496,336.55,411.1,-74.55,10.435572,10.558333,10.255,5,-0.0022,0.308235,12.559796,13.614533,12.047663,11.948494,13.604622,13.110066,11.457267,13.4097,12.393254,1,3.315232,19.891391,10.558333,0,True,337.820907,0
KEO,B_subtropical_midlatitude_5,MAM,2019-03-25T23:00Z,8.64,100837,-0.0015,-0.005167,-1.333173,0.006,-0.863113,-0.009,-1.803233,-0.007,-1.308851,-0.25,-1.307605,-1.358739,-1.262824,0.0755,34.856,18.879,340.1,410.2,-70.1,7.952006,8.391667,6.085,5,0.0068,-0.211623,12.559796,13.614533,12.047663,11.948494,13.604622,13.110066,11.457267,13.553501,12.523421,1,1.822456,10.934738,8.391667,0,True,337.820907,0
KEO,B_subtropical_midlatitude_5,MAM,2019-04-07T21:00Z,6.64,101147,-0.0315,-0.04025,0.126534,-0.0005,-0.25473,-0.0625,0.507799,-0.005,1.529057,-1.05,0.098664,0.154407,0.049862,-0.083,34.8565,18.7275,335.7,403.85,-68.15,6.781303,13.178333,19.985,5,-0.0062,0.304801,12.559796,13.614533,12.047663,11.948494,13.604622,13.110066,11.457267,13.379941,12.36391,1,1.270079,7.620477,19.985,0,True,337.820907,0
KEO,B_subtropical_midlatitude_5,MAM,2019-04-12T11:00Z,20.64,101257,-0.012,-0.014183,2.180993,-0.0125,1.350421,-0.0115,3.011565,-0.025,2.583426,1.5,2.16488,2.197107,2.136662,-0.0475,34.8545,18.5705,337.1,407.05,-69.95,8.508329,13.036667,8.585,5,0.0006,2.148893,12.559796,13.614533,12.047663,11.948494,13.604622,13.110066,11.457267,13.429233,12.4107,1,2.068308,12.40985,13.036667,0,True,337.820907,0
KEO,B_subtropical_midlatitude_5,MAM,2019-04-17T09:00Z,18.64,101375,0.01,0.00895,2.014503,0.009,1.206907,0.011,2.822099,0.0145,3.379005,2.0,2.014161,2.014845,2.013563,-0.001,34.853,18.3625,334.2,412.85,-78.65,13.026347,7.241667,31.99,5,-0.0002,-1.23087,12.559796,13.614533,12.047663,11.948494,13.604622,13.110066,11.457267,13.311921,12.303668,1,5.408704,32.452227,31.99,0,True,337.820907,0
KEO,B_subtropical_midlatitude_5,MAM,2019-04-25T08:00Z,17.64,101566,-0.008,-0.029083,0.601093,-0.001,-0.612071,-0.015,1.814257,-0.0995,2.098902,0.9,0.608156,0.59403,0.620527,0.021,34.856,18.857,335.8,404.0,-68.2,9.588948,18.11,16.97,5,0.0015,-1.746124,12.559796,13.614533,12.047663,11.948494,13.604622,13.110066,11.457267,13.387872,12.370306,1,2.537372,15.224234,18.11,0,True,337.820907,0
KEO,B_subtropical_midlatitude_5,MAM,2019-04-30T11:00Z,20.64,101689,-0.001,-0.000233,3.62414,0.0045,1.506185,-0.0065,5.742094,-0.0245,8.879684,-0.4,3.528325,3.719988,3.360605,-0.285,34.8275,18.8715,331.65,409.6,-77.95,13.973956,9.833333,9.7,5,0.0024,1.092447,12.559796,13.614533,12.047663,11.948494,13.604622,13.110066,11.457267,13.23626,12.230053,1,6.068697,36.412179,9.833333,0,True,337.820907,0
KEO,B_subtropical_midlatitude_5,MAM,2019-05-29T15:00Z,0.64,102389,-0.039,-0.045417,-0.323469,-0.0165,-0.693888,-0.0615,0.04695,-0.0475,1.05675,-2.8,-0.38221,-0.264718,-0.48506,-0.1645,34.8075,21.097,357.65,404.45,-46.8,8.606062,11.203333,16.97,5,0.0062,0.676916,12.559796,13.614533,12.047663,11.948494,13.604622,13.110066,11.457267,14.305572,13.203559,1,1.473542,8.841255,16.97,0,True,337.820907,0
KEO,B_subtropical_midlatitude_5,JJA,2019-06-02T07:00Z,16.64,102477,-0.009,-0.01105,1.91307,-0.011,0.864328,-0.007,2.961813,-0.0385,3.630913,0.4,1.87723,1.948914,1.814472,-0.097,34.875,21.7625,367.35,402.1,-34.75,8.127821,5.985,10.35,5,-0.0063,-1.14584,12.559796,13.614533,12.047663,11.948494,13.604622,13.110066,11.457267,14.678138,13.542994,1,0.996953,5.981719,10.35,0,True,337.820907,0
KEO,B_subtropical_midlatitude_5,JJA,2019-06-09T06:00Z,15.64,102644,-0.001,-0.011733,-0.875853,0.0055,-1.121943,-0.0075,-0.629764,-0.031,1.999079,-2.35,-0.910798,-0.840904,-0.971985,-0.097,34.7565,21.341,361.0,401.5,-40.5,3.800307,4.21,9.315,5,-0.0012,-3.149297,12.559796,13.614533,12.047663,11.948494,13.604622,13.110066,11.457267,14.455482,13.340774,1,0.251334,1.508003,9.315,0,True,337.820907,0
KEO,B_subtropical_midlatitude_5,JJA,2019-06-18T20:00Z,5.64,102874,-0.0245,-0.018783,1.122041,-0.021,0.811527,-0.028,1.432556,-0.007,-0.123469,1.2,1.123903,1.120179,1.127161,0.005,34.677,21.879,363.15,399.05,-35.9,4.452457,2.513333,10.015,5,0.0016,-1.058897,12.559796,13.614533,12.047663,11.948494,13.604622,13.110066,11.457267,14.574711,13.447845,1,0.306892,1.841353,10.015,0,True,337.820907,0
KEO,B_subtropical_midlatitude_5,JJA,2019-07-12T21:00Z,6.64,103451,-0.012,-0.029017,0.83424,-0.0025,1.506474,-0.0215,0.162005,-0.0995,-1.067806,-0.05,0.813313,0.855167,0.776668,-0.052,34.5955,25.023,401.5,390.6,10.9,7.86804,13.206667,8.275,5,0.0106,-1.914871,12.559796,13.614533,12.047663,11.948494,13.604622,13.110066,11.457267,16.156336,14.889574,1,-0.317798,-1.906791,13.206667,0,True,337.820907,0
KEO,B_subtropical_midlatitude_5,JJA,2019-08-04T17:00Z,2.64,103999,-0.195,-0.1561,-6.065573,-0.114,-4.39199,-0.276,-7.739157,-0.2045,-7.830747,-8.15,-6.115108,-6.016026,-6.201828,-0.1155,34.543,28.2455,436.8,392.95,43.85,6.745642,14.523333,19.87,5,0.0006,2.708102,12.559796,13.614533,12.047663,11.948494,13.604622,13.110066,11.457267,17.595999,16.201215,1,-1.007232,-6.043393,19.87,0,True,337.820907,0
KEO,B_subtropical_midlatitude_5,JJA,2019-08-25T06:00Z,15.64,104492,0.0055,0.0067,-0.522968,-0.001,-0.882051,0.012,-0.163884,-0.057,-5.868448,-2.35,-0.566259,-0.479671,-0.642063,-0.1005,34.515,28.808,431.1,391.65,39.45,10.408584,2.431667,3.16,5,0.0175,-3.868228,12.559796,13.614533,12.047663,11.948494,13.604622,13.110066,11.457267,17.386833,16.006084,1,-2.111733,-12.670399,3.16,0,True,337.820907,0
KEO,B_subtropical_midlatitude_5,SON,2019-09-15T06:00Z,15.64,104996,-0.0095,-0.001317,-0.12851,-0.0115,-0.038802,-0.0075,-0.218217,-0.033,-1.648221,0.4,-0.116022,-0.140997,-0.094152,0.0305,34.4775,28.3215,409.65,388.5,21.15,12.227055,0.895,4.38,5,0.0197,1.168022,12.559796,13.614533,12.047663,11.948494,13.604622,13.110066,11.457267,16.553573,15.24031,1,-1.476282,-8.857692,4.38,0,True,337.820907,0
KEO,B_subtropical_midlatitude_5,SON,2019-09-19T18:00Z,3.64,105104,0.012,-0.006983,-0.984961,0.0195,-0.479432,0.0045,-1.490491,0.002,1.966026,-1.95,-1.007816,-0.962105,-1.047835,-0.057,34.3705,28.159,402.6,390.15,12.45,12.048032,11.028333,11.105,5,-0.0058,-0.144197,12.559796,13.614533,12.047663,11.948494,13.604622,13.110066,11.457267,16.309197,15.016446,1,-0.831199,-4.987193,11.105,0,True,337.820907,0
KEO,B_subtropical_midlatitude_5,SON,2019-10-08T23:00Z,8.64,105565,-0.033,-0.1225,-1.404414,-0.061,-2.596368,-0.005,-0.21246,-0.102,-3.004839,-0.4,-1.380701,-1.428126,-1.339169,0.062,34.44,27.106,383.3,391.85,-8.55,2.054903,15.085,0.0,5,0.0018,1.618113,12.559796,13.614533,12.047663,11.948494,13.604622,13.110066,11.457267,15.518725,14.291778,1,0.015756,0.094535,15.085,0,True,337.820907,0
KEO,B_subtropical_midlatitude_5,SON,2019-10-20T20:00Z,5.64,105850,-0.002,-0.000217,0.328907,-0.0135,0.757531,0.0095,-0.099718,0.033,-0.380954,-0.85,0.301007,0.356807,0.252151,-0.073,34.2785,26.836,381.9,394.15,-12.25,11.213252,3.788333,3.18,5,-0.0053,0.381452,12.559796,13.614533,12.047663,11.948494,13.604622,13.110066,11.457267,15.510644,14.286493,1,0.676092,4.056551,3.788333,0,True,337.820907,0
KEO,B_subtropical_midlatitude_5,SON,2019-10-24T04:00Z,13.64,105930,0.078,0.049367,3.235255,0.0185,1.450288,0.1375,5.020221,0.086,4.657069,-0.85,3.138048,3.332492,2.967883,-0.255,34.3395,26.3895,377.15,396.2,-19.05,15.69642,1.58,29.445,5,-0.0072,-1.18541,12.559796,13.614533,12.047663,11.948494,13.604622,13.110066,11.457267,15.300168,14.094093,1,2.033165,12.198988,29.445,0,True,337.820907,0
KEO,B_subtropical_midlatitude_5,SON,2019-11-08T17:00Z,2.64,106303,-0.0985,-0.09425,-2.39741,-0.096,-3.554596,-0.101,-1.240225,-0.031,-0.029421,-3.5,-2.423523,-2.371295,-2.469249,-0.0715,34.486,25.0555,367.1,398.0,-30.9,6.892455,19.838333,11.83,5,0.0059,0.504155,12.559796,13.614533,12.047663,11.948494,13.604622,13.110066,11.457267,14.844936,13.679862,1,0.620581,3.723483,19.838333,0,True,337.820907,0
KEO,B_subtropical_midlatitude_5,SON,2019-11-27T16:00Z,1.64,106758,-0.038,-0.028583,-1.150612,-0.056,-1.865002,-0.02,-0.436222,0.001,1.647933,0.15,-1.119923,-1.181298,-1.06617,0.087,34.539,23.0935,354.0,402.7,-48.7,11.441055,4.195,4.055,5,0.0084,0.63451,12.559796,13.614533,12.047663,11.948494,13.604622,13.110066,11.457267,14.284094,13.172645,1,2.634171,15.805025,4.195,0,True,337.820907,0
KEO,B_subtropical_midlatitude_5,DJF,2019-12-02T16:00Z,1.64,106878,-0.0285,-0.024933,-0.892695,-0.02,-0.516508,-0.037,-1.268882,-0.052,-1.776144,-1.1,-0.897597,-0.887793,-0.906181,-0.014,34.616,22.344,351.15,401.25,-50.1,7.701537,10.68,16.58,5,0.0026,-0.047038,12.559796,13.614533,12.047663,11.948494,13.604622,13.110066,11.457267,14.136302,13.040194,1,1.223525,7.34115,16.58,0,True,337.820907,0
KEO,B_subtropical_midlatitude_5,DJF,2019-12-07T02:00Z,11.64,106984,-0.0205,-0.016933,-1.603169,-0.026,-1.831165,-0.015,-1.375172,-0.0025,-0.65313,-1.5,-1.600731,-1.605606,-1.596462,0.007,34.595,22.1365,349.0,406.9,-57.9,8.029739,6.38,11.165,5,0.0029,-1.034066,12.559796,13.614533,12.047663,11.948494,13.604622,13.110066,11.457267,14.053893,12.965449,1,1.531072,9.186434,11.165,0,True,337.820907,0
KEO,B_subtropical_midlatitude_5,DJF,2019-12-11T04:00Z,13.64,107082,-0.035,-0.02455,-2.140752,-0.006,-1.692211,-0.064,-2.589293,-0.0095,-1.702212,-2.3,-2.144527,-2.136976,-2.151137,-0.011,34.606,21.8825,348.5,403.8,-55.3,7.79901,11.618333,2.78,5,0.0052,-0.878297,12.559796,13.614533,12.047663,11.948494,13.604622,13.110066,11.457267,14.025799,12.941009,1,1.381147,8.286881,11.618333,0,True,337.820907,0
KEO,B_subtropical_midlatitude_5,DJF,2019-12-22T02:00Z,11.64,107344,-0.001,-0.003967,0.351769,-0.004,-0.407626,0.002,1.111163,-0.0155,0.654842,2.0,0.390654,0.312887,0.458763,0.1115,34.64,21.4345,348.2,407.2,-59.0,7.805841,6.528333,12.545,5,0.0021,-0.79349,12.559796,13.614533,12.047663,11.948494,13.604622,13.110066,11.457267,13.994422,12.914677,1,1.481508,8.889049,12.545,0,True,337.820907,0
KEO,B_subtropical_midlatitude_5,DJF,2019-12-30T15:00Z,0.64,107549,-0.1165,-0.18115,0.682383,-0.0125,1.444907,-0.2205,-0.080142,-0.0535,0.262242,-0.35,0.657924,0.706844,0.615095,-0.0705,34.7145,20.526,346.65,411.3,-64.65,8.742954,35.13,2.88,5,-0.0039,0.762852,12.559796,13.614533,12.047663,11.948494,13.604622,13.110066,11.457267,13.891063,12.824754,1,2.044641,12.267846,35.13,0,True,337.820907,0
KEO,B_subtropical_midlatitude_5,DJF,2020-01-15T01:00Z,10.64,107919,-0.086,-0.0557,-0.384808,-0.1185,-1.560983,-0.0535,0.791367,-0.1005,3.090661,-1.3,-0.406469,-0.363146,-0.4444,-0.0635,34.8305,20.126,341.45,407.95,-66.5,10.538091,22.013333,0.195,5,0.0077,-0.698883,12.559796,13.614533,12.047663,11.948494,13.604622,13.110066,11.457267,13.648466,12.602531,1,2.998659,17.991956,22.013333,0,True,337.820907,0
KEO,B_subtropical_midlatitude_5,DJF,2020-01-17T16:00Z,1.64,107982,-0.064,-0.0411,2.801971,-0.054,2.192201,-0.074,3.411742,-0.0805,2.601996,1.8,2.77825,2.825694,2.736712,-0.069,34.834,20.022,340.95,407.9,-66.95,8.90576,3.5,11.865,5,0.0072,-0.428815,12.559796,13.614533,12.047663,11.948494,13.604622,13.110066,11.457267,13.625425,12.581921,1,2.155052,12.930313,11.865,0,True,337.820907,0
KEO,B_subtropical_midlatitude_5,DJF,2020-02-26T03:00Z,12.64,108929,-0.0545,-0.0725,4.989779,-0.005,2.792005,-0.104,7.187553,-0.038,2.318911,3.2,4.947369,5.032194,4.873107,-0.1225,34.781,18.287,341.15,408.95,-67.8,11.168173,19.093333,3.205,5,0.0029,-0.985859,12.559796,13.614533,12.047663,11.948494,13.604622,13.110066,11.457267,13.594343,12.566066,1,3.535165,21.210992,19.093333,0,True,337.820907,0
KEO,B_subtropical_midlatitude_5,MAM,2020-03-08T10:00Z,19.64,109200,-0.0025,-0.0053,1.292953,-0.0025,0.379141,-0.0025,2.206766,-0.0715,3.008009,0.9,1.283662,1.302245,1.267391,-0.027,34.7765,17.895,342.8,409.95,-67.15,14.920856,1.3,4.295,5,-0.0013,0.925147,12.559796,13.614533,12.047663,11.948494,13.604622,13.110066,11.457267,13.645167,12.616187,1,6.328845,37.97307,4.295,0,True,337.820907,0
KEO,B_subtropical_midlatitude_5,MAM,2020-03-31T05:00Z,14.64,109747,0.0025,0.002533,-2.174354,0.0025,-2.467647,0.0025,-1.88106,0.0065,-1.066692,-1.65,-2.161967,-2.186741,-2.140272,0.037,34.8295,18.4235,336.55,411.65,-75.1,10.838352,3.405,12.725,5,0.0082,-3.704338,12.559796,13.614533,12.047663,11.948494,13.604622,13.110066,11.457267,13.409988,12.394115,1,3.608195,21.649172,12.725,0,True,337.820907,0
KEO,B_subtropical_midlatitude_5,MAM,2020-04-12T12:00Z,21.64,110042,-0.01,-0.0138,0.149422,-0.005,-0.180316,-0.015,0.479159,-0.0145,3.078814,-0.8,0.12695,0.171894,0.087599,-0.067,34.785,18.3575,334.85,410.7,-75.85,10.023258,7.686667,9.93,5,-0.0026,1.152015,12.559796,13.614533,12.047663,11.948494,13.604622,13.110066,11.457267,13.35429,12.343277,1,3.106189,18.637134,9.93,0,True,337.820907,0
KEO,B_subtropical_midlatitude_5,MAM,2020-04-18T14:00Z,23.64,110188,-0.0215,-0.0144,0.695528,-0.033,0.130716,-0.01,1.260341,-0.004,-0.091473,0.5,0.690905,0.700152,0.682808,-0.0135,34.801,17.9885,342.05,412.05,-70.0,12.285709,10.131667,2.1,5,-0.0023,1.541949,12.559796,13.614533,12.047663,11.948494,13.604622,13.110066,11.457267,13.613325,12.585844,1,4.448504,26.691026,10.131667,0,True,337.820907,0
KEO,B_subtropical_midlatitude_5,MAM,2020-04-26T14:00Z,23.64,110380,0.0025,0.000283,2.233996,0.003,1.64829,0.002,2.819703,-0.0855,-0.320866,1.9,2.226098,2.241895,2.212265,-0.0235,34.801,18.2865,333.5,413.3,-79.8,6.519447,4.631667,31.93,5,-0.0069,0.695972,12.559796,13.614533,12.047663,11.948494,13.604622,13.110066,11.457267,13.296114,12.28987,1,1.375869,8.255216,31.93,0,True,337.820907,0
MOSEAN/WHOTS,B_subtropical_midlatitude_5,DJF,2004-12-22T07:00Z,20.47,128,-0.0325,-1.194197,-1.969112,-0.085,-2.355589,0.02,-1.582634,-0.039,-0.811714,-2.1,-1.972206,-1.966017,-1.977257,-0.009,34.776,25.2325,345.65,366.75,-21.1,6.430864,138.083124,19.55,5,0.0177,0.060591,12.960155,14.073848,12.465478,12.27129,13.970417,13.491628,11.89918,13.948656,12.848697,1,0.332866,1.997194,138.083124,0,True,348.81623,0
MOSEAN/WHOTS,B_subtropical_midlatitude_5,DJF,2004-12-27T10:00Z,23.47,251,0.231,-0.047945,-1.621428,0.221,-1.820903,0.241,-1.421952,0.0865,0.377134,-1.75,-1.624471,-1.618385,-1.629436,-0.009,34.691,25.331,340.15,367.4,-27.25,7.582125,15.158733,13.3,5,0.0779,1.076357,12.960155,14.073848,12.465478,12.27129,13.970417,13.491628,11.89918,13.755679,12.670838,1,0.587483,3.524898,15.158733,0,True,348.81623,0
MOSEAN/WHOTS,B_subtropical_midlatitude_5,DJF,2005-01-01T17:00Z,6.47,378,0.072,-0.251958,-8.025267,0.091,-6.269603,0.053,-9.780932,-0.043,-4.466544,-4.35,-7.938853,-8.111659,-7.797777,0.2615,34.778,24.7685,338.6,366.85,-28.25,8.276496,78.565755,33.15,5,-0.0277,2.663473,12.960155,14.073848,12.465478,12.27129,13.970417,13.491628,11.89918,13.665511,12.589786,1,0.723498,4.340987,78.565755,0,True,348.81623,0
MOSEAN/WHOTS,B_subtropical_midlatitude_5,DJF,2005-01-09T09:00Z,22.47,562,0.099,-0.034945,-1.310713,0.036,-1.125118,0.162,-1.496308,0.118,0.299401,-1.8,-1.322285,-1.29914,-1.341171,-0.034,34.757,24.3535,341.55,369.65,-28.1,9.806477,15.037954,20.65,5,0.0565,-0.294499,12.960155,14.073848,12.465478,12.27129,13.970417,13.491628,11.89918,13.782628,12.699984,1,1.027107,6.162643,20.65,0,True,348.81623,0
MOSEAN/WHOTS,B_subtropical_midlatitude_5,DJF,2005-01-11T16:00Z,5.47,617,-0.1145,-0.009486,0.509941,-0.0945,-0.468397,-0.1345,1.488278,-0.0985,-0.788377,0.05,0.499059,0.520822,0.481302,-0.032,34.8885,24.3855,340.05,368.0,-27.95,11.073018,15.63193,0.0,5,-0.0131,2.592078,12.960155,14.073848,12.465478,12.27129,13.970417,13.491628,11.89918,13.688592,12.612239,1,1.287485,7.724911,15.63193,0,True,348.81623,0
MOSEAN/WHOTS,B_subtropical_midlatitude_5,DJF,2005-01-16T03:00Z,16.47,724,0.032,0.000821,-1.400675,-0.023,-1.696348,0.087,-1.105002,0.0695,2.236738,-1.9,-1.412489,-1.388861,-1.431768,-0.0345,34.806,24.39,343.8,365.8,-22.0,11.771962,8.870642,0.6,5,-0.0073,-2.248822,12.960155,14.073848,12.465478,12.27129,13.970417,13.491628,11.89918,13.858266,12.769263,1,1.165166,6.990995,8.870642,0,True,348.81623,0
MOSEAN/WHOTS,B_subtropical_midlatitude_5,DJF,2005-01-26T08:00Z,21.47,969,-0.1385,-0.254434,9.781046,-0.137,2.584597,-0.14,16.977495,0.0895,6.907017,10.35,9.794485,9.767609,9.816417,0.0385,34.88,24.259,344.65,368.4,-23.75,6.080973,25.015076,1.3,5,-0.056,0.513367,12.960155,14.073848,12.465478,12.27129,13.970417,13.491628,11.89918,13.869889,12.78017,1,0.336089,2.016533,25.015076,0,True,348.81623,0
MOSEAN/WHOTS,B_subtropical_midlatitude_5,DJF,2005-02-01T04:00Z,17.47,1109,-0.0235,-0.060066,2.679611,0.036,0.783621,-0.083,4.5756,-0.0265,1.817998,3.0,2.687184,2.672037,2.699543,0.022,34.886,24.1895,343.3,368.1,-24.8,7.099759,12.092383,32.2,5,-0.0204,-0.660138,12.960155,14.073848,12.465478,12.27129,13.970417,13.491628,11.89918,13.814397,12.729298,1,0.476348,2.85809,32.2,0,True,348.81623,0
MOSEAN/WHOTS,B_subtropical_midlatitude_5,SON,2005-10-01T11:00Z,0.47,6924,0.0645,-0.105604,-0.695148,-0.009,-0.444767,0.138,-0.945529,-0.015,-2.107194,-1.25,-0.708274,-0.682022,-0.729694,-0.036,35.114,26.414,365.4,361.95,3.45,9.542013,24.4,10.85,5,0.0148,0.651607,12.960155,14.073848,12.465478,12.27129,13.970417,13.491628,11.89918,14.641126,13.479134,1,-0.124746,-0.748476,24.4,0,True,348.81623,0
MOSEAN/WHOTS,B_subtropical_midlatitude_5,SON,2005-10-19T14:00Z,3.47,7359,-0.002,-0.224072,-2.665148,-0.043,-1.516085,0.039,-3.814212,0.018,-4.967099,-4.15,-2.700331,-2.629962,-2.75774,-0.0975,35.208,26.292,364.05,362.4,1.65,4.644448,26.55,1.5,5,-0.0012,-0.709143,12.960155,14.073848,12.465478,12.27129,13.970417,13.491628,11.89918,14.561006,13.405084,1,-0.014031,-0.084189,26.55,0,True,348.81623,0
MOSEAN/WHOTS,B_subtropical_midlatitude_5,DJF,2006-02-20T04:00Z,17.47,10325,-0.021,-0.139914,-0.86479,-0.0215,0.987089,-0.0205,-2.716669,-0.014,-1.690132,-1.25,-0.873901,-0.855679,-0.88877,-0.024,34.9615,23.232,380.5,371.8,8.7,10.828152,35.64,22.45,5,0.0012,-1.167397,12.960155,14.073848,12.465478,12.27129,13.970417,13.491628,11.89918,15.226415,14.037434,1,-0.445964,-2.675783,35.64,0,True,348.81623,0
MOSEAN/WHOTS,B_subtropical_midlatitude_5,MAM,2006-03-14T01:00Z,14.47,10850,0.0255,0.004429,12.926149,0.032,-5.759017,0.019,31.611316,0.0,4.997379,11.1,12.882883,12.96942,12.812282,-0.108,34.948,23.797,387.8,372.65,15.15,11.330826,2.05,3.45,5,0.006,5.54687,12.960155,14.073848,12.465478,12.27129,13.970417,13.491628,11.89918,15.525097,14.309761,1,-0.864985,-5.189909,3.45,0,True,348.81623,0
MOSEAN/WHOTS,B_subtropical_midlatitude_5,MAM,2006-03-19T12:00Z,1.47,10981,0.0795,-0.017392,3.145048,0.0805,-0.986056,0.0785,7.276152,-0.023,12.978638,1.8,3.113177,3.176923,3.061172,-0.0845,34.8945,23.99,371.75,371.6,0.15,10.205363,3.21,10.1,5,-0.0099,-1.449833,12.960155,14.073848,12.465478,12.27129,13.970417,13.491628,11.89918,14.921026,13.751422,1,-0.006587,-0.039521,10.1,0,True,348.81623,0
MOSEAN/WHOTS,B_subtropical_midlatitude_5,MAM,2006-03-22T11:00Z,0.47,11052,0.037,-0.018993,-0.68316,0.0485,-0.471434,0.0255,-0.894886,0.0055,-2.920688,-2.2,-0.71909,-0.647226,-0.77772,-0.096,34.9415,24.279,374.8,370.15,4.65,5.400933,2.76,2.95,5,-0.0281,-0.356798,12.960155,14.073848,12.465478,12.27129,13.970417,13.491628,11.89918,15.031232,13.851123,1,-0.057443,-0.34466,2.95,0,True,348.81623,0
MOSEAN/WHOTS,B_subtropical_midlatitude_5,MAM,2006-04-01T09:00Z,22.47,11290,0.105,-0.097391,-6.204243,0.089,-5.098096,0.121,-7.31039,0.0895,-4.131889,-7.3,-6.230194,-6.178289,-6.272542,-0.072,34.871,23.316,366.65,371.3,-4.65,5.986389,14.91,13.9,5,-0.0048,-0.554636,12.960155,14.073848,12.465478,12.27129,13.970417,13.491628,11.89918,14.716699,13.566954,1,0.069737,0.418423,14.91,0,True,348.81623,0
MOSEAN/WHOTS,B_subtropical_midlatitude_5,JJA,2006-08-01T10:00Z,23.47,14219,0.026,-0.029822,-1.230425,0.0305,-1.594776,0.0215,-0.866073,0.014,-1.048626,-1.85,-1.245078,-1.21577,-1.268993,-0.0385,35.2175,26.3085,381.4,369.05,12.35,9.507289,3.743858,6.4,5,0.0293,-0.811743,12.960155,14.073848,12.465478,12.27129,13.970417,13.491628,11.89918,15.235746,14.026809,1,-0.465754,-2.794524,6.4,0,True,348.81623,0
MOSEAN/WHOTS,B_subtropical_midlatitude_5,SON,2006-10-15T05:00Z,18.47,16014,0.003,-0.015217,-1.675354,-0.01,-3.450302,0.016,0.099594,0.0325,1.128285,-3.5,-1.718589,-1.632114,-1.789138,-0.1125,35.204,26.28,386.45,367.25,19.2,8.65146,12.100596,22.5,5,0.0147,1.019464,12.960155,14.073848,12.465478,12.27129,13.970417,13.491628,11.89918,15.436073,14.211727,1,-0.609989,-3.659933,22.5,0,True,348.81623,0
MOSEAN/WHOTS,B_subtropical_midlatitude_5,SON,2006-10-17T07:00Z,20.47,16064,0.0195,-0.18329,1.574199,0.0155,1.392975,0.0235,1.755422,0.0245,-3.898559,-8.8,1.325212,1.823368,0.919261,-0.657,35.1965,26.0345,376.8,367.1,9.7,2.036627,11.25569,3.25,5,-0.0024,-0.344976,12.960155,14.073848,12.465478,12.27129,13.970417,13.491628,11.89918,15.059734,13.866078,1,-0.016604,-0.099622,11.25569,0,True,348.81623,0
MOSEAN/WHOTS,B_subtropical_midlatitude_5,SON,2006-11-01T16:00Z,5.47,16433,0.0035,-0.005096,-2.66341,0.002,-4.735592,0.005,-0.591229,0.0035,0.189352,-2.9,-2.669005,-2.657815,-2.678136,-0.015,35.177,26.0685,375.2,369.75,5.45,7.00407,0.721348,0.1,5,-0.0232,-3.334915,12.960155,14.073848,12.465478,12.27129,13.970417,13.491628,11.89918,15.003277,13.814033,1,-0.109807,-0.658842,0.721348,0,True,348.81623,0
MOSEAN/WHOTS,B_subtropical_midlatitude_5,DJF,2007-02-01T12:00Z,1.47,18637,-0.008,-0.007315,0.577152,-0.0,-0.712313,-0.016,1.866618,-0.0175,3.366972,-0.5,0.551636,0.602672,0.509998,-0.0735,35.248,23.789,345.85,370.7,-24.85,7.479295,10.67225,0.6,5,0.00635,-0.633885,12.960155,14.073848,12.465478,12.27129,13.970417,13.491628,11.89918,13.811702,12.726352,1,0.528629,3.171771,10.67225,0,True,348.81623,0
MOSEAN/WHOTS,B_subtropical_midlatitude_5,MAM,2007-03-10T03:00Z,16.47,19516,0.012,-0.069509,-3.53618,0.004,-2.250689,0.02,-4.821671,0.0135,-4.435342,-3.75,-3.541235,-3.531125,-3.549485,-0.014,35.2,23.85,364.75,373.3,-8.55,8.942299,18.551404,28.35,5,-0.0137,0.229749,12.960155,14.073848,12.465478,12.27129,13.970417,13.491628,11.89918,14.560107,13.416872,1,0.278144,1.668865,28.35,0,True,348.81623,0
MOSEAN/WHOTS,B_subtropical_midlatitude_5,SON,2007-11-04T12:00Z,1.47,25261,-0.0015,-0.024771,0.725343,-0.0005,0.443983,-0.0025,1.006704,-0.21,-2.224657,0.1,0.710549,0.740138,0.686406,-0.038,35.0495,25.535,388.7,372.95,15.75,7.103574,15.592905,21.95,5,0.0035,-0.438298,12.960155,14.073848,12.465478,12.27129,13.970417,13.491628,11.89918,15.56006,14.331196,1,-0.345134,-2.070804,21.95,0,True,348.81623,0
MOSEAN/WHOTS,B_subtropical_midlatitude_5,SON,2007-11-28T02:00Z,15.47,25827,0.026,0.025086,-3.979226,0.0185,-3.122683,0.0335,-4.835769,0.0225,-3.055684,-2.75,-3.95019,-4.008261,-3.902801,0.0765,34.9655,25.1755,383.4,374.65,8.75,8.041619,2.2856,7.95,5,0.0201,-1.362529,12.960155,14.073848,12.465478,12.27129,13.970417,13.491628,11.89918,15.373388,14.161626,1,-0.243522,-1.461135,7.95,0,True,348.81623,0
MOSEAN/WHOTS,B_subtropical_midlatitude_5,SON,2007-11-30T07:00Z,20.47,25880,-0.0005,-0.015517,0.394342,-0.002,-0.003622,0.001,0.792305,0.0525,0.621654,-1.2,0.356565,0.432123,0.294922,-0.099,34.988,25.14,381.05,374.75,6.3,6.894208,8.301319,0.85,5,0.0051,-0.117786,12.960155,14.073848,12.465478,12.27129,13.970417,13.491628,11.89918,15.27469,14.070601,1,-0.127811,-0.766867,8.301319,0,True,348.81623,0
MOSEAN/WHOTS,B_subtropical_midlatitude_5,DJF,2007-12-04T14:00Z,3.47,25983,-0.0325,-0.032938,0.216141,-0.0265,-0.06722,-0.0385,0.499502,-0.0315,3.475187,0.2,0.215758,0.216524,0.215133,-0.001,34.9185,24.9425,380.25,377.55,2.7,9.884353,4.937427,5.3,5,-0.0025,1.468733,12.960155,14.073848,12.465478,12.27129,13.970417,13.491628,11.89918,15.260958,14.059541,1,-0.112925,-0.677553,5.3,0,True,348.81623,0
MOSEAN/WHOTS,B_subtropical_midlatitude_5,DJF,2007-12-07T08:00Z,21.47,26049,-0.0415,-0.028376,-1.456846,-0.0405,-1.500697,-0.0425,-1.412996,0.0065,-2.902467,-1.65,-1.461406,-1.452287,-1.468849,-0.012,35.0205,24.893,379.45,372.15,7.3,11.601326,2.80329,1.0,5,0.0164,0.26346,12.960155,14.073848,12.465478,12.27129,13.970417,13.491628,11.89918,15.199211,14.002067,1,-0.417829,-2.506977,2.80329,0,True,348.81623,0
MOSEAN/WHOTS,B_subtropical_midlatitude_5,DJF,2007-12-27T11:00Z,0.47,26532,0.0075,0.006148,0.788535,0.008,0.536905,0.007,1.040164,0.0115,1.013271,0.35,0.778161,0.798909,0.761232,-0.0275,34.953,24.401,376.25,378.6,-2.35,11.46837,15.265772,0.0,5,-0.0069,0.198022,12.960155,14.073848,12.465478,12.27129,13.970417,13.491628,11.89918,15.086403,13.901253,1,0.131257,0.787543,15.265772,0,True,348.81623,0
MOSEAN/WHOTS,B_subtropical_midlatitude_5,MAM,2008-03-16T13:00Z,2.47,28454,-0.0025,-0.004686,0.606425,-0.001,0.676827,-0.004,0.536022,-0.026,-0.514721,0.45,0.602726,0.610123,0.59669,-0.01,35.215,23.5235,369.25,381.6,-12.35,10.271188,0.875277,0.0,5,0.0003,-0.379307,12.960155,14.073848,12.465478,12.27129,13.970417,13.491628,11.89918,14.72445,13.57032,1,0.540129,3.240773,0.875277,0,True,348.81623,0
MOSEAN/WHOTS,B_subtropical_midlatitude_5,MAM,2008-04-25T12:00Z,1.47,29413,-0.0225,-0.094486,-0.355695,0.0015,0.55529,-0.0465,-1.266681,-0.2045,-2.898527,-2.35,-0.402976,-0.308409,-0.480123,-0.1245,35.2775,24.183,380.5,381.35,-0.85,3.513342,12.3897,6.03,5,-0.011,-0.277702,12.960155,14.073848,12.465478,12.27129,13.970417,13.491628,11.89918,15.153982,13.962278,1,0.004466,0.026793,12.3897,0,True,348.81623,0
MOSEAN/WHOTS,B_subtropical_midlatitude_5,SON,2008-09-12T12:00Z,1.47,32773,-0.0715,-0.124873,-2.194042,-0.0005,0.635585,-0.1425,-5.023669,-0.0035,1.052042,-4.35,-2.245211,-2.142864,-2.328697,-0.137,35.1485,26.308,377.6,369.9,7.7,3.169231,7.697735,1.25,5,-0.0084,0.070074,12.960155,14.073848,12.465478,12.27129,13.970417,13.491628,11.89918,15.107477,13.90917,1,-0.031969,-0.191812,7.697735,0,True,348.81623,0
MOSEAN/WHOTS,B_subtropical_midlatitude_5,SON,2008-10-26T15:00Z,4.47,33832,-0.014,-0.13053,-0.42555,0.0035,-1.320912,-0.0315,0.469811,-0.29,-3.313477,-0.85,-0.435596,-0.415504,-0.45199,-0.027,35.2265,26.0105,371.85,372.0,-0.15,4.115405,10.941655,4.98,5,0.0021,0.216081,12.960155,14.073848,12.465478,12.27129,13.970417,13.491628,11.89918,14.857931,13.679918,1,0.00103,0.006182,10.941655,0,True,348.81623,0
MOSEAN/WHOTS,B_subtropical_midlatitude_5,SON,2008-11-22T01:00Z,14.47,34466,-0.025,-0.004513,-0.876902,-0.0205,0.016824,-0.0295,-1.770628,-0.0065,-1.301604,-1.8,-0.898752,-0.855052,-0.934407,-0.0595,35.2095,25.2975,368.3,372.85,-4.55,8.479769,4.667507,18.79,5,0.007,-1.55673,12.960155,14.073848,12.465478,12.27129,13.970417,13.491628,11.89918,14.716518,13.55323,1,0.132305,0.793827,18.79,0,True,348.81623,0
MOSEAN/WHOTS,B_subtropical_midlatitude_5,DJF,2008-12-11T02:00Z,15.47,34923,-0.0065,-0.007874,-0.527632,0.001,1.461098,-0.014,-2.516362,-0.02,-1.424363,-0.35,-0.523433,-0.53183,-0.516581,0.0115,35.207,24.9505,367.3,373.25,-5.95,11.211682,1.46721,0.235,5,0.014,-1.699609,12.960155,14.073848,12.465478,12.27129,13.970417,13.491628,11.89918,14.673883,13.515731,1,0.302704,1.816226,1.46721,0,True,348.81623,0
MOSEAN/WHOTS,B_subtropical_midlatitude_5,JJA,2009-08-13T09:00Z,22.47,40810,-0.019,-0.032535,-1.554405,-0.0045,-0.949833,-0.0335,-2.158977,-0.03,-1.030741,-2.05,-1.566128,-1.542682,-1.585258,-0.0305,35.2205,25.8165,386.1,370.55,15.55,8.221638,18.888387,11.98,5,-0.003,0.536598,12.960155,14.073848,12.465478,12.27129,13.970417,13.491628,11.89918,15.412291,14.192001,1,-0.447721,-2.686325,18.888387,0,True,348.81623,0
MOSEAN/WHOTS,B_subtropical_midlatitude_5,SON,2009-11-11T01:00Z,14.47,42962,-0.0225,-0.0183,-0.004791,-0.004,-0.03048,-0.041,0.020897,-0.0335,-0.291985,-0.95,-0.027162,0.017581,-0.063668,-0.058,35.269,26.042,385.85,373.5,12.35,10.162436,18.793984,4.87,5,0.0037,-0.590605,12.960155,14.073848,12.465478,12.27129,13.970417,13.491628,11.89918,15.391117,14.170899,1,-0.540262,-3.241573,18.793984,0,True,348.81623,0
MOSEAN/WHOTS,B_subtropical_midlatitude_5,SON,2009-11-13T08:00Z,21.47,43017,-0.0565,-0.065235,0.575486,-0.018,1.104257,-0.095,0.046714,-0.0045,0.276755,-0.55,0.548834,0.602139,0.505345,-0.069,35.254,25.956,385.95,372.0,13.95,12.265581,27.683175,4.235,5,0.004,0.100898,12.960155,14.073848,12.465478,12.27129,13.970417,13.491628,11.89918,15.398373,14.178159,1,-0.890741,-5.344444,27.683175,0,True,348.81623,0
MOSEAN/WHOTS,B_subtropical_midlatitude_5,DJF,2009-12-04T03:00Z,16.47,43516,-0.044,-0.06973,0.678346,-0.016,0.913158,-0.072,0.443535,-0.0465,0.918369,-0.15,0.658734,0.69796,0.626731,-0.053,35.377,24.67,369.6,373.85,-4.25,6.039802,8.100746,2.25,5,-0.0058,-0.222823,12.960155,14.073848,12.465478,12.27129,13.970417,13.491628,11.89918,14.711878,13.550848,1,0.062973,0.377838,8.100746,0,True,348.81623,0
MOSEAN/WHOTS,B_subtropical_midlatitude_5,DJF,2009-12-30T03:00Z,16.47,44140,-0.0045,-0.01045,-0.219593,0.0025,-0.064808,-0.0115,-0.374377,-0.0035,-1.20443,-0.25,-0.220312,-0.218874,-0.221485,-0.002,35.3905,23.9675,361.65,376.85,-15.2,6.97967,6.80612,4.775,5,-0.0039,0.938614,12.960155,14.073848,12.465478,12.27129,13.970417,13.491628,11.89918,14.3895,13.257257,1,0.295107,1.770643,6.80612,0,True,348.81623,0
MOSEAN/WHOTS,B_subtropical_midlatitude_5,DJF,2010-01-05T01:00Z,14.47,44282,-0.0075,-0.007515,-1.106696,-0.0035,-1.131689,-0.0115,-1.081703,-0.025,-1.031945,-1.0,-1.104174,-1.109219,-1.100057,0.007,35.4125,23.9765,360.75,374.15,-13.4,5.91958,7.802337,0.735,5,-0.0045,0.796956,12.960155,14.073848,12.465478,12.27129,13.970417,13.491628,11.89918,14.348816,13.219492,1,0.186353,1.118119,7.802337,0,True,348.81623,0
MOSEAN/WHOTS,B_subtropical_midlatitude_5,MAM,2010-03-07T11:00Z,0.47,45756,-0.0685,-0.067253,-0.925537,0.0015,-0.301905,-0.1385,-1.54917,-0.0405,-0.158533,-2.1,-0.953365,-0.897707,-0.998772,-0.079,35.2265,23.405,353.55,383.2,-29.65,7.271464,19.999967,1.915,5,-0.0095,-0.841102,12.960155,14.073848,12.465478,12.27129,13.970417,13.491628,11.89918,14.110681,13.0045,1,0.616205,3.697232,19.999967,0,True,348.81623,0
MOSEAN/WHOTS,B_subtropical_midlatitude_5,MAM,2010-03-15T03:00Z,16.47,45940,-0.004,-0.006373,-0.279844,0.0005,-0.535953,-0.0085,-0.023735,0.01,2.522528,-1.05,-0.298077,-0.26161,-0.32783,-0.0515,35.1925,23.616,354.15,382.5,-28.35,9.66484,5.2503,0.76,5,-0.0054,-0.208305,12.960155,14.073848,12.465478,12.27129,13.970417,13.491628,11.89918,14.146695,13.036795,1,1.04188,6.251282,5.2503,0,True,348.81623,0
MOSEAN/WHOTS,B_subtropical_midlatitude_5,SON,2010-11-19T04:00Z,17.47,51917,-0.745,-0.61142,-6.238717,-0.6275,-2.764692,-0.8625,-9.712743,-0.275,-5.323538,-12.0,-6.375989,-6.101394,-6.599902,-0.374,35.2475,25.225,373.8,375.65,-1.85,5.509092,31.848215,53.51,5,-0.0026,-0.24099,12.960155,14.073848,12.465478,12.27129,13.970417,13.491628,11.89918,14.918902,13.739906,1,0.023107,0.138642,53.51,0,True,348.81623,1
MOSEAN/WHOTS,B_subtropical_midlatitude_5,DJF,2010-12-09T13:00Z,2.47,52406,-0.006,-0.007356,0.960449,-0.008,1.313228,-0.004,0.60767,-0.032,-1.529276,0.65,0.953107,0.967791,0.941124,-0.02,35.321,24.7845,366.45,377.4,-10.95,6.283053,1.678954,4.51,5,-0.0003,-0.137708,12.960155,14.073848,12.465478,12.27129,13.970417,13.491628,11.89918,14.606842,13.453841,1,0.173916,1.043499,4.51,0,True,348.81623,0
MOSEAN/WHOTS,B_subtropical_midlatitude_5,DJF,2010-12-20T19:00Z,8.47,52676,0.0045,0.007707,0.604838,-0.0035,-0.281641,0.0125,1.491317,0.0175,1.867054,0.65,0.605906,0.60377,0.607649,0.003,35.2095,25.2445,360.2,374.75,-14.55,8.358859,4.931511,0.295,5,0.0039,0.629142,12.960155,14.073848,12.465478,12.27129,13.970417,13.491628,11.89918,14.400145,13.261791,1,0.400214,2.401283,4.931511,0,True,348.81623,0
MOSEAN/WHOTS,B_subtropical_midlatitude_5,DJF,2010-12-26T11:00Z,0.47,52812,-0.138,-0.076154,-0.288335,0.008,0.173114,-0.284,-0.749785,-0.056,-0.209865,-2.3,-0.336092,-0.240568,-0.414011,-0.1315,35.222,25.062,363.85,375.85,-12.0,6.865769,28.504717,22.37,5,-0.0015,-0.833616,12.960155,14.073848,12.465478,12.27129,13.970417,13.491628,11.89918,14.536809,13.388626,1,0.225832,1.354989,28.504717,0,True,348.81623,0
MOSEAN/WHOTS,B_subtropical_midlatitude_5,DJF,2010-12-27T22:00Z,11.47,52847,-0.016,-0.025283,0.027466,-0.025,0.085424,-0.007,-0.030491,-0.006,2.325764,-2.35,-0.028838,0.083776,-0.120717,-0.1565,35.181,24.647,360.5,376.55,-16.05,4.544751,3.920928,5.86,5,0.0071,0.85135,12.960155,14.073848,12.465478,12.27129,13.970417,13.491628,11.89918,14.412295,13.276284,1,0.131727,0.790362,5.86,0,True,348.81623,0
MOSEAN/WHOTS,B_subtropical_midlatitude_5,DJF,2011-01-06T07:00Z,20.47,53072,-0.0015,-0.005344,-1.469608,-0.0035,-1.549359,0.0005,-1.389858,0.008,-3.381503,-3.05,-1.507031,-1.432182,-1.568099,-0.103,35.4075,24.099,364.6,380.2,-15.6,9.622379,9.121019,1.225,5,0.0067,-0.87086,12.960155,14.073848,12.465478,12.27129,13.970417,13.491628,11.89918,14.501146,13.359367,1,0.580107,3.48064,9.121019,0,True,348.81623,0
MOSEAN/WHOTS,B_subtropical_midlatitude_5,DJF,2011-01-12T17:00Z,6.47,53226,-0.0155,-0.013456,-0.179703,-0.011,-1.202493,-0.02,0.843087,-0.013,1.421894,-0.4,-0.184913,-0.174492,-0.193417,-0.0145,35.409,23.6155,357.85,378.55,-20.7,11.612668,5.388109,19.31,5,0.0001,0.454052,12.960155,14.073848,12.465478,12.27129,13.970417,13.491628,11.89918,14.231654,13.113472,1,1.101914,6.611485,19.31,0,True,348.81623,0
MOSEAN/WHOTS,B_subtropical_midlatitude_5,DJF,2011-02-07T00:00Z,13.47,53833,-0.014,-0.037381,-3.193628,-0.0075,-1.613436,-0.0205,-4.77382,-0.076,-3.736779,-3.45,-3.199688,-3.187567,-3.209579,-0.017,35.3895,23.828,360.85,379.45,-18.6,7.392979,15.988209,14.305,5,-0.0028,-0.033447,12.960155,14.073848,12.465478,12.27129,13.970417,13.491628,11.89918,14.356545,13.227649,1,0.404758,2.428548,15.988209,0,True,348.81623,0
MOSEAN/WHOTS,B_subtropical_midlatitude_5,MAM,2011-03-03T18:00Z,7.47,54427,-0.011,-0.007673,-0.124314,-0.0185,-0.728753,-0.0035,0.480125,0.002,0.134641,-0.3,-0.128468,-0.12016,-0.135248,-0.0115,35.1725,24.3075,361.65,380.9,-19.25,8.250182,2.834064,3.99,5,0.0045,0.619448,12.960155,14.073848,12.465478,12.27129,13.970417,13.491628,11.89918,14.454588,13.31718,1,0.525055,3.150333,3.99,0,True,348.81623,0
MOSEAN/WHOTS,B_subtropical_midlatitude_5,MAM,2011-05-08T16:00Z,5.47,56009,0.0,0.00211,-0.125092,-0.0015,0.883731,0.0015,-1.133915,-0.0255,-0.990942,0.75,-0.104427,-0.145755,-0.070701,0.0565,35.2945,24.148,365.8,384.45,-18.65,9.444881,4.233077,7.525,5,-0.0133,0.374125,12.960155,14.073848,12.465478,12.27129,13.970417,13.491628,11.89918,14.57953,13.432345,1,0.673876,4.043258,7.525,0,True,348.81623,0
MOSEAN/WHOTS,B_subtropical_midlatitude_5,SON,2013-09-30T07:00Z,20.47,77024,-0.024,-0.027546,0.852089,-0.0175,0.369214,-0.0305,1.334964,-0.1575,0.333229,-0.2,0.827184,0.876995,0.786544,-0.0635,35.2145,26.5335,391.25,378.9,12.35,8.174998,4.3,0.0,5,-0.0032,0.377783,12.960155,14.073848,12.465478,12.27129,13.970417,13.491628,11.89918,15.622461,14.382198,1,-0.354549,-2.127297,4.3,0,True,348.81623,0
MOSEAN/WHOTS,B_subtropical_midlatitude_5,SON,2013-10-12T06:00Z,19.47,77311,0.0315,-0.006673,-1.092084,0.0305,-1.40025,0.0325,-0.783918,-0.033,-1.027777,-3.15,-1.140864,-1.043298,-1.220458,-0.1235,35.1415,26.457,396.1,379.15,16.95,5.816033,12.671814,0.34,5,0.0416,-0.245703,12.960155,14.073848,12.465478,12.27129,13.970417,13.491628,11.89918,15.832153,14.576527,1,-0.251119,-1.506716,12.671814,0,True,348.81623,0
MOSEAN/WHOTS,B_subtropical_midlatitude_5,SON,2013-10-31T08:00Z,21.47,77769,-0.0745,-0.078345,2.311642,-0.067,1.198797,-0.082,3.424486,-0.0975,4.678487,1.25,2.286516,2.336769,2.245513,-0.064,35.333,26.5005,391.25,381.5,9.75,6.853971,10.090348,0.0,5,-0.0448,1.493438,12.960155,14.073848,12.465478,12.27129,13.970417,13.491628,11.89918,15.587186,14.348764,1,-0.195802,-1.174814,10.090348,0,True,348.81623,0
MOSEAN/WHOTS,B_subtropical_midlatitude_5,SON,2013-11-29T11:00Z,0.47,78468,-0.0235,-0.018177,1.084189,-0.0235,0.62362,-0.0235,1.544757,-0.028,2.412585,0.3,1.065633,1.102746,1.035351,-0.0485,35.4305,25.553,381.5,382.85,-1.35,9.708313,5.505828,0.255,5,0.0092,1.060066,12.960155,14.073848,12.465478,12.27129,13.970417,13.491628,11.89918,15.169898,13.968007,1,0.053068,0.318406,5.505828,0,True,348.81623,0
MOSEAN/WHOTS,B_subtropical_midlatitude_5,DJF,2013-12-01T19:00Z,8.47,78524,-0.2525,-0.263643,-4.950828,-0.324,-6.264915,-0.181,-3.636742,-0.2185,-3.106787,-7.95,-5.022011,-4.879632,-5.138151,-0.1885,35.417,25.3805,382.75,382.7,0.05,3.646354,30.892132,31.94,5,0.0155,0.054221,12.960155,14.073848,12.465478,12.27129,13.970417,13.491628,11.89918,15.219903,14.015145,1,-0.000279,-0.001675,31.94,0,True,348.81623,1
MOSEAN/WHOTS,B_subtropical_midlatitude_5,DJF,2013-12-06T14:00Z,3.47,78639,-0.602,-0.851112,-7.749098,-0.2835,-2.973147,-0.9205,-12.525049,-0.14,0.341529,-11.2,-7.831104,-7.667071,-7.964892,-0.2245,35.4845,25.103,374.9,383.55,-8.65,3.712352,12.672212,0.0,5,-0.0021,0.770451,12.960155,14.073848,12.465478,12.27129,13.970417,13.491628,11.89918,14.893216,13.714788,1,0.048797,0.292784,12.672212,0,True,348.81623,1
MOSEAN/WHOTS,B_subtropical_midlatitude_5,DJF,2014-01-03T05:00Z,18.47,79302,-0.0515,-0.097736,-1.432098,-0.0325,-0.401772,-0.0705,-2.462423,-0.0225,-1.145498,-2.45,-1.456193,-1.408001,-1.495513,-0.064,35.4615,24.796,378.1,382.9,-4.8,9.331581,28.030427,4.675,5,0.0003,0.413504,12.960155,14.073848,12.465478,12.27129,13.970417,13.491628,11.89918,15.019046,13.832696,1,0.173724,1.042344,28.030427,0,True,348.81623,0
MOSEAN/WHOTS,B_subtropical_midlatitude_5,DJF,2014-01-30T08:00Z,21.47,79953,-0.028,-0.015067,-0.493581,-0.0145,0.020083,-0.0415,-1.007244,-0.01,1.365688,-0.75,-0.499646,-0.487516,-0.509543,-0.0165,35.4125,23.7585,368.55,389.35,-20.8,7.756459,11.08314,0.08,5,-0.0001,0.250556,12.960155,14.073848,12.465478,12.27129,13.970417,13.491628,11.89918,14.646763,13.495615,1,0.511444,3.068662,11.08314,0,True,348.81623,0
MOSEAN/WHOTS,B_subtropical_midlatitude_5,DJF,2014-02-06T00:00Z,13.47,80113,-0.0065,-0.00943,-1.714777,0.003,-1.2195,-0.016,-2.210053,-0.007,-1.970235,-1.8,-1.71679,-1.712763,-1.720077,-0.0055,35.41,23.5715,367.85,386.0,-18.15,6.872872,10.233795,4.31,5,0.0034,-0.320476,12.960155,14.073848,12.465478,12.27129,13.970417,13.491628,11.89918,14.617067,13.469335,1,0.35044,2.102641,10.233795,0,True,348.81623,0
MOSEAN/WHOTS,B_subtropical_midlatitude_5,DJF,2014-02-16T01:00Z,14.47,80354,-0.005,-0.004834,-0.389055,-0.004,-0.456697,-0.006,-0.321412,0.017,1.109538,-0.35,-0.388132,-0.389978,-0.386626,0.0025,35.322,23.937,368.45,388.75,-20.3,9.587326,7.747384,3.185,5,-0.0071,-1.385461,12.960155,14.073848,12.465478,12.27129,13.970417,13.491628,11.89918,14.671062,13.517762,1,0.763699,4.582193,7.747384,0,True,348.81623,0
MOSEAN/WHOTS,B_subtropical_midlatitude_5,MAM,2014-03-28T15:00Z,4.47,81328,-0.1125,-0.197111,-1.591642,-0.0015,-0.33476,-0.2235,-2.848525,-0.0835,-0.601616,-3.05,-1.626199,-1.557081,-1.682588,-0.094,35.3015,24.01,369.8,388.35,-18.55,6.744469,33.886646,7.18,5,0.0056,0.403226,12.960155,14.073848,12.465478,12.27129,13.970417,13.491628,11.89918,14.730266,13.572136,1,0.346937,2.081621,33.886646,0,True,348.81623,0
MOSEAN/WHOTS,B_subtropical_midlatitude_5,MAM,2014-03-29T21:00Z,10.47,81358,0.004,-0.05798,-0.644455,0.016,-0.789011,-0.008,-0.499899,0.0025,-0.862722,-1.7,-0.66946,-0.619448,-0.710262,-0.068,35.203,23.941,368.2,388.5,-20.3,10.266289,14.365261,14.19,5,0.0049,0.448248,12.960155,14.073848,12.465478,12.27129,13.970417,13.491628,11.89918,14.694631,13.540454,1,0.879577,5.277464,14.365261,0,True,348.81623,0
MOSEAN/WHOTS,B_subtropical_midlatitude_5,MAM,2014-05-11T00:00Z,13.47,82369,-0.108,-0.135995,-7.645828,-0.062,-7.529623,-0.154,-7.762033,-0.09,-6.613634,1.3,-7.438282,-7.853186,-7.099168,0.531,34.953,25.459,398.9,389.3,9.6,5.111012,10.050836,0.0,5,-0.0002,-0.815054,12.960155,14.073848,12.465478,12.27129,13.970417,13.491628,11.89918,15.984721,14.7241,1,-0.113086,-0.678514,10.050836,0,True,348.81623,0
MOSEAN/WHOTS,B_subtropical_midlatitude_5,MAM,2014-05-24T14:00Z,3.47,82695,-0.278,-0.342955,-5.312453,-0.189,-4.300993,-0.367,-6.323913,-0.204,-1.923019,-6.55,-5.341764,-5.283139,-5.389594,-0.0765,35.139,25.152,388.9,388.4,0.5,3.698442,30.673313,18.235,5,0.0036,0.968024,12.960155,14.073848,12.465478,12.27129,13.970417,13.491628,11.89918,15.535718,14.310086,1,-0.002974,-0.017843,30.673313,0,True,348.81623,1
MOSEAN/WHOTS,B_subtropical_midlatitude_5,JJA,2014-08-31T06:00Z,19.47,85063,0.0015,0.02021,-2.047077,-0.0235,-1.980355,0.0265,-2.113798,-0.0255,-3.572074,-4.45,-2.104046,-1.9901,-2.197002,-0.1435,35.0675,27.1195,399.05,374.7,24.35,7.135081,3.699055,0.0,5,0.0025,-0.688318,12.960155,14.073848,12.465478,12.27129,13.970417,13.491628,11.89918,15.976155,14.706692,1,-0.545671,-3.274028,3.699055,0,True,348.81623,0
MOSEAN/WHOTS,B_subtropical_midlatitude_5,SON,2014-10-05T16:00Z,5.47,85913,-0.823,-0.614544,-5.947629,-1.3815,,-0.2645,-5.947629,-0.3495,-8.517499,-4.3,-5.908756,-5.986499,-5.845307,-0.239,35.0975,27.863,406.7,375.05,31.65,3.704657,14.962837,1.615,5,0.0134,0.591905,12.960155,14.073848,12.465478,12.27129,13.970417,13.491628,11.89918,16.271342,14.975043,1,-0.193922,-1.16353,14.962837,0,True,348.81623,1
MOSEAN/WHOTS,B_subtropical_midlatitude_5,DJF,2014-12-24T09:00Z,22.47,87826,-0.0285,-0.04574,0.174272,0.001,0.12933,-0.058,0.219214,-0.0035,0.44771,-0.3,0.163051,0.185494,0.14474,-0.03,35.349,24.3795,373.8,384.3,-10.5,8.224974,29.501123,5.0,5,-0.0053,-0.00405,12.960155,14.073848,12.465478,12.27129,13.970417,13.491628,11.89918,14.877906,13.705835,1,0.294016,1.764095,29.501123,0,True,348.81623,0
MOSEAN/WHOTS,B_subtropical_midlatitude_5,DJF,2015-01-02T18:00Z,7.47,88051,-0.014,-0.019226,1.501615,-0.0115,-0.338172,-0.0165,3.341403,-0.0475,2.866197,1.35,1.498031,1.5052,1.49218,-0.0095,35.3775,23.9055,379.15,384.45,-5.3,4.927568,6.401416,9.68,5,0.0036,0.708628,12.960155,14.073848,12.465478,12.27129,13.970417,13.491628,11.89918,15.068305,13.884007,1,0.054478,0.326866,9.68,0,True,348.81623,0
MOSEAN/WHOTS,B_subtropical_midlatitude_5,MAM,2015-05-22T15:00Z,4.47,91408,-0.237,-0.327895,-1.662491,-0.0185,-0.91431,-0.4555,-2.410672,-0.0485,-5.961751,-6.4,-1.775212,-1.549735,-1.959095,-0.288,35.2475,24.7515,393.45,387.85,5.6,2.981507,10.57486,0.315,5,0.0356,0.332594,12.960155,14.073848,12.465478,12.27129,13.970417,13.491628,11.89918,15.673298,14.438347,1,-0.021966,-0.131798,10.57486,0,True,348.81623,1
MOSEAN/WHOTS,B_subtropical_midlatitude_5,JJA,2015-08-24T07:00Z,20.47,93656,-0.0275,-0.038219,-0.411518,-0.0245,0.087268,-0.0305,-0.910304,-0.02,0.477369,-3.1,-0.475234,-0.347794,-0.579202,-0.1565,35.2105,27.94,407.4,379.75,27.65,8.468203,24.922087,28.345,5,0.0145,-0.99503,12.960155,14.073848,12.465478,12.27129,13.970417,13.491628,11.89918,16.264333,14.967183,1,-0.88195,-5.291701,28.345,0,True,348.81623,0
MOSEAN/WHOTS,B_subtropical_midlatitude_5,DJF,2015-12-13T00:00Z,13.47,96313,-0.0935,-0.111589,-3.620987,-0.0635,-1.911536,-0.1235,-5.330438,-0.039,-3.606049,-4.3,-3.637053,-3.604921,-3.66327,-0.0425,35.0595,25.6425,381.55,387.35,-5.8,4.623016,30.975495,1.17,5,-0.0026,-0.838235,12.960155,14.073848,12.465478,12.27129,13.970417,13.491628,11.89918,15.280069,14.072336,1,0.052509,0.315057,30.975495,0,True,348.81623,0
MOSEAN/WHOTS,B_subtropical_midlatitude_5,MAM,2016-03-21T17:00Z,6.47,98706,-0.4505,-0.521118,-5.130441,-0.2435,-3.400842,-0.6575,-6.86004,-0.3025,5.102717,-8.9,-5.220051,-5.040807,-5.366241,-0.2485,35.1795,23.5185,366.3,393.0,-26.7,3.592953,20.495111,8.6,5,-0.015,4.823439,12.960155,14.073848,12.465478,12.27129,13.970417,13.491628,11.89918,14.620042,13.474269,1,0.141697,0.850185,20.495111,0,True,348.81623,1
MOSEAN/WHOTS,B_subtropical_midlatitude_5,JJA,2016-07-24T11:00Z,0.47,101700,-0.04,-0.026021,-0.362392,-0.075,-1.198464,-0.005,0.47368,0.0025,-0.567239,-0.65,-0.369194,-0.35559,-0.380294,-0.0175,34.924,26.0775,389.65,390.2,-0.55,8.91035,15.213683,3.135,5,-0.0055,0.563245,12.960155,14.073848,12.465478,12.27129,13.970417,13.491628,11.89918,15.64164,14.404612,1,0.019005,0.114029,15.213683,0,True,348.81623,0
MOSEAN/WHOTS,B_subtropical_midlatitude_5,MAM,2017-05-24T09:00Z,22.47,108994,-0.003,-0.019178,-0.967992,-0.0025,-1.085274,-0.0035,-0.85071,-0.0435,-1.933904,-1.6,-0.98294,-0.953044,-1.007334,-0.038,34.8335,25.315,394.35,399.15,-4.8,8.366381,13.414305,0.085,5,-0.0108,0.14785,12.960155,14.073848,12.465478,12.27129,13.970417,13.491628,11.89918,15.841777,14.593969,1,0.150423,0.902541,13.414305,0,True,348.81623,0
MOSEAN/WHOTS,B_subtropical_midlatitude_5,JJA,2017-07-24T14:00Z,3.47,110463,-0.0305,0.004753,1.763099,-0.0695,1.763099,0.0085,,0.0,8.348287,0.85,1.741496,1.784704,1.706242,-0.043,34.9145,26.7715,409.75,391.0,18.75,13.515886,13.152439,33.205,5,0.017,4.962566,12.960155,14.073848,12.465478,12.27129,13.970417,13.491628,11.89918,16.437164,15.134711,1,-1.575108,-9.450647,33.205,0,True,348.81623,0
MOSEAN/WHOTS,B_subtropical_midlatitude_5,SON,2017-10-24T01:00Z,14.47,112658,-0.0675,-0.050961,-1.952079,-0.0075,-1.286331,-0.1275,-2.617827,-0.0335,-0.697554,-3.35,-1.985216,-1.918938,-2.039286,-0.085,35.1085,26.319,392.35,390.1,2.25,8.71526,26.762243,26.0,5,0.0091,-0.512409,12.960155,14.073848,12.465478,12.27129,13.970417,13.491628,11.89918,15.694495,14.450598,1,-0.074198,-0.445188,26.762243,0,False,348.81623,0
MOSEAN/WHOTS,B_subtropical_midlatitude_5,DJF,2017-12-27T03:00Z,16.47,114196,-0.246,-0.439484,-5.454497,0.0045,-2.346391,-0.4965,-8.562603,-0.1915,-3.406567,-9.1,-5.541251,-5.367715,-5.682772,-0.2395,35.0475,24.024,369.65,396.95,-27.3,4.697965,24.189708,6.635,5,0.0047,0.865708,12.960155,14.073848,12.465478,12.27129,13.970417,13.491628,11.89918,14.796172,13.634881,1,0.250404,1.502425,24.189708,0,False,348.81623,1
MOSEAN/WHOTS,B_subtropical_midlatitude_5,DJF,2018-01-31T02:00Z,15.47,115035,-0.031,-0.027609,0.022364,-0.0515,-0.948628,-0.0105,0.993356,-0.003,0.940626,-2.0,-0.025576,0.07031,-0.103799,-0.129,35.0365,24.198,371.5,395.15,-23.65,8.326275,7.171492,9.905,5,0.0086,0.096063,12.960155,14.073848,12.465478,12.27129,13.970417,13.491628,11.89918,14.874178,13.705951,1,0.684479,4.106875,9.905,0,False,348.81623,0
MOSEAN/WHOTS,B_subtropical_midlatitude_5,DJF,2018-02-02T03:00Z,16.47,115084,-0.062,-0.057693,-1.241264,0.0015,-0.640638,-0.1255,-1.841891,-0.0145,0.976532,-1.0,-1.235556,-1.246973,-1.226241,0.0155,35.1995,23.507,368.8,395.85,-27.05,5.001795,16.218186,13.895,5,0.0061,0.033692,12.960155,14.073848,12.465478,12.27129,13.970417,13.491628,11.89918,14.711062,13.558185,1,0.280376,1.682254,16.218186,0,False,348.81623,0
MOSEAN/WHOTS,B_subtropical_midlatitude_5,DJF,2018-02-05T03:00Z,16.47,115156,-0.011,-0.064673,0.311154,0.0205,0.708338,-0.0425,-0.086031,-0.039,-0.62076,-1.45,0.269414,0.352899,0.201305,-0.1135,35.1555,23.5285,367.35,397.5,-30.15,5.428727,6.585598,12.43,5,0.0007,-0.30562,12.960155,14.073848,12.465478,12.27129,13.970417,13.491628,11.89918,14.66762,13.518306,1,0.366945,2.201667,12.43,0,False,348.81623,0
MOSEAN/WHOTS,B_subtropical_midlatitude_5,DJF,2018-02-13T20:00Z,9.47,115365,0.017,0.014456,0.116587,0.016,0.309491,0.018,-0.076316,-0.0015,-0.014871,-0.95,0.091337,0.141839,0.050132,-0.0695,35.133,23.314,363.25,399.45,-36.2,4.378295,1.4905,1.6,5,0.0019,-0.305159,12.960155,14.073848,12.465478,12.27129,13.970417,13.491628,11.89918,14.510957,13.375155,1,0.283649,1.701891,1.6,0,False,348.81623,0
MOSEAN/WHOTS,B_subtropical_midlatitude_5,MAM,2018-03-26T10:00Z,23.47,116339,-0.0065,-0.009361,0.890726,-0.008,1.130186,-0.005,0.651266,-0.318,-2.5065,-1.9,0.824574,0.956888,0.716632,-0.1785,35.247,23.004,369.75,398.8,-29.05,3.890732,1.614838,1.125,5,-0.0028,0.535829,12.960155,14.073848,12.465478,12.27129,13.970417,13.491628,11.89918,14.724553,13.573325,1,0.183601,1.101607,1.614838,0,False,348.81623,0
MOSEAN/WHOTS,B_subtropical_midlatitude_5,MAM,2018-04-08T04:00Z,17.47,116645,-0.002,-0.006962,1.890634,-0.014,1.327217,0.01,2.454051,0.0145,2.938734,0.0,1.845812,1.935463,1.772675,-0.119,35.06,23.767,374.6,403.9,-29.3,5.039271,2.276196,9.49,5,0.0039,-0.296241,12.960155,14.073848,12.465478,12.27129,13.970417,13.491628,11.89918,14.98019,13.806111,1,0.315277,1.89166,9.49,0,False,348.81623,0
MOSEAN/WHOTS,B_subtropical_midlatitude_5,MAM,2018-04-13T18:00Z,7.47,116779,0.021,0.016125,0.818125,0.021,0.691971,0.021,0.944278,0.012,-0.622875,1.6,0.836589,0.799662,0.866723,0.049,35.172,23.582,375.95,403.2,-27.25,8.167035,0.801039,0.0,5,-0.0001,0.099125,12.960155,14.073848,12.465478,12.27129,13.970417,13.491628,11.89918,14.996926,13.821795,1,0.771605,4.629633,0.801039,0,False,348.81623,0
MOSEAN/WHOTS,B_subtropical_midlatitude_5,JJA,2018-08-28T04:00Z,17.47,120053,-0.0425,-0.038204,0.155044,-0.0225,-0.546722,-0.0625,0.85681,-0.0235,0.844231,-0.8,0.132436,0.177654,0.095542,-0.056,34.9615,26.7915,403.3,390.7,12.6,11.188897,29.34914,13.555,5,0.0176,0.254206,12.960155,14.073848,12.465478,12.27129,13.970417,13.491628,11.89918,16.171215,14.889007,1,-0.7095,-4.257001,29.34914,0,False,348.81623,0
MOSEAN/WHOTS,B_subtropical_midlatitude_5,SON,2018-10-19T20:00Z,9.47,121317,-0.115,-0.162481,-2.481712,-0.118,-1.902387,-0.112,-3.061038,-0.076,-2.635399,-2.4,-2.479782,-2.483643,-2.476632,0.005,35.017,26.492,389.85,391.35,-1.5,4.506571,13.973844,0.0,5,0.0186,0.177131,12.960155,14.073848,12.465478,12.27129,13.970417,13.491628,11.89918,15.626221,14.387572,1,0.013149,0.078894,13.973844,0,True,348.81623,0
MOSEAN/WHOTS,B_subtropical_midlatitude_5,SON,2018-10-30T14:00Z,3.47,121575,-0.0115,-0.029103,1.547506,-0.004,0.396503,-0.019,2.698509,-0.0445,0.084146,0.9,1.532186,1.562827,1.507184,-0.039,34.989,26.331,391.35,390.25,1.1,10.558278,22.050389,27.81,5,-0.0016,0.496955,12.960155,14.073848,12.465478,12.27129,13.970417,13.491628,11.89918,15.691436,14.448724,1,-0.053346,-0.320075,27.81,0,True,348.81623,0
MOSEAN/WHOTS,B_subtropical_midlatitude_5,SON,2018-11-10T03:00Z,16.47,121828,-0.058,-0.084313,-2.234767,-0.0165,-1.199073,-0.0995,-3.270461,-0.063,-2.120389,-4.0,-2.276519,-2.193014,-2.344656,-0.1055,35.1445,26.1125,399.25,391.45,7.8,8.813458,16.093337,16.29,5,-0.0039,-1.346923,12.960155,14.073848,12.465478,12.27129,13.970417,13.491628,11.89918,15.949555,14.686512,1,-0.269038,-1.614226,16.29,0,True,348.81623,0
MOSEAN/WHOTS,B_subtropical_midlatitude_5,SON,2018-11-30T10:00Z,23.47,122315,-0.01,-0.0086,-0.11451,-0.018,-2.0822,-0.002,1.85318,-0.004,2.529626,-1.5,-0.147309,-0.081709,-0.200831,-0.085,35.14,25.2235,385.65,393.35,-7.7,3.080957,2.080448,0.65,5,0.0003,0.495193,12.960155,14.073848,12.465478,12.27129,13.970417,13.491628,11.89918,15.410326,14.194026,1,0.031421,0.188528,2.080448,0,True,348.81623,0
MOSEAN/WHOTS,B_subtropical_midlatitude_5,DJF,2019-02-10T12:00Z,1.47,124045,-0.0075,-0.022434,-4.876872,0.01,-2.1731,-0.025,-7.580643,-0.049,-3.414108,-5.4,-4.889244,-4.864499,-4.909436,-0.033,35.071,23.382,377.8,401.05,-23.25,12.057431,4.076697,2.88,5,0.0012,0.127041,12.960155,14.073848,12.465478,12.27129,13.970417,13.491628,11.89918,15.09339,13.912856,1,1.454298,8.725789,4.076697,0,True,348.81623,0
MOSEAN/WHOTS,B_subtropical_midlatitude_5,MAM,2019-05-04T13:00Z,2.47,126038,-0.0345,-0.018309,19.044997,-0.061,8.519954,-0.008,29.57004,-0.002,13.269935,18.1,19.022631,19.067364,18.986133,-0.0515,34.79,24.4745,409.45,398.25,11.2,10.52676,10.948859,6.99,5,-0.0043,2.985116,12.960155,14.073848,12.465478,12.27129,13.970417,13.491628,11.89918,16.426398,15.138782,1,-0.590187,-3.54112,10.948859,0,True,348.81623,0
MOSEAN/WHOTS,B_subtropical_midlatitude_5,JJA,2019-06-25T22:00Z,11.47,127295,-0.028,-0.018449,-2.342492,0.0215,1.492441,-0.0775,-6.177425,-0.0445,-1.366564,-2.5,-2.346218,-2.338766,-2.352299,-0.009,34.8615,26.3585,408.65,395.0,13.65,6.926483,12.215311,25.74,5,-0.043,-3.533394,12.960155,14.073848,12.465478,12.27129,13.970417,13.491628,11.89918,16.405704,15.108276,1,-0.302324,-1.813946,25.74,0,True,348.81623,0
MOSEAN/WHOTS,B_subtropical_midlatitude_5,SON,2019-10-10T22:00Z,11.47,129863,-0.0145,-0.013563,-1.734778,-0.0155,-1.521624,-0.0135,-1.947931,-0.0095,-1.099355,-0.35,-1.702097,-1.767456,-1.648756,0.0815,34.9765,27.494,402.7,,,7.49403,0.734088,0.0,5,-0.0019,-1.08736,12.960155,14.073848,12.465478,12.27129,13.970417,13.491628,11.89918,16.149761,14.865749,1,,,0.734088,0,True,348.81623,0
MOSEAN/WHOTS,B_subtropical_midlatitude_5,SON,2019-10-30T20:00Z,9.47,130341,-0.0885,-0.068703,-3.689787,-0.0515,-3.136981,-0.1255,-4.242594,0.0335,-0.707084,-2.9,-3.671162,-3.70841,-3.640761,0.0465,34.7735,27.6585,405.15,,,4.299237,13.581448,35.54,5,0.0066,-0.444852,12.960155,14.073848,12.465478,12.27129,13.970417,13.491628,11.89918,16.310254,15.01462,1,,,35.54,0,True,348.81623,0
MOSEAN/WHOTS,B_subtropical_midlatitude_5,SON,2019-11-03T11:00Z,0.47,130428,-0.0625,-0.043618,-0.13049,-0.08,-0.751385,-0.045,0.490405,-0.036,0.562014,-1.4,-0.160549,-0.100429,-0.2096,-0.0735,34.833,28.059,409.0,,,6.551633,4.448956,0.475,5,0.0138,-0.138192,12.960155,14.073848,12.465478,12.27129,13.970417,13.491628,11.89918,16.445281,15.136794,1,,,4.448956,0,True,348.81623,0
MOSEAN/WHOTS,B_subtropical_midlatitude_5,SON,2019-11-17T07:00Z,20.47,130760,0.003,-0.014915,-2.027534,-0.0085,-1.835264,0.0145,-2.219803,-0.031,-4.507725,-3.0,-2.050543,-2.004523,-2.088092,-0.0565,34.5705,27.0655,408.8,,,6.986056,6.157152,0.0,5,-0.0203,0.141808,12.960155,14.073848,12.465478,12.27129,13.970417,13.491628,11.89918,16.512486,15.205418,1,,,6.157152,0,True,348.81623,0
MOSEAN/WHOTS,B_subtropical_midlatitude_5,DJF,2019-12-25T08:00Z,21.47,131673,-0.0015,-0.00781,0.057723,0.001,0.333025,-0.004,-0.217578,-0.019,-0.194585,0.0,0.056359,0.059088,0.054132,-0.0035,34.766,25.364,389.9,,,13.513601,1.850213,21.76,5,-0.0021,0.192937,12.960155,14.073848,12.465478,12.27129,13.970417,13.491628,11.89918,15.689427,14.453651,1,,,21.76,0,True,348.81623,0
MOSEAN/WHOTS,B_subtropical_midlatitude_5,DJF,2020-02-06T00:00Z,13.47,132697,-0.0105,-0.012503,-1.345368,-0.007,-1.39472,-0.014,-1.296015,-0.0565,-2.908983,-1.25,-1.343108,-1.347627,-1.339421,0.006,34.807,24.15,378.9,,,5.856574,6.462231,9.5,5,-0.0049,-1.15814,12.960155,14.073848,12.465478,12.27129,13.970417,13.491628,11.89918,15.227878,14.034315,1,,,9.5,0,True,348.81623,0
MOSEAN/WHOTS,B_subtropical_midlatitude_5,MAM,2020-03-17T04:00Z,17.47,133661,-0.004,-0.004538,0.358437,-0.0055,0.254847,-0.0025,0.462026,0.0,0.817351,0.0,0.349959,0.366915,0.336124,-0.0225,34.6875,23.792,376.4,,,11.6044,0.690539,4.19,5,-0.0019,0.479437,12.960155,14.073848,12.465478,12.27129,13.970417,13.491628,11.89918,15.158905,13.973571,1,,,4.19,0,True,348.81623,0
MOSEAN/WHOTS,B_subtropical_midlatitude_5,JJA,2020-07-27T04:00Z,17.47,136829,-0.022,-0.016812,1.310034,-0.0465,-1.550658,0.0025,4.170726,-0.011,1.978877,-0.85,1.258819,1.361256,1.175252,-0.1245,34.5185,27.1625,408.85,,,20.154962,14.181494,51.355,5,0.003,0.171917,12.960155,14.073848,12.465478,12.27129,13.970417,13.491628,11.89918,16.532191,15.223494,1,,,51.355,0,True,348.81623,0
MOSEAN/WHOTS,B_subtropical_midlatitude_5,DJF,2021-12-04T22:00Z,11.47,148727,-0.1415,-0.145295,-3.383453,-0.2375,-5.239603,-0.0455,-1.527303,-0.0355,-0.879056,-5.15,-3.425333,-3.341567,-3.493668,-0.105,35.0405,25.0235,403.3,,,3.155351,5.698333,0.0,5,-0.0007,-1.43972,12.960155,14.073848,12.465478,12.27129,13.970417,13.491628,11.89918,16.121379,14.851948,1,,,5.698333,0,True,348.81623,0
MOSEAN/WHOTS,B_subtropical_midlatitude_5,DJF,2021-12-06T17:00Z,6.47,148770,-0.1715,-0.200793,-1.10449,0.0005,-1.214785,-0.3435,-0.994194,-0.7915,-9.01507,-3.15,-1.153029,-1.055942,-1.232225,-0.121,35.0735,25.1125,402.1,,,7.825218,46.148055,20.51,5,0.0041,0.048646,12.960155,14.073848,12.465478,12.27129,13.970417,13.491628,11.89918,16.066419,14.800441,1,,,46.148055,0,True,348.81623,0
MOSEAN/WHOTS,B_subtropical_midlatitude_5,DJF,2021-12-15T07:00Z,20.47,148976,0.0045,0.003228,-1.58706,0.0025,-1.729647,0.0065,-1.444473,-0.0015,1.507112,-1.8,-1.592095,-1.582025,-1.600311,-0.0125,34.9575,24.803,403.8,,,8.719185,2.611667,0.99,5,0.0008,0.355499,12.960155,14.073848,12.465478,12.27129,13.970417,13.491628,11.89918,16.162104,14.891517,1,,,2.611667,0,True,348.81623,0
MOSEAN/WHOTS,B_subtropical_midlatitude_5,DJF,2021-12-30T21:00Z,10.47,149350,0.0005,-0.00234,-0.549143,0.0015,-0.215773,-0.0005,-0.882513,0.0005,-0.355582,-0.7,-0.55271,-0.545576,-0.558531,-0.009,34.9965,24.222,396.85,,,10.19584,3.188333,5.13,5,0.0075,1.445543,12.960155,14.073848,12.465478,12.27129,13.970417,13.491628,11.89918,15.86969,14.624852,1,,,5.13,0,True,348.81623,0
MOSEAN/WHOTS,B_subtropical_midlatitude_5,MAM,2022-03-22T09:00Z,22.47,151306,-0.0095,-0.009285,-0.509076,-0.003,-0.105522,-0.016,-0.912631,-0.073,-1.497116,-5.3,-0.622879,-0.395247,-0.808548,-0.2805,35.068,24.953,406.25,,,7.22796,2.315,0.2,5,-0.007,-0.099828,12.960155,14.073848,12.465478,12.27129,13.970417,13.491628,11.89918,16.225827,14.948508,1,,,2.315,0,True,348.81623,0
MOSEAN/WHOTS,B_subtropical_midlatitude_5,SON,2022-09-11T07:00Z,20.47,155456,-0.009,-0.132534,-1.609059,,,-0.009,-1.609059,-0.0335,-0.379649,-4.75,-1.683541,-1.534566,-1.805071,-0.259,34.982,27.0025,430.95,,,2.32815,12.179998,0.0,5,0.0029,0.026594,12.960155,14.073848,12.465478,12.27129,13.970417,13.491628,11.89918,17.243068,15.876049,1,,,12.179998,0,True,348.81623,0
MOSEAN/WHOTS,B_subtropical_midlatitude_5,DJF,2022-12-16T10:00Z,23.47,157763,-0.041,-0.040981,-1.486965,-0.0555,-0.920123,-0.0265,-2.053807,-0.0065,0.364655,-2.9,-1.520428,-1.453499,-1.575033,-0.0835,35.4265,24.9085,402.3,,,5.159781,11.549995,29.455,5,0.0099,0.519416,12.960155,14.073848,12.465478,12.27129,13.970417,13.491628,11.89918,15.964342,14.704281,1,,,29.455,0,True,348.81623,0
MOSEAN/WHOTS,B_subtropical_midlatitude_5,DJF,2022-12-18T15:00Z,4.47,157816,0.148,0.108846,1.182015,0.1315,1.95672,0.1645,0.407311,0.1975,1.223591,1.25,1.183626,1.180405,1.186253,0.004,35.1915,24.6765,395.35,,,5.906584,9.0,23.525,5,0.0085,0.582521,12.960155,14.073848,12.465478,12.27129,13.970417,13.491628,11.89918,15.761991,14.521105,1,,,23.525,0,True,348.81623,0
MOSEAN/WHOTS,B_subtropical_midlatitude_5,DJF,2023-01-21T23:00Z,12.47,158640,-0.0405,-0.027886,-0.614392,-0.0725,-0.396766,-0.0085,-0.832018,-0.011,0.680089,-0.25,-0.605779,-0.623005,-0.591722,0.0215,35.0465,24.9335,401.1,,,6.110864,8.389999,8.805,5,0.0096,-0.501415,12.960155,14.073848,12.465478,12.27129,13.970417,13.491628,11.89918,16.032727,14.770627,1,,,8.805,0,True,348.81623,0
MOSEAN/WHOTS,B_subtropical_midlatitude_5,DJF,2023-01-25T04:00Z,17.47,158717,-0.181,-0.630465,-4.660587,,,-0.181,-4.660587,-0.059,-1.035627,-8.0,-4.739854,-4.581305,-4.869182,-0.287,35.033,25.134,405.0,,,5.17724,30.460007,0.75,5,0.0122,0.051735,12.960155,14.073848,12.465478,12.27129,13.970417,13.491628,11.89918,16.191495,14.916058,1,,,30.460007,0,True,348.81623,0
MOSEAN/WHOTS,B_subtropical_midlatitude_5,DJF,2023-02-03T14:00Z,3.47,158943,-0.0215,-0.027272,0.386538,-0.01,0.726718,-0.033,0.046359,-0.021,-0.164985,0.0,0.377396,0.395681,0.362477,-0.023,35.102,24.6085,397.45,,,9.729392,13.639984,2.875,5,-0.0243,0.089112,12.960155,14.073848,12.465478,12.27129,13.970417,13.491628,11.89918,15.868693,14.620727,1,,,13.639984,0,True,348.81623,0
MOSEAN/WHOTS,B_subtropical_midlatitude_5,DJF,2023-02-17T14:00Z,3.47,159279,0.079,0.058783,1.204004,0.018,0.976117,0.14,1.431891,0.0385,1.543755,-3.45,1.093152,1.314896,0.91233,-0.278,35.015,24.2735,397.5,,,11.730796,48.009979,37.87,5,-0.0278,0.473952,12.960155,14.073848,12.465478,12.27129,13.970417,13.491628,11.89918,15.890297,14.643408,1,,,48.009979,0,True,348.81623,0
MOSEAN/WHOTS,B_subtropical_midlatitude_5,MAM,2023-03-06T09:00Z,22.47,159682,-0.017,-0.01751,0.225895,-0.0055,-0.771372,-0.0285,1.223163,-0.052,0.293061,-2.0,0.173199,0.278595,0.087208,-0.133,34.9975,24.0025,396.0,,,6.34913,13.139984,0.935,5,0.0077,0.225729,12.960155,14.073848,12.465478,12.27129,13.970417,13.491628,11.89918,15.831963,14.59138,1,,,13.139984,0,True,348.81623,0
MOSEAN/WHOTS,B_subtropical_midlatitude_5,MAM,2023-03-29T08:00Z,21.47,160233,-0.095,-0.093222,0.793078,-0.0135,1.67021,-0.1765,-0.084054,-0.102,-0.420738,0.1,0.776687,0.809469,0.749939,-0.041,35.0845,24.089,399.8,,,7.81796,17.579956,4.615,5,-0.0037,0.450554,12.960155,14.073848,12.465478,12.27129,13.970417,13.491628,11.89918,15.954365,14.703123,1,,,17.579956,0,True,348.81623,0
MOSEAN/WHOTS,B_subtropical_midlatitude_5,MAM,2023-04-03T01:00Z,14.47,160346,-0.0615,-0.051196,5.599395,-0.0245,1.463193,-0.0985,9.735597,-0.055,5.527936,1.3,5.497032,5.701793,5.330053,-0.2505,34.9555,24.489,400.6,,,13.718473,16.850006,28.565,5,0.006,0.336711,12.960155,14.073848,12.465478,12.27129,13.970417,13.491628,11.89918,16.032659,14.773964,1,,,28.565,0,True,348.81623,0
MOSEAN/WHOTS,B_subtropical_midlatitude_5,MAM,2023-04-19T02:00Z,15.47,160731,0.019,0.015119,-0.00108,0.012,0.411291,0.026,-0.413452,-0.0825,-2.007142,0.8,0.017858,-0.020018,0.048764,0.047,34.972,24.3625,402.4,,,9.641199,4.219971,6.505,5,-0.0054,-0.634666,12.960155,14.073848,12.465478,12.27129,13.970417,13.491628,11.89918,16.09472,14.83189,1,,,6.505,0,True,348.81623,0
Papa,B_subtropical_midlatitude_5,JJA,2007-07-08T16:00Z,6.34,808,-0.019,-0.016167,8.991911,-0.0095,4.449739,-0.0285,13.534082,-0.0315,17.813524,3.7,8.865941,9.117923,8.635968,-0.3405,32.5185,9.3155,361.4,377.9,-16.5,13.464079,7.925,11.15,5,-0.0006,-1.373543,12.870775,13.85529,11.963979,12.070527,14.256761,13.604788,11.37292,14.600365,13.586531,1,1.723055,10.338332,11.15,0,False,338.360926,0
Papa,B_subtropical_midlatitude_5,SON,2007-09-14T07:00Z,21.34,2431,-0.0105,-0.008833,2.327769,-0.0085,2.118433,-0.0125,2.537106,-0.0145,1.934777,1.75,2.314098,2.341442,2.289128,-0.0355,32.4035,13.2525,382.75,373.2,9.55,12.419559,6.231667,15.1,5,0.0006,0.72811,12.870775,13.85529,11.963979,12.070527,14.256761,13.604788,11.37292,15.718111,14.581565,1,-0.855807,-5.134841,15.1,0,False,338.360926,0
Papa,B_subtropical_midlatitude_5,SON,2007-10-18T12:00Z,2.34,3252,-0.011,-0.013,-1.299246,-0.0035,-0.781654,-0.0185,-1.816838,-0.01,-2.162471,0.6,-1.254455,-1.344032,-1.172631,0.1265,32.4725,10.0785,355.1,369.5,-14.4,8.453944,9.575,4.45,5,0.0009,0.773601,12.870775,13.85529,11.963979,12.070527,14.256761,13.604788,11.37292,14.432079,13.420867,1,0.571788,3.430728,9.575,0,False,338.360926,0
Papa,B_subtropical_midlatitude_5,SON,2007-10-20T17:00Z,7.34,3305,-0.0055,-0.004333,-0.495452,-0.0045,-0.235123,-0.0065,-0.755782,-0.0175,0.112481,-0.75,-0.501472,-0.489433,-0.512466,-0.017,32.4675,9.734,354.8,374.0,-19.2,13.818389,5.453333,4.25,5,-0.0012,-0.315061,12.870775,13.85529,11.963979,12.070527,14.256761,13.604788,11.37292,14.398224,13.393216,1,2.048701,12.292206,5.453333,0,False,338.360926,0
Papa,B_subtropical_midlatitude_5,SON,2007-11-11T00:00Z,14.34,3816,-0.0135,-0.031,-0.558598,0.0025,-0.511989,-0.0295,-0.605206,-0.025,-0.079138,-1.05,-0.570234,-0.54696,-0.591486,-0.033,32.4545,8.6985,353.3,372.7,-19.4,10.938942,22.405,8.3,5,0.0003,-0.684587,12.870775,13.85529,11.963979,12.070527,14.256761,13.604788,11.37292,14.271265,13.286799,1,1.31697,7.901818,22.405,0,False,338.360926,0
Papa,B_subtropical_midlatitude_5,SON,2007-11-15T06:00Z,20.34,3918,-0.005,-0.005833,-0.625147,-0.002,0.014576,-0.008,-1.26487,-0.017,-0.503306,-0.15,-0.613914,-0.636381,-0.593396,0.032,32.446,8.295,351.6,374.55,-22.95,9.990091,6.616667,7.8,5,0.0003,1.472665,12.870775,13.85529,11.963979,12.070527,14.256761,13.604788,11.37292,14.180436,13.206825,1,1.301773,7.810639,7.8,0,False,338.360926,0
Papa,B_subtropical_midlatitude_5,DJF,2007-12-13T10:00Z,0.34,4594,-0.03,-0.026333,0.146527,-0.0255,0.385169,-0.0345,-0.092115,-0.015,0.203731,0.0,0.143062,0.149992,0.136734,-0.0095,32.5035,6.904,364.5,383.1,-18.6,5.761309,8.018333,23.2,5,-0.0001,0.530444,12.870775,13.85529,11.963979,12.070527,14.256761,13.604788,11.37292,14.530028,13.549915,1,0.377674,2.266047,23.2,0,False,338.360926,0
Papa,B_subtropical_midlatitude_5,MAM,2008-04-10T09:00Z,23.34,7449,-0.0065,-0.0075,0.580416,-0.003,0.417505,-0.01,0.743327,-0.014,-1.795799,0.25,0.572601,0.588231,0.558328,-0.0205,32.643,4.8075,380.6,388.3,-7.7,5.040013,1.588333,0.585,5,0.0014,1.294249,12.870775,13.85529,11.963979,12.070527,14.256761,13.604788,11.37292,14.88223,13.906503,1,0.131408,0.788451,1.588333,0,False,338.360926,0
Papa,B_subtropical_midlatitude_5,MAM,2008-04-30T03:00Z,17.34,7923,-0.009,-0.0105,-1.424233,-0.0055,-1.204926,-0.0125,-1.643541,-0.0165,-1.690148,-1.15,-1.417753,-1.430714,-1.405916,0.017,32.6415,5.0075,382.7,389.45,-6.75,8.1947,3.465,1.195,5,-0.0004,-0.309366,12.870775,13.85529,11.963979,12.070527,14.256761,13.604788,11.37292,14.976469,13.991866,1,0.305603,1.833616,3.465,0,False,338.360926,0
Papa,B_subtropical_midlatitude_5,JJA,2009-08-23T11:00Z,1.34,19451,-0.0175,-0.0175,1.192651,-0.015,0.806439,-0.02,1.578863,-0.0255,0.147824,0.65,1.179815,1.205487,1.156371,-0.036,32.476,13.104,355.6,371.85,-16.25,10.005483,7.271667,13.245,5,0.0001,0.72392,12.870775,13.85529,11.963979,12.070527,14.256761,13.604788,11.37292,14.643071,13.584657,1,0.855047,5.130281,13.245,0,True,338.360926,0
Papa,B_subtropical_midlatitude_5,SON,2009-09-13T15:00Z,5.34,19959,-0.007,-0.009833,0.774186,-0.003,0.246283,-0.011,1.302088,-0.011,-0.068647,0.55,0.768883,0.779488,0.759199,-0.0145,32.448,11.592,364.5,369.3,-4.8,12.118064,5.243333,9.285,5,0.0011,0.304627,12.870775,13.85529,11.963979,12.070527,14.256761,13.604788,11.37292,14.898355,13.837804,1,0.394651,2.367908,9.285,0,True,338.360926,0
Papa,B_subtropical_midlatitude_5,SON,2009-10-20T01:00Z,15.34,20833,-0.004,-0.003667,0.512568,0.001,0.290207,-0.009,0.73493,-0.0175,0.381932,0.55,0.513453,0.511683,0.51507,0.0025,32.411,11.242,352.25,378.8,-26.55,14.376412,6.828333,12.48,5,0.0025,-1.343833,12.870775,13.85529,11.963979,12.070527,14.256761,13.604788,11.37292,14.420113,13.396628,1,2.959102,17.754611,12.48,0,True,338.360926,0
Papa,B_subtropical_midlatitude_5,DJF,2010-01-17T07:00Z,21.34,22975,-0.042,-0.029333,-0.003093,-0.0305,0.031619,-0.0535,-0.037805,-0.118,-1.169293,-0.95,-0.025507,0.019322,-0.066442,-0.0615,32.5465,6.6125,364.5,374.65,-10.15,3.557887,8.481667,0.0,5,0.0071,-0.192925,12.870775,13.85529,11.963979,12.070527,14.256761,13.604788,11.37292,14.492966,13.519218,1,0.078874,0.473245,8.481667,0,True,338.360926,0
Papa,B_subtropical_midlatitude_5,DJF,2010-02-17T18:00Z,8.34,23730,-0.012,-0.0225,-0.614964,-0.0005,-0.226964,-0.0235,-1.002965,-0.0575,-2.330852,-0.4,-0.609886,-0.620043,-0.600609,0.014,32.5105,6.0605,363.75,383.3,-19.55,4.014205,6.805,8.435,5,-0.0009,-0.020763,12.870775,13.85529,11.963979,12.070527,14.256761,13.604788,11.37292,14.429204,13.466428,1,0.195384,1.172306,8.435,0,True,338.360926,0
Papa,B_subtropical_midlatitude_5,JJA,2010-07-08T14:00Z,4.34,27110,-0.008,-0.0085,1.233328,-0.0075,1.926279,-0.0085,0.540377,-0.023,-1.989396,0.85,1.22426,1.242396,1.207698,-0.024,32.6955,9.256,376.95,384.8,-7.85,9.001519,3.575,8.815,5,-0.0005,0.820737,12.870775,13.85529,11.963979,12.070527,14.256761,13.604788,11.37292,15.120663,14.072744,1,0.384755,2.308527,8.815,0,False,338.360926,0
Papa,B_subtropical_midlatitude_5,SON,2010-09-22T05:00Z,19.34,28925,0.0,-0.024833,0.500521,0.0,0.8012,0.0,0.199841,-0.005,2.608064,-0.3,0.481579,0.519464,0.446983,-0.0535,32.55,13.4985,354.0,376.95,-22.95,12.216844,10.755,13.11,5,0.0,0.091837,12.870775,13.85529,11.963979,12.070527,14.256761,13.604788,11.37292,14.581197,13.523475,1,1.769575,10.617449,13.11,0,False,338.360926,0
Papa,B_subtropical_midlatitude_5,SON,2010-09-26T13:00Z,3.34,29029,-0.004,-0.008,2.295851,-0.004,2.617969,-0.004,1.973732,-0.004,-2.771176,0.9,2.262848,2.328854,2.202569,-0.092,32.55,12.2385,359.2,371.8,-12.6,9.616759,6.791667,5.335,5,0.002,0.949859,12.870775,13.85529,11.963979,12.070527,14.256761,13.604788,11.37292,14.706466,13.652859,1,0.628444,3.770666,6.791667,0,False,338.360926,0
Papa,B_subtropical_midlatitude_5,SON,2010-10-11T18:00Z,8.34,29394,0.0,-0.026667,-2.306025,0.0,0.324716,0.0,-4.936767,0.0,-4.053131,-1.3,-2.282292,-2.329756,-2.238937,0.0665,32.573,10.503,361.1,381.3,-20.2,4.784276,6.778333,5.25,5,0.0,-0.351124,12.870775,13.85529,11.963979,12.070527,14.256761,13.604788,11.37292,14.657543,13.626419,1,0.259238,1.555429,6.778333,0,False,338.360926,0
Papa,B_subtropical_midlatitude_5,SON,2010-10-17T04:00Z,18.34,29524,0.0,0.007,4.009801,0.0,5.601004,0.0,2.418597,-0.007,1.712662,2.2,3.966897,4.05271,3.888549,-0.118,32.57,10.276,358.95,380.45,-21.5,10.249127,8.898333,7.19,5,0.0,1.313319,12.870775,13.85529,11.963979,12.070527,14.256761,13.604788,11.37292,14.561692,13.539747,1,1.261766,7.570597,8.898333,0,False,338.360926,0
Papa,B_subtropical_midlatitude_5,SON,2010-10-21T23:00Z,13.34,29639,0.0,-0.0355,-1.20739,0.0,-0.552758,0.0,-1.862022,0.0,-3.701009,-1.45,-1.213109,-1.201671,-1.223558,-0.016,32.591,9.797,362.45,380.0,-17.55,4.46949,8.948333,0.6,5,0.0,-1.199223,12.870775,13.85529,11.963979,12.070527,14.256761,13.604788,11.37292,14.652994,13.63031,1,0.200079,1.200472,8.948333,0,False,338.360926,0
Papa,B_subtropical_midlatitude_5,SON,2010-11-16T11:00Z,1.34,30251,-0.015,-0.063,-3.058517,-0.015,-3.207912,-0.015,-2.909122,-0.015,-0.905053,-3.65,-3.072522,-3.044511,-3.098099,-0.0375,32.631,7.9955,376.4,394.55,-18.15,3.804546,9.641667,6.615,5,0.0034,0.341381,12.870775,13.85529,11.963979,12.070527,14.256761,13.604788,11.37292,15.018505,13.992633,1,0.163157,0.978939,9.641667,0,False,338.360926,0
Papa,B_subtropical_midlatitude_5,DJF,2010-12-30T23:00Z,13.34,31319,0.0,-0.010167,-0.55,0.0,-0.2,0.0,-0.9,0.0,-0.95,-0.55,-0.55,-0.55,-0.55,0.0,32.647,6.33,367.9,386.5,-18.6,10.073844,9.788333,21.455,5,0.0,-0.36,12.870775,13.85529,11.963979,12.070527,14.256761,13.604788,11.37292,14.563126,13.588815,1,1.173766,7.042595,21.455,0,False,338.360926,0
Papa,B_subtropical_midlatitude_5,DJF,2011-02-04T19:00Z,9.34,32179,0.0,-0.000833,0.15,0.0,-0.2,0.0,0.5,0.0,0.8,0.15,0.15,0.15,0.15,0.0,32.638,5.87,370.1,394.85,-24.75,10.913424,1.816667,0.81,5,0.0,-0.68,12.870775,13.85529,11.963979,12.070527,14.256761,13.604788,11.37292,14.605232,13.633929,1,1.866168,11.197006,1.816667,0,False,338.360926,0
Papa,B_subtropical_midlatitude_5,MAM,2011-05-03T10:00Z,0.34,34282,-0.002,-0.001833,0.683772,-0.002,0.533899,-0.002,0.833645,-0.002,0.783688,1.0,0.691245,0.676299,0.704894,0.02,32.733,5.88,372.95,395.55,-22.6,12.08678,3.623333,4.005,5,-0.0012,-0.344045,12.870775,13.85529,11.963979,12.070527,14.256761,13.604788,11.37292,14.681057,13.705124,1,2.100871,12.605227,4.005,0,False,338.360926,0
Papa,B_subtropical_midlatitude_5,JJA,2011-08-17T05:00Z,19.34,36821,-0.015,-0.016333,-0.176449,-0.0145,-0.376436,-0.0155,0.023538,-0.0375,-0.305882,-0.15,-0.175824,-0.177074,-0.174682,0.0015,32.5725,13.3795,417.65,382.9,34.75,6.181712,4.281667,16.825,5,-0.0005,-0.312724,12.870775,13.85529,11.963979,12.070527,14.256761,13.604788,11.37292,16.995713,15.768032,1,-0.858179,-5.149073,16.825,0,False,338.360926,0
Papa,B_subtropical_midlatitude_5,JJA,2011-08-19T06:00Z,20.34,36870,0.001,-0.000833,1.109248,0.0015,1.026646,0.0005,1.191849,-0.0055,0.73515,0.9,1.104304,1.114191,1.095274,-0.012,32.5045,13.669,411.4,384.65,26.75,8.807348,1.13,1.975,5,0.0028,-0.233289,12.870775,13.85529,11.963979,12.070527,14.256761,13.604788,11.37292,16.803757,15.586076,1,-1.311457,-7.868742,1.975,0,False,338.360926,0
Papa,B_subtropical_midlatitude_5,SON,2011-09-08T09:00Z,23.34,37353,-0.0125,-0.022167,2.059984,-0.002,2.012142,-0.023,2.107825,-0.023,2.840186,1.0,2.034898,2.085071,1.989082,-0.0645,32.508,13.2475,387.0,376.5,10.5,8.489254,10.733333,9.075,5,-0.003,0.043145,12.870775,13.85529,11.963979,12.070527,14.256761,13.604788,11.37292,15.846111,14.701031,1,-0.443777,-2.662664,10.733333,0,False,338.360926,0
Papa,B_subtropical_midlatitude_5,SON,2011-10-07T19:00Z,9.34,38059,-0.0345,-0.028333,-1.849405,-0.0245,-1.559026,-0.0445,-2.139783,-0.028,0.599507,-2.45,-1.863616,-1.835192,-1.889572,-0.04,32.5265,11.344,357.25,384.0,-26.75,6.737925,10.414167,21.26,5,0.0024,-1.137337,12.870775,13.85529,11.963979,12.070527,14.256761,13.604788,11.37292,14.582266,13.546871,1,0.66207,3.972422,21.26,0,False,338.360926,0
Papa,B_subtropical_midlatitude_5,JJA,2012-06-15T03:00Z,17.34,44091,-0.0135,-0.016333,-0.829004,-0.0075,-1.023347,-0.0195,-0.634661,-0.03,0.17339,-1.35,-0.841328,-0.816679,-0.863838,-0.0325,32.6935,7.2905,379.8,392.3,-12.5,10.372016,11.92,9.305,5,0.0003,-1.093185,12.870775,13.85529,11.963979,12.070527,14.256761,13.604788,11.37292,15.064187,14.044404,1,0.854477,5.126862,11.92,0,False,338.360926,0
Papa,B_subtropical_midlatitude_5,JJA,2012-08-09T17:00Z,7.34,45425,-0.007,-0.009,-0.501748,-0.0045,2.587293,-0.0095,-3.590789,-0.0105,3.664214,-0.35,-0.498177,-0.505319,-0.491652,0.01,32.6155,12.3045,363.15,380.75,-17.6,10.661319,2.166667,5.4,5,-0.0002,-2.809131,12.870775,13.85529,11.963979,12.070527,14.256761,13.604788,11.37292,14.841412,13.77786,1,1.089726,6.538359,5.4,0,False,338.360926,0
Papa,B_subtropical_midlatitude_5,JJA,2012-08-12T12:00Z,2.34,45492,-0.0055,-0.009667,4.652747,0.0,4.554785,-0.011,4.75071,-0.021,4.266538,3.55,4.626664,4.678831,4.579026,-0.0715,32.598,12.102,361.85,380.2,-18.35,11.643397,10.375,16.34,5,0.0009,3.112144,12.870775,13.85529,11.963979,12.070527,14.256761,13.604788,11.37292,14.78439,13.726946,1,1.354997,8.129981,16.34,0,False,338.360926,0
Papa,B_subtropical_midlatitude_5,SON,2012-09-12T16:00Z,6.34,46240,-0.002,-0.000833,0.625752,-0.002,0.806939,-0.002,0.444566,-0.006,-0.611373,0.2,0.615684,0.635821,0.597294,-0.0275,32.571,12.8815,365.95,384.25,-18.3,9.895719,0.933333,0.98,5,0.0009,0.830315,12.870775,13.85529,11.963979,12.070527,14.256761,13.604788,11.37292,14.998198,13.917308,1,0.978043,5.868256,0.98,0,False,338.360926,0
Papa,B_subtropical_midlatitude_5,SON,2012-10-10T11:00Z,1.34,46907,-0.017,-0.015333,1.008645,-0.0095,-0.097052,-0.0245,2.114341,-0.0195,1.898854,0.75,1.002528,1.014761,0.991357,-0.016,32.4845,11.7945,380.95,387.55,-6.6,11.555031,8.471667,12.89,5,-0.0037,1.202307,12.870775,13.85529,11.963979,12.070527,14.256761,13.604788,11.37292,15.524682,14.418198,1,0.520717,3.124302,12.89,0,False,338.360926,0
Papa,B_subtropical_midlatitude_5,SON,2012-11-04T04:00Z,18.34,47500,-0.02,-0.0125,-0.437472,-0.024,-0.596239,-0.016,-0.278704,-0.047,-0.253416,-0.85,-0.447229,-0.427714,-0.465051,-0.0265,32.54,8.639,369.05,383.45,-14.4,10.302391,8.053333,11.83,5,0.004,0.481173,12.870775,13.85529,11.963979,12.070527,14.256761,13.604788,11.37292,14.827036,13.805827,1,0.916898,5.501387,11.83,0,False,338.360926,0
Papa,B_subtropical_midlatitude_5,DJF,2013-01-19T09:00Z,23.34,49329,0.0015,0.002333,1.406468,0.0015,1.20547,0.0015,1.607465,0.0015,1.647849,1.2,1.401585,1.41135,1.392667,-0.0125,32.6515,5.3375,389.3,393.05,-3.75,10.199478,0.923333,1.455,5,0.0012,0.679998,12.870775,13.85529,11.963979,12.070527,14.256761,13.604788,11.37292,15.240055,14.233705,1,0.26726,1.60356,1.455,0,False,338.360926,0
Papa,B_subtropical_midlatitude_5,JJA,2013-08-06T16:00Z,6.34,54112,-0.0095,-0.005833,-0.613444,-0.01,-0.148101,-0.009,-1.078788,-0.019,-0.770555,-1.35,-0.630865,-0.596023,-0.662684,-0.0415,32.441,14.7675,420.65,385.95,34.7,8.676368,3.115,8.58,5,0.002,-0.795551,12.870775,13.85529,11.963979,12.070527,14.256761,13.604788,11.37292,17.254516,15.992203,1,-1.672098,-10.032586,8.58,0,False,338.360926,0
Papa,B_subtropical_midlatitude_5,JJA,2013-08-11T03:00Z,17.34,54219,-0.008,-0.008833,-1.523053,-0.0055,-1.831254,-0.0105,-1.214852,-0.023,-0.906831,-0.65,-1.502426,-1.543679,-1.464749,0.0495,32.4275,14.8555,417.9,383.75,34.15,9.126348,4.533333,6.51,5,-0.0005,-1.011707,12.870775,13.85529,11.963979,12.070527,14.256761,13.604788,11.37292,17.160409,15.90381,1,-1.802981,-10.817885,6.51,0,False,338.360926,0
Papa,B_subtropical_midlatitude_5,SON,2013-10-20T19:00Z,9.34,55915,-0.0785,-0.053333,-2.265046,-0.0665,-1.005552,-0.0905,-3.524539,-0.0955,-2.91048,-1.65,-2.250518,-2.279573,-2.223981,0.04,32.4715,11.0125,365.55,389.9,-24.35,4.423744,11.0,11.57,5,-0.0022,-2.115815,12.870775,13.85529,11.963979,12.070527,14.256761,13.604788,11.37292,14.891735,13.838167,1,0.270476,1.622857,11.57,0,False,338.360926,0
Papa,B_subtropical_midlatitude_5,SON,2014-09-06T06:00Z,20.34,63606,-0.0225,-0.0336,0.539515,-0.009,0.814509,-0.036,0.264522,-0.0315,2.00068,0.3,0.533851,0.54518,0.523505,-0.016,32.356,15.113,353.4,384.85,-31.45,10.094791,10.728333,11.535,5,0.0013,2.700802,12.870775,13.85529,11.963979,12.070527,14.256761,13.604788,11.37292,14.70409,13.621236,1,1.620813,9.724878,11.535,0,True,338.360926,0
Papa,B_subtropical_midlatitude_5,SON,2014-09-23T09:00Z,23.34,64017,-0.0035,-0.001917,-0.798196,0.0,-1.407711,-0.007,-0.188681,-0.0125,0.023249,-1.5,-0.814803,-0.781587,-0.845134,-0.0465,32.328,15.067,357.95,381.95,-24.0,14.817154,6.306667,16.435,5,0.0013,2.43227,12.870775,13.85529,11.963979,12.070527,14.256761,13.604788,11.37292,14.888772,13.792906,1,2.71685,16.301101,16.435,0,True,338.360926,0
Papa,B_subtropical_midlatitude_5,SON,2014-10-01T16:00Z,6.34,64216,-0.008,-0.0062,-1.409022,-0.004,-0.642585,-0.012,-2.175458,-0.0345,-2.265773,-1.35,-1.407626,-1.410418,-1.405076,0.004,32.378,14.435,351.45,388.2,-36.75,7.843803,7.831667,6.865,5,0.0027,-1.728897,12.870775,13.85529,11.963979,12.070527,14.256761,13.604788,11.37292,14.585986,13.518123,1,1.147683,6.886096,7.831667,0,True,338.360926,0
Papa,B_subtropical_midlatitude_5,SON,2014-11-10T08:00Z,22.34,65168,-0.0185,-0.017967,-0.581016,-0.0055,-0.736366,-0.0315,-0.425665,-0.029,-2.840353,-0.55,-0.580278,-0.581754,-0.578931,0.002,32.4025,10.4205,350.35,397.2,-46.85,11.191937,7.331667,13.475,5,0.0029,1.00695,12.870775,13.85529,11.963979,12.070527,14.256761,13.604788,11.37292,14.296509,13.290534,1,3.192558,19.155349,13.475,0,True,338.360926,0
Papa,B_subtropical_midlatitude_5,SON,2014-11-14T07:00Z,21.34,65263,-0.0015,-0.002417,-0.232172,-0.0005,-0.414983,-0.0025,-0.04936,-0.0085,0.122439,-0.15,-0.230229,-0.234114,-0.226682,0.0055,32.3955,10.635,352.9,390.7,-37.8,8.423603,3.41,0.0,5,-0.0003,0.839979,12.870775,13.85529,11.963979,12.070527,14.256761,13.604788,11.37292,14.40973,13.393502,1,1.468081,8.808483,3.41,0,True,338.360926,0
Papa,B_subtropical_midlatitude_5,DJF,2014-12-06T20:00Z,10.34,65804,-0.143,-0.091433,-3.514406,-0.118,-3.993548,-0.168,-3.035263,-0.037,0.573093,-2.8,-3.497538,-3.531273,-3.466726,0.048,32.479,9.4885,355.2,386.65,-31.45,8.193369,18.315,19.13,5,-0.002,-0.970226,12.870775,13.85529,11.963979,12.070527,14.256761,13.604788,11.37292,14.392441,13.390685,1,1.186502,7.119011,19.13,0,True,338.360926,0
Papa,B_subtropical_midlatitude_5,DJF,2014-12-22T11:00Z,1.34,66179,-0.028,-0.01385,0.588998,-0.05,-0.017857,-0.006,1.195853,-0.059,0.299917,-0.65,0.559656,0.618342,0.50607,-0.0825,32.436,8.7595,354.9,395.6,-40.7,6.031179,7.956667,6.305,5,-0.0072,-0.462856,12.870775,13.85529,11.963979,12.070527,14.256761,13.604788,11.37292,14.341,13.350966,1,0.844904,5.069423,7.956667,0,True,338.360926,0
Papa,B_subtropical_midlatitude_5,DJF,2015-01-24T09:00Z,23.34,66969,-0.043,-0.062467,-2.482973,-0.01,-2.085814,-0.076,-2.880132,-0.057,-1.847985,0.15,-2.420943,-2.544993,-2.307619,0.1685,32.481,7.7585,370.55,392.75,-22.2,7.247814,18.541667,24.745,5,0.0021,0.857666,12.870775,13.85529,11.963979,12.070527,14.256761,13.604788,11.37292,14.829368,13.818384,1,0.718131,4.308787,24.745,0,True,338.360926,0
Papa,B_subtropical_midlatitude_5,JJA,2015-07-01T04:00Z,18.34,70756,-0.0235,-0.023083,-4.012703,-0.013,-2.078058,-0.034,-5.947347,-0.037,-0.077208,-4.2,-4.017131,-4.008274,-4.02522,-0.0115,32.552,11.9685,389.45,396.0,-6.55,11.556261,12.883333,28.645,5,-0.0021,-0.790059,12.870775,13.85529,11.963979,12.070527,14.256761,13.604788,11.37292,15.836422,14.706447,1,0.528868,3.173206,28.645,0,True,338.360926,0
Papa,B_subtropical_midlatitude_5,JJA,2015-07-29T11:00Z,1.34,71435,-0.0095,-0.015767,1.182432,-0.011,1.142392,-0.008,1.222472,-0.0025,0.504326,0.95,1.176943,1.187921,1.166915,-0.0145,32.505,13.632,377.45,387.7,-10.25,5.994607,2.088333,6.055,5,-0.0034,1.353278,12.870775,13.85529,11.963979,12.070527,14.256761,13.604788,11.37292,15.506442,14.381363,1,0.207392,1.244351,6.055,0,True,338.360926,0
Papa,B_subtropical_midlatitude_5,JJA,2015-08-09T16:00Z,6.34,71704,-0.0545,-0.054733,-1.593661,-0.0525,-1.617678,-0.0565,-1.569645,-0.055,-2.585934,-0.35,-1.564312,-1.623008,-1.5107,0.0775,32.3325,14.077,380.3,384.7,-4.4,7.025316,13.368333,14.93,5,0.0014,-0.119243,12.870775,13.85529,11.963979,12.070527,14.256761,13.604788,11.37292,15.699496,14.555237,1,0.123634,0.741802,14.93,0,True,338.360926,0
Papa,B_subtropical_midlatitude_5,SON,2015-10-11T01:00Z,15.34,73201,-0.0095,-0.008583,0.362573,-0.0055,0.444898,-0.0135,0.280248,-0.02,4.919932,-0.15,0.350447,0.3747,0.3283,-0.034,32.4895,13.1315,356.3,384.0,-27.7,14.545028,7.428333,7.165,5,0.0028,-0.394595,12.870775,13.85529,11.963979,12.070527,14.256761,13.604788,11.37292,14.667526,13.607151,1,3.084487,18.506921,7.428333,0,True,338.360926,0
Papa,B_subtropical_midlatitude_5,SON,2015-10-14T18:00Z,8.34,73290,0.0135,0.006283,-0.537642,0.0225,-1.005961,0.0045,-0.069323,-0.0115,0.522234,0.3,-0.517866,-0.557416,-0.481742,0.055,32.4685,12.2565,360.25,391.55,-31.3,15.209968,9.401667,18.69,5,0.0015,0.192413,12.870775,13.85529,11.963979,12.070527,14.256761,13.604788,11.37292,14.77278,13.713978,1,3.936359,23.618154,18.69,0,True,338.360926,0
Papa,B_subtropical_midlatitude_5,SON,2015-10-26T10:00Z,0.34,73570,0.015,0.010167,-1.304944,0.0055,0.156908,0.0245,-2.766797,-0.035,-2.045393,0.95,-1.251847,-1.358031,-1.154839,0.147,32.4605,11.6155,363.25,389.45,-26.2,12.803264,4.648333,7.35,5,-0.0035,1.113144,12.870775,13.85529,11.963979,12.070527,14.256761,13.604788,11.37292,14.848495,13.791237,1,2.390814,14.344882,7.35,0,True,338.360926,0
Papa,B_subtropical_midlatitude_5,SON,2015-10-30T20:00Z,10.34,73676,-0.068,-0.09785,-2.26775,-0.035,-3.357597,-0.101,-1.177904,-0.0365,-0.895993,-3.0,-2.285096,-2.250403,-2.316772,-0.048,32.481,11.6815,362.55,390.05,-27.5,6.576404,14.325,13.365,5,0.0006,-0.452621,12.870775,13.85529,11.963979,12.070527,14.256761,13.604788,11.37292,14.819877,13.763997,1,0.658807,3.952841,14.325,0,True,338.360926,0
Papa,B_subtropical_midlatitude_5,DJF,2015-12-02T04:00Z,18.34,74452,-0.019,-0.01825,0.175345,-0.018,0.059862,-0.02,0.290829,-0.012,0.65334,-0.65,0.155812,0.19488,0.120138,-0.0535,32.53,8.964,365.05,390.3,-25.25,9.826442,8.175,22.68,5,-0.0021,0.565619,12.870775,13.85529,11.963979,12.070527,14.256761,13.604788,11.37292,14.70669,13.689763,1,1.432719,8.596315,22.68,0,True,338.360926,0
Papa,B_subtropical_midlatitude_5,DJF,2016-02-29T12:00Z,2.34,76596,-0.0135,-0.013783,-0.729036,0.0015,-0.392924,-0.0285,-1.065148,-0.011,-0.106258,-0.55,-0.724794,-0.73328,-0.717045,0.011,32.6825,6.4135,380.9,397.3,-16.4,13.838967,13.366667,6.535,5,0.0001,1.34006,12.870775,13.85529,11.963979,12.070527,14.256761,13.604788,11.37292,15.030082,14.023753,1,2.040425,12.242551,13.366667,0,True,338.360926,0
Papa,B_subtropical_midlatitude_5,SON,2016-09-13T21:00Z,11.34,81333,-0.0205,-0.03855,-0.594211,-0.0065,-0.34514,-0.0345,-0.843282,-0.0395,-0.789875,-0.45,-0.590806,-0.597616,-0.584587,0.0085,32.5705,15.864,402.0,397.0,5.0,8.458225,11.945,1.905,5,0.0002,-0.159069,12.870775,13.85529,11.963979,12.070527,14.256761,13.604788,11.37292,16.565219,15.341478,1,-0.209611,-1.257665,11.945,0,True,338.360926,0
Papa,B_subtropical_midlatitude_5,SON,2016-09-21T14:00Z,4.34,81518,-0.0135,-0.016883,0.092615,-0.012,1.644081,-0.015,-1.458851,-0.0285,-2.095466,-0.25,0.084512,0.100718,0.069712,-0.0205,32.554,15.3565,394.5,395.95,-1.45,17.235643,4.55,14.135,5,0.0009,0.293269,12.870775,13.85529,11.963979,12.070527,14.256761,13.604788,11.37292,16.251313,15.055297,1,0.248633,1.491796,14.135,0,True,338.360926,0
Papa,B_subtropical_midlatitude_5,SON,2016-10-18T19:00Z,9.34,82171,-0.0225,-0.02075,0.115194,-0.0345,0.466881,-0.0105,-0.236492,-0.0075,0.384547,-0.6,0.098272,0.132118,0.067364,-0.046,32.4865,13.0175,367.95,394.1,-26.15,11.410536,11.036667,8.6,5,-0.0026,-0.106202,12.870775,13.85529,11.963979,12.070527,14.256761,13.604788,11.37292,15.109692,14.019144,1,1.87559,11.253542,11.036667,0,True,338.360926,0
Papa,B_subtropical_midlatitude_5,DJF,2016-12-07T10:00Z,0.34,83362,-0.0225,-0.022933,1.440846,-0.015,0.288909,-0.03,2.592783,-0.027,0.685502,0.45,1.417378,1.464317,1.374518,-0.0615,32.632,7.457,379.4,408.8,-29.4,4.018168,6.608333,0.0,5,0.0001,1.018146,12.870775,13.85529,11.963979,12.070527,14.256761,13.604788,11.37292,15.082479,14.059024,1,0.301196,1.807178,6.608333,0,True,338.360926,0
Papa,B_subtropical_midlatitude_5,MAM,2017-04-24T18:00Z,8.34,86682,-0.01,-0.012867,-1.094687,-0.006,-0.867937,-0.014,-1.321437,-0.015,-1.889135,-8.0,-1.259384,-0.92992,-1.560019,-0.4155,32.532,6.273,397.6,405.85,-8.25,8.505001,6.49,7.65,5,0.002,-0.587652,12.870775,13.85529,11.963979,12.070527,14.256761,13.604788,11.37292,15.662892,14.615144,1,0.415562,2.493375,7.65,0,True,338.360926,0
Papa,B_subtropical_midlatitude_5,MAM,2017-04-28T17:00Z,7.34,86777,-0.0315,-0.0349,0.146067,-0.027,0.485824,-0.036,-0.193691,-0.047,-2.629737,-0.35,0.134336,0.157798,0.11291,-0.03,32.569,6.4515,391.2,412.2,-21.0,4.6008,3.96,0.93,5,0.0101,-1.071916,12.870775,13.85529,11.963979,12.070527,14.256761,13.604788,11.37292,15.438764,14.403921,1,0.301086,1.806514,3.96,0,True,338.360926,0
Papa,B_subtropical_midlatitude_5,MAM,2017-05-01T22:00Z,12.34,86854,-0.001,-0.000333,-0.614663,0.0,-0.456713,-0.002,-0.772612,-0.0085,-0.336856,-0.05,-0.601318,-0.628007,-0.576943,0.0345,32.503,6.201,386.8,409.75,-22.95,9.473275,2.213333,0.27,5,0.0015,-1.032862,12.870775,13.85529,11.963979,12.070527,14.256761,13.604788,11.37292,15.277211,14.255998,1,1.385628,8.313769,2.213333,0,True,338.360926,0
Papa,B_subtropical_midlatitude_5,JJA,2017-06-28T03:00Z,17.34,88227,-0.0085,-0.009767,-1.646149,-0.0055,-1.79827,-0.0115,-1.494027,-0.0145,-1.341371,-2.4,-1.663988,-1.628308,-1.696569,-0.044,32.4365,9.7895,407.0,406.9,0.1,11.744994,2.876667,8.235,5,-0.0012,-1.627564,12.870775,13.85529,11.963979,12.070527,14.256761,13.604788,11.37292,16.356059,15.21531,1,-0.009296,-0.055773,8.235,0,True,338.360926,0
Papa,B_subtropical_midlatitude_5,SON,2017-09-04T22:00Z,12.34,89878,-0.0335,-0.020667,-4.598503,-0.011,-3.996712,-0.056,-5.200294,-0.0575,-2.976038,-4.2,-4.589087,-4.607918,-4.571889,0.027,32.362,13.032,352.95,387.55,-34.6,3.531431,5.72,13.93,5,0.0012,-1.572948,12.870775,13.85529,11.963979,12.070527,14.256761,13.604788,11.37292,14.57156,13.518471,1,0.226201,1.357208,13.93,0,True,338.360926,0
Papa,B_subtropical_midlatitude_5,DJF,2017-12-04T23:00Z,13.34,92063,-0.0075,-0.007567,0.255317,-0.0045,-1.11294,-0.0105,1.623575,-0.006,0.545521,0.2,0.254012,0.256623,0.251627,-0.0035,32.4875,7.4355,377.4,405.5,-28.1,11.622719,4.041667,5.03,5,0.00088,0.52842,12.870775,13.85529,11.963979,12.070527,14.256761,13.604788,11.37292,15.051357,14.029419,1,2.411232,14.467394,5.03,0,True,338.360926,0
Papa,B_subtropical_midlatitude_5,MAM,2018-03-27T23:00Z,13.34,94775,-0.0275,-0.025567,-0.612779,-0.017,-0.566604,-0.038,-0.658955,-0.0285,-0.86989,0.35,-0.590034,-0.635523,-0.54849,0.0585,32.537,5.612,389.2,415.5,-26.3,5.942244,6.505,9.855,5,0.0008,-0.795792,12.870775,13.85529,11.963979,12.070527,14.256761,13.604788,11.37292,15.297329,14.28275,1,0.636414,3.818485,9.855,0,True,338.360926,0
Papa,B_subtropical_midlatitude_5,JJA,2018-07-02T06:00Z,20.34,97086,-0.00575,-0.01095,1.567421,-0.00575,1.567421,,,-0.0616,-2.953402,1.425,1.565236,1.569607,1.561244,-0.008,32.411,10.4325,395.05,409.4,-14.35,8.098209,4.933333,8.88,5,-0.001875,0.138668,12.870775,13.85529,11.963979,12.070527,14.256761,13.604788,11.37292,15.975115,14.852678,1,0.602183,3.613096,8.88,0,True,338.360926,0
Papa,B_subtropical_midlatitude_5,SON,2018-09-03T03:00Z,17.34,98595,-0.0205,-0.025867,-2.456309,-0.01,-2.632015,-0.031,-2.280603,-0.0315,-0.834326,-1.3,-2.428998,-2.483619,-2.379112,0.0665,32.285,14.3385,412.65,400.55,12.1,7.191454,6.816667,10.34,5,0.0008,-1.515369,12.870775,13.85529,11.963979,12.070527,14.256761,13.604788,11.37292,16.973948,15.735547,1,-0.396805,-2.380832,10.34,0,True,338.360926,0
Papa,B_subtropical_midlatitude_5,SON,2018-10-31T10:00Z,0.34,99994,-0.022,-0.01535,0.562312,-0.014,1.283975,-0.03,-0.15935,-0.021,0.750179,0.1,0.551374,0.573251,0.531397,-0.029,32.292,12.2695,377.1,400.75,-23.65,12.250883,11.633333,32.555,5,-0.0001,0.808994,12.870775,13.85529,11.963979,12.070527,14.256761,13.604788,11.37292,15.47283,14.363706,1,2.071534,12.429202,32.555,0,True,338.360926,0
Papa,B_subtropical_midlatitude_5,DJF,2018-12-06T00:00Z,14.34,100848,0.003,0.000683,-0.818537,0.0045,-1.328226,0.0015,-0.308848,-0.0025,0.293455,-0.85,-0.819281,-0.817792,-0.82064,-0.002,32.2805,10.015,371.15,407.75,-36.6,11.190514,2.99,4.33,5,-0.0035,0.102108,12.870775,13.85529,11.963979,12.070527,14.256761,13.604788,11.37292,15.090317,14.033276,1,2.735595,16.413571,4.33,0,True,338.360926,0
Papa,B_subtropical_midlatitude_5,SON,2019-09-25T04:00Z,18.34,107884,-0.025,-0.0184,-1.992163,-0.018,-2.261671,-0.032,-1.722655,-0.025,-0.806453,-3.1,-2.018393,-1.96593,-2.066298,-0.0745,32.343,13.8525,353.75,401.5,-47.75,6.268083,7.628333,10.115,5,-0.0022,-2.62282,12.870775,13.85529,11.963979,12.070527,14.256761,13.604788,11.37292,14.655019,13.587712,1,0.972645,5.835869,10.115,0,True,338.360926,0
Papa,B_subtropical_midlatitude_5,SON,2019-10-04T00:00Z,14.34,108096,-0.006,-0.0082,-1.424259,-0.001,-0.712975,-0.011,-2.135542,-0.0145,-0.950106,-0.1,-1.393011,-1.455503,-1.33593,0.088,32.358,13.8085,356.65,403.8,-47.15,7.544497,2.701667,7.31,5,-0.0004,-1.199978,12.870775,13.85529,11.963979,12.070527,14.256761,13.604788,11.37292,14.760571,13.686224,1,1.40672,8.440318,7.31,0,True,338.360926,0
Papa,B_subtropical_midlatitude_5,SON,2019-10-13T13:00Z,3.34,108325,-0.014,-0.010833,0.549526,-0.011,-0.771653,-0.017,1.870705,-0.0115,4.83541,0.1,0.538893,0.560159,0.519472,-0.0295,32.338,13.2075,360.05,407.2,-47.15,14.581632,8.705,24.1,5,0.0006,2.324486,12.870775,13.85529,11.963979,12.070527,14.256761,13.604788,11.37292,14.863687,13.78796,1,5.387376,32.324258,24.1,0,True,338.360926,0
Papa,B_subtropical_midlatitude_5,SON,2019-11-10T13:00Z,3.34,108997,0.008,0.009817,5.464229,0.0,2.249778,0.016,8.67868,0.0025,6.689026,4.25,5.435471,5.492989,5.382952,-0.0755,32.333,11.756,374.15,408.15,-34.0,17.263429,5.051667,28.735,5,-0.0008,0.720988,12.870775,13.85529,11.963979,12.070527,14.256761,13.604788,11.37292,15.312331,14.220378,1,5.895639,35.373833,28.735,0,True,338.360926,0
Papa,B_subtropical_midlatitude_5,SON,2019-11-25T17:00Z,7.34,109361,-0.0365,-0.031,-2.281331,-0.0135,-1.726846,-0.0595,-2.835816,-0.0285,-1.560528,-3.2,-2.303111,-2.259548,-2.342885,-0.0575,32.3365,10.817,381.75,415.35,-33.6,3.689248,7.521667,10.46,5,-0.0004,1.203312,12.870775,13.85529,11.963979,12.070527,14.256761,13.604788,11.37292,15.531056,14.43448,1,0.278366,1.670198,10.46,0,True,338.360926,0
Papa,B_subtropical_midlatitude_5,MAM,2020-04-26T01:00Z,15.34,113017,-0.022,-0.014933,-0.107433,-0.012,-0.802196,-0.032,0.587329,-0.032,5.854686,-0.25,-0.110797,-0.10407,-0.116941,-0.0085,32.463,8.136,396.8,409.3,-12.5,10.935853,8.556667,8.435,5,-0.0008,-0.222956,12.870775,13.85529,11.963979,12.070527,14.256761,13.604788,11.37292,15.82845,14.744843,1,1.003976,6.023853,8.556667,0,True,338.360926,0
Papa,B_subtropical_midlatitude_5,SON,2020-09-03T18:00Z,8.34,116154,-0.032,-0.042067,-1.110014,0.022,-0.858646,-0.086,-1.361383,-0.026,-2.035643,-2.0,-1.131074,-1.088954,-1.169537,-0.0525,32.233,14.1155,402.4,399.7,2.7,3.896202,6.298333,9.345,5,-0.0027,0.563224,12.870775,13.85529,11.963979,12.070527,14.256761,13.604788,11.37292,16.584547,15.376095,1,-0.025298,-0.151791,9.345,0,True,338.360926,0
Papa,B_subtropical_midlatitude_5,SON,2020-10-14T21:00Z,11.34,117141,-0.0125,-0.00595,-1.327623,-0.007,-1.048479,-0.018,-1.606768,-0.0185,0.334613,-1.9,-1.341152,-1.314095,-1.365862,-0.036,32.291,12.213,379.15,411.1,-31.95,13.221736,7.085,14.13,5,-0.002,-2.622689,12.870775,13.85529,11.963979,12.070527,14.256761,13.604788,11.37292,15.5474,14.433638,1,3.287385,19.724309,14.13,0,True,338.360926,0
Papa,B_subtropical_midlatitude_5,SON,2020-10-16T15:00Z,5.34,117183,-0.038,-0.047783,-0.904931,0.0005,1.103854,-0.0765,-2.913715,-0.214,-5.55083,-0.45,-0.894203,-0.915657,-0.874606,0.0285,32.2715,12.224,381.0,410.0,-29.0,8.178705,19.141667,11.99,5,0.0029,1.317825,12.870775,13.85529,11.963979,12.070527,14.256761,13.604788,11.37292,15.624881,14.505427,1,1.150268,6.901607,19.141667,0,True,338.360926,0
Papa,B_subtropical_midlatitude_5,SON,2020-10-26T18:00Z,8.34,117426,-0.0125,-0.018333,-1.177622,-0.0045,-0.461795,-0.0205,-1.89345,-0.0665,-4.603501,-0.95,-1.172239,-1.183006,-1.162407,0.014,32.2805,12.063,385.15,410.05,-24.9,5.184876,5.066667,6.675,5,0.0007,0.020579,12.870775,13.85529,11.963979,12.070527,14.256761,13.604788,11.37292,15.768394,14.640682,1,0.403836,2.423014,6.675,0,True,338.360926,0
Papa,B_subtropical_midlatitude_5,SON,2020-10-31T23:00Z,13.34,117551,-0.0535,-0.057117,-2.68335,-0.02,-2.713011,-0.087,-2.653688,-0.1305,-2.203597,-2.2,-2.671926,-2.694773,-2.651062,0.0305,32.242,12.069,376.7,406.8,-30.1,4.786504,14.686667,6.72,5,-0.0024,-1.152774,12.870775,13.85529,11.963979,12.070527,14.256761,13.604788,11.37292,15.459927,14.353626,1,0.404521,2.427126,14.686667,0,True,338.360926,0
Papa,B_subtropical_midlatitude_5,SON,2020-11-04T02:00Z,16.34,117626,-0.0025,-0.007967,2.173865,-0.001,0.745512,-0.004,3.602219,-0.0685,-2.414008,1.9,2.167375,2.180356,2.155522,-0.017,32.222,11.8225,376.0,405.1,-29.1,12.234859,16.575,6.655,5,-0.0018,-0.2056,12.870775,13.85529,11.963979,12.070527,14.256761,13.604788,11.37292,15.42264,14.321565,1,2.563606,15.381637,16.575,0,True,338.360926,0
Papa,B_subtropical_midlatitude_5,SON,2020-11-14T06:00Z,20.34,117870,-0.011,-0.0179,-0.856018,-0.008,-0.785992,-0.014,-0.926045,-0.028,-0.757779,-1.0,-0.859421,-0.852615,-0.865637,-0.009,32.263,10.5365,379.25,410.4,-31.15,11.100102,11.076667,13.11,5,-0.0008,0.436772,12.870775,13.85529,11.963979,12.070527,14.256761,13.604788,11.37292,15.43936,14.351958,1,2.337422,14.024531,13.11,0,True,338.360926,0
Papa,B_subtropical_midlatitude_5,DJF,2020-12-11T15:00Z,5.34,118527,-0.0045,-0.00515,1.005141,-0.002,0.755072,-0.007,1.25521,-0.0045,1.179479,0.9,1.002655,1.007627,0.998115,-0.0065,32.313,8.4845,381.65,414.1,-32.45,13.508443,3.628333,14.295,5,0.0003,0.710058,12.870775,13.85529,11.963979,12.070527,14.256761,13.604788,11.37292,15.349853,14.293474,1,3.776237,22.657421,14.295,0,True,338.360926,0
Papa,B_subtropical_midlatitude_5,JJA,2022-06-23T00:00Z,14.34,131928,-0.0135,-0.015317,-0.246044,-0.0085,0.079533,-0.0185,-0.57162,-0.032,0.158797,-2.35,-0.295984,-0.196094,-0.387174,-0.117,32.3595,10.598,427.4,422.65,4.75,10.185656,3.18,12.91,5,-0.0023,-1.878623,12.870775,13.85529,11.963979,12.070527,14.256761,13.604788,11.37292,17.204268,15.994149,1,-0.350823,-2.104935,12.91,0,True,338.360926,0
Papa,B_subtropical_midlatitude_5,JJA,2022-08-23T11:00Z,1.34,133403,-0.0585,-0.04965,0.858816,-0.009,1.249074,-0.108,0.468558,-0.0705,-0.365167,0.85,0.85861,0.859021,0.858234,-0.0005,32.275,15.3615,413.6,401.05,12.55,5.598037,10.656667,9.065,5,-0.0005,0.840048,12.870775,13.85529,11.963979,12.070527,14.256761,13.604788,11.37292,17.082888,15.825641,1,-0.245534,-1.473203,10.656667,0,True,338.360926,0
Papa,B_subtropical_midlatitude_5,SON,2022-09-24T16:00Z,6.34,134176,-0.0155,-0.014533,-1.82376,-0.0045,-2.924412,-0.0265,-0.723109,-0.012,-3.751238,-2.05,-1.82911,-1.81841,-1.838882,-0.014,32.2745,14.661,383.85,407.4,-23.55,1.68101,1.741667,4.405,5,0.0018,-0.602974,12.870775,13.85529,11.963979,12.070527,14.256761,13.604788,11.37292,15.891348,14.727059,1,0.038067,0.228404,4.405,0,True,338.360926,0
Papa,B_subtropical_midlatitude_5,SON,2022-10-05T23:00Z,13.34,134447,-0.006,-0.009817,-1.044547,-0.001,-0.950726,-0.011,-1.138369,-0.035,-0.666033,-1.1,-1.045856,-1.043239,-1.048245,-0.0035,32.25,13.914,380.65,405.8,-25.15,9.627331,8.318333,5.01,5,-0.0009,-2.330354,12.870775,13.85529,11.963979,12.070527,14.256761,13.604788,11.37292,15.729901,14.584736,1,1.338707,8.032242,8.318333,0,True,338.360926,0
Papa,B_subtropical_midlatitude_5,SON,2022-10-14T08:00Z,22.34,134648,-0.003,-0.0079,3.003566,0.002,3.032184,-0.008,2.974947,-0.008,2.538117,3.1,3.005845,3.001287,3.010008,0.006,32.235,14.008,377.0,408.8,-31.8,8.724957,4.378333,2.225,5,0.0036,2.006693,12.870775,13.85529,11.963979,12.070527,14.256761,13.604788,11.37292,15.599742,14.462824,1,1.371021,8.226125,4.378333,0,True,338.360926,0
Papa,B_subtropical_midlatitude_5,SON,2022-11-20T19:00Z,9.34,135547,-0.0125,-0.008867,-2.403073,-0.0125,-2.700855,-0.0125,-2.10529,-0.0705,-3.954959,-1.3,-2.376992,-2.429153,-2.329357,0.0665,32.3705,9.1855,393.5,414.45,-20.95,8.999593,4.338333,5.28,5,0.0006,-0.878942,12.870775,13.85529,11.963979,12.070527,14.256761,13.604788,11.37292,15.827985,14.730621,1,1.109116,6.654694,5.28,0,True,338.360926,0
Papa,B_subtropical_midlatitude_5,DJF,2022-12-21T13:00Z,3.34,136285,-0.007,-0.001567,-0.800653,-0.004,-0.617741,-0.01,-0.983565,-0.0165,-1.286459,-0.9,-0.802992,-0.798314,-0.807266,-0.006,32.409,7.709,392.7,420.55,-27.85,18.64805,7.671667,31.99,5,0.0007,0.402233,12.870775,13.85529,11.963979,12.070527,14.256761,13.604788,11.37292,15.657727,14.590781,1,6.486683,38.9201,31.99,0,True,338.360926,0
Papa,B_subtropical_midlatitude_5,MAM,2023-04-28T00:00Z,14.34,139344,-0.0145,-0.01575,-2.380766,-0.0125,-1.687942,-0.0165,-3.07359,-0.014,-1.635406,-1.4,-2.357607,-2.403923,-2.315305,0.06,32.4225,6.6655,388.15,427.1,-38.95,7.294439,3.163333,3.15,5,0.0003,-1.24573,12.870775,13.85529,11.963979,12.070527,14.256761,13.604788,11.37292,15.393485,14.357876,1,1.394014,8.364086,3.163333,0,True,338.360926,0
Papa,B_subtropical_midlatitude_5,JJA,2023-08-06T21:00Z,11.34,141765,-0.013,-0.022583,-1.592294,-0.0015,-1.40843,-0.0245,-1.776158,-0.0535,-2.055496,-2.25,-1.607863,-1.576724,-1.636296,-0.036,32.2605,14.743,434.2,410.6,23.6,11.528654,13.205,30.94,5,0.0014,-0.54946,12.870775,13.85529,11.963979,12.070527,14.256761,13.604788,11.37292,17.832637,16.528148,1,-2.117284,-12.703701,30.94,0,True,338.360926,0
Papa,B_subtropical_midlatitude_5,SON,2023-09-20T21:00Z,11.34,142845,0.024,0.020217,1.252353,0.034,0.886147,0.014,1.618559,0.0075,-0.329604,4.25,1.32297,1.181748,1.451983,0.177,32.242,13.116,397.5,414.2,-16.7,12.180536,1.415,1.05,5,0.0025,-1.435632,12.870775,13.85529,11.963979,12.070527,14.256761,13.604788,11.37292,16.325212,15.146203,1,1.532208,9.193251,1.415,0,True,338.360926,0
Papa,B_subtropical_midlatitude_5,SON,2023-10-09T12:00Z,2.34,143292,0.0,-0.005883,2.55566,0.0145,2.90266,-0.0145,2.20866,0.01,2.904593,2.4,2.551975,2.559344,2.545247,-0.0095,32.2735,12.749,385.9,406.8,-20.9,9.594133,8.908333,10.34,5,0.0027,1.515851,12.870775,13.85529,11.963979,12.070527,14.256761,13.604788,11.37292,15.847123,14.706211,1,1.148977,6.893861,10.34,0,True,338.360926,0
Papa,B_subtropical_midlatitude_5,SON,2023-10-16T21:00Z,11.34,143469,-0.0075,-0.0106,-0.439504,-0.002,-0.129809,-0.013,-0.749198,-0.007,1.395436,-0.65,-0.44448,-0.434527,-0.453569,-0.013,32.262,12.3925,383.4,410.25,-26.85,13.318311,5.883333,16.165,5,0.0005,-0.789946,12.870775,13.85529,11.963979,12.070527,14.256761,13.604788,11.37292,15.731014,14.602161,1,2.840497,17.042984,16.165,0,True,338.360926,0
Papa,B_subtropical_midlatitude_5,SON,2023-10-29T02:00Z,16.34,143762,-0.024,-0.024217,-1.530744,-0.0115,-1.100005,-0.0365,-1.961484,-0.0375,-1.18932,-1.65,-1.533564,-1.527924,-1.538715,-0.0075,32.2975,11.95,378.0,422.4,-44.4,13.786097,18.676667,25.16,5,0.0009,1.142511,12.870775,13.85529,11.963979,12.070527,14.256761,13.604788,11.37292,15.483394,14.37708,1,4.969456,29.816737,25.16,0,True,338.360926,0
Papa,B_subtropical_midlatitude_5,SON,2023-11-08T08:00Z,22.34,144008,-0.0035,-0.00505,1.536976,0.001,0.661892,-0.008,2.41206,-0.0245,4.680504,1.4,1.533736,1.540217,1.527818,-0.0085,32.276,11.6465,378.15,417.95,-39.8,14.220685,12.681667,19.04,5,-0.0003,1.179976,12.870775,13.85529,11.963979,12.070527,14.256761,13.604788,11.37292,15.474714,14.372267,1,4.775621,28.653724,19.04,0,True,338.360926,0
Papa,B_subtropical_midlatitude_5,SON,2023-11-25T02:00Z,16.34,144410,-0.011,-0.010283,-2.093633,-0.016,-2.283709,-0.006,-1.903557,-0.009,0.513064,-0.75,-2.06191,-2.125354,-2.003963,0.0825,32.298,9.849,386.0,424.85,-38.85,9.735978,3.641667,3.23,5,-0.0014,0.508234,12.870775,13.85529,11.963979,12.070527,14.256761,13.604788,11.37292,15.627533,14.535422,1,2.323715,13.942288,3.641667,0,True,338.360926,0
Papa,B_subtropical_midlatitude_5,DJF,2024-02-20T20:00Z,10.34,146516,-0.0055,-0.005117,-0.750876,-0.0025,-0.675683,-0.0085,-0.826069,-0.055,-1.152323,-0.65,-0.748491,-0.753261,-0.744136,0.006,32.4125,6.7035,398.0,423.25,-25.25,9.325534,3.485,2.15,5,0.001,-0.542324,12.870775,13.85529,11.963979,12.070527,14.256761,13.604788,11.37292,15.755542,14.695018,1,1.527969,9.167814,3.485,0,True,338.360926,0
Papa,B_subtropical_midlatitude_5,MAM,2024-03-14T15:00Z,5.34,147063,-0.0195,-0.020617,0.066646,-0.008,0.208259,-0.031,-0.074968,-0.028,-1.697342,0.2,0.069798,0.063494,0.075556,0.008,32.445,6.5675,394.05,422.9,-28.85,7.001695,8.726667,14.475,5,-0.0006,0.098099,12.870775,13.85529,11.963979,12.070527,14.256761,13.604788,11.37292,15.59031,14.542918,1,0.971792,5.830754,14.475,0,True,338.360926,0
Papa,B_subtropical_midlatitude_5,JJA,2024-08-16T10:00Z,0.34,150778,-0.051,-0.033817,-1.834775,-0.033,-1.859849,-0.069,-1.809702,-0.093,-2.556259,-4.25,-1.891924,-1.777624,-1.996298,-0.147,32.269,14.104,388.85,413.8,-24.95,6.613584,12.471667,16.875,5,0.0005,1.309245,12.870775,13.85529,11.963979,12.070527,14.256761,13.604788,11.37292,16.051469,14.881443,1,0.642046,3.852275,16.875,0,True,338.360926,0
Papa,B_subtropical_midlatitude_5,SON,2024-09-21T08:00Z,22.34,151640,-0.0165,-0.014433,0.63528,-0.008,0.391076,-0.025,0.879484,-0.0195,1.354458,1.05,0.645075,0.625485,0.662967,0.0235,32.251,13.5295,415.8,412.1,3.7,8.658562,8.576667,12.59,5,-0.0012,0.860226,12.870775,13.85529,11.963979,12.070527,14.256761,13.604788,11.37292,17.047588,15.812713,1,-0.1808,-1.084798,12.59,0,True,338.360926,0
Papa,B_subtropical_midlatitude_5,SON,2024-09-30T00:00Z,14.34,151848,-0.012,-0.014883,-0.282727,-0.009,-0.403079,-0.015,-0.162374,-0.0205,1.969667,-1.05,-0.300881,-0.264571,-0.334038,-0.045,32.21,12.7315,403.6,415.8,-12.2,16.260834,10.193333,36.22,5,0.0007,-1.312625,12.870775,13.85529,11.963979,12.070527,14.256761,13.604788,11.37292,16.540001,15.349882,1,2.055042,12.330253,36.22,0,True,338.360926,0
Papa,B_subtropical_midlatitude_5,SON,2024-10-11T17:00Z,7.34,152129,-0.0115,-0.010117,0.846758,-0.004,-0.485394,-0.019,2.178911,-0.0325,2.275092,0.6,0.840873,0.852646,0.830129,-0.0145,32.263,11.2955,397.8,412.55,-14.75,11.857613,7.146667,7.015,5,0.0003,-0.833994,12.870775,13.85529,11.963979,12.070527,14.256761,13.604788,11.37292,16.194418,15.045522,1,1.327998,7.967987,7.146667,0,True,338.360926,0
Papa,B_subtropical_midlatitude_5,DJF,2025-01-27T23:00Z,13.34,154727,-0.026,-0.02235,-1.917087,-0.034,-1.986368,-0.018,-1.847806,-0.016,-0.334997,-1.9,-1.916682,-1.917493,-1.915941,0.001,32.445,7.326,404.75,432.4,-27.65,7.771278,8.643333,9.36,5,-0.0069,-0.811521,12.870775,13.85529,11.963979,12.070527,14.256761,13.604788,11.37292,16.04791,14.959756,1,1.172063,7.032377,9.36,0,True,338.360926,0
SOFS,B_subtropical_midlatitude_5,DJF,2012-01-01T23:00Z,8.47,998,-0.0395,-0.077957,-0.772248,-0.015,-0.536066,-0.064,-1.00843,-0.1465,0.817453,-1.0,-0.777641,-0.766854,-0.786389,-0.016,34.765,12.4335,338.5,382.55,-44.05,6.856078,13.121324,7.42,5,0.0063,-0.855289,12.505712,13.466929,11.905414,12.033001,13.722579,13.148194,11.207811,13.275295,12.320454,1,0.933578,5.601467,13.121324,0,True,344.517981,0
SOFS,B_subtropical_midlatitude_5,DJF,2012-01-29T03:00Z,12.47,1650,-0.0145,-0.084974,-0.891396,-0.006,-1.796384,-0.023,0.013591,-0.211,-2.156718,-0.55,-0.883303,-0.899491,-0.870176,0.0235,34.722,12.4815,342.25,381.05,-38.8,5.901433,14.212562,28.3,5,0.0233,-0.238974,12.505712,13.466929,11.905414,12.033001,13.722579,13.148194,11.207811,13.428147,12.462252,1,0.619014,3.714085,28.3,0,True,344.517981,0
SOFS,B_subtropical_midlatitude_5,MAM,2012-03-15T01:00Z,10.47,2752,-0.0125,-0.0138,0.497391,-0.0035,0.37804,-0.0215,0.616743,-0.014,1.392833,0.6,0.499817,0.494966,0.503751,0.007,34.4655,11.9655,345.9,384.15,-38.25,13.926282,13.747768,24.035,5,-0.0019,-0.148831,12.505712,13.466929,11.905414,12.033001,13.722579,13.148194,11.207811,13.602447,12.630535,1,3.523551,21.141307,24.035,0,True,344.517981,0
SOFS,B_subtropical_midlatitude_5,MAM,2012-03-20T02:00Z,11.47,2873,-0.012,-0.012789,-0.735172,-0.001,-0.417725,-0.023,-1.052618,-0.0205,-0.387032,-0.5,-0.729614,-0.740729,-0.720599,0.016,34.485,12.11,348.2,381.5,-33.3,9.1906,8.886529,32.925,5,-0.0019,-0.626822,12.505712,13.466929,11.905414,12.033001,13.722579,13.148194,11.207811,13.690723,12.711077,1,1.343027,8.058159,32.925,0,True,344.517981,0
SOFS,B_subtropical_midlatitude_5,MAM,2012-04-05T10:00Z,19.47,3265,-0.016,-0.018805,0.789943,-0.017,1.427653,-0.015,0.152233,-0.0385,0.962627,-0.05,0.770077,0.80981,0.737851,-0.0555,34.465,11.6565,357.85,382.0,-24.15,4.822991,3.126116,7.395,5,-0.0031,0.852219,12.505712,13.466929,11.905414,12.033001,13.722579,13.148194,11.207811,14.026472,13.028254,1,0.280815,1.684891,7.395,0,True,344.517981,0
SOFS,B_subtropical_midlatitude_5,JJA,2012-06-24T06:00Z,15.47,5181,0.005,-0.024268,-3.347456,0.0575,-3.959215,-0.0475,-2.735697,0.064,-5.487956,-1.15,-3.295598,-3.39931,-3.211464,0.1425,34.7815,10.762,365.9,381.5,-15.6,10.324332,12.968348,22.9,5,-0.0074,-0.00612,12.505712,13.466929,11.905414,12.033001,13.722579,13.148194,11.207811,14.180175,13.180069,1,0.857021,5.142126,22.9,0,True,344.517981,0
SOFS,B_subtropical_midlatitude_5,JJA,2012-07-15T22:00Z,7.47,5701,0.003,0.000603,-0.130232,-0.0005,-2.119885,0.0065,1.859421,0.008,1.948737,0.05,-0.125973,-0.134491,-0.119063,0.0115,34.4965,9.2345,369.35,381.2,-11.85,14.894025,2.648512,4.695,5,0.0043,0.295524,12.505712,13.466929,11.905414,12.033001,13.722579,13.148194,11.207811,14.27715,13.289141,1,1.43311,8.598662,4.695,0,True,344.517981,0
SOFS,B_subtropical_midlatitude_5,JJA,2013-06-08T13:00Z,22.47,13564,-0.01,-0.006433,-3.936082,-0.0095,-3.83611,-0.0105,-4.036055,-0.012,-2.868726,-4.0,-3.937593,-3.934572,-3.940043,0.0065,34.5865,10.0035,371.4,384.3,-12.9,7.423789,5.10876,7.83,5,-0.0032,0.180137,12.505712,13.466929,11.905414,12.033001,13.722579,13.148194,11.207811,14.381126,13.376676,1,0.383028,2.298171,7.83,0,True,344.517981,0
SOFS,B_subtropical_midlatitude_5,JJA,2013-08-15T23:00Z,8.47,15206,-0.012,-0.007821,0.972049,-0.017,1.542546,-0.007,0.401553,-0.017,0.00723,-0.65,0.933732,1.010365,0.871571,-0.032,34.676,9.613,380.2,381.6,-1.4,12.323029,1.849091,2.43,5,0.0009,-0.421543,12.505712,13.466929,11.905414,12.033001,13.722579,13.148194,11.207811,14.645919,13.627776,1,0.118569,0.711412,2.43,0,True,344.517981,0
SOFS,B_subtropical_midlatitude_5,MAM,2021-04-18T17:00Z,2.47,82472,0.002,-0.000194,-0.039583,-0.002,0.391744,0.006,-0.47091,-0.0065,-4.268395,0.35,-0.030382,-0.048784,-0.015454,0.024,34.421,10.4795,383.7,400.6,-16.9,11.911815,5.892562,6.355,5,0.0486,-3.486276,12.505712,13.466929,11.905414,12.033001,13.722579,13.148194,11.207811,14.905517,13.860022,1,1.349175,8.095053,6.355,0,True,344.517981,0
