group,station,regime,onset_utc,local_solar_hour,season,rain_first_hour_mm,rain_24h_mm,n_rain_hours_24h,pre_S1_median,dS1_0_6h,pre_S05_median,dS05_0_6h,has_5m,n_pco2_in_window,n_ctrl,ctrl_dS1_mean,ctrl_onsets_utc,ctrl_dS1,s1_depth_m,s1_is_substitute
O,KEO,O:KEO,2007-10-19T21:00Z,6.64,SON,0.417,105.439,14,34.5085,-0.3968,34.5025,-0.4405,0,10,5,0.0235,2007-10-17T21:00Z;2007-10-21T21:00Z;2007-10-16T21:00Z;2007-10-22T21:00Z;2007-10-15T21:00Z,-0.0018;0.0398;0.0195;0.0330;0.0270,1.0,0
O,KEO,O:KEO,2007-11-06T00:00Z,9.64,SON,2.845,46.352,5,34.3485,-0.1382,34.343,-0.2015,0,10,5,0.0014,2007-11-08T00:00Z;2007-11-09T00:00Z;2007-11-01T00:00Z;2007-10-31T00:00Z;2007-11-12T00:00Z,0.0132;-0.0133;-0.0150;-0.0038;0.0258,1.0,0
O,KEO,O:KEO,2007-11-28T09:00Z,18.64,SON,2.238,95.243,21,34.536,-0.0065,34.532,0.004,0,8,5,0.006,2007-11-26T09:00Z;2007-11-25T09:00Z;2007-12-01T09:00Z;2007-11-24T09:00Z;2007-11-23T09:00Z,-0.0120;0.0410;-0.0040;0.0053;-0.0003,1.0,0
O,KEO,O:KEO,2007-12-13T00:00Z,9.64,DJF,0.74,20.267,7,34.658,-0.0305,34.644,-0.016,0,10,5,0.003,2007-12-11T00:00Z;2007-12-15T00:00Z;2007-12-17T00:00Z;2007-12-08T00:00Z;2007-12-07T00:00Z,0.0137;0.0003;-0.0005;0.0023;-0.0010,1.0,0
O,KEO,O:KEO,2007-12-22T12:00Z,21.64,DJF,4.003,28.087,6,34.718,-0.0088,34.7155,-0.0075,0,9,5,0.0014,2007-12-20T12:00Z;2007-12-24T12:00Z;2007-12-19T12:00Z;2007-12-17T12:00Z;2007-12-27T12:00Z,0.0070;-0.0105;0.0138;-0.0023;-0.0008,1.0,0
O,KEO,O:KEO,2008-01-20T23:00Z,8.64,DJF,1.15,27.93,5,34.7045,-0.0503,34.6985,-0.091,0,9,5,0.0061,2008-01-22T23:00Z;2008-01-17T23:00Z;2008-01-15T23:00Z;2008-01-25T23:00Z;2008-01-14T23:00Z,0.0002;-0.0027;-0.0050;-0.0017;0.0397,1.0,0
O,KEO,O:KEO,2008-01-28T14:00Z,23.64,DJF,0.727,11.45,8,34.6605,-0.0518,34.6465,-0.086,0,10,5,0.0069,2008-01-25T14:00Z;2008-01-31T14:00Z;2008-02-04T14:00Z;2008-01-18T14:00Z;2008-01-16T14:00Z,-0.0008;0.0143;0.0340;-0.0032;-0.0098,1.0,0
O,KEO,O:KEO,2008-02-02T04:00Z,13.64,DJF,2.05,14.48,7,34.566,-0.042,34.5495,-0.0595,0,10,5,0.0034,2008-01-31T04:00Z;2008-02-04T04:00Z;2008-02-06T04:00Z;2008-01-26T04:00Z;2008-01-23T04:00Z,-0.0112;0.0373;-0.0180;0.0073;0.0017,1.0,0
O,KEO,O:KEO,2008-02-26T16:00Z,1.64,DJF,1.115,11.42,8,34.683,0.0077,34.683,0.0165,0,6,5,-0.0013,2008-03-02T16:00Z;2008-03-06T16:00Z;2008-03-11T16:00Z;2008-03-12T16:00Z;2008-03-13T16:00Z,0.0000;-0.0018;-0.0037;0.0012;-0.0022,1.0,0
O,KEO,O:KEO,2008-03-19T18:00Z,3.64,MAM,0.525,12.777,10,34.668,0.011,34.668,0.016,0,9,5,-0.001,2008-03-16T18:00Z;2008-03-22T18:00Z;2008-03-15T18:00Z;2008-03-14T18:00Z;2008-03-13T18:00Z,-0.0032;0.0125;0.0033;-0.0098;-0.0078,1.0,0
O,KEO,O:KEO,2008-03-24T21:00Z,6.64,MAM,0.595,19.978,7,34.687,-0.0582,34.6875,-0.122,0,10,5,0.0052,2008-03-22T21:00Z;2008-03-26T21:00Z;2008-03-16T21:00Z;2008-03-15T21:00Z;2008-03-14T21:00Z,0.0070;0.0203;-0.0007;-0.0090;0.0085,1.0,0
O,KEO,O:KEO,2008-03-30T08:00Z,17.64,MAM,1.047,12.088,8,34.6905,-0.007,34.69,-0.0075,0,10,5,0.0053,2008-03-26T08:00Z;2008-04-05T08:00Z;2008-04-06T08:00Z;2008-04-07T08:00Z;2008-04-09T08:00Z,0.0135;0.0055;0.0020;0.0053;0.0003,1.0,0
O,KEO,O:KEO,2008-04-03T01:00Z,10.64,MAM,0.598,10.263,6,34.6745,-0.0067,34.671,0.0035,0,9,5,0.0073,2008-04-05T01:00Z;2008-04-06T01:00Z;2008-04-07T01:00Z;2008-04-09T01:00Z;2008-04-12T01:00Z,0.0155;0.0035;0.0117;0.0035;0.0023,1.0,0
O,KEO,O:KEO,2008-04-10T14:00Z,23.64,MAM,3.002,22.863,6,34.7215,0.0018,34.7165,-0.0115,0,10,5,-0.0027,2008-04-12T14:00Z;2008-04-07T14:00Z;2008-04-13T14:00Z;2008-04-06T14:00Z;2008-04-05T14:00Z,-0.0025;-0.0023;0.0040;-0.0103;-0.0022,1.0,0
O,KEO,O:KEO,2008-05-01T23:00Z,8.64,MAM,0.437,29.695,13,34.705,-0.0013,34.705,-0.0065,0,10,5,0.041,2008-04-29T23:00Z;2008-04-28T23:00Z;2008-05-04T23:00Z;2008-04-27T23:00Z;2008-05-05T23:00Z,0.0003;-0.0028;0.1657;-0.0103;0.0520,1.0,0
O,KEO,O:KEO,2008-05-15T18:00Z,3.64,MAM,0.795,12.988,10,34.6555,-0.0678,34.6435,-0.057,0,10,5,-0.0028,2008-05-18T18:00Z;2008-05-19T18:00Z;2008-05-20T18:00Z;2008-05-09T18:00Z;2008-05-21T18:00Z,-0.0165;-0.0065;0.0032;0.0113;-0.0057,1.0,0
O,KEO,O:KEO,2008-05-23T17:00Z,2.64,MAM,0.502,17.077,14,34.564,-0.0293,34.5585,-0.026,0,10,5,-0.0054,2008-05-21T17:00Z;2008-05-25T17:00Z;2008-05-20T17:00Z;2008-05-19T17:00Z;2008-05-27T17:00Z,-0.0087;-0.0302;0.0048;-0.0107;0.0178,1.0,0
O,KEO,O:KEO,2008-05-29T16:00Z,1.64,MAM,1.293,23.25,8,34.419,-0.0513,34.3655,0.0295,0,10,5,-0.0033,2008-05-27T16:00Z;2008-05-25T16:00Z;2008-05-21T16:00Z;2008-06-06T16:00Z;2008-05-20T16:00Z,0.0148;-0.0292;-0.0143;0.0043;0.0078,1.0,0
O,KEO,O:KEO,2008-06-02T19:00Z,4.64,JJA,0.63,35.782,10,34.4065,0.01,34.4325,-0.091,0,5,5,0.0009,2008-06-06T19:00Z;2008-06-07T19:00Z;2008-05-27T19:00Z;2008-05-25T19:00Z;2008-06-10T19:00Z,-0.0098;-0.0113;0.0178;-0.0238;0.0315,1.0,0
O,KEO,O:KEO,2008-06-05T05:00Z,14.64,JJA,1.3,10.86,4,34.391,-0.0452,34.3775,-0.0435,0,10,5,0.0079,2008-06-07T05:00Z;2008-06-11T05:00Z;2008-05-28T05:00Z;2008-05-27T05:00Z;2008-06-14T05:00Z,-0.0000;-0.0143;0.0052;0.0213;0.0272,1.0,0
O,KEO,O:KEO,2008-06-09T06:00Z,15.64,JJA,1.728,13.437,6,34.361,-0.0023,34.359,0.0195,0,10,5,0.0111,2008-06-07T06:00Z;2008-06-11T06:00Z;2008-06-14T06:00Z;2008-06-01T06:00Z;2008-06-18T06:00Z,0.0038;-0.0100;0.0255;0.0337;0.0027,1.0,0
O,KEO,O:KEO,2008-06-15T23:00Z,8.64,JJA,0.513,26.662,6,34.479,0.015,34.4835,-0.0285,0,10,5,-0.0032,2008-06-13T23:00Z;2008-06-17T23:00Z;2008-06-18T23:00Z;2008-06-11T23:00Z;2008-06-19T23:00Z,-0.0000;0.0490;0.0022;-0.0558;-0.0112,1.0,0
O,KEO,O:KEO,2008-09-15T15:00Z,0.64,SON,0.467,13.267,4,34.0935,0.0032,34.0945,0.001,0,10,5,-0.0428,2008-09-21T15:00Z;2008-09-23T15:00Z;2008-10-03T15:00Z;2008-10-04T15:00Z;2008-10-09T15:00Z,-0.0608;-0.0995;0.0098;0.0067;-0.0703,1.0,0
O,KEO,O:KEO,2008-09-17T01:00Z,10.64,SON,0.617,120.667,11,33.886,-0.0082,33.879,0.0025,0,8,5,-0.0057,2008-09-14T01:00Z;2008-09-22T01:00Z;2008-09-24T01:00Z;2008-10-03T01:00Z;2008-10-04T01:00Z,0.0110;-0.0363;-0.0205;0.0158;0.0015,1.0,0
O,KEO,O:KEO,2008-09-28T20:00Z,5.64,SON,0.567,20.733,3,34.082,0.0093,34.0855,0.029,0,10,5,0.0168,2008-10-02T20:00Z;2008-09-23T20:00Z;2008-10-03T20:00Z;2008-09-21T20:00Z;2008-10-09T20:00Z,0.0142;0.0690;0.0020;0.0000;-0.0013,1.0,0
O,KEO,O:KEO,2008-10-01T03:00Z,12.64,SON,5.348,34.89,5,34.128,-0.0704,34.126,-0.095,0,8,5,-0.0222,2008-10-03T03:00Z;2008-10-04T03:00Z;2008-10-06T03:00Z;2008-09-24T03:00Z;2008-09-22T03:00Z,0.0092;-0.0003;0.0027;-0.0398;-0.0827,1.0,0
O,KEO,O:KEO,2008-10-07T19:00Z,4.64,SON,5.13,61.842,9,34.1835,-0.0957,34.1325,-0.036,0,10,5,-0.0062,2008-10-09T19:00Z;2008-10-04T19:00Z;2008-10-03T19:00Z;2008-10-02T19:00Z;2008-10-14T19:00Z,-0.0387;-0.0053;0.0027;0.0118;-0.0015,1.0,0
O,KEO,O:KEO,2008-10-11T04:00Z,13.64,SON,4.45,93.398,11,33.915,0.0152,33.9385,-0.09,0,10,5,0.006,2008-10-14T04:00Z;2008-10-15T04:00Z;2008-10-06T04:00Z;2008-10-17T04:00Z;2008-10-04T04:00Z,0.0073;0.0045;0.0032;0.0178;-0.0028,1.0,0
O,KEO,O:KEO,2008-10-26T18:00Z,3.64,SON,3.583,12.425,10,34.0035,-0.0122,33.999,0.011,0,10,5,-0.0001,2008-10-24T18:00Z;2008-10-23T18:00Z;2008-10-29T18:00Z;2008-10-22T18:00Z;2008-10-21T18:00Z,-0.0212;0.0018;0.0172;-0.0088;0.0107,1.0,0
O,KEO,O:KEO,2008-10-31T21:00Z,6.64,SON,3.233,21.483,6,34.174,-0.039,34.1785,-0.0575,0,10,5,-0.0005,2008-10-29T21:00Z;2008-10-28T21:00Z;2008-11-04T21:00Z;2008-11-05T21:00Z;2008-10-24T21:00Z,0.0163;-0.0152;0.0035;-0.0065;-0.0005,1.0,0
O,KEO,O:KEO,2008-11-03T02:00Z,11.64,SON,2.967,20.3,8,34.1735,0.0082,34.184,-0.0105,0,10,5,0.0076,2008-11-05T02:00Z;2008-10-30T02:00Z;2008-10-29T02:00Z;2008-10-25T02:00Z;2008-10-24T02:00Z,-0.0082;0.0113;0.0148;0.0128;0.0070,1.0,0
O,KEO,O:KEO,2008-11-07T04:00Z,13.64,SON,2.3,14.3,4,34.241,-0.0343,34.215,0.0075,0,10,5,-0.0043,2008-11-05T04:00Z;2008-10-30T04:00Z;2008-11-15T04:00Z;2008-10-29T04:00Z;2008-11-16T04:00Z,-0.0097;-0.0132;-0.0055;0.0063;0.0005,1.0,0
O,KEO,O:KEO,2008-11-27T16:00Z,1.64,SON,1.067,14.3,6,34.11,-0.0362,34.0995,-0.025,0,10,5,0.0087,2008-11-29T16:00Z;2008-11-24T16:00Z;2008-11-30T16:00Z;2008-11-23T16:00Z;2008-12-01T16:00Z,0.0245;-0.0003;-0.0543;0.0648;0.0088,1.0,0
O,KEO,O:KEO,2008-12-09T17:00Z,2.64,DJF,0.467,12.917,6,34.2115,0.0853,34.258,0.007,0,10,5,-0.0399,2008-12-07T17:00Z;2008-12-11T17:00Z;2008-12-06T17:00Z;2008-12-05T17:00Z;2008-12-04T17:00Z,-0.0312;-0.0008;0.0377;-0.1150;-0.0903,1.0,0
O,KEO,O:KEO,2008-12-13T20:00Z,5.64,DJF,1.05,16.267,7,34.4075,-0.02,34.4055,-0.0275,0,10,5,-0.0255,2008-12-11T20:00Z;2008-12-07T20:00Z;2008-12-06T20:00Z;2008-12-20T20:00Z;2008-12-05T20:00Z,-0.0278;-0.1382;0.0158;0.0055;0.0173,1.0,0
O,KEO,O:KEO,2008-12-17T12:00Z,21.64,DJF,0.45,14.683,10,34.4905,0.0213,34.494,0.0265,0,10,5,0.0029,2008-12-12T12:00Z;2008-12-11T12:00Z;2008-12-23T12:00Z;2008-12-07T12:00Z;2008-12-06T12:00Z,-0.0008;0.0042;0.0027;-0.0205;0.0290,1.0,0
O,KEO,O:KEO,2009-01-22T20:00Z,5.64,DJF,0.813,10.163,4,34.551,0.0095,34.5515,0.0145,0,10,5,0.0034,2009-01-20T20:00Z;2009-01-25T20:00Z;2009-01-18T20:00Z;2009-01-28T20:00Z;2009-01-29T20:00Z,-0.0073;0.0168;0.0047;0.0022;0.0007,1.0,0
O,KEO,O:KEO,2009-02-27T08:00Z,17.64,DJF,0.967,12.488,7,34.655,-0.0102,34.65,-0.0185,0,10,5,0.0014,2009-02-25T08:00Z;2009-02-22T08:00Z;2009-02-20T08:00Z;2009-02-16T08:00Z;2009-02-14T08:00Z,-0.0023;0.0115;-0.0017;-0.0022;0.0015,1.0,0
O,KEO,O:KEO,2009-03-01T00:00Z,9.64,MAM,1.65,12.768,10,34.651,-0.0042,34.65,-0.0055,0,10,5,0.0021,2009-02-25T00:00Z;2009-03-06T00:00Z;2009-02-23T00:00Z;2009-02-22T00:00Z;2009-02-19T00:00Z,-0.0067;0.0022;-0.0008;0.0117;0.0042,1.0,0
O,KEO,O:KEO,2009-03-03T22:00Z,7.64,MAM,0.65,17.733,8,34.657,-0.0085,34.6545,-0.0155,0,10,5,0.0009,2009-03-05T22:00Z;2009-02-24T22:00Z;2009-02-22T22:00Z;2009-03-12T22:00Z;2009-02-21T22:00Z,0.0008;-0.0095;-0.0028;0.0048;0.0112,1.0,0
O,KEO,O:KEO,2009-03-07T23:00Z,8.64,MAM,0.8,10.25,10,34.652,-0.0102,34.648,-0.0205,0,10,5,-0.0025,2009-03-05T23:00Z;2009-03-12T23:00Z;2009-03-13T23:00Z;2009-03-15T23:00Z;2009-03-16T23:00Z,0.0017;0.0133;-0.0240;-0.0032;-0.0005,1.0,0
O,KEO,O:KEO,2009-03-09T15:00Z,0.64,MAM,2.517,33.95,10,34.6505,-0.0137,34.645,-0.014,0,10,5,-0.0011,2009-03-05T15:00Z;2009-03-13T15:00Z;2009-03-02T15:00Z;2009-03-16T15:00Z;2009-03-17T15:00Z,-0.0010;-0.0113;0.0018;0.0038;0.0013,1.0,0
O,KEO,O:KEO,2009-03-20T09:00Z,18.64,MAM,1.067,10.5,5,34.6895,-0.0187,34.686,-0.015,0,10,5,0.0029,2009-03-18T09:00Z;2009-03-17T09:00Z;2009-03-16T09:00Z;2009-03-14T09:00Z;2009-03-26T09:00Z,0.0095;0.0013;0.0110;-0.0032;-0.0040,1.0,0
O,KEO,O:KEO,2009-03-22T16:00Z,1.64,MAM,1.033,10.133,6,34.694,-0.006,34.692,-0.013,0,10,5,-0.0082,2009-03-25T16:00Z;2009-03-18T16:00Z;2009-03-26T16:00Z;2009-03-17T16:00Z;2009-03-27T16:00Z,-0.0197;-0.0090;-0.0087;-0.0002;-0.0033,1.0,0
O,KEO,O:KEO,2009-03-24T07:00Z,16.64,MAM,1.217,51.917,4,34.6825,-0.0387,34.642,0.02,0,9,5,0.0043,2009-03-26T07:00Z;2009-03-27T07:00Z;2009-03-28T07:00Z;2009-03-18T07:00Z;2009-03-17T07:00Z,0.0017;0.0067;0.0045;0.0075;0.0012,1.0,0
O,KEO,O:KEO,2009-04-05T07:00Z,16.64,MAM,2.5,18.65,16,34.6765,-0.0042,34.671,0.0185,0,10,5,-0.001,2009-04-03T07:00Z;2009-04-08T07:00Z;2009-04-01T07:00Z;2009-04-09T07:00Z;2009-03-31T07:00Z,-0.0103;0.0118;-0.0032;-0.0018;-0.0017,1.0,0
O,KEO,O:KEO,2009-04-12T02:00Z,11.64,MAM,1.117,20.383,9,34.6825,-0.0122,34.678,-0.0205,0,8,5,0.0005,2009-04-10T02:00Z;2009-04-09T02:00Z;2009-04-08T02:00Z;2009-04-16T02:00Z;2009-04-17T02:00Z,0.0072;-0.0033;-0.0038;0.0098;-0.0075,1.0,0
O,KEO,O:KEO,2009-04-14T20:00Z,5.64,MAM,1.667,26.233,5,34.6775,-0.0165,34.675,-0.0175,0,6,5,0.0027,2009-04-16T20:00Z;2009-04-17T20:00Z;2009-04-10T20:00Z;2009-04-18T20:00Z;2009-04-09T20:00Z,0.0015;0.0070;0.0167;-0.0045;-0.0073,1.0,0
O,KEO,O:KEO,2009-04-25T07:00Z,16.64,MAM,1.583,11.883,7,34.6995,-0.0018,34.7005,-0.005,0,5,5,-0.0089,2009-04-23T07:00Z;2009-04-27T07:00Z;2009-04-22T07:00Z;2009-04-28T07:00Z;2009-04-21T07:00Z,0.0017;0.0042;0.0068;-0.0177;-0.0397,1.0,0
O,KEO,O:KEO,2009-05-18T13:00Z,22.64,MAM,3.4,39.233,12,34.6165,0.046,34.6335,0.0345,0,10,5,0.0028,2009-05-16T13:00Z;2009-05-15T13:00Z;2009-05-21T13:00Z;2009-05-14T13:00Z;2009-05-22T13:00Z,0.0448;-0.0422;0.0175;-0.0173;0.0110,1.0,0
O,KEO,O:KEO,2009-05-27T16:00Z,1.64,MAM,1.35,37.408,19,34.569,0.011,34.568,-0.0255,0,10,5,0.0086,2009-05-23T16:00Z;2009-05-22T16:00Z;2009-05-21T16:00Z;2009-06-06T16:00Z;2009-05-16T16:00Z,0.0008;0.0087;0.0005;0.0162;0.0168,1.0,0
O,KEO,O:KEO,2009-06-03T18:00Z,3.64,JJA,0.883,14.683,6,34.6715,-0.0303,34.67,-0.0415,0,10,5,0.0146,2009-06-06T18:00Z;2009-06-08T18:00Z;2009-06-09T18:00Z;2009-06-10T18:00Z;2009-05-25T18:00Z,0.0333;0.0050;0.0180;-0.0220;0.0388,1.0,0
O,KEO,O:KEO,2009-06-12T03:00Z,12.64,JJA,0.433,10.9,7,34.53,-0.0043,34.531,-0.0055,0,10,5,-0.0153,2009-06-10T03:00Z;2009-06-09T03:00Z;2009-06-08T03:00Z;2009-06-17T03:00Z;2009-06-05T03:00Z,-0.0212;-0.0343;0.0060;-0.0120;-0.0152,1.0,0
O,KEO,O:KEO,2009-06-18T19:00Z,4.64,JJA,0.567,15.1,6,34.6085,-0.0387,34.5875,-0.0315,0,10,5,-0.0121,2009-06-20T19:00Z;2009-06-21T19:00Z;2009-06-22T19:00Z;2009-06-23T19:00Z;2009-06-10T19:00Z,-0.0093;0.0072;0.0052;-0.0350;-0.0283,1.0,0
O,KEO,O:KEO,2009-07-27T16:00Z,1.64,JJA,5.033,17.84,4,34.423,-0.1683,34.4015,-0.2165,0,10,5,-0.0186,2009-07-29T16:00Z;2009-07-22T16:00Z;2009-08-01T16:00Z;2009-07-21T16:00Z;2009-07-20T16:00Z,-0.0748;0.0020;0.0100;-0.0297;-0.0005,1.0,0
O,KEO,O:KEO,2009-08-02T23:00Z,8.64,JJA,3.383,41.067,10,34.4435,-0.1578,34.4065,-0.218,0,9,5,-0.0541,2009-08-05T23:00Z;2009-07-29T23:00Z;2009-08-06T23:00Z;2009-07-28T23:00Z;2009-08-07T23:00Z,0.0272;-0.1342;0.0002;-0.0020;-0.1618,1.0,0
O,KEO,O:KEO,2009-09-07T16:00Z,1.64,SON,7.355,26.423,7,34.0645,-0.052,34.0645,-0.064,0,10,5,0.0178,2009-09-11T16:00Z;2009-09-01T16:00Z;2009-08-31T16:00Z;2009-08-29T16:00Z;2009-09-16T16:00Z,0.1438;-0.0328;-0.0568;0.0250;0.0097,1.0,0
O,KEO,O:KEO,2009-10-05T02:00Z,11.64,SON,0.795,54.993,5,34.121,-0.093,34.1195,-0.0705,0,10,5,-0.0075,2009-10-03T02:00Z;2009-10-02T02:00Z;2009-10-08T02:00Z;2009-09-30T02:00Z;2009-10-10T02:00Z,-0.0033;-0.0083;0.0017;-0.0183;-0.0090,1.0,0
O,KEO,O:KEO,2010-04-15T15:00Z,0.64,MAM,0.962,26.202,10,34.6625,-0.0062,34.669,-0.0115,0,10,5,-0.0043,2010-04-13T15:00Z;2010-04-12T15:00Z;2010-04-18T15:00Z;2010-04-11T15:00Z;2010-04-25T15:00Z,-0.0003;-0.0028;-0.0227;0.0017;0.0027,1.0,0
O,KEO,O:KEO,2010-04-20T11:00Z,20.64,MAM,0.455,11.375,8,34.6635,-0.0015,34.664,-0.002,0,10,5,-0.0004,2010-04-18T11:00Z;2010-04-25T11:00Z;2010-04-26T11:00Z;2010-04-13T11:00Z;2010-04-12T11:00Z,-0.0137;0.0033;0.0098;-0.0008;-0.0008,1.0,0
O,KEO,O:KEO,2010-04-23T08:00Z,17.64,MAM,0.812,22.93,14,34.6395,-0.0143,34.6375,-0.012,0,10,5,0.0077,2010-04-25T08:00Z;2010-04-26T08:00Z;2010-04-18T08:00Z;2010-04-30T08:00Z;2010-05-01T08:00Z,0.0055;0.0087;0.0105;0.0038;0.0100,1.0,0
O,KEO,O:KEO,2010-04-28T04:00Z,13.64,MAM,0.692,29.558,7,34.6625,-0.0028,34.662,-0.0015,0,10,5,0.0076,2010-04-26T04:00Z;2010-04-30T04:00Z;2010-04-25T04:00Z;2010-05-01T04:00Z;2010-05-02T04:00Z,0.0108;0.0052;0.0050;0.0025;0.0145,1.0,0
O,KEO,O:KEO,2010-05-11T00:00Z,9.64,MAM,1.328,11.877,7,34.668,-0.0202,34.668,-0.0155,0,10,5,-0.0008,2010-05-13T00:00Z;2010-05-08T00:00Z;2010-05-14T00:00Z;2010-05-07T00:00Z;2010-05-15T00:00Z,0.0118;0.0007;-0.0007;-0.0065;-0.0093,1.0,0
O,KEO,O:KEO,2010-06-08T02:00Z,11.64,JJA,0.965,32.638,15,34.736,-0.007,34.736,-0.0065,0,10,5,0.0038,2010-06-06T02:00Z;2010-06-11T02:00Z;2010-06-13T02:00Z;2010-06-02T02:00Z;2010-06-01T02:00Z,0.0008;-0.0075;0.0227;0.0048;-0.0020,1.0,0
O,KEO,O:KEO,2010-06-14T20:00Z,5.64,JJA,1.448,14.668,6,34.6985,-0.0155,34.6985,-0.01,0,9,5,0.0054,2010-06-12T20:00Z;2010-06-16T20:00Z;2010-06-11T20:00Z;2010-06-17T20:00Z;2010-06-18T20:00Z,0.0153;0.0312;-0.0210;-0.0160;0.0173,1.0,0
O,KEO,O:KEO,2010-07-31T22:00Z,7.64,JJA,3.502,18.12,5,34.2865,-0.1072,34.287,-0.1475,0,10,5,0.0022,2010-07-29T22:00Z;2010-08-02T22:00Z;2010-07-28T22:00Z;2010-08-03T22:00Z;2010-08-04T22:00Z,0.0185;-0.0055;-0.0022;-0.0190;0.0192,1.0,0
O,KEO,O:KEO,2010-09-22T19:00Z,4.64,SON,4.422,11.45,5,34.2275,0.0017,34.2325,-0.0015,0,10,5,0.0013,2010-09-19T19:00Z;2010-09-16T19:00Z;2010-09-15T19:00Z;2010-09-14T19:00Z;2010-09-30T19:00Z,0.0038;-0.0133;-0.0203;0.0112;0.0252,1.0,0
O,KEO,O:KEO,2010-10-10T17:00Z,2.64,SON,1.318,20.673,5,34.5905,-0.0345,34.5825,-0.014,0,10,5,0.0002,2010-10-12T17:00Z;2010-10-07T17:00Z;2010-10-13T17:00Z;2010-10-16T17:00Z;2010-10-03T17:00Z,0.0040;-0.0382;0.0108;0.0068;0.0173,1.0,0
O,KEO,O:KEO,2010-10-18T15:00Z,0.64,SON,2.73,70.458,6,34.624,-0.0155,34.6045,0.017,0,9,5,-0.0024,2010-10-16T15:00Z;2010-10-13T15:00Z;2010-10-12T15:00Z;2010-10-07T15:00Z;2010-10-04T15:00Z,0.0010;0.0065;0.0260;-0.0463;0.0008,1.0,0
O,KEO,O:KEO,2010-11-25T22:00Z,7.64,SON,7.707,21.695,5,34.6385,-0.0175,34.6775,-0.0275,0,9,5,0.0041,2010-11-27T22:00Z;2010-11-22T22:00Z;2010-11-28T22:00Z;2010-11-21T22:00Z;2010-11-29T22:00Z,0.0013;0.0020;0.0075;0.0107;-0.0012,1.0,0
O,KEO,O:KEO,2010-12-01T05:00Z,14.64,DJF,0.943,11.558,8,34.649,-0.0105,34.6715,-0.005,0,10,5,0.0007,2010-11-29T05:00Z;2010-11-28T05:00Z;2010-12-04T05:00Z;2010-12-05T05:00Z;2010-12-06T05:00Z,-0.0168;-0.0125;0.0165;0.0013;0.0152,1.0,0
O,KEO,O:KEO,2010-12-16T05:00Z,14.64,DJF,0.405,24.488,15,34.634,-0.0127,34.6735,-0.0135,0,10,5,0.0041,2010-12-18T05:00Z;2010-12-13T05:00Z;2010-12-19T05:00Z;2010-12-12T05:00Z;2010-12-21T05:00Z,0.0023;-0.0005;0.0000;0.0327;-0.0138,1.0,0
O,KEO,O:KEO,2011-11-22T19:00Z,4.64,SON,0.602,38.688,3,34.593,-0.0403,34.593,-0.197,0,10,5,0.0022,2011-11-19T19:00Z;2011-11-18T19:00Z;2011-11-26T19:00Z;2011-11-17T19:00Z;2011-11-16T19:00Z,0.0032;0.0018;0.0048;0.0022;-0.0008,1.0,0
O,KEO,O:KEO,2011-11-28T21:00Z,6.64,SON,1.477,49.337,12,34.624,-0.0235,34.6225,-0.0045,0,10,5,0.0018,2011-11-26T21:00Z;2011-12-04T21:00Z;2011-12-05T21:00Z;2011-11-19T21:00Z;2011-11-18T21:00Z,0.0070;0.0122;-0.0197;0.0060;0.0033,1.0,0
O,KEO,O:KEO,2011-12-01T20:00Z,5.64,DJF,1.788,19.387,6,34.576,0.0335,34.572,0.0355,0,9,5,0.0058,2011-12-04T20:00Z;2011-12-05T20:00Z;2011-11-26T20:00Z;2011-12-10T20:00Z;2011-12-12T20:00Z,0.0223;-0.0130;0.0065;-0.0055;0.0187,1.0,0
O,KEO,O:KEO,2011-12-08T07:00Z,16.64,DJF,1.21,14.303,8,34.465,0.0017,34.462,0.004,0,8,5,-0.0025,2011-12-06T07:00Z;2011-12-05T07:00Z;2011-12-12T07:00Z;2011-12-03T07:00Z;2011-12-13T07:00Z,-0.0112;-0.0002;-0.0133;-0.0035;0.0155,1.0,0
O,KEO,O:KEO,2012-01-01T17:00Z,2.64,DJF,0.498,15.313,7,34.6895,0.0005,34.696,0.0145,0,9,5,-0.0015,2011-12-29T17:00Z;2012-01-04T17:00Z;2012-01-06T17:00Z;2012-01-07T17:00Z;2012-01-08T17:00Z,0.0037;0.0005;-0.0055;0.0025;-0.0088,1.0,0
O,KEO,O:KEO,2012-01-16T01:00Z,10.64,DJF,0.527,14.013,11,34.7475,-0.0222,34.7525,-0.0275,0,10,5,-0.0009,2012-01-14T01:00Z;2012-01-18T01:00Z;2012-01-11T01:00Z;2012-01-08T01:00Z;2012-01-07T01:00Z,-0.0035;0.0020;-0.0050;0.0015;0.0003,1.0,0
O,KEO,O:KEO,2012-01-22T07:00Z,16.64,DJF,0.592,13.248,5,34.717,-0.0093,34.723,-0.0065,0,10,5,-0.0022,2012-01-18T07:00Z;2012-01-30T07:00Z;2012-01-12T07:00Z;2012-02-01T07:00Z;2012-02-03T07:00Z,-0.0008;-0.0025;-0.0105;0.0032;-0.0003,1.0,0
O,KEO,O:KEO,2012-02-15T03:00Z,12.64,DJF,0.652,20.858,11,34.7555,-0.0262,34.763,-0.0245,0,10,5,-0.0054,2012-02-13T03:00Z;2012-02-12T03:00Z;2012-02-18T03:00Z;2012-02-10T03:00Z;2012-02-09T03:00Z,-0.0018;-0.0052;-0.0173;-0.0022;-0.0005,1.0,0
O,KEO,O:KEO,2012-02-29T01:00Z,10.64,DJF,0.447,19.605,9,34.7305,-0.0098,34.741,-0.014,0,9,5,0.0008,2012-03-02T01:00Z;2012-02-25T01:00Z;2012-03-04T01:00Z;2012-03-05T01:00Z;2012-02-23T01:00Z,0.0183;0.0035;-0.0003;-0.0025;-0.0150,1.0,0
O,KEO,O:KEO,2012-03-17T15:00Z,0.64,MAM,0.458,12.143,9,34.7315,-0.004,34.744,-0.005,0,10,5,-0.003,2012-03-20T15:00Z;2012-03-10T15:00Z;2012-03-24T15:00Z;2012-03-09T15:00Z;2012-03-25T15:00Z,-0.0325;0.0065;0.0037;-0.0007;0.0082,1.0,0
O,KEO,O:KEO,2012-05-17T02:00Z,11.64,MAM,0.552,24.652,11,34.632,-0.0203,34.649,-0.02,0,10,5,-0.0114,2012-05-15T02:00Z;2012-05-19T02:00Z;2012-05-14T02:00Z;2012-05-12T02:00Z;2012-05-11T02:00Z,-0.0058;0.0013;-0.0645;0.0060;0.0060,1.0,0
O,KEO,O:KEO,2012-05-20T14:00Z,23.64,MAM,0.91,16.218,12,34.603,-0.0193,34.619,-0.089,0,10,5,0.013,2012-05-23T14:00Z;2012-05-24T14:00Z;2012-05-15T14:00Z;2012-05-14T14:00Z;2012-05-13T14:00Z,0.0318;0.0142;-0.0078;0.0298;-0.0032,1.0,0
O,KEO,O:KEO,2012-06-05T17:00Z,2.64,JJA,3.128,23.183,8,34.589,-0.0412,34.605,-0.3125,0,6,5,0.0197,2012-06-07T17:00Z;2012-06-02T17:00Z;2012-06-08T17:00Z;2012-06-09T17:00Z;2012-06-10T17:00Z,0.0505;0.0014;0.0775;-0.0085;-0.0223,1.0,0
O,KEO,O:KEO,2012-06-24T13:00Z,22.64,JJA,0.458,20.043,11,34.5205,-0.0237,34.5395,-0.0285,0,10,5,0.0041,2012-06-22T13:00Z;2012-06-26T13:00Z;2012-06-21T13:00Z;2012-06-20T13:00Z;2012-06-19T13:00Z,0.0112;0.0012;-0.0007;-0.0237;0.0325,1.0,0
O,KEO,O:KEO,2012-06-28T16:00Z,1.64,JJA,4.703,28.127,6,34.528,-0.0512,34.5495,-0.057,0,10,5,-0.0048,2012-06-26T16:00Z;2012-06-30T16:00Z;2012-07-01T16:00Z;2012-07-03T16:00Z;2012-06-22T16:00Z,-0.0038;0.0013;-0.0067;-0.0092;-0.0055,1.0,0
O,KEO,O:KEO,2012-07-07T18:00Z,3.64,JJA,14.912,54.83,7,34.4892,-0.1306,34.4845,-0.072,0,10,5,-0.0023,2012-07-05T18:00Z;2012-07-04T18:00Z;2012-07-10T18:00Z;2012-07-03T18:00Z;2012-07-11T18:00Z,-0.0064;-0.0084;0.0034;-0.0032;0.0031,1.0,0
O,KEO,O:KEO,2012-07-19T20:00Z,5.64,JJA,1.79,27.515,10,34.1985,-0.0702,34.1925,-0.0615,0,10,5,-0.0048,2012-07-17T20:00Z;2012-07-21T20:00Z;2012-07-16T20:00Z;2012-07-15T20:00Z;2012-07-23T20:00Z,-0.0684;-0.0361;0.1086;-0.0592;0.0309,1.0,0
O,KEO,O:KEO,2012-08-06T08:00Z,17.64,JJA,3.86,33.117,9,33.976,-0.0138,33.974,-0.025,0,10,5,0.0345,2012-08-08T08:00Z;2012-08-03T08:00Z;2012-08-02T08:00Z;2012-08-10T08:00Z;2012-08-01T08:00Z,0.0378;0.0254;0.0463;0.0018;0.0613,1.0,0
O,KEO,O:KEO,2012-08-16T22:00Z,7.64,JJA,2.263,10.055,2,33.9577,-0.058,33.983,-0.0165,0,10,5,-0.0269,2012-08-14T22:00Z;2012-08-18T22:00Z;2012-08-13T22:00Z;2012-08-12T22:00Z;2012-08-20T22:00Z,-0.0788;0.0757;-0.0642;-0.0476;-0.0195,1.0,0
O,KEO,O:KEO,2012-09-01T06:00Z,15.64,SON,6.165,14.447,5,34.2265,-0.0079,34.149,0.091,0,10,5,-0.0372,2012-08-30T06:00Z;2012-09-03T06:00Z;2012-08-29T06:00Z;2012-09-04T06:00Z;2012-08-28T06:00Z,-0.0162;0.0267;-0.0256;-0.1319;-0.0391,1.0,0
O,KEO,O:KEO,2012-10-02T23:00Z,8.64,SON,6.032,18.513,12,34.6829,-0.0359,34.6815,-0.0325,0,6,5,0.0022,2012-09-30T23:00Z;2012-10-10T23:00Z;2012-10-12T23:00Z;2012-10-16T23:00Z;2012-09-17T23:00Z,0.0239;-0.0502;0.0357;-0.0743;0.0760,1.0,0
O,KEO,O:KEO,2012-10-06T04:00Z,13.64,SON,6.885,41.848,7,34.4912,0.0365,34.5255,-0.0145,0,10,5,-0.0076,2012-10-01T04:00Z;2012-10-13T04:00Z;2012-10-16T04:00Z;2012-10-17T04:00Z;2012-10-18T04:00Z,0.0298;-0.0075;-0.0459;-0.0383;0.0241,1.0,0
O,KEO,O:KEO,2012-10-14T22:00Z,7.64,SON,1.887,33.815,4,34.3391,-0.1237,34.3395,-0.1655,0,10,5,-0.0018,2012-10-12T22:00Z;2012-10-16T22:00Z;2012-10-17T22:00Z;2012-10-10T22:00Z;2012-10-18T22:00Z,0.0525;-0.0538;0.0853;-0.1037;0.0105,1.0,0
O,KEO,O:KEO,2012-10-26T12:00Z,21.64,SON,21.747,42.833,8,34.3946,-0.2946,34.3905,-0.1295,0,9,5,-0.0017,2012-10-22T12:00Z;2012-10-30T12:00Z;2012-10-21T12:00Z;2012-10-20T12:00Z;2012-10-18T12:00Z,-0.0242;-0.0032;0.0084;0.0187;-0.0081,1.0,0
O,KEO,O:KEO,2012-10-29T02:00Z,11.64,SON,2.982,23.338,8,34.4651,-0.0678,34.469,-0.066,0,10,5,0.014,2012-10-25T02:00Z;2012-11-03T02:00Z;2012-10-22T02:00Z;2012-11-05T02:00Z;2012-10-21T02:00Z,-0.0080;0.0236;0.0328;0.0348;-0.0130,1.0,0
O,KEO,O:KEO,2012-11-01T00:00Z,9.64,SON,1.358,10.433,5,34.4408,-0.1267,34.432,-0.041,0,10,5,0.0026,2012-11-03T00:00Z;2012-11-05T00:00Z;2012-11-06T00:00Z;2012-10-25T00:00Z;2012-11-08T00:00Z,0.0130;-0.0066;0.0317;-0.0048;-0.0204,1.0,0
O,KEO,O:KEO,2012-11-17T20:00Z,5.64,SON,15.357,16.637,2,34.7558,-0.0273,34.763,-0.0415,0,9,5,-0.0142,2012-11-20T20:00Z;2012-11-11T20:00Z;2012-11-10T20:00Z;2012-11-09T20:00Z;2012-11-25T20:00Z,-0.0120;0.0021;-0.0066;-0.0170;-0.0373,1.0,0
O,KEO,O:KEO,2012-12-02T20:00Z,5.64,DJF,1.668,40.883,9,34.7223,-0.0297,34.735,-0.029,0,10,5,-0.0015,2012-12-05T20:00Z;2012-11-28T20:00Z;2012-12-06T20:00Z;2012-12-07T20:00Z;2012-11-26T20:00Z,-0.0064;-0.0125;0.0133;-0.0058;0.0039,1.0,0
O,KEO,O:KEO,2014-08-06T22:00Z,7.64,JJA,1.405,63.673,11,34.593,-0.5087,34.623,-0.477,0,10,5,0.0352,2014-08-04T22:00Z;2014-08-03T22:00Z;2014-08-02T22:00Z;2014-08-01T22:00Z;2014-07-31T22:00Z,0.0587;-0.0049;0.0069;0.1017;0.0135,1.3,1
O,KEO,O:KEO,2014-08-10T21:00Z,6.64,JJA,1.11,15.312,2,34.5147,-0.0447,34.5505,-0.055,0,10,5,0.0108,2014-08-13T21:00Z;2014-08-14T21:00Z;2014-08-15T21:00Z;2014-08-04T21:00Z;2014-08-16T21:00Z,-0.0086;0.0071;0.0064;0.0445;0.0046,1.3,1
O,KEO,O:KEO,2014-08-26T19:00Z,4.64,JJA,1.217,12.358,2,34.4273,-0.0456,34.4465,-0.047,0,10,5,-0.018,2014-08-24T19:00Z;2014-08-23T19:00Z;2014-08-29T19:00Z;2014-08-22T19:00Z;2014-08-21T19:00Z,-0.0820;-0.0070;-0.0020;-0.0067;0.0073,1.3,1
O,KEO,O:KEO,2014-09-08T19:00Z,4.64,SON,28.46,39.635,6,34.4832,-0.0842,34.507,-0.052,0,13,5,-0.0099,2014-09-06T19:00Z;2014-09-10T19:00Z;2014-09-05T19:00Z;2014-09-11T19:00Z;2014-09-04T19:00Z,0.0063;-0.0240;-0.0022;-0.0311;0.0017,1.3,1
O,KEO,O:KEO,2014-09-17T02:00Z,11.64,SON,1.135,13.727,10,34.3719,-0.0127,34.3995,-0.011,0,10,5,0.0348,2014-09-15T02:00Z;2014-09-14T02:00Z;2014-09-13T02:00Z;2014-09-12T02:00Z;2014-09-22T02:00Z,0.0125;0.0186;0.0554;0.0598;0.0279,1.3,1
O,KEO,O:KEO,2014-09-26T19:00Z,4.64,SON,1.345,11.888,11,34.5251,-0.0054,34.557,-0.012,0,10,5,0.0009,2014-09-24T19:00Z;2014-09-23T19:00Z;2014-09-29T19:00Z;2014-09-22T19:00Z;2014-09-30T19:00Z,-0.0231;0.0082;0.0111;0.0175;-0.0090,1.3,1
O,KEO,O:KEO,2014-10-03T00:00Z,9.64,SON,0.445,58.045,16,34.4115,0.0153,34.44,0.026,0,10,5,0.0005,2014-10-01T00:00Z;2014-09-30T00:00Z;2014-10-08T00:00Z;2014-10-09T00:00Z;2014-10-10T00:00Z,-0.0184;0.0641;0.0062;-0.0341;-0.0152,1.3,1
O,KEO,O:KEO,2014-11-01T13:00Z,22.64,SON,3.002,33.635,7,34.4763,-0.0463,34.5035,-0.035,0,10,5,0.0002,2014-10-30T13:00Z;2014-10-29T13:00Z;2014-10-26T13:00Z;2014-10-25T13:00Z;2014-10-24T13:00Z,0.0046;0.0508;-0.0138;-0.0141;-0.0263,1.3,1
O,KEO,O:KEO,2014-11-09T11:00Z,20.64,SON,3.423,28.167,8,34.2865,-0.0683,34.3215,-0.064,0,10,5,0.0061,2014-11-12T11:00Z;2014-11-14T11:00Z;2014-11-15T11:00Z;2014-11-16T11:00Z;2014-11-17T11:00Z,0.0272;0.0066;0.0037;0.0048;-0.0120,1.3,1
O,KEO,O:KEO,2014-12-04T12:00Z,21.64,DJF,0.982,17.45,7,34.5142,-0.0904,34.551,-0.042,0,10,5,-0.0145,2014-11-28T12:00Z;2014-12-10T12:00Z;2014-12-11T12:00Z;2014-11-24T12:00Z;2014-11-23T12:00Z,-0.0531;-0.0174;-0.0239;0.0199;0.0020,1.3,1
O,KEO,O:KEO,2014-12-08T12:00Z,21.64,DJF,1.888,13.882,2,34.5521,-0.0067,34.6005,-0.01,0,10,5,-0.0194,2014-12-10T12:00Z;2014-12-11T12:00Z;2014-12-15T12:00Z;2014-12-16T12:00Z;2014-11-28T12:00Z,-0.0174;-0.0239;0.0107;-0.0135;-0.0531,1.3,1
O,KEO,O:KEO,2015-01-26T12:00Z,21.64,DJF,0.67,27.058,7,34.7661,-0.0012,34.8225,-0.0025,0,9,5,-0.0023,2015-01-28T12:00Z;2015-01-29T12:00Z;2015-01-30T12:00Z;2015-01-21T12:00Z;2015-01-20T12:00Z,-0.0047;-0.0008;-0.0061;-0.0018;0.0019,1.3,1
O,KEO,O:KEO,2015-09-14T01:00Z,10.64,SON,39.203,40.847,2,34.5551,-0.7224,34.565,-0.5725,0,10,5,-0.0202,2015-09-12T01:00Z;2015-09-11T01:00Z;2015-09-17T01:00Z;2015-09-09T01:00Z;2015-09-21T01:00Z,-0.1191;0.0024;-0.0106;-0.0021;0.0284,1.3,1
O,KEO,O:KEO,2015-09-15T08:00Z,17.64,SON,10.257,15.783,2,34.6198,-0.3769,34.6175,-0.3805,0,10,5,0.0348,2015-09-12T08:00Z;2015-09-11T08:00Z;2015-09-09T08:00Z;2015-09-21T08:00Z;2015-09-08T08:00Z,0.1311;-0.0113;0.0142;0.0302;0.0098,1.3,1
O,KEO,O:KEO,2015-09-18T11:00Z,20.64,SON,2.43,60.477,7,34.5214,-0.1602,34.5255,-0.0505,0,10,5,0.045,2015-09-21T11:00Z;2015-09-22T11:00Z;2015-09-23T11:00Z;2015-09-12T11:00Z;2015-09-11T11:00Z,0.0440;0.0382;-0.0117;0.1733;-0.0188,1.3,1
O,KEO,O:KEO,2015-09-24T19:00Z,4.64,SON,1.105,11.863,7,34.4868,0.0038,34.5095,-0.034,0,10,5,-0.0037,2015-09-22T19:00Z;2015-09-21T19:00Z;2015-09-20T19:00Z;2015-09-28T19:00Z;2015-09-30T19:00Z,-0.0018;0.0000;0.0065;-0.0189;-0.0042,1.3,1
O,KEO,O:KEO,2015-09-27T04:00Z,13.64,SON,8.543,28.515,6,34.4386,-0.1006,34.4435,-0.1465,0,10,5,-0.009,2015-09-30T04:00Z;2015-09-23T04:00Z;2015-10-01T04:00Z;2015-09-22T04:00Z;2015-09-21T04:00Z,0.0091;0.0137;-0.0731;-0.0027;0.0078,1.3,1
O,KEO,O:KEO,2015-10-16T04:00Z,13.64,SON,0.442,44.728,19,34.5971,0.0008,34.6055,-0.001,0,10,5,-0.0001,2015-10-14T04:00Z;2015-10-19T04:00Z;2015-10-12T04:00Z;2015-10-20T04:00Z;2015-10-11T04:00Z,0.0120;-0.0117;-0.0141;0.0082;0.0052,1.3,1
O,KEO,O:KEO,2015-10-27T16:00Z,1.64,SON,0.853,17.3,8,34.5572,-0.0212,34.556,-0.016,0,10,5,-0.0036,2015-10-25T16:00Z;2015-10-24T16:00Z;2015-10-23T16:00Z;2015-10-21T16:00Z;2015-10-20T16:00Z,-0.0139;-0.0300;-0.0055;-0.0007;0.0321,1.3,1
O,KEO,O:KEO,2015-10-31T07:00Z,16.64,SON,2.642,29.067,10,34.6534,-0.0568,34.6505,-0.0545,0,10,5,0.0163,2015-11-04T07:00Z;2015-10-26T07:00Z;2015-11-05T07:00Z;2015-10-25T07:00Z;2015-11-06T07:00Z,0.0027;-0.0019;-0.0129;0.1002;-0.0064,1.3,1
O,KEO,O:KEO,2015-11-22T05:00Z,14.64,SON,1.268,12.447,5,34.8293,-0.0343,34.6995,-0.028,0,10,5,-0.0062,2015-11-20T05:00Z;2015-11-18T05:00Z;2015-11-17T05:00Z;2015-11-27T05:00Z;2015-11-28T05:00Z,0.0081;-0.0456;-0.0076;0.0195;-0.0057,1.3,1
O,KEO,O:KEO,2015-11-24T01:00Z,10.64,SON,11.693,25.775,5,34.722,-0.033,34.6735,-0.0235,0,10,5,-0.0125,2015-11-20T01:00Z;2015-11-28T01:00Z;2015-11-29T01:00Z;2015-11-18T01:00Z;2015-11-17T01:00Z,-0.0275;0.0013;-0.0015;-0.0353;0.0004,1.3,1
O,KEO,O:KEO,2015-11-30T11:00Z,20.64,SON,0.6,11.53,6,34.6818,0.0084,34.6335,0.0135,0,10,5,-0.0149,2015-11-28T11:00Z;2015-11-27T11:00Z;2015-12-04T11:00Z;2015-12-05T11:00Z;2015-12-06T11:00Z,-0.0025;-0.0088;0.0015;-0.0652;0.0005,1.3,1
O,KEO,O:KEO,2015-12-02T22:00Z,7.64,DJF,0.73,16.973,4,34.718,-0.0164,34.6505,-0.017,0,10,5,0.0061,2015-12-04T22:00Z;2015-12-05T22:00Z;2015-11-28T22:00Z;2015-11-27T22:00Z;2015-12-09T22:00Z,0.0502;-0.0061;0.0080;0.0088;-0.0303,1.3,1
O,KEO,O:KEO,2015-12-07T17:00Z,2.64,DJF,1.058,13.517,6,34.7896,-0.058,34.692,-0.056,0,10,5,0.003,2015-12-05T17:00Z;2015-12-09T17:00Z;2015-12-04T17:00Z;2015-12-10T17:00Z;2015-12-12T17:00Z,-0.0117;0.0143;0.0104;-0.0040;0.0061,1.3,1
O,KEO,O:KEO,2016-01-18T02:00Z,11.64,DJF,0.94,13.372,7,34.8132,-0.0205,34.8265,-0.018,0,8,5,0.0018,2016-01-15T02:00Z;2016-01-22T02:00Z;2016-01-23T02:00Z;2016-01-11T02:00Z;2016-01-10T02:00Z,0.0004;0.0011;0.0005;-0.0017;0.0085,1.3,1
O,KEO,O:KEO,2016-02-05T03:00Z,12.64,DJF,1.688,14.207,8,34.8346,-0.0024,34.8415,-0.0005,0,10,5,0.0051,2016-02-03T03:00Z;2016-02-01T03:00Z;2016-02-09T03:00Z;2016-01-30T03:00Z;2016-02-11T03:00Z,-0.0001;0.0027;0.0205;-0.0010;0.0031,1.3,1
O,KEO,O:KEO,2016-02-28T07:00Z,16.64,DJF,1.375,27.76,11,34.9224,-0.0797,34.832,-0.105,0,10,5,-0.0057,2016-03-01T07:00Z;2016-03-03T07:00Z;2016-03-05T07:00Z;2016-02-19T07:00Z;2016-03-09T07:00Z,0.0090;-0.0014;-0.0028;-0.0310;-0.0020,1.3,1
O,KEO,O:KEO,2016-03-07T06:00Z,15.64,MAM,0.483,38.912,15,34.8398,-0.0039,34.777,-0.0045,0,10,5,0.0014,2016-03-05T06:00Z;2016-03-09T06:00Z;2016-03-03T06:00Z;2016-03-01T06:00Z;2016-03-14T06:00Z,0.0044;-0.0021;-0.0012;0.0086;-0.0026,1.3,1
O,KEO,O:KEO,2016-03-19T09:00Z,18.64,MAM,1.907,15.512,6,34.8759,-0.0048,34.7145,-0.014,0,10,5,0.0001,2016-03-17T09:00Z;2016-03-21T09:00Z;2016-03-16T09:00Z;2016-03-23T09:00Z;2016-03-14T09:00Z,-0.0088;-0.0111;0.0223;0.0029;-0.0048,1.3,1
O,KEO,O:KEO,2016-04-10T00:00Z,9.64,MAM,0.683,28.393,14,34.8915,-0.0253,34.7025,-0.03,0,10,5,0.0002,2016-04-08T00:00Z;2016-04-12T00:00Z;2016-04-07T00:00Z;2016-04-06T00:00Z;2016-04-16T00:00Z,-0.0208;0.0068;0.0132;-0.0015;0.0034,1.3,1
O,KEO,O:KEO,2016-04-14T02:00Z,11.64,MAM,1.175,25.05,8,34.8906,-0.0414,34.69,-0.042,0,10,5,0.0055,2016-04-12T02:00Z;2016-04-16T02:00Z;2016-04-17T02:00Z;2016-04-08T02:00Z;2016-04-07T02:00Z,0.0059;0.0038;0.0036;-0.0031;0.0172,1.3,1
O,KEO,O:KEO,2016-04-18T23:00Z,8.64,MAM,0.658,12.548,7,34.8636,-0.0466,34.8145,-0.062,0,10,5,0.0033,2016-04-16T23:00Z;2016-04-20T23:00Z;2016-04-15T23:00Z;2016-04-21T23:00Z;2016-04-11T23:00Z,0.0013;0.0094;0.0029;-0.0012;0.0042,1.3,1
O,KEO,O:KEO,2016-04-24T09:00Z,18.64,MAM,1.06,12.067,9,34.892,-0.0252,34.8905,-0.0125,0,10,5,0.0004,2016-04-21T09:00Z;2016-04-20T09:00Z;2016-04-17T09:00Z;2016-05-01T09:00Z;2016-04-16T09:00Z,-0.0019;-0.0075;0.0045;0.0070;-0.0002,1.3,1
O,KEO,O:KEO,2016-04-27T20:00Z,5.64,MAM,1.6,22.752,9,34.8337,-0.0038,34.8475,-0.007,0,10,5,0.0033,2016-04-30T20:00Z;2016-05-01T20:00Z;2016-05-02T20:00Z;2016-04-21T20:00Z;2016-05-03T20:00Z,0.0024;0.0035;-0.0055;0.0178;-0.0015,1.3,1
O,KEO,O:KEO,2016-05-07T06:00Z,15.64,MAM,0.82,13.607,8,34.9008,-0.0103,34.918,-0.0115,0,10,5,0.0014,2016-05-09T06:00Z;2016-05-04T06:00Z;2016-05-10T06:00Z;2016-05-03T06:00Z;2016-05-11T06:00Z,0.0005;0.0050;-0.0014;0.0093;-0.0063,1.3,1
O,KEO,O:KEO,2016-05-18T08:00Z,17.64,MAM,0.543,10.428,6,34.8744,-0.007,34.9,-0.017,0,10,5,0.0078,2016-05-16T08:00Z;2016-05-15T08:00Z;2016-05-14T08:00Z;2016-05-22T08:00Z;2016-05-23T08:00Z,-0.0078;0.0028;0.0351;0.0022;0.0067,1.3,1
O,KEO,O:KEO,2016-06-05T06:00Z,15.64,JJA,2.985,10.715,5,35.0033,-0.0421,35.044,-0.04,0,10,5,0.0019,2016-06-03T06:00Z;2016-06-07T06:00Z;2016-06-02T06:00Z;2016-06-01T06:00Z;2016-05-30T06:00Z,0.0328;0.0023;0.0017;0.0031;-0.0303,1.3,1
O,KEO,O:KEO,2016-06-09T04:00Z,13.64,JJA,6.522,58.73,17,35.1088,-0.0847,35.1475,-0.093,0,10,5,0.0063,2016-06-07T04:00Z;2016-06-03T04:00Z;2016-06-15T04:00Z;2016-06-02T04:00Z;2016-06-16T04:00Z,-0.0137;0.0462;0.0091;0.0028;-0.0131,1.3,1
O,KEO,O:KEO,2016-06-12T20:00Z,5.64,JJA,2.447,41.718,9,34.7816,-0.0186,34.827,-0.0125,0,10,5,-0.0156,2016-06-15T20:00Z;2016-06-16T20:00Z;2016-06-17T20:00Z;2016-06-06T20:00Z;2016-06-18T20:00Z,-0.0810;0.0022;-0.0067;-0.0022;0.0095,1.3,1
O,KEO,O:KEO,2016-07-09T12:00Z,21.64,JJA,0.67,13.285,7,34.6822,-0.0128,34.737,-0.0155,0,10,5,-0.0064,2016-07-07T12:00Z;2016-07-06T12:00Z;2016-07-05T12:00Z;2016-07-04T12:00Z;2016-07-03T12:00Z,0.0204;-0.0057;-0.0064;-0.0547;0.0144,1.3,1
O,KEO,O:KEO,2016-07-13T04:00Z,13.64,JJA,1.302,19.318,8,34.4659,0.0937,34.5565,-0.0015,0,9,5,-0.0064,2016-07-17T04:00Z;2016-07-08T04:00Z;2016-07-18T04:00Z;2016-07-07T04:00Z;2016-07-19T04:00Z,-0.0621;0.0071;-0.0022;0.0354;-0.0100,1.3,1
O,KEO,O:KEO,2016-08-29T07:00Z,16.64,JJA,0.745,34.807,14,34.6167,-0.0417,34.6245,-0.0358,0,23,5,0.0127,2016-08-27T07:00Z;2016-08-31T07:00Z;2016-08-26T07:00Z;2016-09-01T07:00Z;2016-08-25T07:00Z,0.0032;-0.0432;0.0045;0.1088;-0.0096,1.3,1
O,KEO,O:KEO,2016-10-13T17:00Z,2.64,SON,28.337,35.388,3,34.562,-0.0025,34.5815,-0.0095,0,10,5,0.0107,2016-10-11T17:00Z;2016-10-15T17:00Z;2016-10-10T17:00Z;2016-10-16T17:00Z;2016-10-09T17:00Z,0.0104;0.0067;-0.0024;0.0113;0.0273,1.3,1
O,KEO,O:KEO,2016-10-22T11:00Z,20.64,SON,1.545,14.54,9,34.6521,-0.1126,34.669,-0.088,0,10,5,-0.0039,2016-10-20T11:00Z;2016-10-19T11:00Z;2016-10-18T11:00Z;2016-10-17T11:00Z;2016-10-16T11:00Z,-0.0013;-0.0041;-0.0048;-0.0083;-0.0008,1.3,1
O,KEO,O:KEO,2018-01-12T00:00Z,9.64,DJF,1.183,11.36,12,34.8327,-0.0089,34.815,-0.008,0,10,5,-0.0019,2018-01-15T00:00Z;2018-01-08T00:00Z;2018-01-16T00:00Z;2018-01-07T00:00Z;2018-01-17T00:00Z,-0.0008;0.0004;-0.0083;0.0031;-0.0040,1.3,1
O,KEO,O:KEO,2018-02-01T17:00Z,2.64,DJF,2.857,14.977,6,34.8485,-0.0571,34.83,-0.044,0,10,5,-0.0012,2018-02-03T17:00Z;2018-02-04T17:00Z;2018-02-06T17:00Z;2018-02-07T17:00Z;2018-01-25T17:00Z,-0.0037;0.0004;0.0002;0.0023;-0.0054,1.3,1
O,KEO,O:KEO,2018-02-11T04:00Z,13.64,DJF,6.827,11.81,4,34.8476,-0.0165,34.8275,-0.014,0,10,5,0.0011,2018-02-09T04:00Z;2018-02-08T04:00Z;2018-02-07T04:00Z;2018-02-05T04:00Z;2018-02-04T04:00Z,0.0001;0.0018;-0.0018;0.0019;0.0035,1.3,1
O,KEO,O:KEO,2018-04-15T18:00Z,3.64,MAM,0.842,15.725,11,34.8742,0.0299,34.8505,0.0325,0,10,5,-0.0033,2018-04-12T18:00Z;2018-04-11T18:00Z;2018-04-19T18:00Z;2018-04-10T18:00Z;2018-04-20T18:00Z,-0.0296;-0.0010;0.0025;0.0056;0.0062,1.3,1
O,KEO,O:KEO,2018-04-17T20:00Z,5.64,MAM,0.857,12.573,8,34.821,-0.0121,34.8005,-0.0065,0,10,5,-0.0001,2018-04-19T20:00Z;2018-04-20T20:00Z;2018-04-13T20:00Z;2018-04-21T20:00Z;2018-04-22T20:00Z,0.0040;0.0021;-0.0002;0.0038;-0.0102,1.3,1
O,KEO,O:KEO,2018-04-26T05:00Z,14.64,MAM,0.477,17.293,11,34.7991,-0.0146,34.78,-0.0155,0,9,5,0.0145,2018-04-24T05:00Z;2018-04-23T05:00Z;2018-04-29T05:00Z;2018-04-22T05:00Z;2018-04-30T05:00Z,-0.0023;0.0039;0.0100;0.0004;0.0607,1.3,1
O,KEO,O:KEO,2018-05-09T16:00Z,1.64,MAM,6.827,60.687,11,34.7865,-0.1799,34.7705,-0.237,0,10,5,0.0093,2018-05-07T16:00Z;2018-05-11T16:00Z;2018-05-06T16:00Z;2018-05-12T16:00Z;2018-05-05T16:00Z,0.0057;0.0227;-0.0125;0.0380;-0.0072,1.3,1
O,KEO,O:KEO,2018-05-19T16:00Z,1.64,MAM,1.098,13.34,6,34.7773,-0.0431,34.759,-0.0555,0,10,5,-0.0067,2018-05-17T16:00Z;2018-05-21T16:00Z;2018-05-16T16:00Z;2018-05-15T16:00Z;2018-05-13T16:00Z,-0.0208;-0.0002;0.0028;-0.0167;0.0012,1.3,1
O,KEO,O:KEO,2018-05-23T07:00Z,16.64,MAM,0.518,15.063,9,34.7395,-0.0057,34.725,-0.01,0,10,5,-0.0121,2018-05-21T07:00Z;2018-05-18T07:00Z;2018-05-28T07:00Z;2018-05-17T07:00Z;2018-05-29T07:00Z,-0.0009;-0.0085;-0.0048;-0.0406;-0.0054,1.3,1
O,KEO,O:KEO,2018-05-26T02:00Z,11.64,MAM,2.525,22.073,9,34.7415,-0.1318,34.725,-0.065,0,10,5,0.0035,2018-05-28T02:00Z;2018-05-29T02:00Z;2018-05-30T02:00Z;2018-05-21T02:00Z;2018-05-31T02:00Z,0.0025;0.0026;-0.0023;0.0189;-0.0042,1.3,1
O,KEO,O:KEO,2018-06-03T14:00Z,23.64,JJA,4.58,30.245,9,34.7164,-0.1167,34.6995,-0.107,0,10,5,0.0187,2018-06-05T14:00Z;2018-05-31T14:00Z;2018-06-06T14:00Z;2018-05-30T14:00Z;2018-05-29T14:00Z,0.0755;-0.0381;0.0534;0.0028;-0.0002,1.3,1
O,KEO,O:KEO,2018-06-09T01:00Z,10.64,JJA,29.202,70.977,7,34.6463,-0.2547,34.629,-0.269,0,10,5,-0.0021,2018-06-06T01:00Z;2018-05-31T01:00Z;2018-05-30T01:00Z;2018-05-29T01:00Z;2018-05-28T01:00Z,-0.0153;-0.0037;-0.0020;0.0056;0.0050,1.3,1
O,KEO,O:KEO,2018-06-12T22:00Z,7.64,JJA,0.505,10.578,2,34.6776,-0.1619,34.664,-0.2125,0,9,5,-0.0165,2018-06-05T22:00Z;2018-06-19T22:00Z;2018-06-21T22:00Z;2018-06-23T22:00Z;2018-06-24T22:00Z,-0.0087;-0.0754;-0.0135;0.0634;-0.0483,1.3,1
O,KEO,O:KEO,2018-06-15T04:00Z,13.64,JJA,0.825,45.892,10,34.6514,-0.0094,34.636,-0.0325,0,10,5,-0.0261,2018-06-21T04:00Z;2018-06-22T04:00Z;2018-06-06T04:00Z;2018-06-24T04:00Z;2018-06-25T04:00Z,0.0007;-0.0075;-0.0721;0.0432;-0.0946,1.3,1
O,KEO,O:KEO,2018-06-18T05:00Z,14.64,JJA,0.457,59.797,10,34.6917,-0.0304,34.679,-0.032,0,10,5,-0.005,2018-06-21T05:00Z;2018-06-22T05:00Z;2018-06-24T05:00Z;2018-06-25T05:00Z;2018-06-26T05:00Z,0.0009;-0.0017;0.0313;-0.0390;-0.0167,1.3,1
O,KEO,O:KEO,2018-07-14T01:00Z,10.64,JJA,12.02,12.02,1,34.4963,-0.12,34.5045,-0.102,0,10,5,0.0079,2018-07-12T01:00Z;2018-07-16T01:00Z;2018-07-11T01:00Z;2018-07-17T01:00Z;2018-07-10T01:00Z,0.0117;-0.0047;0.0263;-0.0007;0.0068,1.3,1
O,KEO,O:KEO,2018-07-23T22:00Z,7.64,JJA,0.668,73.823,4,34.7172,-0.5058,34.713,-0.2725,0,10,5,0.0172,2018-07-21T22:00Z;2018-07-20T22:00Z;2018-07-19T22:00Z;2018-07-18T22:00Z;2018-07-17T22:00Z,0.0316;0.0295;0.0221;-0.0153;0.0179,1.3,1
O,KEO,O:KEO,2018-07-26T20:00Z,5.64,JJA,12.485,41.19,10,34.6423,-0.0327,34.655,-0.08,0,10,5,0.0213,2018-07-29T20:00Z;2018-07-30T20:00Z;2018-07-21T20:00Z;2018-07-31T20:00Z;2018-07-20T20:00Z,0.0527;0.0177;0.0137;0.0089;0.0136,1.3,1
O,KEO,O:KEO,2018-08-07T00:00Z,9.64,JJA,0.963,28.105,16,34.6544,-0.0319,34.6645,-0.0319,0,6,5,0.0013,2018-08-05T00:00Z;2018-08-04T00:00Z;2018-08-10T00:00Z;2018-08-03T00:00Z;2018-08-11T00:00Z,0.0130;0.0124;-0.0051;0.0060;-0.0199,1.3,1
O,KEO,O:KEO,2018-10-01T04:00Z,13.64,SON,7.748,18.13,2,34.5282,-0.0745,34.558,-0.1015,0,10,5,0.0124,2018-09-29T04:00Z;2018-10-05T04:00Z;2018-09-26T04:00Z;2018-09-25T04:00Z;2018-10-07T04:00Z,0.0265;0.0004;0.0648;-0.0088;-0.0209,1.3,1
O,KEO,O:KEO,2018-10-13T02:00Z,11.64,SON,4.4,50.713,5,34.4964,-0.0667,34.496,-0.108,0,10,5,-0.001,2018-10-07T02:00Z;2018-10-05T02:00Z;2018-10-22T02:00Z;2018-10-23T02:00Z;2018-10-24T02:00Z,-0.0237;0.0147;0.0129;0.0049;-0.0139,1.3,1
O,KEO,O:KEO,2018-10-17T17:00Z,2.64,SON,3.327,39.458,14,34.3978,-0.1636,34.401,-0.1545,0,10,5,0.0012,2018-10-20T17:00Z;2018-10-22T17:00Z;2018-10-23T17:00Z;2018-10-24T17:00Z;2018-10-25T17:00Z,0.0070;0.0040;-0.0005;-0.0045;0.0001,1.3,1
O,KEO,O:KEO,2018-11-12T20:00Z,5.64,SON,7.95,14.402,4,34.3397,0.1763,34.3555,0.173,0,10,5,0.0151,2018-11-08T20:00Z;2018-11-16T20:00Z;2018-11-07T20:00Z;2018-11-18T20:00Z;2018-11-05T20:00Z,-0.0005;0.0107;0.0258;0.0436;-0.0042,1.3,1
O,KEO,O:KEO,2018-11-24T00:00Z,9.64,SON,0.678,13.008,7,34.7476,-0.0117,34.7575,-0.009,0,10,5,0.0233,2018-11-22T00:00Z;2018-11-26T00:00Z;2018-11-27T00:00Z;2018-11-19T00:00Z;2018-11-17T00:00Z,0.0015;0.0151;0.0433;0.0631;-0.0066,1.3,1
O,KEO,O:KEO,2018-12-05T05:00Z,14.64,DJF,1.347,38.345,10,34.6829,-0.0191,34.6915,-0.0165,0,10,5,0.0356,2018-12-03T05:00Z;2018-12-02T05:00Z;2018-12-01T05:00Z;2018-12-09T05:00Z;2018-11-27T05:00Z,-0.0023;0.0682;0.0337;0.0438;0.0347,1.3,1
O,KEO,O:KEO,2019-02-04T09:00Z,18.64,DJF,2.405,14.508,4,34.6723,0.0084,34.685,0.0115,0,10,5,0.0037,2019-02-02T09:00Z;2019-01-31T09:00Z;2019-02-10T09:00Z;2019-02-12T09:00Z;2019-02-13T09:00Z,0.0113;0.0262;-0.0146;-0.0028;-0.0017,1.3,1
O,KEO,O:KEO,2019-02-22T14:00Z,23.64,DJF,1.745,21.695,8,34.7875,-0.0046,34.8025,-0.004,0,9,5,0.0018,2019-02-24T14:00Z;2019-02-19T14:00Z;2019-02-27T14:00Z;2019-02-14T14:00Z;2019-02-13T14:00Z,0.0026;-0.0065;-0.0024;0.0155;-0.0003,1.3,1
O,KEO,O:KEO,2019-03-03T03:00Z,12.64,MAM,0.493,28.11,16,34.8464,0.0034,34.861,0.0055,0,10,5,-0.0028,2019-03-05T03:00Z;2019-02-28T03:00Z;2019-03-06T03:00Z;2019-02-27T03:00Z;2019-02-25T03:00Z,0.0089;-0.0039;-0.0107;0.0010;-0.0091,1.3,1
O,KEO,O:KEO,2019-03-10T11:00Z,20.64,MAM,0.717,17.57,9,34.8407,-0.0077,34.8575,-0.007,0,10,5,0.0003,2019-03-06T11:00Z;2019-03-05T11:00Z;2019-02-27T11:00Z;2019-03-21T11:00Z;2019-02-25T11:00Z,-0.0038;-0.0015;-0.0012;0.0021;0.0058,1.3,1
O,KEO,O:KEO,2019-03-15T12:00Z,21.64,MAM,0.593,17.45,5,34.8216,0.0346,34.8435,0.0225,0,10,5,-0.0024,2019-03-21T12:00Z;2019-03-23T12:00Z;2019-03-06T12:00Z;2019-03-05T12:00Z;2019-03-28T12:00Z,0.0082;-0.0051;-0.0031;0.0009;-0.0127,1.3,1
O,KEO,O:KEO,2019-03-19T10:00Z,19.64,MAM,0.527,31.38,13,34.8178,-0.002,34.8395,-0.0105,0,10,5,-0.0034,2019-03-21T10:00Z;2019-03-23T10:00Z;2019-03-28T10:00Z;2019-03-31T10:00Z;2019-03-06T10:00Z,-0.0003;-0.0065;-0.0093;0.0022;-0.0028,1.3,1
O,KEO,O:KEO,2019-03-25T23:00Z,8.64,MAM,0.907,11.723,8,34.8401,-0.0052,34.856,-0.0015,0,10,5,0.0067,2019-03-27T23:00Z;2019-03-21T23:00Z;2019-03-29T23:00Z;2019-03-31T23:00Z;2019-04-01T23:00Z,0.0001;0.0144;-0.0003;0.0210;-0.0018,1.3,1
O,KEO,O:KEO,2019-04-07T21:00Z,6.64,MAM,3.758,14.227,4,34.8385,-0.0402,34.8565,-0.0315,0,10,5,-0.0058,2019-04-05T21:00Z;2019-04-09T21:00Z;2019-04-04T21:00Z;2019-04-01T21:00Z;2019-04-13T21:00Z,-0.0078;-0.0015;-0.0069;-0.0066;-0.0063,1.3,1
O,KEO,O:KEO,2019-04-12T11:00Z,20.64,MAM,1.52,17.5,8,34.8372,-0.0142,34.8545,-0.012,0,10,5,0.0006,2019-04-14T11:00Z;2019-04-06T11:00Z;2019-04-05T11:00Z;2019-04-19T11:00Z;2019-04-04T11:00Z,0.0028;-0.0023;0.0048;-0.0028;0.0006,1.3,1
O,KEO,O:KEO,2019-04-17T09:00Z,18.64,MAM,0.877,21.92,8,34.8353,0.0089,34.853,0.01,0,9,5,-0.0005,2019-04-19T09:00Z;2019-04-14T09:00Z;2019-04-21T09:00Z;2019-04-22T09:00Z;2019-04-23T09:00Z,-0.0025;0.0022;-0.0004;-0.0014;-0.0005,1.3,1
O,KEO,O:KEO,2019-04-25T08:00Z,17.64,MAM,1.52,27.71,8,34.8353,-0.0291,34.856,-0.008,0,9,5,0.0012,2019-04-23T08:00Z;2019-04-27T08:00Z;2019-04-22T08:00Z;2019-04-28T08:00Z;2019-04-21T08:00Z,-0.0004;0.0063;-0.0011;0.0008;0.0003,1.3,1
O,KEO,O:KEO,2019-04-30T11:00Z,20.64,MAM,0.617,21.553,11,34.8085,-0.0002,34.8275,-0.001,0,10,5,0.002,2019-04-28T11:00Z;2019-04-27T11:00Z;2019-05-05T11:00Z;2019-05-06T11:00Z;2019-04-23T11:00Z,0.0006;0.0108;-0.0026;0.0012;-0.0000,1.3,1
O,KEO,O:KEO,2019-05-29T15:00Z,0.64,MAM,0.478,11.118,5,34.7794,-0.0454,34.8075,-0.039,0,9,5,0.0038,2019-05-27T15:00Z;2019-05-26T15:00Z;2019-05-25T15:00Z;2019-05-24T15:00Z;2019-05-23T15:00Z,-0.0036;0.0065;0.0135;0.0068;-0.0045,1.3,1
O,KEO,O:KEO,2019-06-02T07:00Z,16.64,JJA,0.568,51.245,16,34.8557,-0.011,34.875,-0.009,0,10,5,-0.0059,2019-05-31T07:00Z;2019-06-04T07:00Z;2019-06-05T07:00Z;2019-05-28T07:00Z;2019-06-07T07:00Z,0.0039;-0.0103;-0.0273;-0.0011;0.0054,1.3,1
O,KEO,O:KEO,2019-06-09T06:00Z,15.64,JJA,0.825,26.68,15,34.7349,-0.0117,34.7565,-0.001,0,9,5,-0.0061,2019-06-07T06:00Z;2019-06-12T06:00Z;2019-06-05T06:00Z;2019-06-13T06:00Z;2019-06-04T06:00Z,0.0094;-0.0198;-0.0213;0.0209;-0.0197,1.3,1
O,KEO,O:KEO,2019-06-18T20:00Z,5.64,JJA,0.55,43.28,11,34.6506,-0.0188,34.677,-0.0245,0,10,5,0.0019,2019-06-16T20:00Z;2019-06-14T20:00Z;2019-06-13T20:00Z;2019-06-12T20:00Z;2019-06-11T20:00Z,-0.0063;0.0063;0.0080;-0.0035;0.0048,1.3,1
O,KEO,O:KEO,2019-07-12T21:00Z,6.64,JJA,0.588,15.427,7,34.5712,-0.029,34.5955,-0.012,0,10,5,0.0095,2019-07-10T21:00Z;2019-07-14T21:00Z;2019-07-09T21:00Z;2019-07-08T21:00Z;2019-07-16T21:00Z,0.0028;0.0102;0.0162;0.0011;0.0173,1.3,1
O,KEO,O:KEO,2019-08-04T17:00Z,2.64,JJA,4.467,14.937,5,34.5139,-0.1561,34.543,-0.195,0,10,5,0.0052,2019-08-02T17:00Z;2019-08-01T17:00Z;2019-08-07T17:00Z;2019-07-31T17:00Z;2019-08-08T17:00Z,-0.0188;-0.0003;0.0366;0.0031;0.0053,1.3,1
O,KEO,O:KEO,2019-08-25T06:00Z,15.64,JJA,0.513,13.1,8,34.4879,0.0067,34.515,0.0055,0,10,5,0.0011,2019-08-23T06:00Z;2019-08-27T06:00Z;2019-08-22T06:00Z;2019-08-28T06:00Z;2019-08-21T06:00Z,0.0037;0.0061;0.0467;-0.0550;0.0042,1.3,1
O,KEO,O:KEO,2019-09-15T06:00Z,15.64,SON,0.625,10.248,3,34.4455,-0.0013,34.4775,-0.0095,0,10,5,0.0146,2019-09-13T06:00Z;2019-09-17T06:00Z;2019-09-11T06:00Z;2019-09-10T06:00Z;2019-09-09T06:00Z,0.0008;0.0355;0.0084;0.0089;0.0194,1.3,1
O,KEO,O:KEO,2019-09-19T18:00Z,3.64,SON,2.745,12.308,5,34.3512,-0.007,34.3705,0.012,0,10,5,-0.0074,2019-09-21T18:00Z;2019-09-16T18:00Z;2019-09-22T18:00Z;2019-09-23T18:00Z;2019-09-24T18:00Z,0.0455;0.0220;0.0110;-0.0027;-0.1130,1.3,1
O,KEO,O:KEO,2019-10-08T23:00Z,8.64,SON,9.84,34.547,5,34.4214,-0.1225,34.44,-0.033,1,10,5,0.0046,2019-10-06T23:00Z;2019-10-10T23:00Z;2019-10-05T23:00Z;2019-10-11T23:00Z;2019-10-04T23:00Z,-0.0101;0.0098;0.0217;-0.0011;0.0029,1.3,1
O,KEO,O:KEO,2019-10-20T20:00Z,5.64,SON,3.387,23.143,6,34.2582,-0.0002,34.2785,-0.002,1,10,5,-0.0034,2019-10-18T20:00Z;2019-10-22T20:00Z;2019-10-17T20:00Z;2019-10-16T20:00Z;2019-10-15T20:00Z,0.0022;-0.0286;0.0009;0.0107;-0.0020,1.3,1
O,KEO,O:KEO,2019-10-24T04:00Z,13.64,SON,0.425,11.405,9,34.3225,0.0494,34.3395,0.078,1,9,5,-0.0094,2019-10-26T04:00Z;2019-10-27T04:00Z;2019-10-29T04:00Z;2019-10-18T04:00Z;2019-10-17T04:00Z,-0.0281;-0.0265;-0.0028;0.0133;-0.0031,1.3,1
O,KEO,O:KEO,2019-11-08T17:00Z,2.64,SON,8.628,46.955,8,34.4652,-0.0942,34.486,-0.0985,1,10,5,0.007,2019-11-06T17:00Z;2019-11-05T17:00Z;2019-11-11T17:00Z;2019-11-03T17:00Z;2019-11-13T17:00Z,0.0158;-0.0001;0.0122;0.0011;0.0061,1.3,1
O,KEO,O:KEO,2019-11-27T16:00Z,1.64,SON,2.923,12.74,6,34.5234,-0.0286,34.539,-0.038,1,10,5,0.0051,2019-11-29T16:00Z;2019-11-30T16:00Z;2019-11-22T16:00Z;2019-11-21T16:00Z;2019-11-20T16:00Z,0.0137;-0.0015;0.0009;0.0065;0.0061,1.3,1
O,KEO,O:KEO,2019-12-02T16:00Z,1.64,DJF,0.89,13.53,9,34.5994,-0.0249,34.616,-0.0285,1,10,5,-0.0009,2019-11-30T16:00Z;2019-12-04T16:00Z;2019-11-29T16:00Z;2019-12-05T16:00Z;2019-12-09T16:00Z,-0.0015;0.0023;0.0137;-0.0159;-0.0033,1.3,1
O,KEO,O:KEO,2019-12-07T02:00Z,11.64,DJF,1.115,11.222,11,34.5778,-0.0169,34.595,-0.0205,1,10,5,0.002,2019-12-05T02:00Z;2019-12-09T02:00Z;2019-12-04T02:00Z;2019-12-01T02:00Z;2019-12-13T02:00Z,-0.0036;0.0055;0.0002;0.0061;0.0017,1.3,1
O,KEO,O:KEO,2019-12-11T04:00Z,13.64,DJF,1.767,11.395,2,34.5892,-0.0246,34.606,-0.035,1,10,5,0.0046,2019-12-09T04:00Z;2019-12-13T04:00Z;2019-12-14T04:00Z;2019-12-15T04:00Z;2019-12-16T04:00Z,0.0121;0.0025;-0.0031;0.0053;0.0063,1.3,1
O,KEO,O:KEO,2019-12-22T02:00Z,11.64,DJF,0.695,42.695,9,34.6182,-0.004,34.64,-0.001,1,10,5,0.0022,2019-12-20T02:00Z;2019-12-24T02:00Z;2019-12-25T02:00Z;2019-12-18T02:00Z;2019-12-17T02:00Z,0.0002;0.0014;-0.0063;0.0115;0.0041,1.3,1
O,KEO,O:KEO,2019-12-30T15:00Z,0.64,DJF,10.517,37.908,6,34.6887,-0.1811,34.7145,-0.1165,1,10,5,-0.0037,2019-12-28T15:00Z;2020-01-03T15:00Z;2019-12-25T15:00Z;2020-01-04T15:00Z;2019-12-24T15:00Z,0.0067;-0.0229;-0.0046;-0.0026;0.0048,1.3,1
O,KEO,O:KEO,2020-01-15T01:00Z,10.64,DJF,6.547,22.007,3,34.8003,-0.0557,34.8305,-0.086,1,10,5,0.0082,2020-01-12T01:00Z;2020-01-11T01:00Z;2020-01-10T01:00Z;2020-01-20T01:00Z;2020-01-09T01:00Z,0.0221;-0.0035;0.0037;0.0175;0.0012,1.3,1
O,KEO,O:KEO,2020-01-17T16:00Z,1.64,DJF,0.467,10.212,8,34.7978,-0.0411,34.834,-0.064,1,10,5,0.0077,2020-01-13T16:00Z;2020-01-21T16:00Z;2020-01-22T16:00Z;2020-01-11T16:00Z;2020-01-23T16:00Z,0.0153;0.0149;0.0178;-0.0099;0.0005,1.3,1
O,KEO,O:KEO,2020-02-26T03:00Z,12.64,DJF,7.002,20.732,5,34.7508,-0.0725,34.781,-0.0545,1,10,5,0.002,2020-02-24T03:00Z;2020-02-29T03:00Z;2020-02-22T03:00Z;2020-02-21T03:00Z;2020-02-20T03:00Z,0.0038;0.0024;-0.0018;-0.0007;0.0063,1.3,1
O,KEO,O:KEO,2020-03-08T10:00Z,19.64,MAM,0.523,44.072,8,34.7475,-0.0053,34.7765,-0.0025,1,8,5,-0.0016,2020-03-06T10:00Z;2020-03-04T10:00Z;2020-03-12T10:00Z;2020-03-03T10:00Z;2020-03-13T10:00Z,-0.0012;-0.0034;-0.0008;-0.0002;-0.0025,1.3,1
O,KEO,O:KEO,2020-03-31T05:00Z,14.64,MAM,0.485,17.313,13,34.8007,0.0025,34.8295,0.0025,1,10,5,0.0074,2020-03-29T05:00Z;2020-03-28T05:00Z;2020-04-03T05:00Z;2020-03-27T05:00Z;2020-04-04T05:00Z,0.0085;-0.0013;0.0047;0.0276;-0.0024,1.3,1
O,KEO,O:KEO,2020-04-12T12:00Z,21.64,MAM,3.748,10.338,8,34.758,-0.0138,34.785,-0.01,1,10,5,-0.0028,2020-04-09T12:00Z;2020-04-15T12:00Z;2020-04-08T12:00Z;2020-04-16T12:00Z;2020-04-07T12:00Z,-0.0028;0.0002;0.0016;-0.0083;-0.0045,1.3,1
O,KEO,O:KEO,2020-04-18T14:00Z,23.64,MAM,1.272,10.132,2,34.773,-0.0144,34.801,-0.0215,1,10,5,-0.0032,2020-04-16T14:00Z;2020-04-20T14:00Z;2020-04-15T14:00Z;2020-04-23T14:00Z;2020-04-24T14:00Z,-0.0079;-0.0102;-0.0008;-0.0017;0.0049,1.3,1
O,KEO,O:KEO,2020-04-26T14:00Z,23.64,MAM,0.44,19.075,11,34.7738,0.0003,34.801,0.0025,1,10,5,-0.006,2020-04-24T14:00Z;2020-04-23T14:00Z;2020-04-30T14:00Z;2020-05-01T14:00Z;2020-04-20T14:00Z,0.0049;-0.0017;-0.0073;-0.0157;-0.0102,1.3,1
O,MOSEAN/WHOTS,O:MOSEAN/WHOTS,2004-12-22T07:00Z,20.47,DJF,2.457,166.198,11,34.9305,-1.1942,34.776,-0.0325,0,10,5,0.0063,2004-12-24T07:00Z;2004-12-25T07:00Z;2004-12-30T07:00Z;2004-12-31T07:00Z;2005-01-03T07:00Z,-0.0058;-0.0044;-0.0207;-0.0081;0.0704,0.75,1
O,MOSEAN/WHOTS,O:MOSEAN/WHOTS,2004-12-27T10:00Z,23.47,DJF,8.514,43.48,8,34.944,-0.0479,34.691,0.231,0,10,5,0.0111,2004-12-25T10:00Z;2004-12-29T10:00Z;2004-12-24T10:00Z;2004-12-30T10:00Z;2004-12-31T10:00Z,-0.0020;0.0649;-0.0026;-0.0158;0.0111,0.75,1
O,MOSEAN/WHOTS,O:MOSEAN/WHOTS,2005-01-01T17:00Z,6.47,DJF,1.159,94.353,10,34.8657,-0.252,34.778,0.072,0,10,5,-0.0043,2004-12-30T17:00Z;2004-12-29T17:00Z;2005-01-04T17:00Z;2005-01-05T17:00Z;2005-01-07T17:00Z,-0.0049;-0.0067;0.0007;-0.0081;-0.0024,0.75,1
O,MOSEAN/WHOTS,O:MOSEAN/WHOTS,2005-01-09T09:00Z,22.47,DJF,14.159,15.038,2,35.0089,-0.0349,34.757,0.099,0,10,5,0.0093,2005-01-06T09:00Z;2005-01-05T09:00Z;2005-01-03T09:00Z;2004-12-31T09:00Z;2004-12-30T09:00Z,-0.0046;-0.0074;0.0785;-0.0019;-0.0178,0.75,1
O,MOSEAN/WHOTS,O:MOSEAN/WHOTS,2005-01-11T16:00Z,5.47,DJF,0.936,27.614,12,35.0185,-0.0095,34.8885,-0.1145,0,10,5,-0.0,2005-01-07T16:00Z;2005-01-05T16:00Z;2005-01-04T16:00Z;2005-01-19T16:00Z;2005-01-20T16:00Z,0.0004;-0.0055;0.0011;0.0012;0.0026,0.75,1
O,MOSEAN/WHOTS,O:MOSEAN/WHOTS,2005-01-16T03:00Z,16.47,DJF,8.871,10.356,2,35.032,0.0008,34.806,0.032,0,10,5,-0.0095,2005-01-20T03:00Z;2005-01-21T03:00Z;2005-01-23T03:00Z;2005-01-08T03:00Z;2005-01-24T03:00Z,-0.0212;0.0008;0.0018;-0.0306;0.0021,0.75,1
O,MOSEAN/WHOTS,O:MOSEAN/WHOTS,2005-01-26T08:00Z,21.47,DJF,2.829,24.749,3,35.0515,-0.2544,34.88,-0.1385,0,10,5,-0.0009,2005-01-24T08:00Z;2005-01-28T08:00Z;2005-01-23T08:00Z;2005-01-29T08:00Z;2005-01-30T08:00Z,-0.0006;-0.0062;-0.0046;-0.0001;0.0071,0.75,1
O,MOSEAN/WHOTS,O:MOSEAN/WHOTS,2005-02-01T04:00Z,17.47,DJF,1.181,12.092,5,35.0685,-0.0601,34.886,-0.0235,0,10,5,-0.0051,2005-01-30T04:00Z;2005-02-03T04:00Z;2005-01-29T04:00Z;2005-01-28T04:00Z;2005-02-06T04:00Z,0.0017;-0.0198;0.0004;-0.0063;-0.0014,0.75,1
O,MOSEAN/WHOTS,O:MOSEAN/WHOTS,2005-10-01T11:00Z,0.47,SON,2.17,24.4,4,35.2701,-0.1056,35.114,0.0645,0,10,5,0.0218,2005-09-28T11:00Z;2005-09-27T11:00Z;2005-09-25T11:00Z;2005-10-08T11:00Z;2005-09-21T11:00Z,0.1122;0.0034;0.0004;-0.0055;-0.0014,0.765,1
O,MOSEAN/WHOTS,O:MOSEAN/WHOTS,2005-10-19T14:00Z,3.47,SON,1.89,26.15,5,35.1735,-0.2241,35.208,-0.002,0,10,5,0.0019,2005-10-17T14:00Z;2005-10-16T14:00Z;2005-10-22T14:00Z;2005-10-23T14:00Z;2005-10-14T14:00Z,-0.0048;-0.0101;0.0185;-0.0012;0.0070,0.765,1
O,MOSEAN/WHOTS,O:MOSEAN/WHOTS,2006-02-20T04:00Z,17.47,DJF,3.32,44.68,11,35.1461,-0.1399,34.9615,-0.021,0,8,5,-0.0139,2006-02-24T04:00Z;2006-02-25T04:00Z;2006-02-26T04:00Z;2006-02-28T04:00Z;2006-03-02T04:00Z,-0.0230;-0.0051;-0.0269;0.0118;-0.0263,0.765,1
O,MOSEAN/WHOTS,O:MOSEAN/WHOTS,2006-03-14T01:00Z,14.47,MAM,1.06,45.58,13,34.9408,0.0044,34.948,0.0255,0,10,5,-0.0219,2006-03-12T01:00Z;2006-03-11T01:00Z;2006-03-10T01:00Z;2006-03-09T01:00Z;2006-03-06T01:00Z,0.0309;-0.0690;0.0050;-0.0769;0.0003,0.765,1
O,MOSEAN/WHOTS,O:MOSEAN/WHOTS,2006-03-19T12:00Z,1.47,MAM,0.49,23.76,15,34.849,-0.0174,34.8945,0.0795,0,10,5,0.0029,2006-03-12T12:00Z;2006-03-11T12:00Z;2006-03-10T12:00Z;2006-03-09T12:00Z;2006-03-08T12:00Z,0.0095;-0.0168;0.0052;0.0134;0.0033,0.765,1
O,MOSEAN/WHOTS,O:MOSEAN/WHOTS,2006-03-22T11:00Z,0.47,MAM,0.46,13.08,6,34.8136,-0.019,34.9415,0.037,0,10,5,-0.0065,2006-03-30T11:00Z;2006-03-12T11:00Z;2006-03-11T11:00Z;2006-03-10T11:00Z;2006-04-03T11:00Z,-0.0321;0.0078;-0.0275;0.0057;0.0137,0.765,1
O,MOSEAN/WHOTS,O:MOSEAN/WHOTS,2006-04-01T09:00Z,22.47,MAM,13.11,23.5,3,34.8652,-0.0974,34.871,0.105,0,10,5,-0.0014,2006-03-30T09:00Z;2006-04-03T09:00Z;2006-04-06T09:00Z;2006-04-07T09:00Z;2006-04-09T09:00Z,-0.0119;0.0008;-0.0009;0.0127;-0.0075,0.765,1
O,MOSEAN/WHOTS,O:MOSEAN/WHOTS,2006-08-01T10:00Z,23.47,JJA,3.152,28.044,13,34.8902,-0.0298,35.2175,0.026,0,10,5,0.0141,2006-07-30T10:00Z;2006-08-03T10:00Z;2006-07-29T10:00Z;2006-08-04T10:00Z;2006-08-05T10:00Z,-0.0002;0.0238;0.0111;0.0007;0.0352,0.8,1
O,MOSEAN/WHOTS,O:MOSEAN/WHOTS,2006-10-15T05:00Z,18.47,SON,0.555,21.731,7,35.1811,-0.0152,35.204,0.003,0,6,5,0.0092,2006-10-13T05:00Z;2006-10-12T05:00Z;2006-10-11T05:00Z;2006-10-19T05:00Z;2006-10-10T05:00Z,-0.0083;0.0263;0.1091;-0.0026;-0.0787,0.8,1
O,MOSEAN/WHOTS,O:MOSEAN/WHOTS,2006-10-17T07:00Z,20.47,SON,9.854,11.246,2,35.1486,-0.1833,35.1965,0.0195,0,8,5,0.0312,2006-10-19T07:00Z;2006-10-20T07:00Z;2006-10-13T07:00Z;2006-10-12T07:00Z;2006-10-11T07:00Z,-0.0103;-0.0205;-0.0021;0.0404;0.1488,0.8,1
O,MOSEAN/WHOTS,O:MOSEAN/WHOTS,2006-11-01T16:00Z,5.47,SON,0.691,13.39,3,35.1163,-0.0051,35.177,0.0035,0,10,5,0.0074,2006-10-28T16:00Z;2006-10-27T16:00Z;2006-10-24T16:00Z;2006-10-23T16:00Z;2006-11-12T16:00Z,-0.0185;0.0049;0.0146;0.0141;0.0219,0.8,1
O,MOSEAN/WHOTS,O:MOSEAN/WHOTS,2007-02-01T12:00Z,1.47,DJF,1.264,13.889,8,35.1998,-0.0073,35.248,-0.008,0,10,5,-0.0117,2007-01-30T12:00Z;2007-02-03T12:00Z;2007-02-04T12:00Z;2007-01-28T12:00Z;2007-02-05T12:00Z,-0.0073;0.0069;-0.0127;-0.0137;-0.0319,0.8,1
O,MOSEAN/WHOTS,O:MOSEAN/WHOTS,2007-03-10T03:00Z,16.47,MAM,9.711,18.198,3,35.1335,-0.0695,35.2,0.012,0,10,5,0.0078,2007-03-08T03:00Z;2007-03-12T03:00Z;2007-03-07T03:00Z;2007-03-13T03:00Z;2007-03-06T03:00Z,-0.0006;0.0075;0.0169;-0.0096;0.0247,0.8,1
O,MOSEAN/WHOTS,O:MOSEAN/WHOTS,2007-11-04T12:00Z,1.47,SON,0.79,46.874,12,35.0502,-0.0248,35.0495,-0.0015,0,10,5,0.0045,2007-11-02T12:00Z;2007-11-06T12:00Z;2007-11-07T12:00Z;2007-10-31T12:00Z;2007-11-08T12:00Z,0.0015;-0.0011;0.0131;-0.0016;0.0105,0.8,1
O,MOSEAN/WHOTS,O:MOSEAN/WHOTS,2007-11-28T02:00Z,15.47,SON,0.553,29.43,8,34.9692,0.0251,34.9655,0.026,0,10,5,0.0184,2007-11-26T02:00Z;2007-11-25T02:00Z;2007-11-24T02:00Z;2007-11-23T02:00Z;2007-11-22T02:00Z,0.0752;0.0353;-0.0186;-0.0040;0.0042,0.8,1
O,MOSEAN/WHOTS,O:MOSEAN/WHOTS,2007-11-30T07:00Z,20.47,SON,7.763,15.228,4,34.9895,-0.0155,34.988,-0.0005,0,10,5,0.0062,2007-11-26T07:00Z;2007-11-25T07:00Z;2007-11-24T07:00Z;2007-11-23T07:00Z;2007-11-22T07:00Z,0.0332;0.0050;0.0066;-0.0057;-0.0084,0.8,1
O,MOSEAN/WHOTS,O:MOSEAN/WHOTS,2007-12-04T14:00Z,3.47,DJF,0.588,23.203,8,34.9182,-0.0329,34.9185,-0.0325,0,10,5,-0.0043,2007-12-12T14:00Z;2007-11-25T14:00Z;2007-11-24T14:00Z;2007-12-14T14:00Z;2007-11-23T14:00Z,-0.0003;0.0038;-0.0371;0.0150;-0.0030,0.8,1
O,MOSEAN/WHOTS,O:MOSEAN/WHOTS,2007-12-07T08:00Z,21.47,DJF,1.809,13.785,9,35.0111,-0.0284,35.0205,-0.0415,0,10,5,0.0177,2007-12-12T08:00Z;2007-12-14T08:00Z;2007-12-15T08:00Z;2007-12-17T08:00Z;2007-11-26T08:00Z,0.0110;0.0039;0.0556;-0.0159;0.0342,0.8,1
O,MOSEAN/WHOTS,O:MOSEAN/WHOTS,2007-12-27T11:00Z,0.47,DJF,5.127,22.055,10,34.9549,0.0061,34.953,0.0075,0,10,5,-0.0072,2007-12-25T11:00Z;2007-12-24T11:00Z;2007-12-30T11:00Z;2007-12-22T11:00Z;2007-12-21T11:00Z,-0.0038;-0.0064;0.0009;-0.0025;-0.0242,0.8,1
O,MOSEAN/WHOTS,O:MOSEAN/WHOTS,2008-03-16T13:00Z,2.47,MAM,0.464,17.811,5,35.2161,-0.0047,35.215,-0.0025,0,10,5,0.0011,2008-03-13T13:00Z;2008-03-19T13:00Z;2008-03-12T13:00Z;2008-03-11T13:00Z;2008-03-10T13:00Z,-0.0255;-0.0220;0.0075;0.0168;0.0286,0.8,1
O,MOSEAN/WHOTS,O:MOSEAN/WHOTS,2008-04-25T12:00Z,1.47,MAM,11.89,18.22,3,35.277,-0.0945,35.2775,-0.0225,0,10,5,-0.0121,2008-04-23T12:00Z;2008-04-27T12:00Z;2008-04-22T12:00Z;2008-04-28T12:00Z;2008-04-29T12:00Z,-0.0069;-0.0147;-0.0042;0.0013;-0.0361,0.8,1
O,MOSEAN/WHOTS,O:MOSEAN/WHOTS,2008-09-12T12:00Z,1.47,SON,0.602,13.107,5,35.1465,-0.1249,35.1485,-0.0715,0,10,5,-0.0075,2008-09-14T12:00Z;2008-09-16T12:00Z;2008-09-07T12:00Z;2008-09-17T12:00Z;2008-09-18T12:00Z,-0.0099;-0.0002;-0.0078;0.0017;-0.0216,0.91,1
O,MOSEAN/WHOTS,O:MOSEAN/WHOTS,2008-10-26T15:00Z,4.47,SON,0.46,15.378,10,35.2282,-0.1305,35.2265,-0.014,0,10,5,0.0009,2008-10-22T15:00Z;2008-10-21T15:00Z;2008-10-31T15:00Z;2008-10-20T15:00Z;2008-10-19T15:00Z,0.0024;0.0009;0.0082;-0.0030;-0.0040,0.91,1
O,MOSEAN/WHOTS,O:MOSEAN/WHOTS,2008-11-22T01:00Z,14.47,SON,0.92,20.253,12,35.2019,-0.0045,35.2095,-0.025,0,10,5,0.0056,2008-11-24T01:00Z;2008-11-19T01:00Z;2008-11-25T01:00Z;2008-11-26T01:00Z;2008-11-27T01:00Z,0.0010;0.0066;0.0035;0.0059;0.0111,0.91,1
O,MOSEAN/WHOTS,O:MOSEAN/WHOTS,2008-12-11T02:00Z,15.47,DJF,1.247,16.805,10,35.206,-0.0079,35.207,-0.0065,0,10,5,0.0104,2008-12-09T02:00Z;2008-12-08T02:00Z;2008-12-07T02:00Z;2008-12-06T02:00Z;2008-12-05T02:00Z,-0.0008;0.0043;0.0644;-0.0182;0.0025,0.91,1
O,MOSEAN/WHOTS,O:MOSEAN/WHOTS,2009-08-13T09:00Z,22.47,JJA,1.72,30.969,9,35.2451,-0.0325,35.2205,-0.019,0,10,5,-0.0025,2009-08-11T09:00Z;2009-08-15T09:00Z;2009-08-10T09:00Z;2009-08-09T09:00Z;2009-08-17T09:00Z,-0.0005;-0.0059;-0.0044;-0.0068;0.0052,0.78,1
O,MOSEAN/WHOTS,O:MOSEAN/WHOTS,2009-11-11T01:00Z,14.47,SON,0.427,18.502,5,35.3027,-0.0183,35.269,-0.0225,0,9,5,0.0027,2009-11-08T01:00Z;2009-11-07T01:00Z;2009-11-06T01:00Z;2009-11-16T01:00Z;2009-11-05T01:00Z,-0.0101;0.0133;0.0000;0.0063;0.0042,0.78,1
O,MOSEAN/WHOTS,O:MOSEAN/WHOTS,2009-11-13T08:00Z,21.47,SON,5.04,30.07,6,35.287,-0.0652,35.254,-0.0565,0,10,5,0.0023,2009-11-16T08:00Z;2009-11-08T08:00Z;2009-11-18T08:00Z;2009-11-07T08:00Z;2009-11-19T08:00Z,-0.0015;-0.0043;0.0137;-0.0033;0.0070,0.78,1
O,MOSEAN/WHOTS,O:MOSEAN/WHOTS,2009-12-04T03:00Z,16.47,DJF,7.955,10.52,3,35.4054,-0.0697,35.377,-0.044,0,10,5,-0.0089,2009-12-02T03:00Z;2009-12-06T03:00Z;2009-12-07T03:00Z;2009-11-29T03:00Z;2009-12-09T03:00Z,-0.0485;-0.0061;0.0032;0.0175;-0.0105,0.78,1
O,MOSEAN/WHOTS,O:MOSEAN/WHOTS,2009-12-30T03:00Z,16.47,DJF,0.447,12.022,5,35.4318,-0.0105,35.3905,-0.0045,0,10,5,-0.006,2009-12-26T03:00Z;2010-01-03T03:00Z;2009-12-24T03:00Z;2009-12-23T03:00Z;2009-12-21T03:00Z,0.0025;-0.0025;-0.0295;-0.0045;0.0040,0.78,1
O,MOSEAN/WHOTS,O:MOSEAN/WHOTS,2010-01-05T01:00Z,14.47,DJF,0.496,12.795,9,35.4537,-0.0075,35.4125,-0.0075,0,10,5,-0.0013,2010-01-03T01:00Z;2010-01-08T01:00Z;2010-01-01T01:00Z;2010-01-09T01:00Z;2010-01-10T01:00Z,0.0001;-0.0041;-0.0027;-0.0003;0.0004,0.78,1
O,MOSEAN/WHOTS,O:MOSEAN/WHOTS,2010-03-07T11:00Z,0.47,MAM,0.462,20.38,5,35.2517,-0.0673,35.2265,-0.0685,0,10,5,-0.0126,2010-03-05T11:00Z;2010-03-04T11:00Z;2010-03-03T11:00Z;2010-03-11T11:00Z;2010-03-02T11:00Z,-0.0104;-0.0089;-0.0149;-0.0016;-0.0271,0.78,1
O,MOSEAN/WHOTS,O:MOSEAN/WHOTS,2010-03-15T03:00Z,16.47,MAM,0.504,12.007,9,35.2105,-0.0064,35.1925,-0.004,0,9,5,0.0003,2010-03-13T03:00Z;2010-03-11T03:00Z;2010-03-19T03:00Z;2010-03-21T03:00Z;2010-03-22T03:00Z,-0.0003;0.0025;0.0001;0.0014;-0.0022,0.78,1
O,MOSEAN/WHOTS,O:MOSEAN/WHOTS,2010-11-19T04:00Z,17.47,SON,0.7,45.212,8,35.3095,-0.6114,35.2475,-0.745,0,10,5,0.0001,2010-11-17T04:00Z;2010-11-21T04:00Z;2010-11-16T04:00Z;2010-11-22T04:00Z;2010-11-15T04:00Z,0.0125;-0.0042;0.0015;0.0029;-0.0120,0.76,1
O,MOSEAN/WHOTS,O:MOSEAN/WHOTS,2010-12-09T13:00Z,2.47,DJF,0.833,93.422,13,35.3848,-0.0074,35.321,-0.006,0,10,5,0.0035,2010-12-07T13:00Z;2010-12-11T13:00Z;2010-12-06T13:00Z;2010-12-05T13:00Z;2010-12-13T13:00Z,0.0226;-0.0168;0.0139;0.0043;-0.0064,0.76,1
O,MOSEAN/WHOTS,O:MOSEAN/WHOTS,2010-12-20T19:00Z,8.47,DJF,1.457,21.725,4,35.2697,0.0077,35.2095,0.0045,0,10,5,0.0003,2010-12-18T19:00Z;2010-12-17T19:00Z;2010-12-23T19:00Z;2010-12-16T19:00Z;2010-12-24T19:00Z,0.0070;0.0007;-0.0001;0.0063;-0.0124,0.76,1
O,MOSEAN/WHOTS,O:MOSEAN/WHOTS,2010-12-26T11:00Z,0.47,DJF,2.72,29.368,7,35.2901,-0.0762,35.222,-0.138,0,10,5,-0.0027,2010-12-24T11:00Z;2010-12-19T11:00Z;2010-12-18T11:00Z;2010-12-17T11:00Z;2010-12-16T11:00Z,-0.0068;-0.0067;0.0020;-0.0050;0.0031,0.76,1
O,MOSEAN/WHOTS,O:MOSEAN/WHOTS,2010-12-27T22:00Z,11.47,DJF,3.654,25.864,6,35.2484,-0.0253,35.181,-0.016,0,10,5,0.004,2010-12-24T22:00Z;2010-12-23T22:00Z;2011-01-04T22:00Z;2010-12-18T22:00Z;2010-12-17T22:00Z,-0.0007;0.0017;0.0143;0.0016;0.0032,0.76,1
O,MOSEAN/WHOTS,O:MOSEAN/WHOTS,2011-01-06T07:00Z,20.47,DJF,7.482,13.597,6,35.4768,-0.0053,35.4075,-0.0015,0,10,5,0.0056,2011-01-10T07:00Z;2011-01-15T07:00Z;2011-01-16T07:00Z;2011-01-18T07:00Z;2010-12-24T07:00Z,-0.0044;0.0132;0.0093;0.0018;0.0080,0.76,1
O,MOSEAN/WHOTS,O:MOSEAN/WHOTS,2011-01-12T17:00Z,6.47,DJF,1.637,12.009,8,35.4778,-0.0135,35.409,-0.0155,0,10,5,0.0006,2011-01-10T17:00Z;2011-01-09T17:00Z;2011-01-15T17:00Z;2011-01-16T17:00Z;2011-01-18T17:00Z,0.0061;0.0060;-0.0015;0.0006;-0.0084,0.76,1
O,MOSEAN/WHOTS,O:MOSEAN/WHOTS,2011-02-07T00:00Z,13.47,DJF,0.414,17.134,6,35.4612,-0.0374,35.3895,-0.014,0,10,5,0.0011,2011-02-05T00:00Z;2011-02-04T00:00Z;2011-02-10T00:00Z;2011-02-03T00:00Z;2011-02-02T00:00Z,0.0042;0.0006;-0.0051;0.0031;0.0030,0.76,1
O,MOSEAN/WHOTS,O:MOSEAN/WHOTS,2011-03-03T18:00Z,7.47,MAM,1.218,32.142,10,35.259,-0.0077,35.1725,-0.011,0,10,5,0.0038,2011-03-01T18:00Z;2011-03-06T18:00Z;2011-02-27T18:00Z;2011-03-07T18:00Z;2011-02-26T18:00Z,0.0031;0.0022;0.0098;0.0004;0.0033,0.76,1
O,MOSEAN/WHOTS,O:MOSEAN/WHOTS,2011-05-08T16:00Z,5.47,MAM,1.91,17.627,7,35.4059,0.0021,35.2945,0.0,0,10,5,-0.0117,2011-05-10T16:00Z;2011-05-05T16:00Z;2011-05-11T16:00Z;2011-05-12T16:00Z;2011-05-03T16:00Z,-0.0212;0.0029;-0.0061;0.0014;-0.0357,0.76,1
O,MOSEAN/WHOTS,O:MOSEAN/WHOTS,2013-09-30T07:00Z,20.47,SON,4.3,33.47,3,35.2381,-0.0275,35.2145,-0.024,0,10,5,-0.0034,2013-09-28T07:00Z;2013-10-02T07:00Z;2013-09-27T07:00Z;2013-10-03T07:00Z;2013-09-26T07:00Z,-0.0040;0.0034;-0.0023;0.0175;-0.0317,0.86,1
O,MOSEAN/WHOTS,O:MOSEAN/WHOTS,2013-10-12T06:00Z,19.47,SON,3.824,12.672,3,35.1658,-0.0067,35.1415,0.0315,0,10,5,0.0453,2013-10-10T06:00Z;2013-10-14T06:00Z;2013-10-08T06:00Z;2013-10-16T06:00Z;2013-10-07T06:00Z,0.0080;0.1657;0.0379;-0.0042;0.0189,0.86,1
O,MOSEAN/WHOTS,O:MOSEAN/WHOTS,2013-10-31T08:00Z,21.47,SON,1.296,11.327,4,35.3424,-0.0783,35.333,-0.0745,0,10,5,-0.0432,2013-10-29T08:00Z;2013-10-28T08:00Z;2013-11-03T08:00Z;2013-10-27T08:00Z;2013-11-04T08:00Z,-0.0756;-0.0247;-0.0152;0.0139;-0.1146,0.86,1
O,MOSEAN/WHOTS,O:MOSEAN/WHOTS,2013-11-29T11:00Z,0.47,SON,5.506,10.802,2,35.4478,-0.0182,35.4305,-0.0235,0,10,5,0.0075,2013-11-27T11:00Z;2013-11-26T11:00Z;2013-11-25T11:00Z;2013-12-03T11:00Z;2013-12-04T11:00Z,0.0113;0.0137;-0.0480;0.0696;-0.0089,0.86,1
O,MOSEAN/WHOTS,O:MOSEAN/WHOTS,2013-12-01T19:00Z,8.47,DJF,23.055,32.902,3,35.4428,-0.2636,35.417,-0.2525,0,10,5,0.0107,2013-12-03T19:00Z;2013-12-04T19:00Z;2013-11-27T19:00Z;2013-11-26T19:00Z;2013-11-25T19:00Z,0.0184;0.0166;0.0343;0.0353;-0.0509,0.86,1
O,MOSEAN/WHOTS,O:MOSEAN/WHOTS,2013-12-06T14:00Z,3.47,DJF,1.366,12.275,3,35.5078,-0.8511,35.4845,-0.602,0,10,5,-0.0002,2013-12-04T14:00Z;2013-12-08T14:00Z;2013-12-03T14:00Z;2013-12-09T14:00Z;2013-12-10T14:00Z,-0.0105;0.0030;0.0500;-0.0448;0.0011,0.86,1
O,MOSEAN/WHOTS,O:MOSEAN/WHOTS,2014-01-03T05:00Z,18.47,DJF,8.41,28.03,4,35.4901,-0.0977,35.4615,-0.0515,0,10,5,0.0006,2014-01-01T05:00Z;2014-01-05T05:00Z;2013-12-31T05:00Z;2014-01-06T05:00Z;2013-12-30T05:00Z,-0.0007;-0.0009;0.0009;-0.0006;0.0044,0.86,1
O,MOSEAN/WHOTS,O:MOSEAN/WHOTS,2014-01-30T08:00Z,21.47,DJF,4.314,11.006,2,35.421,-0.0151,35.4125,-0.028,0,10,5,-0.0002,2014-01-28T08:00Z;2014-02-01T08:00Z;2014-01-26T08:00Z;2014-01-25T08:00Z;2014-02-04T08:00Z,0.0012;-0.0005;-0.0050;0.0018;0.0013,0.86,1
O,MOSEAN/WHOTS,O:MOSEAN/WHOTS,2014-02-06T00:00Z,13.47,DJF,1.061,12.276,4,35.4159,-0.0094,35.41,-0.0065,0,10,5,0.0028,2014-02-04T00:00Z;2014-02-09T00:00Z;2014-02-10T00:00Z;2014-02-01T00:00Z;2014-02-11T00:00Z,-0.0003;-0.0066;0.0079;0.0114;0.0017,0.86,1
O,MOSEAN/WHOTS,O:MOSEAN/WHOTS,2014-02-16T01:00Z,14.47,DJF,1.985,10.348,6,35.3168,-0.0048,35.322,-0.005,0,10,5,-0.0035,2014-02-14T01:00Z;2014-02-13T01:00Z;2014-02-19T01:00Z;2014-02-12T01:00Z;2014-02-20T01:00Z,0.0104;-0.0043;0.0012;-0.0143;-0.0103,0.86,1
O,MOSEAN/WHOTS,O:MOSEAN/WHOTS,2014-03-28T15:00Z,4.47,MAM,3.618,33.405,4,35.2858,-0.1971,35.3015,-0.1125,0,9,5,0.0049,2014-03-26T15:00Z;2014-03-25T15:00Z;2014-03-24T15:00Z;2014-04-01T15:00Z;2014-03-23T15:00Z,-0.0021;0.0036;-0.0031;-0.0083;0.0344,0.86,1
O,MOSEAN/WHOTS,O:MOSEAN/WHOTS,2014-03-29T21:00Z,10.47,MAM,12.992,14.59,3,35.1873,-0.058,35.203,0.004,0,10,5,0.0085,2014-04-01T21:00Z;2014-03-25T21:00Z;2014-04-02T21:00Z;2014-03-24T21:00Z;2014-04-03T21:00Z,-0.0023;0.0052;0.0151;-0.0135;0.0379,0.86,1
O,MOSEAN/WHOTS,O:MOSEAN/WHOTS,2014-05-11T00:00Z,13.47,MAM,8.332,11.253,4,34.9606,-0.136,34.953,-0.108,0,10,5,0.0021,2014-05-09T00:00Z;2014-05-13T00:00Z;2014-05-08T00:00Z;2014-05-14T00:00Z;2014-05-15T00:00Z,-0.0245;0.0248;0.0027;0.0089;-0.0013,0.86,1
O,MOSEAN/WHOTS,O:MOSEAN/WHOTS,2014-05-24T14:00Z,3.47,MAM,2.063,46.426,7,35.1789,-0.343,35.139,-0.278,0,10,5,0.005,2014-05-22T14:00Z;2014-05-21T14:00Z;2014-05-20T14:00Z;2014-05-19T14:00Z;2014-05-29T14:00Z,0.0073;-0.0113;0.0085;0.0041;0.0164,0.86,1
O,MOSEAN/WHOTS,O:MOSEAN/WHOTS,2014-08-31T06:00Z,19.47,JJA,1.388,11.966,7,35.095,0.0202,35.0675,0.0015,0,9,5,0.0154,2014-08-29T06:00Z;2014-08-27T06:00Z;2014-09-04T06:00Z;2014-08-26T06:00Z;2014-08-25T06:00Z,0.0168;0.0149;-0.0069;0.0075;0.0446,0.81,1
O,MOSEAN/WHOTS,O:MOSEAN/WHOTS,2014-10-05T16:00Z,5.47,SON,8.54,14.888,2,35.1144,-0.6145,35.0975,-0.823,0,9,5,0.0163,2014-10-02T16:00Z;2014-10-08T16:00Z;2014-10-01T16:00Z;2014-10-09T16:00Z;2014-09-30T16:00Z,-0.0108;0.0842;0.0293;-0.0282;0.0069,0.81,1
O,MOSEAN/WHOTS,O:MOSEAN/WHOTS,2014-12-24T09:00Z,22.47,DJF,7.4,29.308,4,35.387,-0.0457,35.349,-0.0285,0,10,5,-0.0057,2014-12-22T09:00Z;2014-12-26T09:00Z;2014-12-21T09:00Z;2014-12-27T09:00Z;2014-12-20T09:00Z,-0.0194;-0.0006;-0.0124;-0.0012;0.0051,0.81,1
O,MOSEAN/WHOTS,O:MOSEAN/WHOTS,2015-01-02T18:00Z,7.47,DJF,0.728,19.767,6,35.4079,-0.0192,35.3775,-0.014,0,10,5,0.0045,2014-12-30T18:00Z;2014-12-29T18:00Z;2014-12-28T18:00Z;2014-12-27T18:00Z;2014-12-26T18:00Z,0.0037;0.0113;0.0070;0.0023;-0.0017,0.81,1
O,MOSEAN/WHOTS,O:MOSEAN/WHOTS,2015-05-22T15:00Z,4.47,MAM,8.976,10.575,2,35.237,-0.3279,35.2475,-0.237,0,10,5,0.0207,2015-05-20T15:00Z;2015-05-24T15:00Z;2015-05-19T15:00Z;2015-05-25T15:00Z;2015-05-18T15:00Z,0.0015;-0.0005;0.0173;0.0261;0.0589,0.81,1
O,MOSEAN/WHOTS,O:MOSEAN/WHOTS,2015-08-24T07:00Z,20.47,JJA,1.516,24.922,6,35.209,-0.0382,35.2105,-0.0275,0,10,5,-0.0002,2015-08-22T07:00Z;2015-08-26T07:00Z;2015-08-21T07:00Z;2015-08-27T07:00Z;2015-08-20T07:00Z,0.0070;0.0005;-0.0046;-0.0090;0.0052,0.85,1
O,MOSEAN/WHOTS,O:MOSEAN/WHOTS,2015-12-13T00:00Z,13.47,DJF,3.134,30.975,5,35.0366,-0.1116,35.0595,-0.0935,0,10,5,0.0006,2015-12-09T00:00Z;2015-12-17T00:00Z;2015-12-08T00:00Z;2015-12-18T00:00Z;2015-12-07T00:00Z,0.0039;0.0009;-0.0090;0.0166;-0.0097,0.85,1
O,MOSEAN/WHOTS,O:MOSEAN/WHOTS,2016-03-21T17:00Z,6.47,MAM,6.26,20.455,4,35.1529,-0.5211,35.1795,-0.4505,0,10,5,-0.0217,2016-03-19T17:00Z;2016-03-23T17:00Z;2016-03-18T17:00Z;2016-03-24T17:00Z;2016-03-17T17:00Z,0.0133;0.0442;0.0112;-0.1832;0.0061,0.85,1
O,MOSEAN/WHOTS,O:MOSEAN/WHOTS,2016-07-24T11:00Z,0.47,JJA,13.381,157.417,13,34.9185,-0.026,34.924,-0.04,0,10,5,-0.0066,2016-07-22T11:00Z;2016-07-21T11:00Z;2016-07-20T11:00Z;2016-07-18T11:00Z;2016-07-17T11:00Z,-0.0212;-0.0042;0.0005;-0.0042;-0.0040,0.8,1
O,MOSEAN/WHOTS,O:MOSEAN/WHOTS,2017-05-24T09:00Z,22.47,MAM,1.577,19.369,6,34.8825,-0.0192,34.8335,-0.003,0,10,5,-0.0049,2017-05-22T09:00Z;2017-05-26T09:00Z;2017-05-21T09:00Z;2017-05-27T09:00Z;2017-05-20T09:00Z,-0.0070;-0.0036;-0.0050;-0.0030;-0.0061,0.8,1
O,MOSEAN/WHOTS,O:MOSEAN/WHOTS,2017-07-24T14:00Z,3.47,JJA,12.523,12.926,2,34.8456,0.0048,34.9145,-0.0305,0,8,5,0.0098,2017-07-22T14:00Z;2017-07-21T14:00Z;2017-07-27T14:00Z;2017-07-20T14:00Z;2017-07-18T14:00Z,-0.0014;0.0095;-0.0071;0.0180;0.0300,0.8,1
O,MOSEAN/WHOTS,O:MOSEAN/WHOTS,2017-10-24T01:00Z,14.47,SON,0.442,28.428,6,35.0981,-0.051,35.1085,-0.0675,0,10,5,0.0085,2017-10-22T01:00Z;2017-10-26T01:00Z;2017-10-21T01:00Z;2017-10-27T01:00Z;2017-10-20T01:00Z,0.0236;0.0057;0.0097;0.0001;0.0033,0.97,0
O,MOSEAN/WHOTS,O:MOSEAN/WHOTS,2017-12-27T03:00Z,16.47,DJF,19.992,24.19,3,35.0396,-0.4395,35.0475,-0.246,0,10,5,0.0068,2017-12-25T03:00Z;2017-12-29T03:00Z;2017-12-24T03:00Z;2017-12-30T03:00Z;2017-12-31T03:00Z,-0.0088;0.0042;0.0015;0.0105;0.0269,0.97,0
O,MOSEAN/WHOTS,O:MOSEAN/WHOTS,2018-01-31T02:00Z,15.47,DJF,6.377,22.484,4,35.0062,-0.0276,35.0365,-0.031,0,10,5,0.009,2018-01-28T02:00Z;2018-01-26T02:00Z;2018-01-25T02:00Z;2018-01-24T02:00Z;2018-02-07T02:00Z,0.0048;0.0126;0.0305;0.0045;-0.0074,0.97,0
O,MOSEAN/WHOTS,O:MOSEAN/WHOTS,2018-02-02T03:00Z,16.47,DJF,0.903,30.495,8,35.1679,-0.0577,35.1995,-0.062,0,10,5,0.0079,2018-01-28T03:00Z;2018-02-07T03:00Z;2018-01-26T03:00Z;2018-02-09T03:00Z;2018-01-25T03:00Z,0.0010;-0.0050;0.0180;-0.0050;0.0305,0.97,0
O,MOSEAN/WHOTS,O:MOSEAN/WHOTS,2018-02-05T03:00Z,16.47,DJF,4.949,25.07,5,35.1322,-0.0647,35.1555,-0.011,0,10,5,0.0026,2018-02-07T03:00Z;2018-02-09T03:00Z;2018-02-10T03:00Z;2018-02-11T03:00Z;2018-02-12T03:00Z,-0.0050;-0.0050;0.0013;0.0027;0.0189,0.97,0
O,MOSEAN/WHOTS,O:MOSEAN/WHOTS,2018-02-13T20:00Z,9.47,DJF,0.837,48.203,11,35.0972,0.0145,35.133,0.017,0,10,5,-0.0123,2018-02-11T20:00Z;2018-02-10T20:00Z;2018-02-16T20:00Z;2018-02-09T20:00Z;2018-02-17T20:00Z,-0.0007;-0.0237;0.0024;-0.0683;0.0287,0.97,0
O,MOSEAN/WHOTS,O:MOSEAN/WHOTS,2018-03-26T10:00Z,23.47,MAM,0.715,19.275,6,35.211,-0.0094,35.247,-0.0065,0,10,5,-0.002,2018-03-28T10:00Z;2018-03-29T10:00Z;2018-03-22T10:00Z;2018-03-30T10:00Z;2018-03-21T10:00Z,-0.0158;0.0081;-0.0007;0.0004;-0.0019,0.97,0
O,MOSEAN/WHOTS,O:MOSEAN/WHOTS,2018-04-08T04:00Z,17.47,MAM,0.787,17.258,10,35.0187,-0.007,35.06,-0.002,0,10,5,0.0041,2018-04-06T04:00Z;2018-04-05T04:00Z;2018-04-04T04:00Z;2018-04-02T04:00Z;2018-03-31T04:00Z,0.0032;0.0070;0.0029;-0.0012;0.0087,0.97,0
O,MOSEAN/WHOTS,O:MOSEAN/WHOTS,2018-04-13T18:00Z,7.47,MAM,0.407,21.158,7,35.1378,0.0161,35.172,0.021,0,10,5,-0.002,2018-04-16T18:00Z;2018-04-17T18:00Z;2018-04-18T18:00Z;2018-04-19T18:00Z;2018-04-06T18:00Z,-0.0038;-0.0094;-0.0025;0.0001;0.0056,0.97,0
O,MOSEAN/WHOTS,O:MOSEAN/WHOTS,2018-08-28T04:00Z,17.47,JJA,13.188,29.94,5,34.8796,-0.0382,34.9615,-0.0425,0,10,5,-0.002,2018-08-30T04:00Z;2018-08-25T04:00Z;2018-08-31T04:00Z;2018-09-01T04:00Z;2018-08-23T04:00Z,-0.0299;-0.0042;-0.0112;0.0001;0.0352,0.97,0
O,MOSEAN/WHOTS,O:MOSEAN/WHOTS,2018-10-19T20:00Z,9.47,SON,5.248,13.6,3,35.0257,-0.1625,35.017,-0.115,0,10,5,0.0166,2018-10-17T20:00Z;2018-10-21T20:00Z;2018-10-16T20:00Z;2018-10-23T20:00Z;2018-10-24T20:00Z,0.0019;0.0337;0.0035;0.0404;0.0034,0.72,1
O,MOSEAN/WHOTS,O:MOSEAN/WHOTS,2018-10-30T14:00Z,3.47,SON,0.687,22.05,6,34.9927,-0.0291,34.989,-0.0115,0,10,5,-0.0008,2018-10-28T14:00Z;2018-11-02T14:00Z;2018-10-26T14:00Z;2018-11-03T14:00Z;2018-10-25T14:00Z,-0.0103;0.0271;-0.0262;-0.0243;0.0295,0.72,1
O,MOSEAN/WHOTS,O:MOSEAN/WHOTS,2018-11-10T03:00Z,16.47,SON,1.683,16.961,4,35.1426,-0.0843,35.1445,-0.058,0,10,5,-0.0055,2018-11-08T03:00Z;2018-11-12T03:00Z;2018-11-07T03:00Z;2018-11-13T03:00Z;2018-11-06T03:00Z,-0.0303;-0.0036;-0.0026;0.0013;0.0079,0.72,1
O,MOSEAN/WHOTS,O:MOSEAN/WHOTS,2018-11-30T10:00Z,23.47,SON,1.696,11.196,3,35.136,-0.0086,35.14,-0.01,0,10,5,0.0001,2018-11-28T10:00Z;2018-12-02T10:00Z;2018-11-27T10:00Z;2018-12-03T10:00Z;2018-11-26T10:00Z,-0.0002;0.0002;0.0011;0.0010;-0.0016,0.72,1
O,MOSEAN/WHOTS,O:MOSEAN/WHOTS,2019-02-10T12:00Z,1.47,DJF,0.49,12.289,8,35.0889,-0.0224,35.071,-0.0075,0,7,5,-0.002,2019-02-08T12:00Z;2019-02-12T12:00Z;2019-02-04T12:00Z;2019-02-03T12:00Z;2019-02-18T12:00Z,0.0001;-0.0083;-0.0020;0.0048;-0.0047,0.72,1
O,MOSEAN/WHOTS,O:MOSEAN/WHOTS,2019-05-04T13:00Z,2.47,MAM,1.02,12.932,6,34.7993,-0.0183,34.79,-0.0345,0,10,5,-0.0063,2019-05-02T13:00Z;2019-05-06T13:00Z;2019-05-01T13:00Z;2019-05-07T13:00Z;2019-04-30T13:00Z,-0.0065;0.0049;-0.0282;-0.0063;0.0048,0.72,1
O,MOSEAN/WHOTS,O:MOSEAN/WHOTS,2019-06-25T22:00Z,11.47,JJA,1.561,21.015,7,34.8692,-0.0184,34.8615,-0.028,0,10,5,-0.0481,2019-06-23T22:00Z;2019-06-27T22:00Z;2019-06-22T22:00Z;2019-06-28T22:00Z;2019-06-29T22:00Z,0.0349;-0.1370;-0.0491;-0.1101;0.0207,0.72,1
O,MOSEAN/WHOTS,O:MOSEAN/WHOTS,2019-10-10T22:00Z,11.47,SON,0.734,13.981,3,34.9756,-0.0136,34.9765,-0.0145,0,10,5,-0.004,2019-10-08T22:00Z;2019-10-12T22:00Z;2019-10-07T22:00Z;2019-10-13T22:00Z;2019-10-14T22:00Z,0.0044;-0.0015;-0.0034;-0.0099;-0.0094,0.85,1
O,MOSEAN/WHOTS,O:MOSEAN/WHOTS,2019-10-30T20:00Z,9.47,SON,8.894,13.581,2,34.7837,-0.0687,34.7735,-0.0885,0,10,5,0.0083,2019-10-28T20:00Z;2019-11-01T20:00Z;2019-10-27T20:00Z;2019-10-26T20:00Z;2019-10-25T20:00Z,-0.0110;0.0694;-0.0055;-0.0065;-0.0051,0.85,1
O,MOSEAN/WHOTS,O:MOSEAN/WHOTS,2019-11-03T11:00Z,0.47,SON,4.276,41.774,4,34.8388,-0.0436,34.833,-0.0625,0,10,5,0.0134,2019-11-01T11:00Z;2019-11-06T11:00Z;2019-11-07T11:00Z;2019-10-29T11:00Z;2019-11-08T11:00Z,-0.0109;0.0156;0.0118;0.0051;0.0457,0.85,1
O,MOSEAN/WHOTS,O:MOSEAN/WHOTS,2019-11-17T07:00Z,20.47,SON,6.157,15.922,3,34.5756,-0.0149,34.5705,0.003,0,10,5,-0.0196,2019-11-14T07:00Z;2019-11-21T07:00Z;2019-11-12T07:00Z;2019-11-23T07:00Z;2019-11-10T07:00Z,-0.0184;-0.0145;-0.0116;0.0139;-0.0672,0.85,1
O,MOSEAN/WHOTS,O:MOSEAN/WHOTS,2019-12-25T08:00Z,21.47,DJF,0.608,21.289,10,34.7721,-0.0078,34.766,-0.0015,0,10,5,-0.001,2019-12-23T08:00Z;2019-12-22T08:00Z;2019-12-28T08:00Z;2019-12-21T08:00Z;2019-12-29T08:00Z,0.0067;-0.0036;-0.0051;-0.0030;0.0000,0.85,1
O,MOSEAN/WHOTS,O:MOSEAN/WHOTS,2020-02-06T00:00Z,13.47,DJF,0.72,14.509,7,34.8117,-0.0125,34.807,-0.0105,0,10,5,-0.0083,2020-02-04T00:00Z;2020-02-08T00:00Z;2020-02-03T00:00Z;2020-02-10T00:00Z;2020-02-01T00:00Z,0.0188;0.0040;-0.0235;0.0013;-0.0419,0.85,1
O,MOSEAN/WHOTS,O:MOSEAN/WHOTS,2020-03-17T04:00Z,17.47,MAM,0.676,31.66,7,34.6969,-0.0045,34.6875,-0.004,0,10,5,-0.0028,2020-03-15T04:00Z;2020-03-20T04:00Z;2020-03-21T04:00Z;2020-03-12T04:00Z;2020-03-22T04:00Z,-0.0167;0.0041;0.0028;-0.0195;0.0155,0.85,1
O,MOSEAN/WHOTS,O:MOSEAN/WHOTS,2020-07-27T04:00Z,17.47,JJA,2.081,14.181,5,34.5805,-0.0168,34.5185,-0.022,0,10,5,0.0021,2020-07-29T04:00Z;2020-07-24T04:00Z;2020-07-30T04:00Z;2020-07-23T04:00Z;2020-07-31T04:00Z,0.0246;-0.0103;-0.0143;0.0039;0.0064,0.85,1
O,MOSEAN/WHOTS,O:MOSEAN/WHOTS,2021-12-04T22:00Z,11.47,DJF,2.401,14.74,6,35.0386,-0.1453,35.0405,-0.1415,0,10,5,-0.0007,2021-12-01T22:00Z;2021-12-08T22:00Z;2021-11-29T22:00Z;2021-11-28T22:00Z;2021-12-10T22:00Z,0.0024;-0.0009;0.0022;0.0077;-0.0150,0.9,1
O,MOSEAN/WHOTS,O:MOSEAN/WHOTS,2021-12-06T17:00Z,6.47,DJF,0.717,110.109,21,35.0736,-0.2008,35.0735,-0.1715,0,10,5,0.0036,2021-12-09T17:00Z;2021-12-11T17:00Z;2021-12-12T17:00Z;2021-11-29T17:00Z;2021-12-13T17:00Z,-0.0078;0.0171;0.0031;0.0026;0.0028,0.9,1
O,MOSEAN/WHOTS,O:MOSEAN/WHOTS,2021-12-15T07:00Z,20.47,DJF,1.095,14.901,6,34.9565,0.0032,34.9575,0.0045,0,10,5,0.0005,2021-12-13T07:00Z;2021-12-17T07:00Z;2021-12-12T07:00Z;2021-12-18T07:00Z;2021-12-11T07:00Z,0.0034;0.0057;-0.0069;0.0086;-0.0085,0.9,1
O,MOSEAN/WHOTS,O:MOSEAN/WHOTS,2021-12-30T21:00Z,10.47,DJF,0.605,22.86,10,34.9969,-0.0023,34.9965,0.0005,0,10,5,0.0048,2021-12-25T21:00Z;2021-12-24T21:00Z;2021-12-23T21:00Z;2022-01-06T21:00Z;2022-01-07T21:00Z,-0.0009;-0.0007;0.0004;0.0269;-0.0016,0.9,1
O,MOSEAN/WHOTS,O:MOSEAN/WHOTS,2022-03-22T09:00Z,22.47,MAM,0.572,23.033,8,35.0663,-0.0093,35.068,-0.0095,0,10,5,-0.0106,2022-03-20T09:00Z;2022-03-19T09:00Z;2022-03-18T09:00Z;2022-03-26T09:00Z;2022-03-17T09:00Z,-0.0018;-0.0099;-0.0122;-0.0277;-0.0017,0.9,1
O,MOSEAN/WHOTS,O:MOSEAN/WHOTS,2022-09-11T07:00Z,20.47,SON,10.29,12.2,4,34.9528,-0.1325,34.982,-0.009,0,9,5,0.0025,2022-09-09T07:00Z;2022-09-13T07:00Z;2022-09-14T07:00Z;2022-09-07T07:00Z;2022-09-06T07:00Z,0.0147;-0.0009;-0.0015;-0.0123;0.0125,0.75,1
O,MOSEAN/WHOTS,O:MOSEAN/WHOTS,2022-12-16T10:00Z,23.47,DJF,4.24,18.88,9,35.3924,-0.041,35.4265,-0.041,0,10,5,0.0044,2022-12-14T10:00Z;2022-12-10T10:00Z;2022-12-09T10:00Z;2022-12-23T10:00Z;2022-12-07T10:00Z,0.0030;0.0072;0.0202;-0.0046;-0.0036,0.75,1
O,MOSEAN/WHOTS,O:MOSEAN/WHOTS,2022-12-18T15:00Z,4.47,DJF,0.58,24.19,11,35.2006,0.1088,35.1915,0.148,0,10,5,0.0062,2022-12-14T15:00Z;2022-12-22T15:00Z;2022-12-23T15:00Z;2022-12-25T15:00Z;2022-12-10T15:00Z,0.0170;0.0081;-0.0009;0.0009;0.0057,0.75,1
O,MOSEAN/WHOTS,O:MOSEAN/WHOTS,2023-01-21T23:00Z,12.47,DJF,6.47,11.38,3,34.9915,-0.0279,35.0465,-0.0405,0,10,5,0.0088,2023-01-18T23:00Z;2023-01-17T23:00Z;2023-01-26T23:00Z;2023-01-15T23:00Z;2023-01-27T23:00Z,0.0103;0.0156;0.0501;-0.0046;-0.0271,0.75,1
O,MOSEAN/WHOTS,O:MOSEAN/WHOTS,2023-01-25T04:00Z,17.47,DJF,28.53,30.46,2,34.978,-0.6305,35.033,-0.181,0,9,5,0.0175,2023-01-27T04:00Z;2023-01-28T04:00Z;2023-01-29T04:00Z;2023-01-30T04:00Z;2023-01-19T04:00Z,0.0542;0.0068;0.0095;0.0216;-0.0045,0.75,1
O,MOSEAN/WHOTS,O:MOSEAN/WHOTS,2023-02-03T14:00Z,3.47,DJF,0.96,17.88,6,35.0503,-0.0273,35.102,-0.0215,0,10,5,-0.0262,2023-02-01T14:00Z;2023-02-06T14:00Z;2023-02-07T14:00Z;2023-01-29T14:00Z;2023-02-08T14:00Z,-0.0018;0.0042;-0.0020;-0.0314;-0.0999,0.75,1
O,MOSEAN/WHOTS,O:MOSEAN/WHOTS,2023-02-17T14:00Z,3.47,DJF,0.6,71.88,11,34.9513,0.0588,35.015,0.079,0,10,5,-0.0275,2023-02-20T14:00Z;2023-02-13T14:00Z;2023-02-21T14:00Z;2023-02-22T14:00Z;2023-02-23T14:00Z,-0.0396;0.0022;-0.0563;-0.0546;0.0106,0.75,1
O,MOSEAN/WHOTS,O:MOSEAN/WHOTS,2023-03-06T09:00Z,22.47,MAM,0.93,12.52,3,34.9339,-0.0175,34.9975,-0.017,0,10,5,0.0059,2023-03-03T09:00Z;2023-03-09T09:00Z;2023-03-02T09:00Z;2023-03-10T09:00Z;2023-03-11T09:00Z,0.0096;0.0054;0.0151;0.0097;-0.0105,0.75,1
O,MOSEAN/WHOTS,O:MOSEAN/WHOTS,2023-03-29T08:00Z,21.47,MAM,1.36,21.67,7,35.0301,-0.0932,35.0845,-0.095,0,10,5,-0.0037,2023-03-27T08:00Z;2023-03-31T08:00Z;2023-03-26T08:00Z;2023-04-01T08:00Z;2023-03-24T08:00Z,-0.0017;0.0116;0.0024;0.0023;-0.0333,0.75,1
O,MOSEAN/WHOTS,O:MOSEAN/WHOTS,2023-04-03T01:00Z,14.47,MAM,3.04,16.85,6,34.9056,-0.0512,34.9555,-0.0615,0,10,5,0.0083,2023-04-01T01:00Z;2023-03-31T01:00Z;2023-04-08T01:00Z;2023-03-28T01:00Z;2023-04-09T01:00Z,0.0120;-0.0020;0.0203;0.0111;0.0003,0.75,1
O,MOSEAN/WHOTS,O:MOSEAN/WHOTS,2023-04-19T02:00Z,15.47,MAM,2.2,49.82,7,34.9092,0.0151,34.972,0.019,0,10,5,-0.013,2023-04-17T02:00Z;2023-04-21T02:00Z;2023-04-16T02:00Z;2023-04-22T02:00Z;2023-04-15T02:00Z,0.0047;-0.0108;0.0041;-0.0593;-0.0036,0.75,1
O,Papa,O:Papa,2007-07-08T16:00Z,6.34,JJA,0.532,12.35,11,32.5295,-0.0162,32.5185,-0.019,1,10,5,0.0021,2007-07-06T16:00Z;2007-07-10T16:00Z;2007-07-05T16:00Z;2007-07-04T16:00Z;2007-07-12T16:00Z,0.0025;0.0038;0.0015;-0.0002;0.0030,1.0,0
O,Papa,O:Papa,2007-09-14T07:00Z,21.34,SON,0.47,14.327,11,32.4165,-0.0088,32.4035,-0.0105,1,10,5,0.001,2007-09-12T07:00Z;2007-09-16T07:00Z;2007-09-11T07:00Z;2007-09-17T07:00Z;2007-09-10T07:00Z,0.0025;0.0022;-0.0002;0.0012;-0.0005,1.0,0
O,Papa,O:Papa,2007-10-18T12:00Z,2.34,SON,1.163,13.408,7,32.468,-0.013,32.4725,-0.011,1,10,5,0.001,2007-10-22T12:00Z;2007-10-24T12:00Z;2007-10-11T12:00Z;2007-10-25T12:00Z;2007-10-10T12:00Z,0.0010;0.0022;-0.0010;-0.0007;0.0033,1.0,0
O,Papa,O:Papa,2007-10-20T17:00Z,7.34,SON,0.663,11.883,9,32.4625,-0.0043,32.4675,-0.0055,1,10,5,-0.0004,2007-10-22T17:00Z;2007-10-24T17:00Z;2007-10-25T17:00Z;2007-10-14T17:00Z;2007-10-11T17:00Z,0.0000;0.0003;-0.0025;-0.0015;0.0015,1.0,0
O,Papa,O:Papa,2007-11-11T00:00Z,14.34,SON,0.985,22.89,7,32.4605,-0.031,32.4545,-0.0135,1,10,5,0.0002,2007-11-09T00:00Z;2007-11-13T00:00Z;2007-11-08T00:00Z;2007-11-14T00:00Z;2007-11-07T00:00Z,0.0007;0.0000;-0.0013;-0.0005;0.0022,1.0,0
O,Papa,O:Papa,2007-11-15T06:00Z,20.34,SON,0.592,14.867,11,32.451,-0.0058,32.446,-0.005,1,7,5,-0.0003,2007-11-13T06:00Z;2007-11-18T06:00Z;2007-11-20T06:00Z;2007-11-09T06:00Z;2007-11-08T06:00Z,0.0013;-0.0002;-0.0003;-0.0038;0.0015,1.0,0
O,Papa,O:Papa,2007-12-13T10:00Z,0.34,DJF,0.928,10.335,9,32.507,-0.0263,32.5035,-0.03,0,10,5,-0.001,2007-12-11T10:00Z;2007-12-15T10:00Z;2007-12-17T10:00Z;2007-12-08T10:00Z;2007-12-18T10:00Z,0.0013;-0.0030;0.0012;-0.0018;-0.0028,1.0,0
O,Papa,O:Papa,2008-04-10T09:00Z,23.34,MAM,0.655,13.612,13,32.643,-0.0075,32.643,-0.0065,0,10,5,0.0012,2008-04-06T09:00Z;2008-04-15T09:00Z;2008-04-16T09:00Z;2008-04-03T09:00Z;2008-04-17T09:00Z,0.0037;-0.0008;0.0028;0.0003;0.0002,1.0,0
O,Papa,O:Papa,2008-04-30T03:00Z,17.34,MAM,0.548,12.14,12,32.641,-0.0105,32.6415,-0.009,0,10,5,-0.0004,2008-04-28T03:00Z;2008-05-02T03:00Z;2008-05-03T03:00Z;2008-04-25T03:00Z;2008-05-05T03:00Z,-0.0005;0.0007;-0.0017;-0.0002;-0.0002,1.0,0
O,Papa,O:Papa,2009-08-23T11:00Z,1.34,JJA,1.028,13.563,11,32.476,-0.0175,32.476,-0.0175,0,10,5,-0.0003,2009-08-21T11:00Z;2009-08-25T11:00Z;2009-08-19T11:00Z;2009-08-27T11:00Z;2009-08-18T11:00Z,-0.0008;0.0000;-0.0015;0.0003;0.0003,1.2,1
O,Papa,O:Papa,2009-09-13T15:00Z,5.34,SON,0.41,20.705,20,32.448,-0.0098,32.448,-0.007,0,9,5,-0.0008,2009-09-11T15:00Z;2009-09-16T15:00Z;2009-09-19T15:00Z;2009-09-06T15:00Z;2009-09-20T15:00Z,-0.0032;-0.0012;0.0003;-0.0042;0.0040,1.2,1
O,Papa,O:Papa,2009-10-20T01:00Z,15.34,SON,0.425,13.76,7,32.411,-0.0037,32.411,-0.004,0,10,5,0.0011,2009-10-18T01:00Z;2009-10-17T01:00Z;2009-10-14T01:00Z;2009-10-09T01:00Z;2009-10-08T01:00Z,-0.0022;0.0040;-0.0012;0.0002;0.0045,1.2,1
O,Papa,O:Papa,2010-01-17T07:00Z,21.34,DJF,1.378,16.552,13,32.5465,-0.0293,32.5465,-0.042,0,10,5,0.0058,2010-01-19T07:00Z;2010-01-13T07:00Z;2010-01-21T07:00Z;2010-01-22T07:00Z;2010-01-24T07:00Z,0.0043;0.0007;0.0163;0.0077;0.0000,1.2,1
O,Papa,O:Papa,2010-02-17T18:00Z,8.34,DJF,0.665,14.958,11,32.511,-0.0225,32.5105,-0.012,0,10,5,-0.0001,2010-02-20T18:00Z;2010-02-21T18:00Z;2010-02-12T18:00Z;2010-02-23T18:00Z;2010-02-25T18:00Z,0.0003;0.0005;-0.0007;0.0053;-0.0062,1.2,1
O,Papa,O:Papa,2010-07-08T14:00Z,4.34,JJA,0.575,13.882,11,32.7015,-0.0085,32.6955,-0.008,0,10,5,-0.0008,2010-07-06T14:00Z;2010-07-10T14:00Z;2010-07-05T14:00Z;2010-07-11T14:00Z;2010-07-04T14:00Z,-0.0003;-0.0043;-0.0072;-0.0007;0.0085,1.0,0
O,Papa,O:Papa,2010-09-22T05:00Z,19.34,SON,4.683,11.11,4,32.559,-0.0248,32.55,0.0,0,10,5,0.0013,2010-09-20T05:00Z;2010-09-19T05:00Z;2010-09-18T05:00Z;2010-09-17T05:00Z;2010-09-28T05:00Z,-0.0002;-0.0007;0.0013;-0.0027;0.0087,1.0,0
O,Papa,O:Papa,2010-09-26T13:00Z,3.34,SON,1.018,16.707,14,32.5535,-0.008,32.55,-0.004,0,10,5,-0.0032,2010-09-28T13:00Z;2010-09-29T13:00Z;2010-09-20T13:00Z;2010-10-02T13:00Z;2010-09-19T13:00Z,-0.0093;0.0007;-0.0047;-0.0045;0.0018,1.0,0
O,Papa,O:Papa,2010-10-11T18:00Z,8.34,SON,0.567,21.158,11,32.5795,-0.0267,32.573,0.0,0,10,5,0.0006,2010-10-09T18:00Z;2010-10-13T18:00Z;2010-10-06T18:00Z;2010-10-05T18:00Z;2010-10-04T18:00Z,0.0060;0.0003;-0.0003;-0.0030;0.0002,1.0,0
O,Papa,O:Papa,2010-10-17T04:00Z,18.34,SON,0.775,10.313,9,32.561,0.007,32.57,0.0,0,9,5,-0.0013,2010-10-15T04:00Z;2010-10-10T04:00Z;2010-10-08T04:00Z;2010-10-26T04:00Z;2010-10-06T04:00Z,0.0037;-0.0037;-0.0057;-0.0015;0.0005,1.0,0
O,Papa,O:Papa,2010-10-21T23:00Z,13.34,SON,0.455,13.537,10,32.589,-0.0355,32.591,0.0,0,10,5,0.0004,2010-10-19T23:00Z;2010-10-24T23:00Z;2010-10-27T23:00Z;2010-10-28T23:00Z;2010-10-13T23:00Z,-0.0075;-0.0030;0.0022;0.0077;0.0025,1.0,0
O,Papa,O:Papa,2010-11-16T11:00Z,1.34,SON,1.798,10.61,7,32.638,-0.063,32.631,-0.015,0,10,5,0.0001,2010-11-18T11:00Z;2010-11-19T11:00Z;2010-11-12T11:00Z;2010-11-20T11:00Z;2010-11-21T11:00Z,-0.0032;0.0037;-0.0010;0.0017;-0.0007,1.0,0
O,Papa,O:Papa,2010-12-30T23:00Z,13.34,DJF,0.7,10.722,7,32.6465,-0.0102,32.647,0.0,0,10,5,0.0001,2010-12-28T23:00Z;2010-12-27T23:00Z;2011-01-04T23:00Z;2011-01-06T23:00Z;2011-01-07T23:00Z,0.0007;0.0022;-0.0017;-0.0085;0.0077,1.0,0
O,Papa,O:Papa,2011-02-04T19:00Z,9.34,DJF,1.477,10.343,6,32.638,-0.0008,32.638,0.0,0,10,5,-0.0001,2011-02-07T19:00Z;2011-01-29T19:00Z;2011-01-27T19:00Z;2011-02-12T19:00Z;2011-01-26T19:00Z,0.0138;-0.0125;-0.0023;-0.0013;0.0020,1.0,0
O,Papa,O:Papa,2011-05-03T10:00Z,0.34,MAM,0.595,13.45,17,32.733,-0.0018,32.733,-0.002,0,10,5,-0.0001,2011-05-05T10:00Z;2011-04-30T10:00Z;2011-04-29T10:00Z;2011-05-07T10:00Z;2011-04-28T10:00Z,-0.0023;0.0010;0.0007;0.0003;0.0000,1.0,0
O,Papa,O:Papa,2011-08-17T05:00Z,19.34,JJA,0.66,15.46,10,32.571,-0.0163,32.5725,-0.015,0,10,5,0.0004,2011-08-15T05:00Z;2011-08-14T05:00Z;2011-08-13T05:00Z;2011-08-12T05:00Z;2011-08-22T05:00Z,0.0048;-0.0013;-0.0020;-0.0025;0.0030,1.0,0
O,Papa,O:Papa,2011-08-19T06:00Z,20.34,JJA,0.57,24.987,14,32.5035,-0.0008,32.5045,0.001,0,10,5,0.0034,2011-08-22T06:00Z;2011-08-15T06:00Z;2011-08-23T06:00Z;2011-08-14T06:00Z;2011-08-24T06:00Z,0.0025;0.0040;0.0100;-0.0015;0.0020,1.0,0
O,Papa,O:Papa,2011-09-08T09:00Z,23.34,SON,1.005,10.683,5,32.509,-0.0222,32.508,-0.0125,0,10,5,-0.0025,2011-09-10T09:00Z;2011-09-04T09:00Z;2011-09-12T09:00Z;2011-09-13T09:00Z;2011-09-02T09:00Z,0.0012;-0.0027;0.0022;-0.0008;-0.0123,1.0,0
O,Papa,O:Papa,2011-10-07T19:00Z,9.34,SON,1.53,16.302,8,32.528,-0.0283,32.5265,-0.0345,0,10,5,0.0009,2011-10-11T19:00Z;2011-10-02T19:00Z;2011-10-12T19:00Z;2011-10-13T19:00Z;2011-09-30T19:00Z,0.0060;-0.0008;-0.0015;0.0010;-0.0002,1.0,0
O,Papa,O:Papa,2012-06-15T03:00Z,17.34,JJA,0.8,14.793,10,32.697,-0.0163,32.6935,-0.0135,0,10,5,0.0017,2012-06-13T03:00Z;2012-06-17T03:00Z;2012-06-12T03:00Z;2012-06-18T03:00Z;2012-06-11T03:00Z,0.0045;0.0005;-0.0033;0.0047;0.0023,1.0,0
O,Papa,O:Papa,2012-08-09T17:00Z,7.34,JJA,0.615,11.953,10,32.6195,-0.009,32.6155,-0.007,0,10,5,-0.0014,2012-08-07T17:00Z;2012-08-06T17:00Z;2012-08-05T17:00Z;2012-08-04T17:00Z;2012-08-14T17:00Z,0.0000;-0.0022;-0.0007;-0.0022;-0.0020,1.0,0
O,Papa,O:Papa,2012-08-12T12:00Z,2.34,JJA,0.42,10.375,6,32.603,-0.0097,32.598,-0.0055,0,10,5,0.0018,2012-08-14T12:00Z;2012-08-15T12:00Z;2012-08-16T12:00Z;2012-08-07T12:00Z;2012-08-06T12:00Z,0.0008;0.0018;0.0075;-0.0010;-0.0003,1.0,0
O,Papa,O:Papa,2012-09-12T16:00Z,6.34,SON,0.482,14.388,8,32.569,-0.0008,32.571,-0.002,0,10,5,-0.0001,2012-09-10T16:00Z;2012-09-14T16:00Z;2012-09-09T16:00Z;2012-09-15T16:00Z;2012-09-16T16:00Z,0.0008;-0.0010;0.0017;0.0002;-0.0020,1.0,0
O,Papa,O:Papa,2012-10-10T11:00Z,1.34,SON,2.263,12.523,7,32.475,-0.0153,32.4845,-0.017,0,10,5,-0.0024,2012-10-08T11:00Z;2012-10-07T11:00Z;2012-10-13T11:00Z;2012-10-06T11:00Z;2012-10-05T11:00Z,0.0010;-0.0072;0.0022;-0.0007;-0.0075,1.0,0
O,Papa,O:Papa,2012-11-04T04:00Z,18.34,SON,0.445,17.768,10,32.524,-0.0125,32.54,-0.02,0,10,5,0.0041,2012-11-01T04:00Z;2012-10-31T04:00Z;2012-11-08T04:00Z;2012-10-30T04:00Z;2012-11-09T04:00Z,0.0022;0.0020;0.0042;0.0107;0.0013,1.0,0
O,Papa,O:Papa,2013-01-19T09:00Z,23.34,DJF,0.45,12.638,12,32.6265,0.0023,32.6515,0.0015,0,10,5,0.0014,2013-01-17T09:00Z;2013-01-16T09:00Z;2013-01-15T09:00Z;2013-01-23T09:00Z;2013-01-14T09:00Z,0.0027;0.0038;0.0018;0.0025;-0.0038,1.0,0
O,Papa,O:Papa,2013-08-06T16:00Z,6.34,JJA,0.98,11.038,8,32.4435,-0.0058,32.441,-0.0095,0,10,5,0.0017,2013-08-04T16:00Z;2013-08-08T16:00Z;2013-08-09T16:00Z;2013-08-02T16:00Z;2013-07-31T16:00Z,0.0087;-0.0052;-0.0002;0.0027;0.0023,1.0,0
O,Papa,O:Papa,2013-08-11T03:00Z,17.34,JJA,0.992,32.928,18,32.429,-0.0088,32.4275,-0.008,0,10,5,0.0003,2013-08-09T03:00Z;2013-08-14T03:00Z;2013-08-15T03:00Z;2013-08-16T03:00Z;2013-08-05T03:00Z,0.0058;0.0003;-0.0025;-0.0135;0.0112,1.0,0
O,Papa,O:Papa,2013-10-20T19:00Z,9.34,SON,1.205,18.493,15,32.467,-0.0533,32.4715,-0.0785,0,9,5,-0.0007,2013-10-18T19:00Z;2013-10-17T19:00Z;2013-10-16T19:00Z;2013-10-24T19:00Z;2013-10-15T19:00Z,0.0047;-0.0053;-0.0047;0.0032;-0.0012,1.0,0
O,Papa,O:Papa,2014-09-06T06:00Z,20.34,SON,5.158,10.452,2,32.3596,-0.0336,32.356,-0.0225,0,10,5,0.0012,2014-09-04T06:00Z;2014-09-08T06:00Z;2014-09-03T06:00Z;2014-09-01T06:00Z;2014-09-11T06:00Z,0.0253;-0.0081;-0.0001;-0.0115;0.0004,1.3,1
O,Papa,O:Papa,2014-09-23T09:00Z,23.34,SON,1.062,11.507,9,32.3323,-0.0019,32.328,-0.0035,0,9,5,0.0008,2014-09-21T09:00Z;2014-09-25T09:00Z;2014-09-26T09:00Z;2014-09-19T09:00Z;2014-09-28T09:00Z,-0.0021;0.0041;0.0018;0.0013;-0.0013,1.3,1
O,Papa,O:Papa,2014-10-01T16:00Z,6.34,SON,1.648,15.415,9,32.3823,-0.0062,32.378,-0.008,0,10,5,0.0005,2014-10-03T16:00Z;2014-09-28T16:00Z;2014-09-27T16:00Z;2014-10-05T16:00Z;2014-10-06T16:00Z,0.0015;0.0009;0.0028;0.0035;-0.0061,1.3,1
O,Papa,O:Papa,2014-11-10T08:00Z,22.34,SON,0.633,12.63,11,32.4057,-0.018,32.4025,-0.0185,0,10,5,0.0019,2014-11-08T08:00Z;2014-11-06T08:00Z;2014-11-05T08:00Z;2014-11-17T08:00Z;2014-11-02T08:00Z,-0.0012;0.0051;0.0057;-0.0012;0.0012,1.3,1
O,Papa,O:Papa,2014-11-14T07:00Z,21.34,SON,0.43,11.725,11,32.3988,-0.0024,32.3955,-0.0015,0,10,5,0.001,2014-11-17T07:00Z;2014-11-19T07:00Z;2014-11-08T07:00Z;2014-11-20T07:00Z;2014-11-06T07:00Z,-0.0006;-0.0028;0.0038;0.0004;0.0043,1.3,1
O,Papa,O:Papa,2014-12-06T20:00Z,10.34,DJF,1.525,19.345,6,32.4819,-0.0914,32.479,-0.143,0,9,5,-0.0015,2014-12-04T20:00Z;2014-12-03T20:00Z;2014-12-09T20:00Z;2014-12-02T20:00Z;2014-12-01T20:00Z,-0.0057;0.0051;-0.0020;-0.0029;-0.0021,1.3,1
O,Papa,O:Papa,2014-12-22T11:00Z,1.34,DJF,1.445,37.152,17,32.4373,-0.0138,32.436,-0.028,0,10,5,-0.0079,2014-12-24T11:00Z;2014-12-25T11:00Z;2014-12-26T11:00Z;2014-12-16T11:00Z;2014-12-28T11:00Z,0.0015;-0.0018;-0.0081;-0.0429;0.0118,1.3,1
O,Papa,O:Papa,2015-01-24T09:00Z,23.34,DJF,2.095,20.55,8,32.4869,-0.0625,32.481,-0.043,0,10,5,0.001,2015-01-26T09:00Z;2015-01-27T09:00Z;2015-01-19T09:00Z;2015-01-18T09:00Z;2015-01-13T09:00Z,-0.0057;0.0056;-0.0023;0.0011;0.0064,1.3,1
O,Papa,O:Papa,2015-07-01T04:00Z,18.34,JJA,1.288,13.447,7,32.5555,-0.0231,32.552,-0.0235,0,10,5,0.0002,2015-06-29T04:00Z;2015-07-03T04:00Z;2015-06-28T04:00Z;2015-07-05T04:00Z;2015-06-26T04:00Z,0.0033;-0.0015;-0.0011;0.0027;-0.0025,1.3,1
O,Papa,O:Papa,2015-07-29T11:00Z,1.34,JJA,0.407,10.753,10,32.5123,-0.0158,32.505,-0.0095,0,10,5,-0.0039,2015-07-27T11:00Z;2015-07-31T11:00Z;2015-07-26T11:00Z;2015-07-25T11:00Z;2015-07-24T11:00Z,0.0014;-0.0134;-0.0055;0.0006;-0.0027,1.3,1
O,Papa,O:Papa,2015-08-09T16:00Z,6.34,JJA,0.6,13.368,4,32.3359,-0.0547,32.3325,-0.0545,0,10,5,0.002,2015-08-07T16:00Z;2015-08-11T16:00Z;2015-08-06T16:00Z;2015-08-12T16:00Z;2015-08-05T16:00Z,0.0139;0.0004;-0.0125;0.0092;-0.0008,1.3,1
O,Papa,O:Papa,2015-10-11T01:00Z,15.34,SON,0.5,11.07,10,32.4928,-0.0086,32.4895,-0.0095,0,9,5,-0.0022,2015-10-09T01:00Z;2015-10-13T01:00Z;2015-10-06T01:00Z;2015-10-05T01:00Z;2015-10-04T01:00Z,-0.0005;-0.0104;0.0093;-0.0025;-0.0067,1.3,1
O,Papa,O:Papa,2015-10-14T18:00Z,8.34,SON,0.655,15.687,11,32.4755,0.0063,32.4685,0.0135,0,10,5,0.0024,2015-10-12T18:00Z;2015-10-09T18:00Z;2015-10-08T18:00Z;2015-10-20T18:00Z;2015-10-21T18:00Z,0.0077;-0.0069;-0.0002;-0.0045;0.0159,1.3,1
O,Papa,O:Papa,2015-10-26T10:00Z,0.34,SON,1.14,10.413,9,32.4648,0.0102,32.4605,0.015,0,10,5,-0.0135,2015-10-24T10:00Z;2015-10-23T10:00Z;2015-10-29T10:00Z;2015-10-22T10:00Z;2015-10-21T10:00Z,0.0145;-0.0086;-0.0104;0.0127;-0.0755,1.3,1
O,Papa,O:Papa,2015-10-30T20:00Z,10.34,SON,2.758,14.008,4,32.4865,-0.0978,32.481,-0.068,0,10,5,0.0012,2015-11-01T20:00Z;2015-11-02T20:00Z;2015-11-03T20:00Z;2015-11-05T20:00Z;2015-10-23T20:00Z,-0.0190;-0.0010;0.0009;0.0001;0.0248,1.3,1
O,Papa,O:Papa,2015-12-02T04:00Z,18.34,DJF,1.17,11.245,9,32.5366,-0.0182,32.53,-0.019,0,10,5,-0.0013,2015-11-30T04:00Z;2015-11-29T04:00Z;2015-11-27T04:00Z;2015-12-07T04:00Z;2015-11-26T04:00Z,-0.0019;0.0016;0.0031;-0.0043;-0.0049,1.3,1
O,Papa,O:Papa,2016-02-29T12:00Z,2.34,DJF,2.073,15.322,6,32.6877,-0.0138,32.6825,-0.0135,0,10,5,-0.0005,2016-03-02T12:00Z;2016-03-07T12:00Z;2016-02-21T12:00Z;2016-02-19T12:00Z;2016-03-10T12:00Z,-0.0052;-0.0001;0.0003;0.0012;0.0015,1.3,1
O,Papa,O:Papa,2016-09-13T21:00Z,11.34,SON,7.44,35.73,12,32.568,-0.0386,32.5705,-0.0205,0,10,5,0.0012,2016-09-11T21:00Z;2016-09-15T21:00Z;2016-09-10T21:00Z;2016-09-09T21:00Z;2016-09-17T21:00Z,-0.0007;0.0052;0.0011;0.0027;-0.0020,1.3,1
O,Papa,O:Papa,2016-09-21T14:00Z,4.34,SON,0.972,13.613,12,32.5516,-0.0169,32.554,-0.0135,0,10,5,0.0002,2016-09-19T14:00Z;2016-09-23T14:00Z;2016-09-24T14:00Z;2016-09-17T14:00Z;2016-09-25T14:00Z,-0.0066;0.0021;0.0003;0.0058;-0.0006,1.3,1
O,Papa,O:Papa,2016-10-18T19:00Z,9.34,SON,10.695,10.695,1,32.4841,-0.0207,32.4865,-0.0225,0,10,5,-0.0059,2016-10-23T19:00Z;2016-10-24T19:00Z;2016-10-25T19:00Z;2016-10-10T19:00Z;2016-10-26T19:00Z,-0.0039;-0.0105;-0.0129;-0.0043;0.0023,1.3,1
O,Papa,O:Papa,2016-12-07T10:00Z,0.34,DJF,0.818,14.447,14,32.624,-0.0229,32.632,-0.0225,0,10,5,0.0001,2016-12-05T10:00Z;2016-12-04T10:00Z;2016-12-10T10:00Z;2016-12-03T10:00Z;2016-12-11T10:00Z,-0.0042;0.0061;0.0003;-0.0007;-0.0009,1.3,1
O,Papa,O:Papa,2017-04-24T18:00Z,8.34,MAM,1.097,14.323,11,32.5274,-0.0129,32.532,-0.01,0,10,5,-0.0,2017-04-22T18:00Z;2017-04-26T18:00Z;2017-04-20T18:00Z;2017-04-19T18:00Z;2017-04-18T18:00Z,-0.0016;0.0159;-0.0120;0.0120;-0.0145,1.3,1
O,Papa,O:Papa,2017-04-28T17:00Z,7.34,MAM,0.42,10.915,12,32.5674,-0.0349,32.569,-0.0315,0,10,5,0.0101,2017-04-26T17:00Z;2017-05-03T17:00Z;2017-04-22T17:00Z;2017-05-04T17:00Z;2017-05-05T17:00Z,0.0209;0.0070;0.0002;0.0218;0.0005,1.3,1
O,Papa,O:Papa,2017-05-01T22:00Z,12.34,MAM,0.418,10.042,8,32.4997,-0.0003,32.503,-0.001,0,10,5,0.0003,2017-05-03T22:00Z;2017-05-04T22:00Z;2017-05-05T22:00Z;2017-04-26T22:00Z;2017-05-07T22:00Z,0.0104;-0.0007;-0.0040;0.0013;-0.0053,1.3,1
O,Papa,O:Papa,2017-06-28T03:00Z,17.34,JJA,0.642,10.198,14,32.4364,-0.0098,32.4365,-0.0085,0,10,5,-0.0008,2017-06-26T03:00Z;2017-06-30T03:00Z;2017-06-25T03:00Z;2017-07-01T03:00Z;2017-07-02T03:00Z,-0.0036;-0.0035;0.0025;0.0028;-0.0021,1.3,1
O,Papa,O:Papa,2017-09-04T22:00Z,12.34,SON,0.585,19.242,14,32.3631,-0.0207,32.362,-0.0335,0,10,5,0.0023,2017-09-02T22:00Z;2017-09-06T22:00Z;2017-09-01T22:00Z;2017-09-07T22:00Z;2017-08-30T22:00Z,0.0010;-0.0012;0.0047;0.0092;-0.0023,1.3,1
O,Papa,O:Papa,2017-12-04T23:00Z,13.34,DJF,0.92,11.64,11,32.4881,-0.0076,32.4875,-0.0075,0,10,5,0.0004,2017-12-02T23:00Z;2017-12-01T23:00Z;2017-12-08T23:00Z;2017-12-11T23:00Z;2017-12-12T23:00Z,-0.0000;0.0046;0.0021;-0.0040;-0.0005,1.3,1
O,Papa,O:Papa,2018-03-27T23:00Z,13.34,MAM,0.517,22.605,22,32.5372,-0.0256,32.537,-0.0275,0,10,5,0.0011,2018-03-25T23:00Z;2018-03-24T23:00Z;2018-03-30T23:00Z;2018-03-23T23:00Z;2018-03-31T23:00Z,-0.0009;0.0003;0.0006;0.0001;0.0052,1.3,1
O,Papa,O:Papa,2018-07-02T06:00Z,20.34,JJA,0.428,30.165,22,32.4098,-0.011,32.411,-0.0057,0,18,5,-0.0027,2018-06-29T06:00Z;2018-07-05T06:00Z;2018-07-06T06:00Z;2018-07-07T06:00Z;2018-06-26T06:00Z,-0.0077;-0.0043;-0.0012;0.0021;-0.0023,1.3,1
O,Papa,O:Papa,2018-09-03T03:00Z,17.34,SON,0.837,12.432,14,32.2843,-0.0259,32.285,-0.0205,0,10,5,0.0008,2018-09-01T03:00Z;2018-08-31T03:00Z;2018-09-06T03:00Z;2018-08-30T03:00Z;2018-09-07T03:00Z,-0.0062;0.0051;0.0002;-0.0045;0.0093,1.3,1
O,Papa,O:Papa,2018-10-31T10:00Z,0.34,SON,0.417,15.685,8,32.2918,-0.0153,32.292,-0.022,0,10,5,0.0009,2018-10-29T10:00Z;2018-11-02T10:00Z;2018-11-04T10:00Z;2018-10-26T10:00Z;2018-11-05T10:00Z,-0.0019;-0.0043;0.0052;0.0085;-0.0032,1.3,1
O,Papa,O:Papa,2018-12-06T00:00Z,14.34,DJF,0.615,12.725,8,32.2793,0.0007,32.2805,0.003,0,10,5,-0.0002,2018-12-04T00:00Z;2018-12-03T00:00Z;2018-12-02T00:00Z;2018-12-10T00:00Z;2018-12-12T00:00Z,-0.0041;0.0042;0.0024;-0.0014;-0.0022,1.3,1
O,Papa,O:Papa,2019-09-25T04:00Z,18.34,SON,0.493,12.925,11,32.325,-0.0184,32.343,-0.025,0,10,5,-0.0012,2019-09-27T04:00Z;2019-09-22T04:00Z;2019-09-28T04:00Z;2019-09-29T04:00Z;2019-09-20T04:00Z,-0.0021;0.0028;-0.0066;-0.0009;0.0007,1.3,1
O,Papa,O:Papa,2019-10-04T00:00Z,14.34,SON,0.49,16.457,15,32.3341,-0.0082,32.358,-0.006,0,10,5,0.0008,2019-10-06T00:00Z;2019-10-01T00:00Z;2019-10-07T00:00Z;2019-09-30T00:00Z;2019-10-08T00:00Z,0.0013;0.0005;-0.0021;0.0013;0.0029,1.3,1
O,Papa,O:Papa,2019-10-13T13:00Z,3.34,SON,0.947,11.767,9,32.3077,-0.0108,32.338,-0.014,0,10,5,0.0024,2019-10-09T13:00Z;2019-10-08T13:00Z;2019-10-07T13:00Z;2019-10-19T13:00Z;2019-10-06T13:00Z,0.0008;0.0073;0.0010;0.0066;-0.0035,1.3,1
O,Papa,O:Papa,2019-11-10T13:00Z,3.34,SON,0.82,14.015,11,32.2999,0.0098,32.333,0.008,0,10,5,-0.0007,2019-11-14T13:00Z;2019-11-05T13:00Z;2019-11-04T13:00Z;2019-11-03T13:00Z;2019-11-17T13:00Z,0.0006;0.0033;-0.0053;-0.0035;0.0012,1.3,1
O,Papa,O:Papa,2019-11-25T17:00Z,7.34,SON,0.867,10.883,9,32.3016,-0.031,32.3365,-0.0365,0,10,5,-0.001,2019-11-23T17:00Z;2019-11-27T17:00Z;2019-11-28T17:00Z;2019-11-30T17:00Z;2019-11-19T17:00Z,0.0024;0.0023;-0.0015;-0.0007;-0.0074,1.3,1
O,Papa,O:Papa,2020-04-26T01:00Z,15.34,MAM,0.927,13.007,10,32.4359,-0.0149,32.463,-0.022,0,10,5,0.0038,2020-04-28T01:00Z;2020-04-23T01:00Z;2020-04-22T01:00Z;2020-04-30T01:00Z;2020-05-01T01:00Z,-0.0039;0.0025;-0.0001;0.0008;0.0196,1.3,1
O,Papa,O:Papa,2020-09-03T18:00Z,8.34,SON,2.795,23.778,14,32.2272,-0.0421,32.233,-0.032,1,10,5,-0.0022,2020-08-31T18:00Z;2020-09-06T18:00Z;2020-09-07T18:00Z;2020-09-08T18:00Z;2020-08-28T18:00Z,-0.0032;0.0016;0.0019;-0.0130;0.0019,1.3,1
O,Papa,O:Papa,2020-10-14T21:00Z,11.34,SON,1.527,14.772,8,32.2873,-0.0059,32.291,-0.0125,1,9,5,-0.0016,2020-10-11T21:00Z;2020-10-10T21:00Z;2020-10-18T21:00Z;2020-10-19T21:00Z;2020-10-20T21:00Z,-0.0010;-0.0025;-0.0259;0.0234;-0.0018,1.3,1
O,Papa,O:Papa,2020-10-16T15:00Z,5.34,SON,1.015,51.282,15,32.2678,-0.0478,32.2715,-0.038,1,10,5,0.0007,2020-10-18T15:00Z;2020-10-19T15:00Z;2020-10-20T15:00Z;2020-10-11T15:00Z;2020-10-21T15:00Z,0.0135;-0.0073;-0.0073;0.0100;-0.0054,1.3,1
O,Papa,O:Papa,2020-10-26T18:00Z,8.34,SON,0.418,28.4,22,32.2767,-0.0183,32.2805,-0.0125,1,10,5,0.0016,2020-10-23T18:00Z;2020-10-29T18:00Z;2020-10-21T18:00Z;2020-10-20T18:00Z;2020-10-19T18:00Z,-0.0016;-0.0009;0.0069;-0.0185;0.0220,1.3,1
O,Papa,O:Papa,2020-10-31T23:00Z,13.34,SON,0.535,47.085,18,32.239,-0.0571,32.242,-0.0535,1,10,5,-0.0017,2020-10-29T23:00Z;2020-11-06T23:00Z;2020-11-07T23:00Z;2020-10-23T23:00Z;2020-11-09T23:00Z,-0.0006;-0.0001;0.0013;-0.0025;-0.0067,1.3,1
O,Papa,O:Papa,2020-11-04T02:00Z,16.34,SON,0.932,28.942,12,32.2211,-0.008,32.222,-0.0025,1,9,5,-0.0005,2020-11-06T02:00Z;2020-11-07T02:00Z;2020-11-08T02:00Z;2020-10-30T02:00Z;2020-10-29T02:00Z,-0.0016;0.0004;0.0012;-0.0022;-0.0001,1.3,1
O,Papa,O:Papa,2020-11-14T06:00Z,20.34,SON,1.832,14.767,9,32.2687,-0.0179,32.263,-0.011,1,10,5,0.0001,2020-11-11T06:00Z;2020-11-17T06:00Z;2020-11-10T06:00Z;2020-11-08T06:00Z;2020-11-07T06:00Z,-0.0011;-0.0023;0.0035;0.0020;-0.0014,1.3,1
O,Papa,O:Papa,2020-12-11T15:00Z,5.34,DJF,0.633,16.788,16,32.3338,-0.0052,32.313,-0.0045,1,9,5,-0.0003,2020-12-09T15:00Z;2020-12-08T15:00Z;2020-12-16T15:00Z;2020-12-18T15:00Z;2020-12-19T15:00Z,-0.0008;-0.0003;-0.0058;0.0064;-0.0010,1.3,1
O,Papa,O:Papa,2022-06-23T00:00Z,14.34,JJA,0.622,20.328,13,32.3569,-0.0153,32.3595,-0.0135,1,10,5,0.0008,2022-06-21T00:00Z;2022-06-19T00:00Z;2022-06-27T00:00Z;2022-06-18T00:00Z;2022-06-28T00:00Z,0.0023;-0.0124;0.0018;-0.0029;0.0153,1.3,1
O,Papa,O:Papa,2022-08-23T11:00Z,1.34,JJA,0.587,10.908,6,32.2726,-0.0496,32.275,-0.0585,1,10,5,0.0,2022-08-25T11:00Z;2022-08-20T11:00Z;2022-08-26T11:00Z;2022-08-19T11:00Z;2022-08-27T11:00Z,0.0003;-0.0007;-0.0014;-0.0026;0.0045,1.3,1
O,Papa,O:Papa,2022-09-24T16:00Z,6.34,SON,0.577,16.495,14,32.2595,-0.0145,32.2745,-0.0155,1,10,5,0.002,2022-09-22T16:00Z;2022-09-21T16:00Z;2022-09-20T16:00Z;2022-09-28T16:00Z;2022-09-19T16:00Z,0.0066;0.0041;0.0028;0.0010;-0.0045,1.3,1
O,Papa,O:Papa,2022-10-05T23:00Z,13.34,SON,0.585,26.102,10,32.2323,-0.0098,32.25,-0.006,0,10,5,-0.0011,2022-10-03T23:00Z;2022-10-02T23:00Z;2022-10-01T23:00Z;2022-10-10T23:00Z;2022-10-11T23:00Z,-0.0018;0.0005;0.0057;0.0022;-0.0119,1.3,1
O,Papa,O:Papa,2022-10-14T08:00Z,22.34,SON,0.445,29.482,11,32.2191,-0.0079,32.235,-0.003,0,10,5,0.0023,2022-10-12T08:00Z;2022-10-11T08:00Z;2022-10-08T08:00Z;2022-10-20T08:00Z;2022-10-22T08:00Z,0.0106;-0.0115;0.0129;-0.0007;0.0001,1.3,1
O,Papa,O:Papa,2022-11-20T19:00Z,9.34,SON,0.448,16.0,10,32.3562,-0.0089,32.3705,-0.0125,0,10,5,0.0008,2022-11-18T19:00Z;2022-11-24T19:00Z;2022-11-25T19:00Z;2022-11-14T19:00Z;2022-11-13T19:00Z,0.0007;-0.0026;0.0037;0.0007;0.0013,1.3,1
O,Papa,O:Papa,2022-12-21T13:00Z,3.34,DJF,0.458,14.425,15,32.3907,-0.0016,32.409,-0.007,0,10,5,0.0,2022-12-19T13:00Z;2022-12-23T13:00Z;2022-12-18T13:00Z;2022-12-24T13:00Z;2022-12-17T13:00Z,0.0040;-0.0028;-0.0011;-0.0009;0.0011,1.3,1
O,Papa,O:Papa,2023-04-28T00:00Z,14.34,MAM,0.473,14.93,17,32.4154,-0.0158,32.4225,-0.0145,1,10,5,0.0014,2023-04-25T00:00Z;2023-05-01T00:00Z;2023-04-24T00:00Z;2023-05-02T00:00Z;2023-04-23T00:00Z,0.0060;0.0001;-0.0006;0.0001;0.0012,1.3,1
O,Papa,O:Papa,2023-08-06T21:00Z,11.34,JJA,0.592,23.583,16,32.2615,-0.0226,32.2605,-0.013,1,10,5,0.0024,2023-08-04T21:00Z;2023-08-08T21:00Z;2023-08-03T21:00Z;2023-08-09T21:00Z;2023-08-02T21:00Z,0.0031;0.0056;0.0022;0.0011;0.0002,1.3,1
O,Papa,O:Papa,2023-09-20T21:00Z,11.34,SON,1.087,11.678,8,32.2426,0.0202,32.242,0.024,1,10,5,0.0017,2023-09-18T21:00Z;2023-09-22T21:00Z;2023-09-17T21:00Z;2023-09-25T21:00Z;2023-09-14T21:00Z,0.0077;-0.0082;-0.0071;0.0153;0.0007,1.3,1
O,Papa,O:Papa,2023-10-09T12:00Z,2.34,SON,3.393,10.538,9,32.2766,-0.0059,32.2735,0.0,1,10,5,0.0021,2023-10-07T12:00Z;2023-10-11T12:00Z;2023-10-06T12:00Z;2023-10-02T12:00Z;2023-10-01T12:00Z,-0.0006;0.0102;-0.0021;-0.0002;0.0033,1.3,1
O,Papa,O:Papa,2023-10-16T21:00Z,11.34,SON,0.613,10.102,7,32.2617,-0.0106,32.262,-0.0075,1,10,5,0.0001,2023-10-18T21:00Z;2023-10-13T21:00Z;2023-10-19T21:00Z;2023-10-20T21:00Z;2023-10-21T21:00Z,-0.0008;0.0027;0.0050;0.0020;-0.0086,1.3,1
O,Papa,O:Papa,2023-10-29T02:00Z,16.34,SON,0.627,18.677,6,32.2974,-0.0242,32.2975,-0.024,1,10,5,0.0018,2023-10-27T02:00Z;2023-10-26T02:00Z;2023-10-25T02:00Z;2023-11-02T02:00Z;2023-11-03T02:00Z,-0.0003;0.0002;0.0004;0.0058;0.0027,1.3,1
O,Papa,O:Papa,2023-11-08T08:00Z,22.34,SON,0.658,14.808,9,32.275,-0.005,32.276,-0.0035,1,10,5,-0.0006,2023-11-06T08:00Z;2023-11-10T08:00Z;2023-11-05T08:00Z;2023-11-04T08:00Z;2023-11-12T08:00Z,0.0010;0.0002;0.0027;-0.0012;-0.0057,1.3,1
O,Papa,O:Papa,2023-11-25T02:00Z,16.34,SON,2.198,10.775,6,32.296,-0.0103,32.298,-0.011,1,10,5,-0.0015,2023-11-27T02:00Z;2023-11-22T02:00Z;2023-11-28T02:00Z;2023-11-30T02:00Z;2023-11-18T02:00Z,0.0092;-0.0007;-0.0185;0.0044;-0.0018,1.3,1
O,Papa,O:Papa,2024-02-20T20:00Z,10.34,DJF,0.562,18.93,14,32.4108,-0.0051,32.4125,-0.0055,1,10,5,0.0012,2024-02-18T20:00Z;2024-02-22T20:00Z;2024-02-17T20:00Z;2024-02-23T20:00Z;2024-02-24T20:00Z,-0.0001;0.0048;-0.0021;0.0027;0.0006,1.3,1
O,Papa,O:Papa,2024-03-14T15:00Z,5.34,MAM,1.248,12.213,11,32.4417,-0.0206,32.445,-0.0195,1,10,5,-0.0006,2024-03-12T15:00Z;2024-03-16T15:00Z;2024-03-17T15:00Z;2024-03-10T15:00Z;2024-03-18T15:00Z,-0.0011;0.0014;0.0002;-0.0038;0.0005,1.3,1
O,Papa,O:Papa,2024-08-16T10:00Z,0.34,JJA,0.917,17.833,9,32.272,-0.0338,32.269,-0.051,0,10,5,0.0006,2024-08-14T10:00Z;2024-08-18T10:00Z;2024-08-13T10:00Z;2024-08-19T10:00Z;2024-08-12T10:00Z,0.0015;-0.0019;-0.0018;0.0036;0.0017,1.3,1
O,Papa,O:Papa,2024-09-21T08:00Z,22.34,SON,0.488,10.557,6,32.2518,-0.0144,32.251,-0.0165,0,10,5,-0.0015,2024-09-19T08:00Z;2024-09-18T08:00Z;2024-09-24T08:00Z;2024-09-25T08:00Z;2024-09-16T08:00Z,-0.0028;-0.0038;-0.0048;0.0025;0.0016,1.3,1
O,Papa,O:Papa,2024-09-30T00:00Z,14.34,SON,0.46,15.235,9,32.2112,-0.0149,32.21,-0.012,0,10,5,0.0006,2024-09-28T00:00Z;2024-10-02T00:00Z;2024-10-03T00:00Z;2024-09-26T00:00Z;2024-09-25T00:00Z,0.0177;-0.0013;-0.0017;-0.0078;-0.0043,1.3,1
O,Papa,O:Papa,2024-10-11T17:00Z,7.34,SON,0.867,11.08,11,32.2618,-0.0101,32.263,-0.0115,0,10,5,0.0004,2024-10-09T17:00Z;2024-10-13T17:00Z;2024-10-08T17:00Z;2024-10-14T17:00Z;2024-10-07T17:00Z,0.0017;0.0015;-0.0020;0.0012;-0.0003,1.3,1
O,Papa,O:Papa,2025-01-27T23:00Z,13.34,DJF,1.302,16.77,13,32.4276,-0.0223,32.445,-0.026,0,10,5,-0.0064,2025-01-25T23:00Z;2025-01-29T23:00Z;2025-01-24T23:00Z;2025-01-30T23:00Z;2025-01-23T23:00Z,0.0010;-0.0060;0.0021;-0.0235;-0.0057,1.3,1
O,SOFS,O:SOFS,2012-01-01T23:00Z,8.47,DJF,0.434,13.121,6,34.7662,-0.078,34.765,-0.0395,0,10,5,0.006,2011-12-30T23:00Z;2012-01-03T23:00Z;2011-12-29T23:00Z;2012-01-04T23:00Z;2011-12-28T23:00Z,0.0209;-0.0037;-0.0021;0.0147;0.0004,0.93,1
O,SOFS,O:SOFS,2012-01-29T03:00Z,12.47,DJF,0.496,17.021,8,34.733,-0.085,34.722,-0.0145,0,10,5,0.0139,2012-01-27T03:00Z;2012-01-31T03:00Z;2012-01-26T03:00Z;2012-02-01T03:00Z;2012-01-25T03:00Z,-0.0011;0.0141;-0.0212;-0.0004;0.0783,0.93,1
O,SOFS,O:SOFS,2012-03-15T01:00Z,10.47,MAM,1.425,15.133,8,34.4647,-0.0138,34.4655,-0.0125,0,10,5,-0.0023,2012-03-12T01:00Z;2012-03-18T01:00Z;2012-03-10T01:00Z;2012-03-08T01:00Z;2012-03-07T01:00Z,0.0023;-0.0000;0.0001;0.0022;-0.0159,0.93,1
O,SOFS,O:SOFS,2012-03-20T02:00Z,11.47,MAM,1.015,11.997,9,34.4838,-0.0128,34.485,-0.012,0,10,5,0.003,2012-03-18T02:00Z;2012-03-25T02:00Z;2012-03-26T02:00Z;2012-03-27T02:00Z;2012-03-12T02:00Z,-0.0000;-0.0066;0.0443;-0.0272;0.0045,0.93,1
O,SOFS,O:SOFS,2012-04-05T10:00Z,19.47,MAM,0.668,24.466,20,34.4658,-0.0188,34.465,-0.016,0,10,5,-0.0008,2012-04-03T10:00Z;2012-04-01T10:00Z;2012-04-09T10:00Z;2012-04-10T10:00Z;2012-03-30T10:00Z,-0.0008;-0.0133;0.0027;0.0340;-0.0267,0.93,1
O,SOFS,O:SOFS,2012-06-24T06:00Z,15.47,JJA,0.799,12.868,5,34.8092,-0.0243,34.7815,0.005,0,10,5,-0.0116,2012-06-22T06:00Z;2012-06-26T06:00Z;2012-06-21T06:00Z;2012-06-27T06:00Z;2012-06-19T06:00Z,-0.1080;0.0196;0.0653;-0.0098;-0.0253,0.93,1
O,SOFS,O:SOFS,2012-07-15T22:00Z,7.47,JJA,0.622,10.888,10,34.5086,0.0006,34.4965,0.003,0,10,5,-0.0009,2012-07-12T22:00Z;2012-07-19T22:00Z;2012-07-10T22:00Z;2012-07-20T22:00Z;2012-07-09T22:00Z,0.0002;0.0084;-0.0010;-0.0025;-0.0098,0.93,1
O,SOFS,O:SOFS,2013-06-08T13:00Z,22.47,JJA,0.476,11.765,15,34.5909,-0.0064,34.5865,-0.01,0,9,5,-0.0046,2013-06-05T13:00Z;2013-06-11T13:00Z;2013-06-04T13:00Z;2013-06-12T13:00Z;2013-06-03T13:00Z,-0.0185;0.0006;-0.0145;0.0029;0.0064,0.55,1
O,SOFS,O:SOFS,2013-08-15T23:00Z,8.47,JJA,0.551,17.56,14,34.6824,-0.0078,34.676,-0.012,0,9,5,0.0012,2013-08-18T23:00Z;2013-08-19T23:00Z;2013-08-10T23:00Z;2013-08-20T23:00Z;2013-08-07T23:00Z,0.0027;-0.0001;-0.0004;-0.0022;0.0061,0.55,1
O,SOFS,O:SOFS,2021-04-18T17:00Z,2.47,MAM,0.496,20.446,13,34.4244,-0.0002,34.421,0.002,0,10,5,0.006,2021-04-16T17:00Z;2021-04-20T17:00Z;2021-04-15T17:00Z;2021-04-14T17:00Z;2021-04-22T17:00Z,0.0069;-0.0176;0.0164;0.0204;0.0039,0.88,1
