station,group,season,onset_utc,z1,g6,G6sim,c6,lam,obs1,rim1,rimG1,fdn1,low1,stab0,stab1,stab5,stab10,stab78_1,stabG0,stabG1,rho_s,hfine100,hfine10,h3pt10,pcum_cmorph_model
TAO165E,A_tropical_8,SON,2014-11-07T13:00Z,1.0,31.278333,31.278333,12.59,0.905303,-0.294333,-0.611648,-1.082525,-0.035161,-0.035107,-0.150602,-0.072791,,,-0.075957,-0.48296,-0.196745,0.119008,0.055357,0.055044,0.063663,8.1675
TAO165E,A_tropical_8,SON,2014-11-26T03:00Z,1.0,7.818333,7.818333,0.0,4.371766,-0.036833,0.009958,-0.46731,0.000273,0.000271,0.000352,0.000335,,,0.00035,-0.127096,-0.056626,,-0.000698,-0.001092,-0.00111,0.0
TAO165E,A_tropical_8,DJF,2014-12-05T04:00Z,1.0,62.158333,62.158333,31.905,0.6654,-0.3705,-0.499011,-1.088447,-0.060086,-0.059656,-0.288836,-0.18033,,,-0.193835,-0.698969,-0.259658,0.361374,0.050734,0.050517,0.055675,15.421667
TAO165E,A_tropical_8,DJF,2014-12-14T10:00Z,1.0,14.103333,14.103333,34.43,-0.888352,-0.035833,-0.723428,-0.21088,-0.055539,-0.055057,-0.282323,-0.139082,,,-0.157135,-0.079084,-0.062074,0.192254,0.078599,0.075419,0.084454,21.713333
TAO165E,A_tropical_8,DJF,2014-12-21T11:00Z,1.0,16.838333,16.838333,15.135,0.105984,-0.321833,-0.660635,-0.410575,-0.041357,-0.041664,-0.340473,-0.086592,,,-0.079266,-0.223714,-0.151911,0.131074,0.054617,0.05417,0.064029,7.79625
TAO165E,A_tropical_8,DJF,2014-12-25T01:00Z,1.0,1.36,1.36,2.945,-0.735064,0.0,-0.030855,-0.039367,-0.004118,-0.004084,-0.009249,-0.006403,,,-0.007002,-0.004049,-0.003346,0.207511,0.001689,0.002297,0.002679,0.870833
TAO165E,A_tropical_8,DJF,2014-12-27T18:00Z,1.0,11.451667,11.451667,12.125,-0.056653,-0.007167,-0.390503,-0.325355,-0.028511,-0.028462,-0.124719,-0.07882,,,-0.086545,-0.094426,-0.063105,0.201842,0.034922,0.034966,0.039786,7.167917
TAO165E,A_tropical_8,DJF,2015-01-01T02:00Z,1.0,6.503333,6.503333,1.425,1.46558,-0.0245,-0.048776,-0.256851,-0.003408,-0.003392,-0.006581,-0.004612,,,-0.004845,-0.049179,-0.02025,0.094555,0.003938,0.004043,0.004663,1.290417
TAO165E,A_tropical_8,DJF,2015-01-06T06:00Z,1.0,0.811667,0.811667,4.75,-1.67146,-0.045,-0.094551,-0.025943,-0.005168,-0.005051,-0.009945,-0.009586,,,-0.011093,-0.002259,-0.001785,0.101386,0.012126,0.011276,0.011804,2.343333
TAO165E,A_tropical_8,DJF,2015-01-23T19:00Z,1.0,7.093333,7.093333,16.69,-0.847629,0.028,-0.408537,-0.175103,-0.02811,-0.02773,-0.079451,-0.064914,,,-0.073834,-0.029937,-0.02221,0.158895,0.063552,0.060563,0.062154,10.715833
TAO165E,A_tropical_8,DJF,2015-01-25T11:00Z,1.0,37.765,37.765,28.905,0.266559,-0.089,-0.229587,-0.194065,-0.016108,-0.015546,-0.027825,-0.029536,,,-0.034187,-0.057018,-0.052339,0.128648,0.04687,0.042412,0.042544,14.16625
TAO165E,A_tropical_8,DJF,2015-01-30T16:00Z,1.0,7.991667,7.991667,0.0,4.39342,-0.076,0.0,-0.620005,0.0,0.0,0.0,0.0,,,0.0,-0.177864,-0.041866,,0.0,0.0,0.0,0.0
TAO165E,A_tropical_8,DJF,2015-02-10T14:00Z,1.0,10.328333,10.328333,14.1,-0.308716,-0.130667,-0.198619,-0.184819,-0.021051,-0.020805,-0.063344,-0.045948,,,-0.05127,-0.047854,-0.033105,0.231336,0.020196,0.020145,0.021952,5.3125
TAO165E,A_tropical_8,DJF,2015-02-16T05:00Z,1.0,3.918333,3.918333,2.13,0.588866,-0.118667,-0.098842,-0.198252,-0.007036,-0.007043,-0.021127,-0.013344,,,-0.014327,-0.04136,-0.020827,0.135,-0.006673,-0.000502,0.002332,1.3275
TAO165E,A_tropical_8,MAM,2015-03-02T11:00Z,1.0,6.241667,6.241667,2.75,0.799823,-0.0445,-0.099885,-0.481946,-0.005902,-0.005913,-0.016189,-0.008905,,,-0.009216,-0.088238,-0.020036,0.089151,0.00707,0.007084,0.008964,1.228333
TAO165E,A_tropical_8,MAM,2015-03-04T00:00Z,1.0,36.508333,36.508333,10.21,1.267162,-0.066667,-0.148044,-0.084575,-0.018246,-0.018165,-0.065959,-0.035455,,,-0.038175,-0.153508,-0.079991,0.239489,-0.013795,-0.004488,-0.000213,3.821667
TAO165E,A_tropical_8,MAM,2015-03-05T18:00Z,1.0,10.105,10.105,5.31,0.634629,0.033333,-0.081663,-0.144861,-0.007625,-0.007522,-0.015786,-0.011973,-0.004151,-0.001879,-0.013168,-0.031752,-0.025462,0.146618,0.009157,0.009205,0.009804,2.002917
TAO165E,A_tropical_8,MAM,2015-03-09T05:00Z,1.0,7.125,7.125,4.13,0.535345,0.011,-0.046414,-0.047256,-0.004733,-0.00463,-0.00664,-0.005837,-0.003805,-0.002674,-0.006271,-0.011532,-0.009427,0.125749,0.010835,0.008899,0.008906,2.496667
TAO165E,A_tropical_8,MAM,2015-03-25T19:00Z,1.0,7.091667,7.091667,2.695,0.945091,-0.014,-0.024925,-0.097842,-0.003159,-0.00311,-0.005491,-0.004161,,,-0.00448,-0.020837,-0.016924,0.166961,0.00341,0.003185,0.003302,0.799583
TAO165E,A_tropical_8,MAM,2015-04-10T11:00Z,1.0,9.341667,9.341667,1.455,1.803657,-0.045833,0.027696,-0.308115,-0.000962,-0.000946,-0.002418,-0.001437,,,-0.001601,-0.069439,-0.039262,,-0.0093,-0.007299,-0.007162,0.194167
TAO165E,A_tropical_8,MAM,2015-04-17T04:00Z,1.0,10.18,10.18,18.23,-0.578339,-0.004,-0.165153,-0.106355,-0.01329,-0.012988,-0.029987,-0.027654,,,-0.031922,-0.021318,-0.018999,0.167446,0.044241,0.036827,0.036359,8.749167
TAO165E,A_tropical_8,MAM,2015-04-30T18:00Z,1.0,10.773333,10.773333,20.535,-0.640675,-0.021833,-0.44198,-0.240912,-0.040742,-0.040455,-0.159771,-0.105827,,,-0.116141,-0.067087,-0.045658,0.239438,0.050848,0.049451,0.053696,10.478333
TAO165E,A_tropical_8,MAM,2015-05-03T19:00Z,1.0,2.448333,2.448333,0.0,3.238025,-0.026833,0.0,-0.104299,0.0,0.0,0.0,0.0,,,0.0,-0.012529,-0.008955,,0.0,0.0,0.0,0.0
TAO165E,A_tropical_8,MAM,2015-05-06T19:00Z,1.0,70.521667,70.521667,53.985,0.26678,-0.046333,-0.304658,-0.354161,-0.056548,-0.055327,-0.179713,-0.154946,-0.066997,-0.026919,-0.180183,-0.192367,-0.157769,0.508589,0.055504,0.049587,0.050223,27.534167
TAO165E,A_tropical_8,MAM,2015-05-16T07:00Z,1.0,23.671667,23.671667,10.05,0.851021,-0.079,-0.196905,-0.338145,-0.020006,-0.019959,-0.083378,-0.045323,-0.003046,-0.000117,-0.047625,-0.237675,-0.132373,0.230176,0.016047,0.01603,0.019047,3.784583
TAO165E,A_tropical_8,MAM,2015-05-21T04:00Z,1.0,17.87,17.87,7.42,0.871138,-0.4025,-0.392667,-0.521161,-0.01119,-0.011063,-0.041376,-0.03921,-0.020397,-0.007545,-0.046752,-0.193676,-0.09677,0.099855,0.041855,0.04071,0.045135,3.939167
TAO165E,A_tropical_8,MAM,2015-05-29T02:00Z,1.0,12.678333,12.678333,0.0,4.850336,-0.170167,0.0,-0.22193,0.0,0.0,0.0,0.0,,,0.0,-0.080792,-0.052293,,0.0,0.0,0.0,0.0
TAO165E,A_tropical_8,JJA,2015-06-15T07:00Z,1.0,54.221667,54.221667,19.39,1.025022,-0.098833,-0.544452,-0.338509,-0.039111,-0.038755,-0.132593,-0.089382,,,-0.098395,-0.176266,-0.138645,0.164168,0.065087,0.06413,0.068622,12.645833
TAO165E,A_tropical_8,JJA,2015-06-24T09:00Z,1.0,2.053333,2.053333,12.835,-1.79292,-0.003,-0.444222,-0.051541,-0.033812,-0.033587,-0.111404,-0.079907,,,-0.087942,-0.007382,-0.005375,0.17988,0.048273,0.04762,0.052132,6.93375
TAO165E,A_tropical_8,JJA,2015-07-27T12:00Z,1.0,7.486667,7.486667,20.545,-1.001081,-0.028,-0.165591,-0.108248,-0.02822,-0.027755,-0.073255,-0.058794,-0.022901,-0.010383,-0.066616,-0.020061,-0.016668,0.355056,0.027391,0.026115,0.026339,10.01375
TAO165E,A_tropical_8,JJA,2015-08-05T22:00Z,1.0,3.72,3.72,16.61,-1.475757,0.0205,-0.236073,-0.019899,-0.024253,-0.023845,-0.05225,-0.044889,,,-0.050292,-0.006375,-0.004885,0.19015,0.042135,0.038294,0.038855,10.075833
TAO165E,A_tropical_8,JJA,2015-08-27T02:00Z,1.0,4.955,4.955,2.955,0.503598,-0.003167,-0.014526,-0.065297,-0.003375,-0.003395,-0.013896,-0.002943,-0.0004,-0.000224,-0.002288,-0.024996,-0.010168,0.202587,0.001368,0.001365,0.001535,0.467917
TAO165E,A_tropical_8,JJA,2015-08-31T09:00Z,1.0,35.208333,35.208333,24.86,0.346844,0.051,-0.433689,-0.727276,-0.02378,-0.023249,-0.07697,-0.074961,,,-0.089679,-0.220101,-0.090955,0.172845,0.072963,0.066773,0.067845,13.859583
TAO165E,A_tropical_8,SON,2015-09-07T07:00Z,1.0,0.46,0.46,0.0,1.722767,-0.010667,-0.103055,-0.036365,0.000117,0.000105,0.000908,-0.000152,,,-0.001075,-0.004972,-0.002883,0.001475,0.011792,0.011763,0.012468,0.0
TAO165E,A_tropical_8,SON,2015-09-16T11:00Z,1.0,60.431667,60.431667,29.715,0.708155,-0.541833,-0.845618,-1.321673,-0.071425,-0.071089,-0.358741,-0.233043,,,-0.260141,-0.82679,-0.432241,0.275589,0.101301,0.098216,0.106303,18.208333
TAO165E,A_tropical_8,SON,2015-09-23T03:00Z,1.0,2.738333,2.738333,5.155,-0.615963,-0.072333,0.015271,-0.108933,-0.015732,-0.015889,-0.209982,-0.013807,0.00066,0.000613,-0.011657,-0.032149,-0.021209,,0.002355,0.003641,-0.007198,2.164167
TAO165E,A_tropical_8,SON,2015-09-26T18:00Z,1.0,9.671667,9.671667,2.75,1.232168,-0.006,-0.081947,-0.155009,-0.005512,-0.005449,-0.009452,-0.007527,,-0.002227,-0.008058,-0.036183,-0.029069,0.091858,0.01152,0.011012,0.011491,1.81
TAO165E,A_tropical_8,SON,2016-09-05T10:00Z,1.0,18.183333,18.183333,0.0,5.208575,-0.024333,0.0,-2.035475,0.0,0.0,0.0,0.0,0.0,0.0,0.0,-0.560738,-0.068843,,0.0,0.0,0.0,0.0
TAO165E,A_tropical_8,SON,2016-09-12T22:00Z,1.0,1.555,1.555,0.0,2.806386,0.007833,0.0,0.009305,0.0,0.0,0.0,0.0,0.0,0.0,0.0,-0.000726,-0.000564,,0.0,0.0,0.0,0.0
TAO165E,A_tropical_8,DJF,2016-12-10T15:00Z,1.0,1.766667,1.766667,0.0,2.926739,-0.036833,0.0,-0.10378,0.0,0.0,0.0,0.0,0.0,0.0,0.0,-0.01302,-0.007428,,0.0,0.0,0.0,0.0
TAO165E,A_tropical_8,DJF,2017-01-18T19:00Z,1.0,55.13,55.13,74.96,-0.306782,-0.453167,-1.62286,-1.608506,-0.144925,-0.144291,-1.137477,-0.378411,-0.025634,-0.000932,-0.374195,-0.894313,-0.239613,0.233175,0.134146,0.134074,0.157165,35.041667
TAO165E,A_tropical_8,DJF,2017-01-26T08:00Z,1.0,20.235,20.235,8.27,0.88769,-0.0315,-0.273286,-0.136608,-0.01605,-0.015898,-0.04128,-0.033884,-0.015342,-0.006344,-0.038937,-0.101467,-0.036747,0.123988,0.03292,0.032433,0.034462,3.87
TAO165E,A_tropical_8,DJF,2017-01-28T14:00Z,1.0,17.168333,17.168333,0.79,2.965408,-0.034333,0.0,-0.192873,-0.000611,-0.000602,-0.001287,-0.000828,-3.8e-05,-0.0,-0.000889,-0.071284,-0.047191,,7e-06,7e-06,0.0,0.065833
TAO165E,A_tropical_8,DJF,2017-02-07T02:00Z,1.0,13.973333,13.973333,17.08,-0.199464,-0.006,-0.63271,-0.350647,-0.050012,-0.049871,-0.258253,-0.147427,-0.015528,-0.0029,-0.155075,-0.139184,-0.102048,0.233008,0.060883,0.060203,0.067749,12.565417
TAO165E,A_tropical_8,SON,2019-10-19T20:00Z,1.0,3.928333,3.928333,0.0,3.695938,-0.019667,0.030958,-0.211319,0.002292,0.00227,0.003982,0.003496,0.001135,,0.0037,-0.032965,-0.013995,,0.00013,-0.000201,-0.000728,0.0
TAO165E,A_tropical_8,SON,2019-10-31T01:00Z,1.0,0.543333,0.543333,4.085,-1.872599,-0.000167,-0.118104,-0.006144,-0.008394,-0.008304,-0.016143,-0.012913,-0.005698,,-0.01407,-0.001326,-0.00101,0.109337,0.01573,0.015321,0.016007,2.885833
TAO165E,A_tropical_8,SON,2019-11-07T08:00Z,1.0,32.263333,32.263333,21.5,0.404333,-0.354167,-0.582568,-0.495639,-0.049447,-0.04938,-0.253613,-0.126584,-0.018225,,-0.13391,-0.298883,-0.218958,0.217286,0.055046,0.054147,0.062007,12.42875
TAO165E,A_tropical_8,SON,2019-11-12T08:00Z,1.0,13.341667,13.341667,0.195,3.819139,-0.021333,-0.01256,-0.714277,-0.000678,-0.000678,-0.001115,-0.000745,-0.00032,,-0.000755,-0.207618,-0.061466,0.059348,0.001124,0.001123,0.001286,0.195
TAO165E,A_tropical_8,SON,2019-11-13T18:00Z,1.0,5.306667,5.306667,8.705,-0.487687,0.009167,0.02125,-0.176935,0.003732,0.003622,0.014511,0.010403,0.003679,,0.015043,-0.023728,-0.017791,,0.017641,0.011469,0.009605,4.572917
TAO165E,A_tropical_8,SON,2019-11-20T14:00Z,1.0,10.625,10.625,3.4,1.119814,0.1115,-0.121341,-0.418897,-0.006822,-0.006807,-0.018972,-0.011223,-0.003839,,-0.012021,-0.091569,-0.042322,0.092488,0.01164,0.011489,0.013163,1.6025
TAO165E,A_tropical_8,SON,2019-11-28T09:00Z,1.0,30.963333,30.963333,6.895,1.490833,-0.129833,-0.162082,-0.668639,-0.008606,-0.008451,-0.020482,-0.019315,-0.007902,,-0.022056,-0.250537,-0.148662,0.119167,0.016984,0.01888,0.019843,4.075833
TAO165E,A_tropical_8,DJF,2019-12-06T07:00Z,1.0,3.353333,3.353333,7.245,-0.75468,0.021333,-0.04955,-0.096325,-0.008186,-0.008082,-0.021971,-0.015099,-0.001885,,-0.016548,-0.016099,-0.012679,0.304716,0.005373,0.004868,0.005386,1.634167
TAO165E,A_tropical_8,DJF,2019-12-13T13:00Z,1.0,10.743333,10.743333,0.185,3.638817,-0.045333,0.082131,-0.177641,0.000192,0.000187,-0.000187,0.000214,0.000397,,0.000227,-0.040766,-0.032743,,-0.010931,-0.010719,-0.011163,0.015417
TAO165E,A_tropical_8,DJF,2019-12-21T08:00Z,1.0,25.73,25.73,0.0,5.554122,0.040667,0.049753,-1.454841,0.00052,0.000519,0.000654,0.00064,0.000591,,0.000645,-0.541507,-0.134642,,-0.006515,-0.006409,-0.006688,0.0
TAO165E,A_tropical_8,DJF,2020-01-07T05:00Z,1.0,2.101667,2.101667,11.205,-1.63603,-0.025833,-0.398034,-0.084192,-0.024776,-0.024629,-0.08897,-0.054078,-0.016183,,-0.056003,-0.01051,-0.00763,0.135862,0.046951,0.046519,0.049624,9.207083
TAO165E,A_tropical_8,DJF,2020-01-09T22:00Z,1.0,18.716667,18.716667,8.25,0.812481,-0.031,-0.380356,-0.324615,-0.017212,-0.017068,-0.053207,-0.042222,-0.018438,,-0.048245,-0.119937,-0.072165,0.111005,0.040614,0.040286,0.043815,4.8425
TAO165E,A_tropical_8,DJF,2020-02-03T19:00Z,1.0,11.983333,11.983333,12.625,-0.051741,-0.101167,-0.205423,-0.412299,-0.015727,-0.015529,-0.04207,-0.03214,-0.011243,,-0.036333,-0.090702,-0.041394,0.156456,0.025581,0.024953,0.02642,4.750833
TAO165E,A_tropical_8,DJF,2020-02-06T09:00Z,1.0,18.47,18.47,0.47,3.483666,-0.074167,-0.001262,-0.305284,-0.000441,-0.000435,-0.000762,-0.000515,-0.0001,,-0.000547,-0.115173,-0.06854,,8.7e-05,-7.1e-05,-4.5e-05,0.086667
TAO165E,A_tropical_8,DJF,2020-02-09T09:00Z,1.0,11.455,11.455,15.06,-0.271542,0.002333,-0.332548,-0.249414,-0.026015,-0.025815,-0.085106,-0.061263,-0.023933,,-0.068897,-0.079952,-0.05149,0.184222,0.038959,0.037597,0.041022,8.642083
TAO165E,A_tropical_8,DJF,2020-02-11T14:00Z,1.0,14.073333,14.073333,25.475,-0.590253,0.000333,-0.154801,-0.146593,-0.026529,-0.025955,-0.064808,-0.052415,-0.019499,,-0.059207,-0.034929,-0.028934,0.338597,0.026967,0.024786,0.025133,9.532917
TAO165E,A_tropical_8,MAM,2020-03-01T22:00Z,1.0,10.653333,10.653333,35.55,-1.198533,-0.030167,-0.938838,-0.229743,-0.080861,-0.080482,-0.517074,-0.205937,-0.048656,,-0.214373,-0.083982,-0.053943,0.219353,0.098099,0.092555,0.103711,23.71
TAO165E,A_tropical_8,MAM,2020-03-10T16:00Z,1.0,9.761667,9.761667,2.51,1.329305,0.001,-0.089667,-0.339626,-0.003487,-0.003464,-0.007777,-0.005919,-0.002959,,-0.00655,-0.060381,-0.026831,0.066008,0.009236,0.009082,0.01009,1.107917
TAO165E,A_tropical_8,MAM,2020-03-17T15:00Z,1.0,0.868333,0.868333,1.8,-0.674033,0.009833,0.015646,-0.043832,0.00157,0.001581,0.004023,0.00321,0.001291,,0.003736,-0.00357,-0.002742,,0.003549,0.002065,0.001373,0.3
TAO165E,A_tropical_8,MAM,2020-03-24T19:00Z,1.0,9.508333,9.508333,17.985,-0.632452,0.003,-0.155382,-0.068247,-0.018065,-0.017641,-0.031119,-0.028204,-0.019454,,-0.031692,-0.011368,-0.010616,0.181513,0.038078,0.029946,0.029954,12.032083
TAO165E,A_tropical_8,MAM,2020-04-05T11:00Z,1.0,27.9205,27.9205,0.0,5.635521,-0.0095,0.0,-0.445382,0.0,0.0,0.0,0.0,0.0,,0.0,-0.234175,-0.161449,,0.0,0.0,0.0,0.0
TAO165E,A_tropical_8,MAM,2020-04-16T12:00Z,1.0,2.245,2.245,1.32,0.501629,-0.008167,-0.058324,-0.097616,-0.003539,-0.003529,-0.007241,-0.005095,-0.002059,,-0.005482,-0.013853,-0.00776,0.087365,0.005319,0.005192,0.005911,1.012917
TAO165E,A_tropical_8,MAM,2020-04-27T05:00Z,1.0,0.503333,0.503333,0.0,1.7973,0.004167,0.0,-0.014516,0.0,0.0,0.0,0.0,0.0,,0.0,-0.001106,-0.000891,,0.0,0.0,0.0,0.0
TAO8S165E,A_tropical_8,SON,2010-10-27T22:00Z,1.0,3.621667,3.621667,0.0,3.616757,-0.073,0.0,-0.267079,0.0,0.0,0.0,0.0,,,0.0,-0.099141,-0.020767,,0.0,0.0,0.0,0.0
TAO8S165E,A_tropical_8,SON,2010-11-08T08:00Z,1.0,1.26,1.26,0.0,2.61007,-0.037833,0.006231,-0.117307,4.5e-05,4.5e-05,4.9e-05,4.8e-05,,,4.8e-05,-0.012824,-0.005483,,-0.000918,-0.000886,-0.000913,0.0
TAO8S165E,A_tropical_8,DJF,2010-12-08T17:00Z,1.0,0.916667,0.916667,0.0,2.319114,0.019167,0.0,-0.05001,9e-06,9e-06,1e-05,9e-06,,,1e-05,-0.005572,-0.003939,,0.0,0.0,0.0,0.0
TAO8S165E,A_tropical_8,DJF,2010-12-13T01:00Z,1.0,17.313333,17.313333,0.0,5.159821,-0.009,0.024361,-0.465298,0.000694,0.000688,0.000783,0.000757,,,0.000767,-0.155571,-0.066638,,-0.002216,-0.003352,-0.00343,0.0
TAO8S165E,A_tropical_8,DJF,2010-12-21T05:00Z,1.0,0.493333,0.493333,0.095,1.112757,0.006833,0.044097,-0.011098,0.000691,0.00069,0.000958,0.000962,,,0.000985,-0.00158,-0.001237,,-0.008074,-0.007215,-0.007356,0.015833
TAO8S165E,A_tropical_8,DJF,2010-12-27T10:00Z,1.0,2.013333,2.013333,0.0,3.050852,-0.014833,0.0,-0.067809,0.0,0.0,0.0,0.0,,,0.0,-0.007013,-0.005622,,0.0,0.0,0.0,0.0
TAO8S165E,A_tropical_8,DJF,2011-01-24T22:00Z,1.0,41.665,41.665,4.465,2.21364,-0.1095,-0.146804,-0.602648,-0.010324,-0.010319,-0.035902,-0.01626,,,-0.01613,-0.42623,-0.181033,0.110762,0.011206,0.011182,0.013745,2.050417
TAO8S165E,A_tropical_8,DJF,2011-01-30T17:00Z,1.0,2.913333,2.913333,0.38,1.837016,-0.022167,0.006259,-0.039722,-0.000286,-0.000277,-0.000393,-0.000302,,,-0.000314,-0.005477,-0.004592,,-0.002615,-0.001748,-0.001718,0.095
TAO8S165E,A_tropical_8,DJF,2011-02-04T15:00Z,1.0,20.051667,20.051667,0.57,3.403765,0.007667,-0.022769,-0.366784,-0.001318,-0.001311,-0.002259,-0.001649,,,-0.001756,-0.152517,-0.087936,0.072427,0.002243,0.002238,0.002473,0.419583
TAO8S165E,A_tropical_8,DJF,2011-02-10T08:00Z,1.0,17.79,17.79,0.0,5.186827,-0.062,0.094086,-0.941523,0.003068,0.003042,0.003868,0.003552,,,0.003576,-0.408421,-0.060991,,-0.001321,-0.001417,-0.003108,0.0
TAO8S165E,A_tropical_8,DJF,2011-02-19T10:00Z,1.0,8.865,8.865,17.05,-0.64867,0.000833,-0.106619,-0.095591,-0.015929,-0.015559,-0.03572,-0.030365,,,-0.034693,-0.020298,-0.017351,0.2848,0.018604,0.016045,0.016331,6.708333
TAO8S165E,A_tropical_8,MAM,2011-03-09T19:00Z,1.0,12.426667,12.426667,4.1,1.092775,-0.062167,-0.107128,-0.149261,-0.009936,-0.009875,-0.027075,-0.018944,,,-0.020737,-0.065889,-0.048749,0.176835,-0.009674,0.003271,0.005004,3.15
TAO8S165E,A_tropical_8,MAM,2011-03-26T00:00Z,1.0,15.588333,15.588333,0.0,5.055502,-0.118667,0.069188,-0.62505,0.001503,0.001496,0.002489,0.002364,,,0.0025,-0.178668,-0.043605,,-0.003811,-0.004571,-0.005329,0.0
TAO8S165E,A_tropical_8,MAM,2011-04-11T13:00Z,1.0,18.371667,18.371667,24.16,-0.272591,-0.049667,-0.785856,-0.672679,-0.059586,-0.059693,-0.400109,-0.14923,,,-0.15293,-0.294138,-0.115711,0.189895,0.072905,0.072502,0.081225,11.985417
TAO8S165E,A_tropical_8,MAM,2011-04-15T17:00Z,1.0,5.751667,5.751667,1.445,1.331703,0.013333,-0.061827,-0.149513,-0.003379,-0.003355,-0.006279,-0.004585,,,-0.00484,-0.022831,-0.016192,0.074164,0.006988,0.006987,0.007512,1.166667
TAO8S165E,A_tropical_8,MAM,2011-05-01T03:00Z,1.0,14.761667,14.761667,8.415,0.556956,-0.068,-0.30082,-0.148921,-0.022114,-0.021924,-0.059654,-0.044418,,,-0.049658,-0.081403,-0.055587,0.147657,0.034977,0.03394,0.036704,5.794583
TAO8S165E,A_tropical_8,MAM,2011-05-13T07:00Z,1.0,11.675,11.675,0.0,4.768564,0.009667,0.0,-0.833255,0.0,0.0,0.0,0.0,,,0.0,-0.249627,-0.067924,,0.0,0.0,0.0,0.0
TAO8S165E,A_tropical_8,MAM,2011-05-17T11:00Z,1.0,5.576667,5.576667,0.0,4.038949,-0.02,0.009573,-0.194616,3.4e-05,3.4e-05,3.6e-05,3.5e-05,,,3.6e-05,-0.036825,-0.025481,,-0.001783,-0.001684,-0.00169,0.0
TAO8S165E,A_tropical_8,MAM,2011-05-22T06:00Z,1.0,10.463333,10.463333,1.14,2.142278,0.043333,-0.078365,-0.292522,-0.003721,-0.00371,-0.008056,-0.005472,,,-0.005814,-0.098767,-0.05342,0.069831,0.007315,0.007267,0.008279,1.037083
TAO8S165E,A_tropical_8,MAM,2011-05-27T06:00Z,1.0,3.726667,3.726667,1.045,1.206589,-0.012167,-0.014319,-0.099966,-0.001494,-0.001488,-0.003152,-0.001983,,,-0.002094,-0.019051,-0.012143,0.138485,0.001271,0.001269,0.001449,0.197917
TAO8S165E,A_tropical_8,JJA,2011-06-03T15:00Z,1.0,12.875667,12.875667,19.135,-0.393656,-0.024667,-0.570794,-0.196716,-0.04044,-0.040014,-0.134787,-0.113313,,,-0.130747,-0.043726,-0.037846,0.198518,0.094419,0.086366,0.088434,14.79125
TAO8S165E,A_tropical_8,JJA,2011-06-05T00:00Z,1.0,1.011667,1.011667,0.0,2.408445,-0.004833,0.008249,-0.036493,0.000246,0.000245,0.000317,0.00031,,,0.000318,-0.003289,-0.00253,,-0.002094,-0.001675,-0.001671,0.0
TAO8S165E,A_tropical_8,JJA,2011-06-21T00:00Z,1.0,9.005,9.005,6.205,0.367481,-0.030333,-0.113638,-0.147327,-0.009476,-0.009319,-0.017498,-0.014899,,,-0.016703,-0.028308,-0.023557,0.131107,0.01727,0.016402,0.016799,3.649167
TAO8S165E,A_tropical_8,JJA,2011-06-23T09:00Z,1.0,2.508333,2.508333,0.0,3.261297,0.0095,0.0,-0.074526,0.0,0.0,0.0,0.0,,,0.0,-0.007743,-0.006102,,0.0,0.0,0.0,0.0
TAO8S165E,A_tropical_8,JJA,2011-07-13T23:00Z,1.0,9.645,9.645,0.0,4.579339,-0.0275,0.021596,-0.138614,0.006803,0.006624,0.01238,0.01074,,,0.012148,-0.029346,-0.023735,,0.014179,0.004701,0.004242,0.0
TAO8S165E,A_tropical_8,JJA,2011-07-17T11:00Z,1.0,15.23,15.23,7.425,0.711581,-0.003,-0.106285,-0.155109,-0.008327,-0.008172,-0.014474,-0.012831,,,-0.014361,-0.038128,-0.032721,0.12072,0.020223,0.018114,0.018253,3.405417
TAO8S165E,A_tropical_8,JJA,2011-08-06T13:00Z,1.0,22.648333,22.648333,18.835,0.18348,-0.065667,-0.317733,-0.328499,-0.027439,-0.027167,-0.094983,-0.077184,,,-0.08923,-0.145959,-0.110041,0.242922,0.048302,0.042712,0.044383,11.85375
TAO8S165E,A_tropical_8,SON,2011-09-24T06:00Z,1.0,11.326667,11.326667,1.35,2.064386,-0.096333,-0.086162,-0.200943,-0.000341,-0.000339,-3.1e-05,-6e-06,,,-5.7e-05,-0.051091,-0.03505,6.8e-05,0.014359,0.013786,0.013667,0.740833
TAO8S165E,A_tropical_8,SON,2011-10-03T07:00Z,1.0,13.64,13.64,7.3,0.618831,-0.132,-0.378037,-0.781423,-0.015866,-0.015835,-0.069464,-0.0462,,,-0.051907,-0.207505,-0.067901,0.122209,0.033705,0.032806,0.038681,4.560417
TAO8S165E,A_tropical_8,SON,2011-10-07T14:00Z,1.0,41.33,41.33,32.81,0.230229,-0.555333,-0.795016,-0.930643,-0.069701,-0.069858,-0.520796,-0.142588,,,-0.135738,-0.667151,-0.181003,0.179352,0.06565,0.065406,0.077446,12.935
TAO8S165E,A_tropical_8,SON,2011-10-24T07:00Z,1.0,7.823333,7.823333,0.0,4.372397,-0.096333,0.004517,-0.11974,3.5e-05,3.5e-05,3.7e-05,3.7e-05,,,3.7e-05,-0.03457,-0.027829,,-0.001403,-0.001054,-0.001043,0.0
TAO8S165E,A_tropical_8,SON,2011-10-28T20:00Z,1.0,15.775,15.775,11.045,0.353755,-0.314833,-1.608538,-0.735748,-0.022039,-0.021324,0.120643,-0.26612,,,-0.311896,-0.275308,-0.111759,0.165442,0.138042,0.137672,0.164867,8.61625
TAO8S165E,A_tropical_8,SON,2011-10-30T11:00Z,1.0,12.62,12.62,21.165,-0.513887,-0.233833,-1.112662,-0.36656,-0.062486,-0.062486,-0.402856,-0.22959,,,-0.24466,-0.166921,-0.080369,0.206343,0.088294,0.089484,0.108423,12.297083
BOBOA,A_tropical_8,DJF,2013-12-08T11:00Z,1.0,12.493333,12.493333,25.535,-0.710791,0.162,-0.248487,-0.124616,-0.030136,-0.029594,-0.073038,-0.061638,-0.027403,-0.014242,-0.069881,-0.028878,-0.024471,0.248054,0.05071,0.044846,0.045439,12.42875
BOBOA,A_tropical_8,MAM,2014-05-13T13:00Z,1.0,10.345,10.345,2.185,1.519757,-0.007833,0.014275,-0.133905,0.000302,0.000354,0.00159,0.001075,0.000384,0.000281,0.000865,-0.027269,-0.023241,,-3.4e-05,-0.001723,-0.001669,1.487083
BOBOA,A_tropical_8,MAM,2014-05-18T05:00Z,1.0,2.16,2.16,0.0,3.11795,-0.025667,0.0,-0.062865,0.0,0.0,0.0,0.0,0.0,0.0,0.0,-0.007139,-0.00577,,0.0,0.0,0.0,0.0
BOBOA,A_tropical_8,JJA,2014-06-07T08:00Z,1.0,42.91,42.91,18.97,0.813316,-0.047833,-0.23308,-0.305757,-0.023845,-0.023489,-0.063738,-0.053468,-0.027069,-0.015833,-0.061234,-0.152389,-0.131725,0.229399,0.042436,0.038319,0.039314,8.2
BOBOA,A_tropical_8,JJA,2014-06-09T21:00Z,1.0,8.173333,8.173333,2.98,0.988108,-0.033,-0.087687,-0.175347,-0.005363,-0.005321,-0.010714,-0.007994,-0.003374,-0.001789,-0.008788,-0.029279,-0.022308,0.091169,0.009535,0.009483,0.010402,1.718333
BOBOA,A_tropical_8,JJA,2014-06-13T10:00Z,1.0,51.585,51.585,39.71,0.261049,-0.023,-0.329645,-0.162635,-0.046242,-0.045317,-0.118866,-0.105513,-0.059687,-0.033533,-0.122649,-0.146588,-0.101178,0.32008,0.073636,0.061931,0.06229,23.083333
BOBOA,A_tropical_8,JJA,2014-06-15T12:00Z,1.0,18.066667,18.066667,47.945,-0.97255,-0.062667,-0.504707,-0.232806,-0.080145,-0.079269,-0.362945,-0.241409,-0.0611,-0.009847,-0.269837,-0.088475,-0.06945,0.478316,0.072876,0.066908,0.071491,29.258333
BOBOA,A_tropical_8,JJA,2014-06-17T13:00Z,1.0,15.448333,15.448333,38.965,-0.921273,-0.136333,-0.683487,-0.313159,-0.062513,-0.062245,-0.354074,-0.209725,-0.045515,-0.01647,-0.229253,-0.088008,-0.065195,0.306845,0.097877,0.082859,0.090486,24.325417
BOBOA,A_tropical_8,JJA,2014-07-09T02:00Z,1.0,15.605,15.605,4.45,1.238852,-0.040333,-0.027728,-0.150465,-5.3e-05,-6.9e-05,0.000319,0.0001,-0.001822,-0.002397,0.000249,-0.044718,-0.037659,-0.003618,0.013495,0.006782,0.006874,1.61625
BOBOA,A_tropical_8,JJA,2014-07-18T07:00Z,1.0,12.88,12.88,14.885,-0.14364,-0.0045,-0.127094,-0.088397,-0.01364,-0.013304,-0.022571,-0.020356,-0.013607,-0.009099,-0.022759,-0.019027,-0.016836,0.160165,0.029091,0.025018,0.025053,7.470833
BOBOA,A_tropical_8,JJA,2014-07-24T02:00Z,1.0,13.721667,13.721667,27.1,-0.67698,0.076333,-0.176368,-0.077961,-0.022453,-0.021886,-0.043369,-0.039464,-0.025729,-0.016863,-0.044969,-0.015352,-0.013848,0.223762,0.044896,0.036585,0.036487,15.755
BOBOA,A_tropical_8,JJA,2014-07-31T04:00Z,1.0,12.655,12.655,2.07,1.771196,-0.027,-0.037439,-0.146939,-0.001284,-0.001288,-0.002229,-0.00224,-0.002158,-0.001955,-0.002487,-0.031799,-0.027751,0.059839,0.00805,0.007745,0.007736,1.2825
BOBOA,A_tropical_8,JJA,2014-08-21T23:00Z,1.0,14.868333,14.868333,21.375,-0.360953,0.0245,-0.331607,-0.330354,-0.030466,-0.030444,-0.156205,-0.088839,-0.007355,-0.000297,-0.094103,-0.11418,-0.048824,0.267905,0.045337,0.036815,0.041731,11.537083
BOBOA,A_tropical_8,JJA,2014-08-24T20:00Z,1.0,0.6,0.6,0.0,1.94591,-0.000667,0.004912,-0.016661,0.000187,0.000186,0.000209,0.000202,0.000178,0.00015,0.000206,-0.001353,-0.001151,,-0.000469,-0.000798,-0.000808,0.0
BOBOA,A_tropical_8,SON,2014-09-02T01:00Z,1.0,35.125,35.125,23.355,0.406672,-0.144167,-0.266867,-0.266853,-0.026313,-0.025825,-0.063267,-0.054918,-0.029101,-0.016042,-0.063301,-0.096574,-0.080927,0.205789,0.047978,0.045369,0.04603,12.009167
BOBOA,A_tropical_8,SON,2014-09-04T08:00Z,1.0,19.625,19.625,4.835,1.385534,0.006333,-0.093945,-0.158586,-0.006619,-0.006524,-0.012223,-0.009815,-0.005022,-0.003334,-0.010712,-0.059543,-0.050345,0.104479,0.013376,0.013689,0.014206,2.6925
BOBOA,A_tropical_8,SON,2014-09-13T00:00Z,1.0,1.228333,1.228333,4.99,-1.343353,0.140833,-0.167242,-0.028084,-0.009232,-0.009165,-0.019479,-0.018265,-0.013375,-0.00955,-0.020447,-0.00319,-0.002745,0.109211,0.041459,0.034937,0.034978,4.57375
BOBOA,A_tropical_8,SON,2014-09-17T05:00Z,1.0,5.06,5.06,0.0,3.943522,0.010667,0.00622,-0.052259,0.000131,0.000131,0.000144,0.000143,0.000139,0.000133,0.000145,-0.00791,-0.006915,,-0.002993,-0.001783,-0.00177,0.0
BOBOA,A_tropical_8,SON,2014-10-04T15:00Z,1.0,23.838333,23.838333,2.57,2.193403,-0.095,-0.009223,-1.262188,-0.002391,-0.002417,-0.011431,-0.004885,-0.000929,-0.000149,-0.005115,-0.400687,-0.075332,0.52966,0.00826,0.006308,0.005311,2.27
BOBOA,A_tropical_8,SON,2014-11-03T21:00Z,1.0,6.876667,6.876667,45.085,-1.868194,-0.0345,-0.251283,-0.078906,-0.042305,-0.041358,-0.114123,-0.092999,-0.031139,-0.013005,-0.1059,-0.014095,-0.011682,0.370096,0.037887,0.035914,0.037116,15.989167
BOBOA,A_tropical_8,DJF,2014-12-23T10:00Z,1.0,13.555,13.555,0.525,3.084109,0.0255,-0.011715,-0.202144,-0.000881,-0.000867,-0.001181,-0.000983,-0.000536,-0.000345,-0.001023,-0.04766,-0.038524,0.083871,0.001963,0.001848,0.00188,0.42875
BOBOA,A_tropical_8,DJF,2014-12-29T03:00Z,1.0,11.488333,11.488333,36.3,-1.14457,0.041,-0.645543,-0.226215,-0.069715,-0.068949,-0.293719,-0.190098,-0.052816,-0.022373,-0.209147,-0.05583,-0.040062,0.294478,0.086032,0.082713,0.087102,27.222083
BOBOA,A_tropical_8,MAM,2016-05-22T05:00Z,1.0,25.193333,25.193333,2.285,2.361342,-0.082667,-0.068699,-0.30803,-0.003335,-0.003325,-0.006045,-0.005441,-0.003979,-0.003089,-0.006101,-0.117013,-0.089465,0.079207,0.016039,0.012991,0.01312,1.895417
BOBOA,A_tropical_8,JJA,2016-06-01T06:00Z,1.0,12.453333,12.453333,5.95,0.729928,0.018333,-0.051344,-0.305606,-0.006173,-0.006075,-0.012689,-0.008948,-0.002874,-0.001162,-0.009695,-0.085457,-0.0588,0.174283,0.001185,0.002274,0.003162,1.8125
BOBOA,A_tropical_8,JJA,2016-06-04T09:00Z,1.0,14.24,14.24,1.09,2.4891,-0.108,-0.010389,-0.667642,-0.002546,-0.002517,-0.004421,-0.003475,-0.001558,-0.000742,-0.003714,-0.170199,-0.050273,0.334453,-0.004177,-0.002203,-0.001848,1.035417
BOBOA,A_tropical_8,JJA,2016-06-13T07:00Z,1.0,29.953333,29.953333,6.65,1.493431,-0.031167,-0.095891,-0.183812,-0.008356,-0.008193,-0.012846,-0.011337,-0.007175,-0.004925,-0.012325,-0.068358,-0.05952,0.118229,0.02079,0.017864,0.017957,3.557917
BOBOA,A_tropical_8,JJA,2016-07-01T14:00Z,1.0,12.421667,12.421667,2.515,1.566196,-0.005167,-0.02057,-0.062245,-0.001741,-0.001702,-0.00242,-0.002186,-0.00151,-0.001186,-0.002337,-0.019242,-0.017245,0.106281,0.002751,0.004243,0.004202,1.825
BOBOA,A_tropical_8,JJA,2016-07-07T14:00Z,1.0,18.511667,18.511667,44.73,-0.879089,0.0015,-0.26966,-0.132958,-0.040156,-0.039149,-0.086666,-0.078993,-0.050129,-0.030844,-0.091147,-0.029764,-0.026784,0.292934,0.065266,0.05501,0.054961,25.820417
BOBOA,A_tropical_8,JJA,2016-07-15T19:00Z,1.0,15.186667,15.186667,0.0,5.029566,-0.030333,0.0,-0.164581,0.0,0.0,0.0,0.0,0.0,0.0,0.0,-0.045575,-0.038892,,0.0,0.0,0.0,0.0
BOBOA,A_tropical_8,JJA,2016-07-18T01:00Z,1.0,14.606667,14.606667,4.19,1.232014,-0.055833,-0.100456,-0.819712,-0.00684,-0.006793,-0.015823,-0.010853,-0.003936,-0.001572,-0.011845,-0.226702,-0.065282,0.108033,0.008859,0.009048,0.010504,1.420417
BOBOA,A_tropical_8,JJA,2016-07-27T08:00Z,1.0,17.575,17.575,10.03,0.55665,-0.118333,-0.632431,-0.706463,-0.033028,-0.033056,-0.165749,-0.071264,-0.016646,-0.005886,-0.072327,-0.288496,-0.128656,0.112683,0.059188,0.058832,0.068201,7.21125
BOBOA,A_tropical_8,JJA,2016-08-04T09:00Z,1.0,13.446667,13.446667,16.325,-0.192664,-0.07,-0.113449,-0.094392,-0.016741,-0.016355,-0.028333,-0.025751,-0.016651,-0.011319,-0.028607,-0.020084,-0.018321,0.226985,0.026974,0.024147,0.024045,14.4925
BOBOA,A_tropical_8,MAM,2017-04-14T01:00Z,1.0,7.533333,7.533333,12.885,-0.53127,-0.041167,-0.253572,-0.100598,-0.021791,-0.021601,-0.061191,-0.038774,-0.017291,-0.010159,-0.041954,-0.020457,-0.018357,0.15291,0.039078,0.036194,0.037892,7.607083
BOBOA,A_tropical_8,MAM,2017-05-25T13:00Z,1.0,2.601667,2.601667,0.0,3.296454,-0.0965,0.0,-0.137874,0.0,0.0,0.0,0.0,0.0,0.0,0.0,-0.017363,-0.009139,,0.0,0.0,0.0,0.0
BOBOA,A_tropical_8,MAM,2017-05-28T00:00Z,1.0,14.043333,14.043333,23.29,-0.503065,-0.114833,-0.093393,-0.096117,-0.018584,-0.018097,-0.040396,-0.033759,-0.012461,-0.004526,-0.038287,-0.023946,-0.020432,0.361472,0.013794,0.013268,0.013671,5.837083
BOBOA,A_tropical_8,JJA,2017-06-17T00:00Z,1.0,30.095,30.095,18.065,0.50818,-0.149833,-0.226003,-0.385033,-0.023116,-0.022721,-0.052821,-0.042656,-0.018088,-0.009617,-0.047599,-0.154036,-0.101837,0.188742,0.036737,0.03466,0.035401,7.853333
BOBOA,A_tropical_8,JJA,2017-06-23T11:00Z,1.0,5.745,5.745,7.835,-0.305697,-0.013833,-0.033267,-0.054092,-0.005767,-0.005619,-0.009462,-0.008351,-0.005165,-0.003171,-0.009178,-0.008811,-0.007878,0.251028,0.007005,0.00645,0.006483,5.34125
BOBOA,A_tropical_8,JJA,2017-06-26T01:00Z,1.0,1.04,1.04,0.0,2.433613,-0.0225,0.019761,-0.006842,0.000324,0.000323,0.000486,0.000482,0.000466,0.000446,0.000507,-0.001646,-0.001391,,-0.012209,-0.005511,-0.005477,0.0
BOBOA,A_tropical_8,JJA,2017-06-29T13:00Z,1.0,22.245,22.245,8.86,0.913832,0.039667,-0.173798,-0.285277,-0.01465,-0.014448,-0.031981,-0.02623,-0.013109,-0.007228,-0.029393,-0.09216,-0.07205,0.150925,0.026925,0.025733,0.026629,6.17
BOBOA,A_tropical_8,JJA,2017-07-06T10:00Z,1.0,19.443333,19.443333,23.9,-0.20542,-0.019167,-0.138233,-0.096378,-0.020403,-0.019872,-0.039581,-0.034632,-0.018265,-0.009749,-0.039266,-0.028349,-0.024845,0.250534,0.027205,0.024546,0.024781,7.7675
BOBOA,A_tropical_8,JJA,2017-07-12T06:00Z,1.0,2.648333,2.648333,3.645,-0.309427,-0.052333,-0.042703,-0.04316,-0.004302,-0.004218,-0.00643,-0.005423,-0.003014,-0.001897,-0.005848,-0.00534,-0.004588,0.127004,0.008209,0.007366,0.007444,1.624583
BOBOA,A_tropical_8,JJA,2017-07-21T01:00Z,1.0,31.033333,31.033333,5.855,1.654048,-0.077,-0.069582,-0.075669,-0.006661,-0.006528,-0.010736,-0.009276,-0.005458,-0.003389,-0.010231,-0.065456,-0.050198,0.133309,0.012653,0.011737,0.011905,3.0775
BOBOA,A_tropical_8,JJA,2017-08-16T17:00Z,1.0,0.753333,0.753333,2.43,-1.086824,-0.005333,-0.021112,-0.009544,-0.000794,-0.000801,-0.001794,-0.001496,-0.000869,-0.000993,-0.001657,-0.001267,-0.001109,0.07084,0.011013,0.004799,0.004874,2.055
BOBOA,A_tropical_8,JJA,2017-08-18T20:00Z,1.0,20.425,20.425,15.39,0.281449,-0.102167,-0.394124,-0.39322,-0.024642,-0.02446,-0.078698,-0.053107,-0.025899,-0.015556,-0.059026,-0.15106,-0.077827,0.134747,0.050873,0.050889,0.054435,9.170833
BOBOA,A_tropical_8,JJA,2017-08-24T11:00Z,1.0,43.028333,43.028333,27.36,0.45145,-0.244167,-0.23873,-0.299071,-0.03026,-0.029653,-0.071302,-0.060753,-0.028614,-0.013327,-0.069748,-0.127397,-0.107498,0.254484,0.038803,0.038253,0.039044,12.855417
BOBOA,A_tropical_8,JJA,2017-08-31T03:00Z,1.0,82.958333,82.958333,17.055,1.577253,-0.4265,-0.501468,-0.89663,-0.033375,-0.032989,-0.104845,-0.082113,-0.035071,-0.016871,-0.091952,-0.722841,-0.384637,0.163746,0.06673,0.066041,0.069617,12.9525
BOBOA,A_tropical_8,SON,2017-09-16T04:00Z,1.0,57.1,57.1,29.97,0.643026,-0.803833,-0.175854,-0.594424,-0.032643,-0.032022,-0.10284,-0.075387,-0.017914,-0.004809,-0.083615,-0.316249,-0.231298,0.428688,0.019573,0.020984,0.022107,9.463333
BOBOA,A_tropical_8,SON,2017-09-30T17:00Z,1.0,15.121667,15.121667,0.0,5.025305,-0.089333,0.021711,-0.799854,0.001018,0.00101,0.001507,0.00138,0.000958,0.000439,0.001462,-0.187212,-0.042823,,-0.000834,-0.001385,-0.00184,0.0
BOBOA,A_tropical_8,SON,2017-10-12T07:00Z,1.0,4.43,4.43,0.0,3.813307,-0.0965,0.0,-0.24145,0.0,0.0,0.0,0.0,0.0,0.0,0.0,-0.05617,-0.023646,,0.0,0.0,0.0,0.0
BOBOA,A_tropical_8,SON,2017-11-07T19:00Z,1.0,25.618333,25.618333,6.34,1.384676,-0.137667,-0.13594,-0.299526,-0.010079,-0.009938,-0.01907,-0.015504,-0.00696,-0.004076,-0.016955,-0.096676,-0.074731,0.114053,0.021838,0.020903,0.021459,4.9275
BOBOA,A_tropical_8,SON,2017-11-09T14:00Z,1.0,7.721667,7.721667,5.12,0.4044,-0.0595,0.023101,-0.099296,0.007206,0.007028,0.020795,0.015217,0.002742,-0.005472,0.017293,-0.022769,-0.019154,,0.008461,0.006525,0.005914,2.934167
BOBOA,A_tropical_8,SON,2017-11-23T15:00Z,1.0,1.055,1.055,0.0,2.446685,-0.0395,0.0,-0.021547,0.0,0.0,0.0,0.0,0.0,0.0,0.0,-0.003369,-0.002115,,0.0,0.0,0.0,0.0
BOBOA,A_tropical_8,DJF,2017-12-05T22:00Z,1.0,4.66,4.66,23.28,-1.591633,-0.028333,-0.169694,-0.062876,-0.02363,-0.023083,-0.049789,-0.043377,-0.022187,-0.011137,-0.049576,-0.008292,-0.007175,0.255617,0.03022,0.028168,0.028525,9.42375
BOBOA,A_tropical_8,DJF,2017-12-29T03:00Z,1.0,3.456667,3.456667,0.0,3.571409,-0.038167,0.0,-0.073974,0.0,0.0,0.0,0.0,0.0,0.0,0.0,-0.008401,-0.007064,,0.0,0.0,0.0,0.0
TAO170W,A_tropical_8,JJA,2008-06-23T16:00Z,1.0,8.415333,8.415333,4.39,0.640016,-0.061333,-0.210622,-0.312553,-0.012233,-0.01218,-0.031409,-0.020257,-0.007031,-0.003491,-0.021258,-0.067796,-0.036417,0.096179,0.020385,0.02034,0.022592,3.629583
TAO170W,A_tropical_8,JJA,2008-07-08T12:00Z,1.0,2.708333,2.708333,0.23,2.141254,-0.002,-0.005724,-0.098024,-0.000427,-0.000424,-0.000645,-0.000476,-0.00019,-0.0001,-0.000495,-0.012085,-0.008819,0.083165,0.00055,0.000549,0.000604,0.105417
TAO170W,A_tropical_8,DJF,2015-12-04T10:00Z,1.0,7.531667,7.531667,2.52,1.069132,-0.076,-0.077423,-0.164969,0.007979,0.007964,0.032329,0.01412,-0.004242,-0.0058,0.013932,-0.041589,-0.029668,-0.182376,0.021322,0.020569,0.019598,1.894583
TAO170W,A_tropical_8,DJF,2015-12-11T06:00Z,1.0,10.603333,10.603333,1.935,1.660059,-0.078,-0.087266,-0.588446,-0.006025,-0.006057,-0.020689,-0.010306,-0.002683,-0.000805,-0.010882,-0.155712,-0.053949,0.118102,0.008147,0.008145,0.008621,0.930417
TAO170W,A_tropical_8,DJF,2015-12-13T23:00Z,1.0,5.128333,5.128333,0.795,1.765024,-0.0475,-0.014361,-0.257745,-0.001518,-0.001529,-0.00428,-0.002297,-0.000187,-6e-06,-0.002438,-0.042085,-0.024869,0.159977,0.000944,0.000944,0.001267,0.19875
TAO170W,A_tropical_8,DJF,2015-12-19T00:00Z,1.0,2.648333,2.648333,6.205,-0.830348,0.003333,-0.186152,-0.058384,-0.011576,-0.011466,-0.02596,-0.020625,-0.009168,-0.004916,-0.023024,-0.008342,-0.007071,0.110796,0.025113,0.024153,0.025343,3.415833
TAO170W,A_tropical_8,DJF,2016-01-03T22:00Z,1.0,10.1475,10.1475,18.565,-0.599616,-0.032167,-0.470059,-0.237015,-0.03533,-0.035389,-0.21899,-0.086035,-0.013869,-0.002599,-0.087875,-0.087517,-0.033515,0.18303,0.046655,0.044287,0.051398,7.834583
TAO170W,A_tropical_8,DJF,2016-01-09T04:00Z,1.0,15.09,15.09,15.11,-0.001316,-0.029167,-0.134875,-0.151286,-0.015176,-0.014866,-0.03148,-0.028818,-0.019748,-0.012777,-0.033008,-0.035361,-0.03174,0.213662,0.032347,0.027267,0.027136,12.295
TAO170W,A_tropical_8,DJF,2016-01-16T19:00Z,1.0,48.510833,48.510833,23.57,0.719638,-0.106167,-0.513723,-0.713682,-0.046677,-0.04636,-0.194806,-0.120878,-0.027691,-0.004851,-0.134395,-0.547861,-0.158738,0.235298,0.056846,0.056121,0.061347,12.589583
TAO170W,A_tropical_8,DJF,2016-01-18T23:00Z,1.0,92.2,92.2,73.7,0.223685,-0.824667,-2.473289,-3.174524,-0.153454,-0.153348,-1.44176,-0.385069,-0.050905,-0.014369,-0.382719,-2.375529,-0.559839,0.155691,0.213359,0.209087,0.247013,40.4475
TAO170W,A_tropical_8,DJF,2016-01-23T20:00Z,1.0,11.915,11.915,6.81,0.553186,-0.136,-0.349283,-0.4768,-0.019242,-0.019157,-0.062212,-0.039671,-0.011305,-0.005803,-0.042184,-0.114874,-0.049657,0.113579,0.029366,0.032636,0.036547,5.865833
TAO170W,A_tropical_8,DJF,2016-01-27T11:00Z,1.0,3.185,3.185,7.12,-0.787488,0.0055,-0.098279,-0.083184,-0.009606,-0.009451,-0.018916,-0.015486,-0.006813,-0.003305,-0.017297,-0.0111,-0.008593,0.157576,0.014838,0.014131,0.014381,3.149583
TAO170W,A_tropical_8,DJF,2016-02-02T02:00Z,1.0,15.945,15.945,12.275,0.259719,-0.140667,-1.187568,-0.45993,-0.011678,-0.011075,0.038274,-0.107556,-0.055794,-0.020629,-0.131612,-0.208899,-0.117105,0.090568,0.117587,0.116285,0.127964,8.47125
TAO170W,A_tropical_8,DJF,2016-02-06T02:00Z,1.0,34.196667,34.196667,7.925,1.452486,-0.236333,-0.0709,-0.506026,-0.002468,-0.002561,-0.032842,-0.007312,-0.02109,-0.020345,-0.007844,-0.422271,-0.237193,0.103125,0.046024,0.040207,0.036473,4.98625
TAO170W,A_tropical_8,DJF,2016-02-12T11:00Z,1.0,58.188333,58.188333,53.975,0.07503,-0.341833,-0.93994,-0.850607,-0.096692,-0.095854,-0.489662,-0.296954,-0.053531,-0.003809,-0.32918,-0.55818,-0.327851,0.315929,0.08596,0.09539,0.103975,28.755417
TAO170W,A_tropical_8,DJF,2016-02-23T11:00Z,1.0,34.594,34.594,42.525,-0.205874,-0.240333,-0.431159,-0.398659,-0.060093,-0.059096,-0.203492,-0.163206,-0.054249,-0.017902,-0.18606,-0.17914,-0.145049,0.37853,0.056699,0.058484,0.060384,21.81875
TAO170W,A_tropical_8,MAM,2016-03-03T05:00Z,1.0,1.113333,1.113333,0.56,0.608887,0.012667,-0.014831,-0.028475,-0.001053,-0.00104,-0.001532,-0.001234,-0.000634,-0.000377,-0.001301,-0.002971,-0.002419,0.083185,0.00187,0.001792,0.001881,0.458333
TAO170W,A_tropical_8,MAM,2016-03-05T16:00Z,1.0,3.981667,3.981667,13.975,-1.237895,-0.0235,-0.576044,-0.152076,-0.030365,-0.03046,-0.208542,-0.090268,-0.015629,-0.003257,-0.095786,-0.046629,-0.013852,0.156704,0.02182,0.037127,0.046424,7.66875
TAO170W,A_tropical_8,MAM,2016-03-17T21:00Z,1.0,1.493333,1.493333,0.0,2.768413,-0.0015,0.0,-0.045981,0.0,0.0,0.0,0.0,0.0,0.0,0.0,-0.004093,-0.003394,,0.0,0.0,0.0,0.0
TAO170W,A_tropical_8,MAM,2016-03-25T12:00Z,1.0,13.095,13.095,11.945,0.091188,-0.188,-0.514737,-0.305936,-0.03272,-0.032611,-0.134386,-0.086869,-0.021446,-0.004589,-0.096176,-0.091646,-0.061917,0.168763,0.053999,0.053307,0.058751,7.154167
TAO170W,A_tropical_8,MAM,2016-03-27T19:00Z,1.0,1.083333,1.083333,0.0,2.47092,0.0215,0.0,-0.028975,0.0,0.0,0.0,0.0,0.0,0.0,0.0,-0.004535,-0.003131,,0.0,0.0,0.0,0.0
TAO170W,A_tropical_8,MAM,2016-03-29T20:00Z,1.0,17.73,17.73,8.1,0.776748,-0.1115,-0.119544,-0.182764,-0.013001,-0.012791,-0.027764,-0.023816,-0.013271,-0.007596,-0.027224,-0.073658,-0.055623,0.199219,-0.003806,0.009678,0.010455,5.516667
TAO170W,A_tropical_8,MAM,2016-04-20T09:00Z,1.0,0.6,0.6,0.0,1.94591,-0.010333,-0.06658,-0.038266,-0.002123,-0.002109,-0.0027,-0.002433,-0.001671,-0.001131,-0.002469,-0.003566,-0.002857,0.03655,0.006639,0.006623,0.007299,0.0
TAO170W,A_tropical_8,JJA,2017-07-06T01:00Z,1.0,12.703333,12.703333,0.255,3.585343,-0.059167,-0.008371,-0.234231,-0.00051,-0.000505,-0.000757,-0.000567,,,-0.000586,-0.068215,-0.042321,0.067698,0.000935,0.000929,0.000992,0.17
TAO170W,A_tropical_8,JJA,2017-07-22T14:00Z,1.0,6.505,6.505,12.81,-0.670175,-0.008833,-0.197813,-0.150149,-0.019595,-0.01929,-0.046335,-0.036903,,,-0.041191,-0.020626,-0.016574,0.186554,0.02553,0.024994,0.025978,6.42875
TAO170W,A_tropical_8,JJA,2017-07-26T03:00Z,1.0,2.803333,2.803333,1.35,0.694296,-0.017167,-0.08826,-0.143257,-0.00361,-0.003582,-0.00645,-0.005171,,,-0.005619,-0.015619,-0.012083,0.058587,0.009056,0.008983,0.009814,1.04625
TAO155W,A_tropical_8,DJF,2010-01-26T07:00Z,1.0,14.963333,14.963333,1.775,2.083655,-0.040833,-0.015259,-0.187065,-0.001984,-0.001944,-0.00318,-0.002515,,,-0.002708,-0.047062,-0.039727,0.164831,0.001646,0.00164,0.001737,0.452917
TAO155W,A_tropical_8,DJF,2010-02-01T12:00Z,1.0,16.458333,16.458333,0.99,2.720712,-0.078,-0.018864,-0.91408,-0.002125,-0.002132,-0.004978,-0.003025,,,-0.003219,-0.253379,-0.081419,0.160351,-0.000625,-0.000224,0.000332,0.4125
TAO155W,A_tropical_8,DJF,2010-02-11T02:00Z,1.0,16.633333,16.633333,1.65,2.257787,-0.320833,-0.288613,-0.73455,-0.008753,-0.008754,-0.022773,-0.014807,,,-0.015386,-0.24311,-0.069188,0.051304,0.024868,0.024592,0.028672,1.191667
TAO155W,A_tropical_8,DJF,2010-02-14T12:00Z,1.0,26.678333,26.678333,17.08,0.443847,-0.108167,-0.355787,-0.358621,-0.03313,-0.032717,-0.092869,-0.077568,,,-0.089207,-0.149043,-0.124586,0.218018,0.044696,0.046823,0.048744,12.683333
TAO155W,A_tropical_8,DJF,2010-02-18T02:00Z,1.0,15.26,15.26,24.09,-0.454173,-0.0815,-0.694866,-0.427243,-0.019487,-0.019488,-0.160551,-0.140948,,,-0.163607,-0.124082,-0.073504,0.202842,0.091791,0.087392,0.091472,12.815833
TAO155W,A_tropical_8,DJF,2010-02-21T02:00Z,1.0,13.846667,13.846667,6.37,0.768064,-0.062667,-0.362702,-0.334583,-0.021662,-0.021514,-0.059037,-0.042324,,,-0.046291,-0.099169,-0.056851,0.116691,0.04192,0.041773,0.04505,5.460833
TAO155W,A_tropical_8,DJF,2010-02-25T08:00Z,1.0,16.475,16.475,4.34,1.317241,-0.055,-0.115118,-0.17147,-0.006121,-0.006003,-0.009374,-0.008635,,,-0.009497,-0.046772,-0.041829,0.075007,0.019649,0.018206,0.018466,2.777917
TAO155W,A_tropical_8,MAM,2010-03-11T20:00Z,1.0,2.123333,2.123333,0.0,3.101593,-0.0285,0.0,-0.079122,0.0,0.0,0.0,0.0,,,0.0,-0.009391,-0.007358,,0.0,0.0,0.0,0.0
TAO155W,A_tropical_8,MAM,2010-03-16T12:00Z,1.0,17.236667,17.236667,8.505,0.70048,-0.1065,-0.847868,-0.395866,-0.025228,-0.02506,-0.080107,-0.060159,,,-0.067784,-0.128274,-0.068414,0.070954,0.062791,0.062444,0.077645,4.68875
TAO155W,A_tropical_8,MAM,2010-04-03T10:00Z,1.0,4.55,4.55,3.795,0.177174,-0.0075,-0.055597,-0.099181,-0.006258,-0.006216,-0.016534,-0.011181,,,-0.012269,-0.018232,-0.012639,0.201111,0.004818,0.0049,0.005536,1.1775
TAO140W,A_tropical_8,JJA,2004-06-10T10:00Z,1.0,21.681667,21.681667,7.5,1.05292,-0.038389,-0.078115,-0.163748,-0.008721,-0.008538,-0.015707,-0.013111,,-0.003045,-0.014566,-0.070366,-0.054782,0.167837,0.009994,0.009795,0.010176,2.7375
TAO140W,A_tropical_8,MAM,2005-03-27T17:00Z,1.0,5.816667,5.816667,0.15,3.164068,-0.057528,0.002785,-0.383808,-0.000296,-0.000294,-0.000486,-0.000328,,,-0.000338,-0.064667,-0.023427,,-0.002873,-0.001618,-0.001535,0.1125
TAO140W,A_tropical_8,JJA,2005-06-03T02:00Z,1.0,1.97,1.97,17.15,-2.120264,-0.028694,-0.633225,-0.067041,-0.050846,-0.051029,-0.349144,-0.09003,,,-0.088044,-0.014447,-0.009537,0.142177,0.060139,0.059559,0.063154,9.9125
TAO140W,A_tropical_8,JJA,2008-06-11T14:00Z,1.0,0.666667,0.666667,0.695,-0.03629,0.005,-0.02367,-0.019473,-0.001375,-0.00136,-0.002051,-0.001612,,,-0.001695,-0.001863,-0.001485,0.068112,0.002999,0.002937,0.003078,0.550417
TAO140W,A_tropical_8,JJA,2008-08-06T02:00Z,1.0,6.606667,6.606667,2.295,1.029719,-0.002,-0.009464,-0.085234,-0.002048,-0.002008,-0.003849,-0.002797,-0.00063,-0.00019,-0.003043,-0.022083,-0.015351,0.29555,0.001241,0.001219,0.001251,0.37
TAO140W,A_tropical_8,JJA,2009-07-10T13:00Z,1.0,11.981667,11.981667,1.84,1.829001,-0.0125,-0.027082,-0.121175,-0.002637,-0.002589,-0.004014,-0.003365,-0.00182,-0.001047,-0.003639,-0.033262,-0.025193,0.124234,0.003917,0.003763,0.003862,0.958333
TAO140W,A_tropical_8,MAM,2015-04-12T14:00Z,1.0,34.27,34.27,23.29,0.384876,-0.608833,-0.763694,-1.127454,-0.044306,-0.044542,-0.468948,-0.158915,-0.047298,-0.011427,-0.163506,-0.739186,-0.24836,0.208087,0.107348,0.105247,0.106255,13.625417
TAO140W,A_tropical_8,JJA,2015-06-30T06:00Z,1.0,1.93,1.93,1.125,0.505095,-0.021167,-0.086078,-0.060676,-0.003739,-0.003709,-0.006378,-0.005218,-0.002704,-0.001708,-0.005577,-0.006188,-0.004889,0.060614,0.012025,0.011617,0.012051,1.07375
TAO140W,A_tropical_8,MAM,2016-03-03T02:00Z,1.0,4.608333,4.608333,0.345,2.359015,-0.088167,-0.20081,-0.185271,0.007517,0.007657,0.051202,0.016085,-0.00716,-0.005749,0.015989,-0.045716,-0.03083,-0.080101,0.020562,0.020515,0.022426,0.14375
TAO140W,A_tropical_8,MAM,2016-03-09T07:00Z,1.0,3.343333,3.343333,0.58,1.622102,0.012,-0.001859,-0.093978,-0.000616,-0.000614,-0.00133,-0.000806,-6.6e-05,-3e-06,-0.000862,-0.011842,-0.008819,,0.000127,0.000127,0.00016,0.0675
TAO125W,A_tropical_8,MAM,2010-04-24T12:00Z,1.0,8.883333,8.883333,5.99,0.388723,-0.037167,-0.10174,-0.104986,-0.008984,-0.00884,-0.01711,-0.013938,,,-0.015327,-0.024297,-0.020912,0.136991,0.014696,0.014128,0.014558,3.592083
TAO110W,A_tropical_8,MAM,2015-05-05T08:00Z,1.0,11.408333,11.408333,9.95,0.135499,-0.047333,-0.198403,-0.211576,-0.017982,-0.017911,-0.061941,-0.0355,-0.007816,-0.001954,-0.038472,-0.066754,-0.050555,0.178929,0.019815,0.019699,0.021785,4.126667
TAO110W,A_tropical_8,MAM,2015-05-06T15:00Z,1.0,1.571667,1.571667,0.68,0.762282,-0.025167,0.092977,-0.032098,-0.000526,-0.000519,-0.002138,-0.000984,0.000208,0.0006,-0.001175,-0.004525,-0.002978,,-0.024832,-0.020069,-0.0198,0.642083
TAO110W,A_tropical_8,DJF,2018-02-28T15:00Z,1.0,16.558333,16.558333,0.0,5.115496,-0.003667,-0.009304,-1.006135,0.003286,0.003237,0.007817,0.005341,,-0.000787,0.006358,-0.246809,-0.064115,-0.574044,0.008566,0.006948,0.006437,0.0
KEO,B_subtropical_midlatitude_5,SON,2007-10-19T21:00Z,1.0,82.144167,82.144167,53.6,0.426279,-0.396833,-0.575865,-0.649708,-0.088621,-0.087507,-0.393451,-0.271821,,,-0.300961,-0.715261,-0.498823,0.472022,0.081234,0.076112,0.079677,28.445833
KEO,B_subtropical_midlatitude_5,SON,2007-11-06T00:00Z,1.0,33.531667,33.531667,5.4,1.81072,-0.138167,-0.079859,-0.251449,-0.006133,-0.006021,-0.009669,-0.008772,,,-0.00969,-0.101756,-0.08568,0.109849,0.017734,0.015086,0.015112,3.608333
KEO,B_subtropical_midlatitude_5,SON,2007-11-28T09:00Z,1.0,12.065,12.065,4.4,0.994486,-0.0065,-0.071691,-0.179161,0.003766,0.003886,0.018563,0.009444,,,0.010352,-0.026606,-0.02058,-0.13173,0.007848,0.011033,0.010491,2.245833
KEO,B_subtropical_midlatitude_5,DJF,2007-12-13T00:00Z,1.0,9.726667,9.726667,8.3,0.156868,-0.0305,-0.112674,-0.104375,-0.011069,-0.010856,-0.018939,-0.016441,,,-0.018085,-0.022304,-0.019268,0.145922,0.018139,0.018754,0.018895,5.270833
KEO,B_subtropical_midlatitude_5,DJF,2007-12-22T12:00Z,1.0,8.573333,8.573333,8.05,0.062235,-0.008833,-0.053832,-0.083657,-0.003583,-0.003461,-0.003551,-0.004732,,,-0.00521,-0.011999,-0.010771,0.087901,0.026175,0.019402,0.01873,4.608333
KEO,B_subtropical_midlatitude_5,DJF,2008-01-20T23:00Z,1.0,27.876667,27.876667,8.68,1.158894,-0.050333,-0.093095,-0.121107,-0.006395,-0.006271,-0.009559,-0.008915,,,-0.009808,-0.048689,-0.041721,0.095757,0.033706,0.021453,0.021335,5.929167
KEO,B_subtropical_midlatitude_5,DJF,2008-01-28T14:00Z,1.0,10.35,10.35,8.255,0.223742,-0.051833,-0.068364,-0.089858,-0.007578,-0.007393,-0.011605,-0.0104,,,-0.011442,-0.016438,-0.014742,0.152129,0.011977,0.012312,0.012339,3.710417
KEO,B_subtropical_midlatitude_5,DJF,2008-02-02T04:00Z,1.0,3.265,3.265,0.0,3.516013,-0.042,0.001203,-0.075956,2.7e-05,2.7e-05,2.9e-05,2.8e-05,,,2.9e-05,-0.008591,-0.006836,,-0.000298,-0.000284,-0.00028,0.0
KEO,B_subtropical_midlatitude_5,DJF,2008-02-26T16:00Z,1.0,1.675,1.675,4.365,-0.922469,0.007667,-0.026897,-0.015945,-0.002285,-0.00222,-0.002795,-0.002594,,,-0.002727,-0.001617,-0.001465,0.096452,0.008998,0.006056,0.006009,1.22625
KEO,B_subtropical_midlatitude_5,MAM,2008-03-19T18:00Z,1.0,2.256667,2.256667,11.875,-1.625573,0.011,-0.062984,-0.018569,-0.007548,-0.007305,-0.010841,-0.009706,,,-0.010555,-0.002354,-0.00208,0.154103,0.016028,0.013121,0.013042,4.567083
KEO,B_subtropical_midlatitude_5,MAM,2008-03-24T21:00Z,1.0,15.736667,15.736667,8.07,0.661859,-0.058167,-0.104196,-0.296625,-0.012705,-0.012738,-0.054873,-0.020638,,,-0.021222,-0.131498,-0.05505,0.198072,0.010433,0.007996,0.009641,2.769583
KEO,B_subtropical_midlatitude_5,MAM,2008-03-30T08:00Z,1.0,2.851667,2.851667,8.96,-1.121499,-0.007,-0.188839,-0.070293,-0.014599,-0.014369,-0.029177,-0.025043,,,-0.028189,-0.007761,-0.006591,0.132614,0.030619,0.028856,0.029395,6.030417
KEO,B_subtropical_midlatitude_5,MAM,2008-04-03T01:00Z,1.0,1.583333,1.583333,6.555,-1.374592,-0.006667,-0.083809,-0.017618,-0.006684,-0.006524,-0.0091,-0.008398,,,-0.009078,-0.001825,-0.001659,0.100207,0.023165,0.017826,0.017721,3.402083
KEO,B_subtropical_midlatitude_5,MAM,2008-04-10T14:00Z,1.0,17.916667,17.916667,8.605,0.7274,0.001833,-0.142003,-0.109644,-0.008514,-0.008383,-0.015259,-0.013956,,,-0.015572,-0.033007,-0.026932,0.098277,0.034878,0.028199,0.028175,3.520417
KEO,B_subtropical_midlatitude_5,MAM,2008-05-01T23:00Z,1.0,2.833333,2.833333,7.33,-0.929386,-0.001333,-0.136138,-0.035892,-0.009537,-0.009371,-0.016266,-0.015238,,,-0.017148,-0.003855,-0.003468,0.111929,0.035569,0.028189,0.028078,4.1425
KEO,B_subtropical_midlatitude_5,MAM,2008-05-15T18:00Z,1.0,7.335,7.335,1.105,1.819719,-0.067833,-0.07204,-0.517496,-0.00277,-0.002793,-0.00928,-0.004262,,,-0.004468,-0.139963,-0.03959,0.059158,0.00456,0.00456,0.006385,0.57125
KEO,B_subtropical_midlatitude_5,MAM,2008-05-23T17:00Z,1.0,3.333333,3.333333,11.1,-1.182382,-0.029333,-0.773271,-0.225495,-0.032834,-0.032957,-0.206233,-0.086724,,,-0.089502,-0.038737,-0.020005,0.112152,0.053589,0.053573,0.068292,6.494167
KEO,B_subtropical_midlatitude_5,MAM,2008-05-29T16:00Z,1.0,18.69,18.69,27.39,-0.380497,-0.051333,-0.197841,-0.17869,-0.022162,-0.02174,-0.056105,-0.048633,,,-0.056031,-0.037313,-0.032067,0.245818,0.047551,0.033324,0.03394,14.084583
KEO,B_subtropical_midlatitude_5,JJA,2008-06-02T19:00Z,1.0,16.136667,16.136667,53.57,-1.195582,0.01,-0.200885,-0.071043,-0.030935,-0.029946,-0.055257,-0.051654,,,-0.058771,-0.012469,-0.011446,0.25713,0.0611,0.044482,0.044104,24.981667
KEO,B_subtropical_midlatitude_5,JJA,2008-06-05T05:00Z,1.0,10.86,10.86,11.17,-0.027892,-0.045167,-0.184623,-0.114807,-0.013998,-0.013717,-0.024946,-0.0228,,,-0.025627,-0.019485,-0.017361,0.123492,0.04224,0.036118,0.036059,7.484167
KEO,B_subtropical_midlatitude_5,JJA,2008-06-09T06:00Z,1.0,5.945,5.945,4.575,0.257002,-0.002333,-0.057313,-0.088105,-0.005712,-0.005597,-0.00869,-0.007522,,,-0.008189,-0.013196,-0.011352,0.13125,0.008925,0.009258,0.009369,2.574167
KEO,B_subtropical_midlatitude_5,JJA,2008-06-15T23:00Z,1.0,1.295,1.295,10.295,-2.008431,0.015,-0.711451,-0.051511,-0.023877,-0.023788,-0.099171,-0.0479,,,-0.051551,-0.004676,-0.003083,0.067327,0.059029,0.058907,0.06966,6.883333
KEO,B_subtropical_midlatitude_5,SON,2008-09-15T15:00Z,1.0,2.533333,2.533333,13.4,-1.634439,0.003167,-0.214224,-0.054828,-0.017948,-0.017697,-0.04183,-0.035388,,,-0.039502,-0.006328,-0.005169,0.165192,0.041113,0.036565,0.036989,9.0725
KEO,B_subtropical_midlatitude_5,SON,2008-09-17T01:00Z,1.0,0.633333,0.633333,6.425,-2.185796,-0.008167,-0.282508,-0.016818,-0.015361,-0.015195,-0.040388,-0.034741,,,-0.039127,-0.002231,-0.001863,0.122973,0.040143,0.039766,0.041304,5.7375
KEO,B_subtropical_midlatitude_5,SON,2008-09-28T20:00Z,1.0,0.616667,0.616667,0.93,-0.362703,0.009333,0.021476,-0.006452,0.000248,0.000222,0.00051,0.000549,,,0.000709,-0.001001,-0.000879,,-0.011278,-0.005933,-0.005896,0.802917
KEO,B_subtropical_midlatitude_5,SON,2008-10-01T03:00Z,1.0,34.606667,34.606667,10.33,1.202246,-0.0704,-0.158288,-0.346095,-0.014857,-0.014596,-0.029191,-0.025621,,,-0.02884,-0.153456,-0.107685,0.161866,0.029903,0.026321,0.026699,7.379167
KEO,B_subtropical_midlatitude_5,SON,2008-10-07T19:00Z,1.0,20.375,20.375,13.565,0.404367,-0.095667,-0.192281,-0.261175,-0.020617,-0.02028,-0.046102,-0.038679,,,-0.043636,-0.080722,-0.067223,0.20116,0.030437,0.028761,0.029417,9.399583
KEO,B_subtropical_midlatitude_5,SON,2008-10-11T04:00Z,1.0,42.965,42.965,6.455,1.882482,0.015167,-0.043067,-0.371149,-0.005919,-0.005775,-0.009275,-0.007805,,,-0.008508,-0.171268,-0.127135,0.18124,0.006828,0.006492,0.006615,2.16
KEO,B_subtropical_midlatitude_5,SON,2008-10-26T18:00Z,1.0,7.3,7.3,4.16,0.552211,-0.012167,-0.08776,-0.15379,-0.005704,-0.005604,-0.009208,-0.007755,,,-0.008434,-0.022739,-0.019208,0.088361,0.01457,0.013748,0.013999,2.694583
KEO,B_subtropical_midlatitude_5,SON,2008-10-31T21:00Z,1.0,21.483333,21.483333,15.2,0.344069,-0.039,-0.482057,-0.445892,-0.030608,-0.030432,-0.111217,-0.067048,,,-0.075913,-0.159265,-0.10716,0.139088,0.061197,0.058401,0.063262,10.440833
KEO,B_subtropical_midlatitude_5,SON,2008-11-03T02:00Z,1.0,12.15,12.15,4.745,0.927579,0.008167,-0.023782,-0.131208,-0.003345,-0.003258,-0.005178,-0.004515,,,-0.004991,-0.026107,-0.022176,0.189843,0.008384,0.005438,0.005598,2.270417
KEO,B_subtropical_midlatitude_5,SON,2008-11-07T04:00Z,1.0,13.5,13.5,15.81,-0.156878,-0.034333,-0.181755,-0.108862,-0.017851,-0.017453,-0.031074,-0.028644,,,-0.032132,-0.022623,-0.020332,0.157596,0.047645,0.037789,0.037649,12.1875
KEO,B_subtropical_midlatitude_5,SON,2008-11-27T16:00Z,1.0,14.3,14.3,9.55,0.40027,-0.036167,-0.302239,-0.22132,-0.009882,-0.009823,-0.030691,-0.02382,,,-0.026994,-0.031393,-0.023801,0.078812,0.044389,0.040614,0.042797,4.809583
KEO,B_subtropical_midlatitude_5,DJF,2008-12-09T17:00Z,1.0,4.216667,4.216667,11.035,-0.94761,0.085333,-0.07656,-0.017093,-0.01014,-0.00994,-0.01941,-0.016005,,,-0.017782,-0.007908,-0.005783,0.209048,0.018419,0.014166,0.014228,4.334583
KEO,B_subtropical_midlatitude_5,DJF,2008-12-13T20:00Z,1.0,7.433333,7.433333,8.615,-0.145708,-0.02,-0.229413,-0.184517,-0.017405,-0.017242,-0.044429,-0.03398,,,-0.037768,-0.034556,-0.026848,0.148119,0.028406,0.027912,0.029484,4.96375
KEO,B_subtropical_midlatitude_5,DJF,2008-12-17T12:00Z,1.0,9.683333,9.683333,9.295,0.040503,0.021333,-0.123206,-0.081866,-0.012391,-0.01216,-0.021923,-0.018963,,,-0.021147,-0.019905,-0.017362,0.153915,0.024047,0.021099,0.021299,5.210833
KEO,B_subtropical_midlatitude_5,DJF,2009-01-22T20:00Z,1.0,2.23,2.23,10.97,-1.55837,0.0095,-0.097611,-0.023588,-0.009211,-0.008983,-0.014817,-0.013468,,,-0.014915,-0.002937,-0.002584,0.137973,0.026078,0.02012,0.020022,6.608333
KEO,B_subtropical_midlatitude_5,DJF,2009-02-27T08:00Z,1.0,3.95,3.95,6.665,-0.513045,-0.010167,-0.074429,-0.063497,-0.007158,-0.006991,-0.011113,-0.009788,,,-0.010717,-0.007173,-0.006182,0.131513,0.010244,0.011634,0.011702,4.023333
KEO,B_subtropical_midlatitude_5,MAM,2009-03-01T00:00Z,1.0,5.951667,5.951667,7.64,-0.246068,-0.004167,-0.085109,-0.048493,-0.005192,-0.005123,-0.008564,-0.008073,,,-0.009059,-0.00699,-0.00619,0.094854,0.021596,0.017278,0.01726,3.455
KEO,B_subtropical_midlatitude_5,MAM,2009-03-03T22:00Z,1.0,9.983333,9.983333,16.335,-0.488529,-0.0085,-0.07475,-0.057706,-0.007748,-0.00752,-0.011351,-0.010758,,,-0.011855,-0.008881,-0.008162,0.143914,0.030986,0.018468,0.018301,7.854583
KEO,B_subtropical_midlatitude_5,MAM,2009-03-07T23:00Z,1.0,5.9,5.9,15.525,-0.957113,-0.010167,-0.783915,-0.2618,-0.032157,-0.032379,-0.347289,-0.103376,,,-0.105584,-0.094268,-0.034296,0.131871,0.069004,0.069739,0.075624,8.42375
KEO,B_subtropical_midlatitude_5,MAM,2009-03-09T15:00Z,1.0,13.65,13.65,24.17,-0.568202,-0.013667,-0.222985,-0.082477,-0.016044,-0.015535,-0.023265,-0.023511,,,-0.026373,-0.013182,-0.011773,0.105438,0.047123,0.041267,0.041315,9.915417
KEO,B_subtropical_midlatitude_5,MAM,2009-03-20T09:00Z,1.0,10.5,10.5,21.88,-0.729279,-0.018667,-0.172016,-0.077039,-0.021337,-0.020799,-0.037366,-0.033994,,,-0.038158,-0.012966,-0.01165,0.197624,0.04124,0.033948,0.033861,15.0
KEO,B_subtropical_midlatitude_5,MAM,2009-03-22T16:00Z,1.0,10.133333,10.133333,26.045,-0.938008,-0.006,-0.133129,-0.052558,-0.016687,-0.016163,-0.024131,-0.022459,,,-0.024615,-0.007618,-0.007011,0.1687,0.041765,0.029809,0.029528,13.21875
KEO,B_subtropical_midlatitude_5,MAM,2009-03-24T07:00Z,1.0,17.033333,17.033333,1.465,2.39314,-0.038667,-0.018936,-0.193283,-0.001874,-0.001837,-0.002599,-0.00217,,,-0.002278,-0.061306,-0.04576,0.114574,0.002974,0.002783,0.002844,0.5775
KEO,B_subtropical_midlatitude_5,MAM,2009-04-05T07:00Z,1.0,4.033333,4.033333,4.435,-0.092741,-0.004167,-0.076327,-0.067988,-0.005192,-0.005148,-0.009046,-0.007963,,,-0.008929,-0.009513,-0.008291,0.104321,0.018062,0.013846,0.013961,2.49375
KEO,B_subtropical_midlatitude_5,MAM,2009-04-12T02:00Z,1.0,14.233333,14.233333,16.025,-0.117783,-0.012167,-0.092411,-0.084598,-0.012506,-0.012144,-0.019615,-0.017621,,,-0.019479,-0.017065,-0.015286,0.190677,0.02061,0.01752,0.017492,5.950833
KEO,B_subtropical_midlatitude_5,MAM,2009-04-14T20:00Z,1.0,26.233333,26.233333,18.345,0.356042,-0.0165,-0.096675,-0.138746,-0.010012,-0.009735,-0.016087,-0.015009,,,-0.016812,-0.032336,-0.030234,0.155255,0.044067,0.024478,0.024287,12.1475
KEO,B_subtropical_midlatitude_5,MAM,2009-04-25T07:00Z,1.0,6.016667,6.016667,5.18,0.147091,-0.001833,-0.080974,-0.053562,-0.006274,-0.006137,-0.00844,-0.007902,,,-0.008518,-0.006333,-0.005784,0.09759,0.023857,0.017625,0.01752,3.594167
KEO,B_subtropical_midlatitude_5,MAM,2009-05-18T13:00Z,1.0,4.316667,4.316667,0.0,3.78797,0.046,-0.000277,-0.093362,7.2e-05,7.1e-05,7.6e-05,7.3e-05,,,7.3e-05,-0.013136,-0.010714,,0.000274,0.000158,0.000153,0.0
KEO,B_subtropical_midlatitude_5,MAM,2009-05-27T16:00Z,1.0,10.766667,10.766667,20.205,-0.625167,0.011,-0.147151,-0.076291,-0.01273,-0.012406,-0.021739,-0.020558,,,-0.023263,-0.011829,-0.01078,0.139705,0.047026,0.033532,0.033259,10.786667
KEO,B_subtropical_midlatitude_5,JJA,2009-06-03T18:00Z,1.0,14.116667,14.116667,8.35,0.520249,-0.030333,-0.112221,-0.179937,-0.010652,-0.010442,-0.01869,-0.016102,,,-0.018,-0.042313,-0.035725,0.143482,0.018698,0.017351,0.01764,4.165417
KEO,B_subtropical_midlatitude_5,JJA,2009-06-12T03:00Z,1.0,1.216667,1.216667,9.66,-2.003189,-0.004333,-0.229681,-0.022202,-0.0158,-0.015548,-0.032196,-0.028056,,,-0.031901,-0.002522,-0.002124,0.122151,0.033785,0.033809,0.034711,6.2275
KEO,B_subtropical_midlatitude_5,JJA,2009-06-18T19:00Z,1.0,15.1,15.1,34.31,-0.817052,-0.038667,-0.943388,-0.284818,-0.035066,-0.034239,-0.110026,-0.11419,,,-0.135979,-0.05272,-0.042089,0.121043,0.099766,0.098321,0.110334,15.845833
KEO,B_subtropical_midlatitude_5,JJA,2009-07-27T16:00Z,1.0,17.906667,17.906667,38.84,-0.77128,-0.168333,-0.812198,-0.371812,-0.082879,-0.082146,-0.379778,-0.228806,,,-0.238997,-0.129645,-0.097028,0.281712,0.105938,0.102811,0.108321,30.3525
KEO,B_subtropical_midlatitude_5,JJA,2009-08-02T23:00Z,1.0,3.966667,3.966667,4.55,-0.134044,-0.157833,-0.196553,-0.047204,-0.010378,-0.01027,-0.018339,-0.0167,,,-0.018255,-0.008483,-0.007526,0.084965,0.037913,0.033638,0.034048,3.07125
KEO,B_subtropical_midlatitude_5,SON,2009-09-07T16:00Z,1.0,7.521667,7.521667,2.015,1.28194,-0.052,-0.085924,-0.305395,-0.004427,-0.004415,-0.011268,-0.004692,,,-0.004195,-0.059938,-0.020832,0.054608,0.008449,0.008371,0.009363,1.847083
KEO,B_subtropical_midlatitude_5,SON,2009-10-05T02:00Z,1.0,55.06,55.06,0.64,4.311343,-0.093,-0.032411,-0.859936,-0.001665,-0.001673,-0.004049,-0.00171,,,-0.00164,-0.635514,-0.36784,0.052749,0.003461,0.003437,0.003765,0.233333
KEO,B_subtropical_midlatitude_5,MAM,2010-04-15T15:00Z,1.0,4.09,4.09,4.14,-0.011863,-0.006167,-0.031122,-0.107655,-0.000542,-0.000539,-0.002422,-0.002528,,,-0.003013,-0.014017,-0.010468,0.081239,0.012705,0.010146,0.010067,1.97125
KEO,B_subtropical_midlatitude_5,MAM,2010-04-20T11:00Z,1.0,8.681667,8.681667,17.285,-0.682942,-0.0015,-0.147272,-0.059593,-0.019016,-0.018571,-0.035688,-0.031618,,,-0.035581,-0.014024,-0.012217,0.214693,0.030106,0.02621,0.026332,8.724167
KEO,B_subtropical_midlatitude_5,MAM,2010-04-23T08:00Z,1.0,9.535,9.535,11.695,-0.202273,-0.014333,-0.076255,-0.061456,-0.012129,-0.011889,-0.027622,-0.020932,,,-0.023017,-0.020469,-0.016091,0.274496,0.016378,0.012421,0.012636,3.380417
KEO,B_subtropical_midlatitude_5,MAM,2010-04-28T04:00Z,1.0,1.361667,1.361667,7.31,-1.623253,-0.002833,-0.021641,-0.013265,-0.00146,-0.001425,-0.002678,-0.002465,,,-0.002804,-0.001184,-0.001094,0.113888,0.018607,0.005978,0.005984,4.025
KEO,B_subtropical_midlatitude_5,MAM,2010-05-11T00:00Z,1.0,10.646667,10.646667,29.85,-1.024934,-0.020167,-0.197845,-0.069011,-0.01825,-0.017822,-0.035865,-0.034213,,,-0.039311,-0.01051,-0.009552,0.172928,0.069396,0.047198,0.046763,18.386667
KEO,B_subtropical_midlatitude_5,JJA,2010-06-08T02:00Z,1.0,3.375,3.375,19.455,-1.727637,-0.007,-0.377584,-0.089785,-0.026888,-0.026507,-0.074159,-0.064262,,,-0.074746,-0.010032,-0.008241,0.170193,0.061576,0.057045,0.058331,9.894167
KEO,B_subtropical_midlatitude_5,JJA,2010-06-14T20:00Z,1.0,14.668333,14.668333,29.2,-0.685102,-0.0155,-0.361574,-0.205319,-0.044523,-0.043814,-0.134838,-0.110376,,,-0.126351,-0.046081,-0.038692,0.305264,0.053969,0.051389,0.052764,17.534167
KEO,B_subtropical_midlatitude_5,JJA,2010-07-31T22:00Z,1.0,18.393333,18.393333,11.49,0.467268,-0.107167,-0.117497,-0.186153,-0.00853,-0.008367,-0.024244,-0.022912,,,-0.027157,-0.051969,-0.043574,0.195,0.028399,0.024765,0.024465,7.939167
KEO,B_subtropical_midlatitude_5,SON,2010-09-22T19:00Z,1.0,6.653333,6.653333,0.99,1.823859,0.001667,-0.015277,-0.103655,-0.001249,-0.001224,-0.001815,-0.001528,,,-0.001633,-0.017341,-0.014785,0.099994,0.003856,0.002869,0.002898,0.81
KEO,B_subtropical_midlatitude_5,SON,2010-10-10T17:00Z,1.0,21.031667,21.031667,33.44,-0.461966,-0.0345,-0.281765,-0.184542,-0.046024,-0.045347,-0.155387,-0.104036,,,-0.113573,-0.071762,-0.060145,0.369228,0.044839,0.040692,0.042082,16.245
KEO,B_subtropical_midlatitude_5,SON,2010-10-18T15:00Z,1.0,44.15,44.15,4.005,2.37765,-0.0155,-0.022549,-0.14012,-0.002202,-0.002142,-0.003027,-0.002734,,,-0.002946,-0.065025,-0.057255,0.121238,0.0067,0.00473,0.004702,1.682083
KEO,B_subtropical_midlatitude_5,SON,2010-11-25T22:00Z,1.0,7.896667,7.896667,4.71,0.508328,-0.0175,-0.063413,-0.062379,-0.006424,-0.006303,-0.010054,-0.008744,,,-0.0095,-0.013505,-0.012422,0.137882,0.012544,0.0108,0.010914,3.677917
KEO,B_subtropical_midlatitude_5,DJF,2010-12-01T05:00Z,1.0,5.858333,5.858333,17.53,-1.084811,-0.0105,-0.157843,-0.065679,-0.018917,-0.018511,-0.039557,-0.033061,,,-0.037405,-0.011747,-0.009615,0.209454,0.023251,0.022346,0.022932,6.555833
KEO,B_subtropical_midlatitude_5,DJF,2010-12-16T05:00Z,1.0,6.823333,6.823333,8.445,-0.210449,-0.012667,-0.155117,-0.137383,-0.013193,-0.013114,-0.0368,-0.026698,,,-0.029768,-0.031636,-0.023278,0.172117,0.021089,0.018931,0.020182,4.153333
KEO,B_subtropical_midlatitude_5,SON,2011-11-22T19:00Z,1.0,38.696667,38.696667,9.815,1.364286,-0.04025,-0.189769,-0.362204,-0.015308,-0.015118,-0.033363,-0.028396,,,-0.032242,-0.19696,-0.134712,0.149636,0.037855,0.029945,0.030741,6.225417
KEO,B_subtropical_midlatitude_5,SON,2011-11-28T21:00Z,1.0,24.818333,24.818333,28.805,-0.148411,-0.0235,-0.167804,-0.129655,-0.022362,-0.02177,-0.045056,-0.040588,,,-0.046433,-0.040565,-0.035916,0.241875,0.040229,0.03285,0.032798,10.649167
KEO,B_subtropical_midlatitude_5,DJF,2011-12-01T20:00Z,1.0,19.176667,19.176667,14.005,0.312366,0.0335,-0.060885,-0.105175,-0.006265,-0.006073,-0.009534,-0.008879,,,-0.009844,-0.021695,-0.019631,0.145832,0.020437,0.013126,0.013094,5.392083
KEO,B_subtropical_midlatitude_5,DJF,2011-12-08T07:00Z,1.0,4.238333,4.238333,6.11,-0.358671,0.001667,-0.186433,-0.109802,-0.011275,-0.011218,-0.029087,-0.020076,,,-0.022125,-0.017077,-0.012974,0.107684,0.025497,0.022016,0.023982,3.358333
KEO,B_subtropical_midlatitude_5,DJF,2012-01-01T17:00Z,1.0,12.771667,12.771667,10.48,0.196063,0.0005,-0.117657,-0.122018,-0.01203,-0.011799,-0.020624,-0.018535,,,-0.020483,-0.040191,-0.033407,0.157531,0.029498,0.022725,0.022764,7.312917
KEO,B_subtropical_midlatitude_5,DJF,2012-01-16T01:00Z,1.0,10.173333,10.173333,16.065,-0.453297,-0.022167,-0.318905,-0.169228,-0.02245,-0.022145,-0.060713,-0.046133,,,-0.052023,-0.029062,-0.021738,0.144661,0.031262,0.031309,0.034773,5.979583
KEO,B_subtropical_midlatitude_5,DJF,2012-01-22T07:00Z,1.0,8.656667,8.656667,12.41,-0.356713,-0.009333,-0.075942,-0.046145,-0.011014,-0.010724,-0.018282,-0.015923,,,-0.017469,-0.01081,-0.009749,0.209668,0.018415,0.014376,0.014396,5.494583
KEO,B_subtropical_midlatitude_5,DJF,2012-02-15T03:00Z,1.0,4.366667,4.366667,6.985,-0.461337,-0.026167,-0.055125,-0.067857,-0.007584,-0.007499,-0.019729,-0.013176,,,-0.014244,-0.011574,-0.009057,0.239022,0.00617,0.005846,0.006293,1.799583
KEO,B_subtropical_midlatitude_5,DJF,2012-02-29T01:00Z,1.0,5.666667,5.666667,9.595,-0.519516,-0.009833,-0.055653,-0.038848,-0.002863,-0.002795,-0.004169,-0.003963,,,-0.004356,-0.004836,-0.004438,0.071217,0.026543,0.01469,0.014566,4.248333
KEO,B_subtropical_midlatitude_5,MAM,2012-03-17T15:00Z,1.0,0.761667,0.761667,10.305,-2.491173,-0.004,-0.074869,-0.00723,-0.004386,-0.004295,-0.006985,-0.006877,,,-0.007657,-0.000534,-0.000514,0.091856,0.035628,0.021257,0.020939,8.249167
KEO,B_subtropical_midlatitude_5,MAM,2012-05-17T02:00Z,1.0,7.465,7.465,25.985,-1.237828,-0.020333,-0.67871,-0.188681,-0.044903,-0.044521,-0.194186,-0.150362,,,-0.171895,-0.03465,-0.026914,0.221541,0.082366,0.084449,0.088945,15.071667
KEO,B_subtropical_midlatitude_5,MAM,2012-05-20T14:00Z,1.0,7.436667,7.436667,38.215,-1.626061,-0.019333,-0.308682,-0.056918,-0.03569,-0.0348,-0.073317,-0.068022,,,-0.078485,-0.00854,-0.007672,0.220363,0.076902,0.062552,0.062315,20.009583
KEO,B_subtropical_midlatitude_5,JJA,2012-06-05T17:00Z,1.0,22.261667,22.261667,49.72,-0.801068,-0.041167,-0.19316,-0.123809,-0.025712,-0.024985,-0.054475,-0.051795,,,-0.06003,-0.021262,-0.019609,0.268144,0.084559,0.051624,0.05098,31.32875
KEO,B_subtropical_midlatitude_5,JJA,2012-06-24T13:00Z,1.0,1.861667,1.861667,2.27,-0.189096,-0.023667,0.036263,-0.073865,-0.001562,-0.001543,-0.005545,-0.004404,,,-0.005212,-0.010266,-0.006929,,-0.00399,-0.005828,-0.005847,1.07625
KEO,B_subtropical_midlatitude_5,JJA,2012-06-28T16:00Z,1.0,28.126667,28.126667,19.315,0.374221,-0.051167,-0.260872,-0.280758,-0.024541,-0.024077,-0.055054,-0.046895,,,-0.053689,-0.087311,-0.072803,0.179763,0.038413,0.037116,0.038134,9.54125
KEO,B_subtropical_midlatitude_5,JJA,2012-07-07T18:00Z,1.0,53.475,53.475,17.42,1.117739,-0.130567,-0.099054,-0.34485,-0.01595,-0.015536,-0.028781,-0.02511,,,-0.028105,-0.164069,-0.141434,0.253502,0.01899,0.016963,0.017078,6.514167
KEO,B_subtropical_midlatitude_5,JJA,2012-07-19T20:00Z,1.0,19.611667,19.611667,12.92,0.414724,-0.070183,-0.388346,-0.493362,-0.03158,-0.031492,-0.129226,-0.072834,,,-0.077289,-0.239153,-0.104894,0.187549,0.03759,0.036812,0.04185,7.524167
KEO,B_subtropical_midlatitude_5,JJA,2012-08-06T08:00Z,1.0,28.466667,28.466667,31.535,-0.102024,-0.013783,-0.249954,-0.178621,-0.030178,-0.029454,-0.060853,-0.055915,,,-0.064276,-0.044727,-0.04054,0.2237,0.058776,0.049148,0.04912,15.719583
KEO,B_subtropical_midlatitude_5,JJA,2012-08-16T22:00Z,1.0,10.091667,10.091667,4.345,0.829791,-0.058,-0.375585,-0.532056,-0.017856,-0.017711,-0.048812,-0.040426,,,-0.04478,-0.13542,-0.047732,0.107635,0.038162,0.037855,0.039932,4.07625
KEO,B_subtropical_midlatitude_5,SON,2012-09-01T06:00Z,1.0,13.215,13.215,1.785,1.954963,-0.007867,0.05627,-0.433635,0.009408,0.009278,0.026832,0.019294,,,0.021869,-0.108655,-0.065598,,0.005095,-0.000582,-0.001675,1.0625
KEO,B_subtropical_midlatitude_5,SON,2012-10-02T23:00Z,1.0,6.318333,6.318333,13.435,-0.74612,-0.035883,-0.086351,-0.065505,-0.010612,-0.010338,-0.018528,-0.016513,,,-0.018571,-0.01161,-0.010358,0.19123,0.019209,0.015913,0.015941,5.21375
KEO,B_subtropical_midlatitude_5,SON,2012-10-06T04:00Z,1.0,35.041667,35.041667,18.63,0.629261,0.036483,-0.384325,-0.335769,-0.035721,-0.035269,-0.100359,-0.089585,,,-0.102398,-0.149085,-0.116667,0.233097,0.084557,0.07251,0.072666,16.755
KEO,B_subtropical_midlatitude_5,SON,2012-10-14T22:00Z,1.0,33.96,33.96,38.4,-0.122535,-0.1237,-0.413634,-0.342946,-0.061435,-0.060885,-0.301657,-0.197387,,,-0.216436,-0.195324,-0.158524,0.477202,0.068729,0.051438,0.055448,22.450833
KEO,B_subtropical_midlatitude_5,SON,2012-10-26T12:00Z,1.0,24.258333,24.258333,0.525,3.662878,-0.294583,-0.021128,-0.658164,-0.001449,-0.001439,-0.002266,-0.001682,,,-0.001734,-0.318104,-0.157562,0.079632,0.002369,0.002436,0.0026,0.48125
KEO,B_subtropical_midlatitude_5,SON,2012-10-29T02:00Z,1.0,15.506667,15.506667,12.895,0.183134,-0.067833,-0.165257,-0.160097,-0.018004,-0.017681,-0.036515,-0.032081,,,-0.036629,-0.050567,-0.038114,0.194129,0.031914,0.027846,0.028165,8.500417
KEO,B_subtropical_midlatitude_5,SON,2012-11-01T00:00Z,1.0,6.331667,6.331667,4.52,0.330839,-0.126683,-0.213066,-0.466084,-0.009794,-0.009766,-0.028919,-0.018266,,,-0.019181,-0.084484,-0.026676,0.085728,0.015414,0.015808,0.019363,2.354167
KEO,B_subtropical_midlatitude_5,SON,2012-11-17T20:00Z,1.0,16.636667,16.636667,6.83,0.881742,-0.02735,-0.074578,-0.120962,-0.006132,-0.005988,-0.008607,-0.007927,,,-0.008588,-0.030219,-0.026915,0.10629,0.023947,0.016376,0.016293,5.288333
KEO,B_subtropical_midlatitude_5,DJF,2012-12-02T20:00Z,1.0,27.085,27.085,23.22,0.153354,-0.0297,-0.193224,-0.10545,-0.014995,-0.014632,-0.02729,-0.025825,,,-0.029497,-0.026431,-0.024001,0.133651,0.057138,0.041979,0.041745,11.472083
KEO,B_subtropical_midlatitude_5,JJA,2014-08-06T22:00Z,1.3,37.035,37.035,12.59,1.073746,-0.5087,-0.348774,-0.750577,-0.02851,-0.028518,-0.141124,-0.063446,,,-0.069128,-0.515569,-0.214289,0.181913,0.043613,0.043196,0.044579,6.995
KEO,B_subtropical_midlatitude_5,JJA,2014-08-10T21:00Z,1.3,15.313333,15.313333,0.0,5.037818,-0.044717,0.00042,-0.094708,1.5e-05,1.5e-05,1.5e-05,1.5e-05,,,1.5e-05,-0.030722,-0.025167,,-8e-05,-9.9e-05,-9.8e-05,0.0
KEO,B_subtropical_midlatitude_5,JJA,2014-08-26T19:00Z,1.3,1.216667,1.216667,0.0,2.577688,-0.045633,0.0,-0.020348,0.0,0.0,0.0,0.0,,,0.0,-0.002206,-0.001829,,0.0,0.0,0.0,0.0
KEO,B_subtropical_midlatitude_5,SON,2014-09-08T19:00Z,1.3,36.915,36.915,18.795,0.672426,-0.084233,-0.142014,-0.182452,-0.015185,-0.014842,-0.025529,-0.023333,,,-0.02593,-0.05716,-0.050653,0.164302,0.046513,0.032919,0.03262,15.004583
KEO,B_subtropical_midlatitude_5,SON,2014-09-17T02:00Z,1.3,8.253333,8.253333,7.165,0.139592,-0.01265,-0.287159,-0.167283,-0.018811,-0.018926,-0.091319,-0.039495,,,-0.042213,-0.078242,-0.024149,0.137537,0.03047,0.030422,0.03514,4.115417
KEO,B_subtropical_midlatitude_5,SON,2014-09-26T19:00Z,1.3,1.981667,1.981667,4.465,-0.78525,-0.00545,-0.0354,-0.019513,-0.003488,-0.003403,-0.004461,-0.003961,,,-0.004167,-0.002214,-0.001952,0.111887,0.0104,0.007746,0.007691,2.185
KEO,B_subtropical_midlatitude_5,SON,2014-10-03T00:00Z,1.3,1.405,1.405,6.76,-1.516915,0.015267,-0.037793,-0.010978,-0.005647,-0.005544,-0.010024,-0.00781,,,-0.008545,-0.001881,-0.001489,0.206645,0.005829,0.005536,0.005666,1.839167
KEO,B_subtropical_midlatitude_5,SON,2014-11-01T13:00Z,1.3,22.011667,22.011667,14.9,0.388055,-0.046317,-0.099051,-0.136739,-0.012694,-0.012418,-0.021537,-0.018191,,,-0.020012,-0.03618,-0.03046,0.183657,0.02193,0.018783,0.018799,7.324583
KEO,B_subtropical_midlatitude_5,SON,2014-11-09T11:00Z,1.3,21.446667,21.446667,37.405,-0.554253,-0.0683,-0.318387,-0.23382,-0.042047,-0.041364,-0.111095,-0.092817,,,-0.106903,-0.06148,-0.050884,0.291522,0.057754,0.053439,0.054058,20.402917
KEO,B_subtropical_midlatitude_5,DJF,2014-12-04T12:00Z,1.3,15.82,15.82,28.385,-0.581801,-0.09035,-0.158035,-0.108169,-0.021786,-0.021243,-0.03835,-0.034261,,,-0.038433,-0.020046,-0.017905,0.216796,0.040822,0.032768,0.032588,16.157083
KEO,B_subtropical_midlatitude_5,DJF,2014-12-08T12:00Z,1.3,2.085,2.085,0.08,2.496414,-0.006717,0.000602,-0.067096,4.2e-05,4.2e-05,1e-05,4.3e-05,,,4.3e-05,-0.006909,-0.005234,,0.000317,0.000165,0.000146,0.006667
KEO,B_subtropical_midlatitude_5,DJF,2015-01-26T12:00Z,1.3,2.915,2.915,0.705,1.320513,-0.0012,-0.009564,-0.022091,-0.000749,-0.000734,-0.000882,-0.00078,,,-0.000794,-0.003004,-0.002579,0.081589,0.002967,0.002123,0.00211,0.13
KEO,B_subtropical_midlatitude_5,SON,2015-09-14T01:00Z,1.3,40.871667,40.871667,0.445,4.31985,-0.7224,-0.0915,-1.246053,-0.001468,-0.001467,-0.002701,-0.001915,,,-0.002025,-0.63114,-0.133187,0.020934,0.009232,0.008909,0.010664,0.445
KEO,B_subtropical_midlatitude_5,SON,2015-09-15T08:00Z,1.3,15.906667,15.906667,0.0,5.07559,-0.3769,0.0,-0.58397,0.0,0.0,0.0,0.0,,,0.0,-0.270521,-0.076853,,0.0,0.0,0.0,0.0
KEO,B_subtropical_midlatitude_5,SON,2015-09-18T11:00Z,1.3,50.54,50.54,28.655,0.56593,-0.1602,-0.460594,-0.563937,-0.044626,-0.044646,-0.220394,-0.100629,,,-0.107982,-0.652983,-0.090896,0.218477,0.064338,0.060221,0.065212,14.275
KEO,B_subtropical_midlatitude_5,SON,2015-09-24T19:00Z,1.3,3.195,3.195,4.345,-0.299374,0.003833,-0.042705,-0.02155,-0.003895,-0.003811,-0.005307,-0.004581,,,-0.004866,-0.003244,-0.002721,0.107274,0.009923,0.008385,0.008372,2.244167
KEO,B_subtropical_midlatitude_5,SON,2015-09-27T04:00Z,1.3,28.515,28.515,14.94,0.643218,-0.10065,-0.396837,-0.345998,-0.020239,-0.020023,-0.060101,-0.044351,,,-0.049008,-0.142889,-0.087498,0.11176,0.056618,0.055694,0.057918,8.014583
KEO,B_subtropical_midlatitude_5,SON,2015-10-16T04:00Z,1.3,1.618333,1.618333,10.745,-1.842349,0.00075,-0.094224,-0.007363,-0.008938,-0.008731,-0.013151,-0.011735,,,-0.012809,-0.001227,-0.001045,0.124546,0.026186,0.019943,0.019842,5.97625
KEO,B_subtropical_midlatitude_5,SON,2015-10-27T16:00Z,1.3,11.961667,11.961667,13.615,-0.128458,-0.0212,-0.087421,-0.076919,-0.009495,-0.009242,-0.013581,-0.01217,,,-0.013211,-0.012555,-0.011238,0.139211,0.023952,0.018692,0.018552,7.519583
KEO,B_subtropical_midlatitude_5,SON,2015-10-31T07:00Z,1.3,15.95,15.95,7.05,0.808596,-0.056783,-0.313394,-0.365563,-0.012548,-0.012472,-0.035539,-0.027744,,,-0.031586,-0.101391,-0.05984,0.088526,0.033384,0.033253,0.036924,4.07
KEO,B_subtropical_midlatitude_5,SON,2015-11-22T05:00Z,1.3,12.215,12.215,4.86,0.909412,-0.034333,-0.046781,-0.108616,-0.000851,-0.000866,-0.00197,-0.002031,,,-0.00238,-0.016412,-0.014166,0.043425,0.01906,0.011516,0.011439,2.795833
KEO,B_subtropical_midlatitude_5,SON,2015-11-24T01:00Z,1.3,21.508333,21.508333,16.035,0.292088,-0.032983,-0.284916,-0.346257,-0.026594,-0.026378,-0.077938,-0.0596,,,-0.067382,-0.125107,-0.08742,0.209185,0.03818,0.039392,0.040806,11.606667
KEO,B_subtropical_midlatitude_5,SON,2015-11-30T11:00Z,1.3,0.913333,0.913333,1.7,-0.574541,0.00835,-0.151431,-0.039271,-0.005889,-0.005873,-0.01401,-0.010648,,,-0.011557,-0.004805,-0.003121,0.070318,0.016456,0.016402,0.018097,1.3975
KEO,B_subtropical_midlatitude_5,DJF,2015-12-02T22:00Z,1.3,17.07,17.07,18.96,-0.104428,-0.0164,-0.12683,-0.093286,-0.014484,-0.01412,-0.022599,-0.020439,,,-0.022526,-0.018387,-0.016512,0.161154,0.036633,0.027659,0.02745,12.897083
KEO,B_subtropical_midlatitude_5,DJF,2015-12-07T17:00Z,1.3,12.688333,12.688333,9.8,0.255999,-0.057983,-0.261024,-0.293001,-0.012762,-0.01276,-0.042413,-0.025664,,,-0.02789,-0.05687,-0.031197,0.098322,0.036458,0.032942,0.035821,5.155833
KEO,B_subtropical_midlatitude_5,DJF,2016-01-18T02:00Z,1.3,12.298333,12.298333,26.75,-0.772704,-0.020483,-0.13821,-0.064385,-0.012576,-0.012247,-0.019816,-0.018691,,,-0.020894,-0.008836,-0.008103,0.135236,0.064109,0.034463,0.034219,16.63625
KEO,B_subtropical_midlatitude_5,DJF,2016-02-05T03:00Z,1.3,2.485,2.485,0.0,3.252311,-0.0024,-0.010701,-0.038824,-0.000468,-0.000464,-0.000517,-0.000496,,,-0.000504,-0.005386,-0.004262,0.046327,0.002604,0.002151,0.002148,0.0
KEO,B_subtropical_midlatitude_5,DJF,2016-02-28T07:00Z,1.3,2.136667,2.136667,0.88,0.825189,-0.07975,-0.030998,-0.089132,-0.00232,-0.002323,-0.004931,-0.002849,,,-0.002908,-0.015967,-0.009974,0.091911,0.003729,0.003671,0.003968,0.66
KEO,B_subtropical_midlatitude_5,MAM,2016-03-07T06:00Z,1.3,2.755,2.755,10.88,-1.347004,-0.003883,-0.075728,-0.018458,-0.007374,-0.00719,-0.010502,-0.009397,,,-0.010192,-0.002497,-0.002172,0.124084,0.019665,0.015591,0.015514,4.882917
KEO,B_subtropical_midlatitude_5,MAM,2016-03-19T09:00Z,1.3,1.955,1.955,4.515,-0.809036,-0.00475,-0.049734,-0.025841,-0.004516,-0.004423,-0.006179,-0.005418,,,-0.005783,-0.002845,-0.002453,0.108939,0.012846,0.010131,0.0101,2.690417
KEO,B_subtropical_midlatitude_5,MAM,2016-04-10T00:00Z,1.3,3.431667,3.431667,13.51,-1.349035,-0.025283,-0.33174,-0.087582,-0.025952,-0.025952,-0.101233,-0.061964,,,-0.066804,-0.0181,-0.011314,0.186786,0.041263,0.039708,0.042675,9.200417
KEO,B_subtropical_midlatitude_5,MAM,2016-04-14T02:00Z,1.3,23.89,23.89,17.03,0.336806,-0.0414,-0.169739,-0.151655,-0.017141,-0.016803,-0.031606,-0.027521,,,-0.030988,-0.045317,-0.036699,0.162139,0.035119,0.030758,0.030868,8.52125
KEO,B_subtropical_midlatitude_5,MAM,2016-04-18T23:00Z,1.3,11.586667,11.586667,14.265,-0.206346,-0.046583,-0.277623,-0.261535,-0.022574,-0.0226,-0.090266,-0.048106,,,-0.051225,-0.084561,-0.045534,0.173279,0.029512,0.02926,0.032946,5.454583
KEO,B_subtropical_midlatitude_5,MAM,2016-04-24T09:00Z,1.3,3.71,3.71,3.62,0.023906,-0.02525,-0.14108,-0.178917,-0.007916,-0.007942,-0.023487,-0.014595,,,-0.01578,-0.029052,-0.013494,0.103453,0.013238,0.012487,0.014643,2.322083
KEO,B_subtropical_midlatitude_5,MAM,2016-04-27T20:00Z,1.3,5.073333,5.073333,13.005,-0.929477,-0.003817,-0.109803,-0.064923,-0.000295,-6.4e-05,0.010267,0.002465,,,0.002222,-0.007653,-0.006678,-0.022446,0.047585,0.036922,0.035142,7.82125
KEO,B_subtropical_midlatitude_5,MAM,2016-05-07T06:00Z,1.3,3.138333,3.138333,9.745,-1.111905,-0.010317,-0.166221,-0.041864,-0.014684,-0.014458,-0.02753,-0.024542,,,-0.027712,-0.005579,-0.004717,0.147649,0.038164,0.031994,0.032013,7.635417
KEO,B_subtropical_midlatitude_5,MAM,2016-05-18T08:00Z,1.3,1.181667,1.181667,6.165,-1.586817,-0.007,-0.245986,-0.048764,-0.014493,-0.014522,-0.045219,-0.026153,,,-0.027773,-0.006226,-0.003847,0.106319,0.025246,0.025201,0.028482,3.892083
KEO,B_subtropical_midlatitude_5,JJA,2016-06-05T06:00Z,1.3,9.583333,9.583333,11.47,-0.178009,-0.04215,-0.589959,-0.207733,-0.010471,-0.010046,-0.00481,-0.043717,,,-0.055236,-0.034691,-0.027717,0.074101,0.08889,0.085327,0.086665,9.52375
KEO,B_subtropical_midlatitude_5,JJA,2016-06-09T04:00Z,1.3,24.713333,24.713333,26.82,-0.081488,-0.084733,-0.267598,-0.231284,-0.030073,-0.02954,-0.06847,-0.059595,,,-0.068217,-0.068441,-0.057795,0.222702,0.054604,0.048388,0.048553,16.02875
KEO,B_subtropical_midlatitude_5,JJA,2016-06-12T20:00Z,1.3,32.838333,32.838333,41.085,-0.223437,-0.018583,-0.216374,-0.141275,-0.0345,-0.033829,-0.089593,-0.074173,,,-0.084739,-0.068222,-0.05403,0.342801,0.053386,0.042081,0.042128,18.07125
KEO,B_subtropical_midlatitude_5,JJA,2016-07-09T12:00Z,1.3,3.061667,3.061667,11.325,-1.284705,-0.012783,-0.198924,-0.05174,-0.019027,-0.018779,-0.038892,-0.032836,,,-0.036275,-0.007206,-0.005874,0.16507,0.03955,0.035217,0.035467,8.852083
KEO,B_subtropical_midlatitude_5,JJA,2016-07-13T04:00Z,1.3,15.518333,15.518333,22.635,-0.37546,0.0937,-0.641088,-0.311131,-0.052523,-0.052569,-0.288931,-0.158797,,,-0.1706,-0.130798,-0.044465,0.247699,0.07888,0.076307,0.083822,11.529167
KEO,B_subtropical_midlatitude_5,JJA,2016-08-29T07:00Z,1.3,22.358333,22.358333,30.215,-0.299981,-0.041733,-0.100383,-0.060944,-0.006591,-0.006392,-0.008405,-0.008207,,,-0.008857,-0.007814,-0.007391,0.081756,0.071389,0.028676,0.02847,16.860417
KEO,B_subtropical_midlatitude_5,SON,2016-10-13T17:00Z,1.3,35.651667,35.651667,9.22,1.344434,-0.00255,-0.126206,-0.366845,-0.01098,-0.010827,-0.022386,-0.017384,,,-0.019079,-0.176712,-0.117479,0.137743,0.021235,0.020041,0.020383,5.975833
KEO,B_subtropical_midlatitude_5,SON,2016-10-22T11:00Z,1.3,8.593333,8.593333,7.905,0.08249,-0.112617,-0.299066,-0.280421,-0.014503,-0.014529,-0.058033,-0.039475,,,-0.044897,-0.070951,-0.022552,0.131994,0.052271,0.044422,0.047198,4.82375
KEO,B_subtropical_midlatitude_5,DJF,2018-01-12T00:00Z,1.3,5.445,5.445,9.17,-0.513887,-0.008933,-0.169309,-0.127992,-0.010122,-0.010038,-0.029818,-0.022427,,,-0.025279,-0.016423,-0.012201,0.13246,0.030356,0.027721,0.028375,5.558333
KEO,B_subtropical_midlatitude_5,DJF,2018-02-01T17:00Z,1.3,14.976667,14.976667,22.26,-0.394125,-0.057133,-0.529779,-0.34336,-0.045531,-0.045428,-0.194202,-0.12544,,,-0.139621,-0.103526,-0.063654,0.236778,0.072878,0.069509,0.074087,13.234167
KEO,B_subtropical_midlatitude_5,DJF,2018-02-11T04:00Z,1.3,12.381667,12.381667,10.745,0.140557,-0.016467,-0.145461,-0.12926,-0.01075,-0.010657,-0.020967,-0.018458,,,-0.020916,-0.027256,-0.023688,0.126892,0.043725,0.029831,0.029886,6.392917
KEO,B_subtropical_midlatitude_5,MAM,2018-04-15T18:00Z,1.3,9.833333,9.833333,8.395,0.156418,0.029867,-0.128356,-0.142277,-0.011997,-0.011853,-0.025252,-0.020793,,,-0.023436,-0.032951,-0.02646,0.161994,0.023823,0.020394,0.02084,6.01625
KEO,B_subtropical_midlatitude_5,MAM,2018-04-17T20:00Z,1.3,7.456667,7.456667,9.355,-0.224114,-0.012067,-0.092925,-0.071645,-0.008247,-0.008094,-0.013772,-0.012256,,,-0.013556,-0.011018,-0.0096,0.131888,0.026933,0.019701,0.019615,6.132917
KEO,B_subtropical_midlatitude_5,MAM,2018-04-26T05:00Z,1.3,2.0,2.0,4.09,-0.690763,-0.014567,-0.171124,-0.067032,0.013604,0.013263,0.025081,0.013642,,,0.01395,-0.008529,-0.006285,-0.079721,0.04987,0.03491,0.035422,3.155417
KEO,B_subtropical_midlatitude_5,MAM,2018-05-09T16:00Z,1.3,43.336667,43.336667,37.935,0.132797,-0.1799,-0.548807,-0.598287,-0.057257,-0.05683,-0.213818,-0.141081,,,-0.157476,-0.264511,-0.173786,0.257068,0.07531,0.071844,0.075777,20.447917
KEO,B_subtropical_midlatitude_5,MAM,2018-05-19T16:00Z,1.3,13.34,13.34,14.935,-0.112145,-0.043133,-0.178035,-0.154634,-0.018246,-0.017973,-0.038682,-0.03169,,,-0.03567,-0.034857,-0.028255,0.177997,0.03141,0.029161,0.02953,9.398333
KEO,B_subtropical_midlatitude_5,MAM,2018-05-23T07:00Z,1.3,8.926667,8.926667,6.82,0.265767,-0.0057,-0.086111,-0.07585,-0.006605,-0.006492,-0.010257,-0.009113,,,-0.009973,-0.013055,-0.011333,0.105824,0.022566,0.017846,0.017783,4.667917
KEO,B_subtropical_midlatitude_5,MAM,2018-05-26T02:00Z,1.3,11.235,11.235,16.985,-0.410306,-0.131783,-1.103083,-0.513638,-0.0492,-0.049198,-0.279242,-0.138199,,,-0.146971,-0.116291,-0.039508,0.125284,0.11395,0.113707,0.128399,11.415417
KEO,B_subtropical_midlatitude_5,JJA,2018-06-03T14:00Z,1.3,7.131667,7.131667,2.215,1.13906,-0.116733,-0.106924,-0.407201,-0.005693,-0.005718,-0.016569,-0.009886,,,-0.010677,-0.090197,-0.028309,0.092461,0.009559,0.009618,0.011535,1.591667
KEO,B_subtropical_midlatitude_5,JJA,2018-06-09T01:00Z,1.3,43.515,43.515,13.895,1.136701,-0.254733,-0.327006,-0.6553,-0.027477,-0.027362,-0.088688,-0.054588,,,-0.058134,-0.393848,-0.218698,0.166934,0.041703,0.041051,0.043639,10.573333
KEO,B_subtropical_midlatitude_5,JJA,2018-06-12T22:00Z,1.3,10.653333,10.653333,0.77,2.514478,-0.1619,-0.026898,-0.239852,-0.00165,-0.001631,-0.002143,-0.002102,,,-0.002228,-0.083379,-0.034814,0.078148,0.00605,0.00496,0.005045,0.7425
KEO,B_subtropical_midlatitude_5,JJA,2018-06-15T04:00Z,1.3,33.38,33.38,28.025,0.174289,-0.00945,-0.24917,-0.090243,-0.017519,-0.017181,-0.03302,-0.032139,,,-0.036775,-0.050326,-0.040949,0.128982,0.081885,0.058253,0.057738,15.394167
KEO,B_subtropical_midlatitude_5,JJA,2018-06-18T05:00Z,1.3,29.538333,29.538333,37.865,-0.247596,-0.030367,-0.251585,-0.135985,-0.028102,-0.02746,-0.060976,-0.055517,,,-0.064119,-0.040201,-0.035049,0.220669,0.063981,0.052982,0.052611,19.828333
KEO,B_subtropical_midlatitude_5,JJA,2018-07-14T01:00Z,1.3,12.02,12.02,0.0,4.797442,-0.12,0.0,-0.309434,0.0,0.0,0.0,0.0,,,0.0,-0.094008,-0.033597,,0.0,0.0,0.0,0.0
KEO,B_subtropical_midlatitude_5,JJA,2018-07-23T22:00Z,1.3,73.913333,73.913333,21.4,1.236192,-0.505783,-0.582041,-1.801157,-0.048419,-0.048753,-0.391599,-0.061826,,,-0.051789,-1.967419,-0.18609,0.106222,0.056765,0.056613,0.071011,10.358333
KEO,B_subtropical_midlatitude_5,JJA,2018-07-26T20:00Z,1.3,24.276667,24.276667,18.615,0.264301,-0.032717,-0.229175,-0.258209,-0.024477,-0.024154,-0.059153,-0.047665,,,-0.053998,-0.096361,-0.070642,0.207986,0.040071,0.036782,0.037459,12.146667
KEO,B_subtropical_midlatitude_5,JJA,2018-08-07T00:00Z,1.3,16.285,16.285,35.34,-0.771475,-0.0319,-0.181736,-0.061192,-0.016715,-0.016288,-0.024891,-0.024064,,,-0.026687,-0.00758,-0.007098,0.132414,0.094274,0.047525,0.047111,26.303333
KEO,B_subtropical_midlatitude_5,SON,2018-10-01T04:00Z,1.3,18.423333,18.423333,0.0,5.221616,-0.074533,0.0,-0.163716,0.0,0.0,0.0,0.0,,,0.0,-0.046518,-0.038356,,0.0,0.0,0.0,0.0
KEO,B_subtropical_midlatitude_5,SON,2018-10-13T02:00Z,1.3,5.056667,5.056667,1.845,0.975028,-0.06675,-0.138987,-0.106926,-0.005088,-0.005047,-0.009509,-0.007819,,,-0.008539,-0.016948,-0.011404,0.056257,0.022915,0.021758,0.02224,1.716667
KEO,B_subtropical_midlatitude_5,SON,2018-10-17T17:00Z,1.3,24.3,24.3,30.53,-0.227397,-0.16355,-0.709795,-0.549584,-0.06418,-0.064395,-0.47142,-0.147319,,,-0.141048,-0.271535,-0.127443,0.207552,0.058689,0.068267,0.080948,16.949583
KEO,B_subtropical_midlatitude_5,SON,2018-11-12T20:00Z,1.3,11.961667,11.961667,5.58,0.753081,0.1763,-0.143849,-0.23048,-0.012767,-0.012687,-0.030822,-0.022422,,,-0.024363,-0.078347,-0.055986,0.155873,0.020608,0.019784,0.020857,4.5225
KEO,B_subtropical_midlatitude_5,SON,2018-11-24T00:00Z,1.3,10.393333,10.393333,2.815,1.28087,-0.011733,-0.0414,-0.042665,-0.000123,-0.000171,-6.4e-05,-0.000436,,,-0.000528,-0.008655,-0.007575,0.010531,0.01892,0.010895,0.010811,1.093333
KEO,B_subtropical_midlatitude_5,DJF,2018-12-05T05:00Z,1.3,1.45,1.45,11.65,-2.025598,-0.019083,-0.142179,-0.01965,-0.017949,-0.017688,-0.035173,-0.029957,,,-0.032896,-0.002615,-0.002262,0.210696,0.031234,0.026234,0.026342,10.419167
KEO,B_subtropical_midlatitude_5,DJF,2019-02-04T09:00Z,1.3,2.533333,2.533333,1.415,0.552835,0.008433,-0.027429,-0.033129,-0.001964,-0.001942,-0.003049,-0.002421,,,-0.002569,-0.004711,-0.004092,0.08826,0.004905,0.004192,0.0043,1.157083
KEO,B_subtropical_midlatitude_5,DJF,2019-02-22T14:00Z,1.3,5.321667,5.321667,20.725,-1.345751,-0.0046,-0.122232,-0.052417,-0.01721,-0.01683,-0.031728,-0.026941,,,-0.030147,-0.007387,-0.006357,0.220407,0.027787,0.023262,0.023261,9.106667
KEO,B_subtropical_midlatitude_5,MAM,2019-03-03T03:00Z,1.3,6.096667,6.096667,10.085,-0.496905,0.0034,-0.059005,-0.040124,-0.004914,-0.004801,-0.007693,-0.007087,,,-0.007863,-0.006036,-0.00525,0.120104,0.01871,0.013421,0.013306,2.995
KEO,B_subtropical_midlatitude_5,MAM,2019-03-10T11:00Z,1.3,8.543333,8.543333,23.645,-1.010584,-0.007683,-0.203828,-0.037651,-0.019696,-0.019238,-0.033804,-0.030447,,,-0.034169,-0.006286,-0.005528,0.149377,0.050968,0.041538,0.041354,13.089167
KEO,B_subtropical_midlatitude_5,MAM,2019-03-15T12:00Z,1.3,0.881667,0.881667,3.925,-1.411028,0.0346,-0.073719,-0.022291,-0.006247,-0.006208,-0.0141,-0.010228,,,-0.011267,-0.002289,-0.001609,0.138745,0.00942,0.009182,0.009798,2.03625
KEO,B_subtropical_midlatitude_5,MAM,2019-03-19T10:00Z,1.3,10.558333,10.558333,10.255,0.028873,-0.002033,-0.073566,-0.047047,-0.009668,-0.009486,-0.017502,-0.014419,,,-0.015981,-0.018584,-0.014488,0.195998,0.015671,0.01327,0.01333,3.6475
KEO,B_subtropical_midlatitude_5,MAM,2019-03-25T23:00Z,1.3,8.391667,8.391667,6.085,0.316958,-0.005167,-0.087287,-0.141561,-0.006122,-0.006046,-0.014588,-0.007823,,,-0.008372,-0.024262,-0.012559,0.089623,0.012141,0.011616,0.012612,2.669167
KEO,B_subtropical_midlatitude_5,MAM,2019-04-07T21:00Z,1.3,13.178333,13.178333,19.985,-0.41384,-0.04025,-0.381506,-0.210255,-0.034848,-0.034488,-0.099517,-0.078959,,,-0.088566,-0.05134,-0.040968,0.206967,0.058049,0.05534,0.057124,14.962083
KEO,B_subtropical_midlatitude_5,MAM,2019-04-12T11:00Z,1.3,13.036667,13.036667,8.585,0.41381,-0.014183,-0.09557,-0.122954,-0.011038,-0.010961,-0.029165,-0.016179,,,-0.017497,-0.045153,-0.022419,0.169286,0.017461,0.015021,0.015632,3.711667
KEO,B_subtropical_midlatitude_5,MAM,2019-04-17T09:00Z,1.3,7.241667,7.241667,31.99,-1.474979,0.00895,-0.182867,-0.060563,-0.024746,-0.024142,-0.046449,-0.041021,,,-0.046413,-0.008776,-0.007622,0.224319,0.041201,0.035266,0.035191,14.920833
KEO,B_subtropical_midlatitude_5,MAM,2019-04-25T08:00Z,1.3,18.11,18.11,16.97,0.064648,-0.029083,-0.133246,-0.128888,-0.018172,-0.01786,-0.037293,-0.030495,,,-0.034177,-0.039933,-0.031967,0.228863,0.024396,0.022157,0.022392,7.825417
KEO,B_subtropical_midlatitude_5,MAM,2019-04-30T11:00Z,1.3,9.833333,9.833333,9.7,0.013514,-0.000233,-0.043076,-0.046771,-0.002676,-0.002583,-0.004054,-0.004181,,,-0.004791,-0.009312,-0.008133,0.097051,0.024146,0.013266,0.012979,5.05
KEO,B_subtropical_midlatitude_5,MAM,2019-05-29T15:00Z,1.3,11.203333,11.203333,16.97,-0.412225,-0.045417,-0.173511,-0.117687,-0.022915,-0.022636,-0.061219,-0.048528,,,-0.05515,-0.029814,-0.025614,0.279682,0.028136,0.026026,0.026704,9.2375
KEO,B_subtropical_midlatitude_5,JJA,2019-06-02T07:00Z,1.3,5.985,5.985,10.35,-0.540775,-0.01105,-0.305489,-0.102872,-0.007462,-0.007403,-0.023503,-0.027934,,,-0.034048,-0.014379,-0.011441,0.09144,0.066393,0.05918,0.059149,6.21
KEO,B_subtropical_midlatitude_5,JJA,2019-06-09T06:00Z,1.3,4.21,4.21,9.315,-0.781366,-0.011733,-0.277389,-0.088264,-0.016906,-0.016954,-0.072225,-0.041045,,,-0.045046,-0.02477,-0.013159,0.14797,0.039328,0.037278,0.040006,4.241667
KEO,B_subtropical_midlatitude_5,JJA,2019-06-18T20:00Z,1.3,2.513333,2.513333,10.015,-1.353393,-0.018783,-0.503568,-0.114129,-0.024843,-0.024909,-0.112588,-0.055821,,,-0.059031,-0.017962,-0.010496,0.11085,0.047045,0.047033,0.055413,6.06375
KEO,B_subtropical_midlatitude_5,JJA,2019-07-12T21:00Z,1.3,13.206667,13.206667,8.275,0.463014,-0.029017,-0.112701,-0.101997,-0.011674,-0.011518,-0.021822,-0.017568,,,-0.019018,-0.039884,-0.025494,0.155882,0.020158,0.018653,0.018888,5.991667
KEO,B_subtropical_midlatitude_5,JJA,2019-08-04T17:00Z,1.3,14.523333,14.523333,19.87,-0.311613,-0.1561,-0.33461,-0.222071,-0.025106,-0.024984,-0.088216,-0.074924,,,-0.087394,-0.062554,-0.047809,0.223915,0.076021,0.063871,0.064184,12.869583
KEO,B_subtropical_midlatitude_5,JJA,2019-08-25T06:00Z,1.3,2.431667,2.431667,3.16,-0.252849,0.0067,-0.106516,-0.013948,-0.002034,-0.002058,-0.003578,-0.00473,,,-0.00533,-0.002149,-0.001798,0.044407,0.035248,0.025257,0.025057,2.905
KEO,B_subtropical_midlatitude_5,SON,2019-09-15T06:00Z,1.3,0.895,0.895,4.38,-1.504636,-0.001317,-0.032961,-0.009855,-0.003526,-0.003443,-0.004743,-0.004116,,,-0.004357,-0.001067,-0.00092,0.124882,0.009038,0.006881,0.006852,1.644167
KEO,B_subtropical_midlatitude_5,SON,2019-09-19T18:00Z,1.3,11.028333,11.028333,11.105,-0.006866,-0.006983,-0.043805,-0.091423,-0.007945,-0.007754,-0.01332,-0.011809,,,-0.013167,-0.017262,-0.015198,0.269573,0.013731,0.011004,0.01074,6.2375
KEO,B_subtropical_midlatitude_5,SON,2019-10-08T23:00Z,1.3,15.085,15.085,0.0,5.022893,-0.1225,0.0,-0.754676,0.0,0.0,0.0,0.0,0.0,,0.0,-0.433257,-0.064454,,0.0,0.0,0.0,0.0
KEO,B_subtropical_midlatitude_5,SON,2019-10-20T20:00Z,1.3,3.788333,3.788333,3.18,0.170137,-0.000217,-0.012662,-0.049839,-0.002418,-0.002362,-0.003425,-0.002793,-0.001647,,-0.002948,-0.006922,-0.005684,0.220566,-0.000623,0.001472,0.001501,1.335
KEO,B_subtropical_midlatitude_5,SON,2019-10-24T04:00Z,1.3,1.58,1.58,29.445,-2.867121,0.049367,-0.184425,-0.012596,-0.017434,-0.016998,-0.029353,-0.027477,-0.022537,,-0.030985,-0.001311,-0.001175,0.148988,0.061976,0.04335,0.042944,16.765833
KEO,B_subtropical_midlatitude_5,SON,2019-11-08T17:00Z,1.3,19.838333,19.838333,11.83,0.513588,-0.09425,-0.17262,-0.228216,-0.013242,-0.013117,-0.041236,-0.032995,-0.017825,,-0.037518,-0.084763,-0.064206,0.191143,0.036413,0.033252,0.033265,8.054167
KEO,B_subtropical_midlatitude_5,SON,2019-11-27T16:00Z,1.3,4.195,4.195,4.055,0.033139,-0.028583,-0.050272,-0.047368,-0.004533,-0.004446,-0.00642,-0.005654,-0.004131,,-0.006081,-0.006095,-0.005381,0.112471,0.012079,0.010159,0.010139,3.067083
KEO,B_subtropical_midlatitude_5,DJF,2019-12-02T16:00Z,1.3,10.68,10.68,16.58,-0.436518,-0.024933,-0.208914,-0.124796,-0.023853,-0.023745,-0.080499,-0.044541,-0.017671,,-0.047568,-0.046768,-0.027714,0.213203,0.036027,0.030567,0.032402,9.101667
KEO,B_subtropical_midlatitude_5,DJF,2019-12-07T02:00Z,1.3,6.38,6.38,11.165,-0.55298,-0.016933,-0.202841,-0.092638,-0.013384,-0.013275,-0.033529,-0.02806,-0.01782,,-0.032301,-0.015691,-0.012018,0.138334,0.039647,0.033941,0.03449,6.89375
KEO,B_subtropical_midlatitude_5,DJF,2019-12-11T04:00Z,1.3,11.618333,11.618333,2.78,1.403364,-0.02455,-0.052108,-0.106834,-0.00401,-0.003956,-0.006196,-0.005146,-0.003349,,-0.005576,-0.044033,-0.02483,0.098751,0.009076,0.00844,0.008576,1.712917
KEO,B_subtropical_midlatitude_5,DJF,2019-12-22T02:00Z,1.3,6.528333,6.528333,12.545,-0.645908,-0.003967,-0.417965,-0.085789,-0.014804,-0.014542,-0.028343,-0.035735,-0.020482,,-0.041208,-0.012908,-0.009667,0.085498,0.046902,0.04603,0.052219,7.921667
KEO,B_subtropical_midlatitude_5,DJF,2019-12-30T15:00Z,1.3,35.13,35.13,2.88,2.469975,-0.18115,-0.046105,-0.302529,-0.003797,-0.003757,-0.006142,-0.005014,-0.003175,,-0.005427,-0.140363,-0.09151,0.108754,0.009717,0.00777,0.007889,1.6875
KEO,B_subtropical_midlatitude_5,DJF,2020-01-15T01:00Z,1.3,22.013333,22.013333,0.195,4.316961,-0.0557,-0.005502,-0.201418,-0.000396,-0.000391,-0.000473,-0.000415,-0.00031,,-0.000424,-0.056014,-0.047006,0.075412,0.001368,0.001098,0.001097,0.17875
KEO,B_subtropical_midlatitude_5,DJF,2020-01-17T16:00Z,1.3,3.5,3.5,11.865,-1.201052,-0.0411,-0.321858,-0.082015,-0.012536,-0.012272,-0.010171,-0.025416,-0.015136,,-0.028925,-0.005243,-0.004976,0.078966,0.035146,0.034998,0.039882,4.838333
KEO,B_subtropical_midlatitude_5,DJF,2020-02-26T03:00Z,1.3,19.093333,19.093333,3.205,1.759127,-0.0725,-0.037401,-0.158106,-0.003594,-0.003527,-0.005008,-0.00432,-0.003022,,-0.0046,-0.04269,-0.036057,0.115499,0.008772,0.007192,0.007197,2.164583
KEO,B_subtropical_midlatitude_5,MAM,2020-03-08T10:00Z,1.3,1.3,1.3,4.295,-1.143995,-0.0053,-0.038489,-0.01139,-0.003405,-0.00332,-0.00446,-0.003992,-0.003025,,-0.004238,-0.001238,-0.001094,0.103726,0.011858,0.00822,0.008176,2.77875
KEO,B_subtropical_midlatitude_5,MAM,2020-03-31T05:00Z,1.3,3.405,3.405,12.725,-1.297206,0.002533,-0.208981,-0.042578,-0.008447,-0.008302,-0.015517,-0.017026,-0.017565,,-0.019754,-0.005038,-0.004305,0.08147,0.053217,0.044679,0.044321,7.049167
KEO,B_subtropical_midlatitude_5,MAM,2020-04-12T12:00Z,1.3,7.686667,7.686667,9.93,-0.253168,-0.0138,-0.202621,-0.222364,-0.011963,-0.011784,-0.024033,-0.01928,-0.011244,,-0.021375,-0.032525,-0.014348,0.095151,0.028327,0.027404,0.028713,4.32125
KEO,B_subtropical_midlatitude_5,MAM,2020-04-18T14:00Z,1.3,10.131667,10.131667,2.1,1.53703,-0.0144,-0.018911,-0.069293,0.002298,0.002187,0.002519,0.002254,0.001578,,0.002274,-0.014617,-0.012951,-0.119194,0.023577,0.007181,0.007213,1.608333
KEO,B_subtropical_midlatitude_5,MAM,2020-04-26T14:00Z,1.3,4.631667,4.631667,31.93,-1.912395,0.000283,-0.351613,-0.049329,-0.04599,-0.045694,-0.177547,-0.111956,-0.036385,,-0.123703,-0.017948,-0.009443,0.318407,0.049761,0.048199,0.050249,15.641667
MOSEAN/WHOTS,B_subtropical_midlatitude_5,DJF,2004-12-22T07:00Z,0.75,138.083124,138.083124,19.55,1.950502,-1.194197,-0.338883,-3.573801,-0.033794,-0.033255,-0.10304,-0.071259,,,-0.079904,-3.58751,-0.814724,0.210277,0.035246,0.033,0.036664,9.1125
MOSEAN/WHOTS,B_subtropical_midlatitude_5,DJF,2004-12-27T10:00Z,0.75,15.158733,15.158733,13.3,0.129897,-0.047945,-0.381631,-0.395118,-0.031658,-0.031194,-0.091067,-0.071539,,,-0.079444,-0.09735,-0.068051,0.187455,0.05051,0.048384,0.050547,11.275
MOSEAN/WHOTS,B_subtropical_midlatitude_5,DJF,2005-01-01T17:00Z,0.75,78.565755,78.565755,33.15,0.861153,-0.251958,-0.418873,-0.579914,-0.051902,-0.050816,-0.14774,-0.128727,,,-0.148777,-0.416352,-0.349187,0.307317,0.058989,0.058143,0.059783,20.1125
MOSEAN/WHOTS,B_subtropical_midlatitude_5,DJF,2005-01-09T09:00Z,0.75,15.037954,15.037954,20.65,-0.315341,-0.034945,-0.282631,-0.113891,-0.033744,-0.033034,-0.072873,-0.068617,,,-0.078509,-0.032852,-0.030334,0.242779,0.068027,0.055382,0.055282,18.691667
MOSEAN/WHOTS,B_subtropical_midlatitude_5,DJF,2005-01-11T16:00Z,0.75,15.63193,15.63193,0.0,5.058277,-0.009486,0.0,-0.121749,0.0,0.0,0.0,0.0,,,0.0,-0.0264,-0.024199,,0.0,0.0,0.0,0.0
MOSEAN/WHOTS,B_subtropical_midlatitude_5,DJF,2005-01-16T03:00Z,0.75,8.870642,8.870642,0.6,2.550632,0.000821,-0.014931,-0.08427,-0.001025,-0.001004,-0.001203,-0.001118,,,-0.001153,-0.017198,-0.01566,0.074892,0.003899,0.003054,0.003043,0.6
MOSEAN/WHOTS,B_subtropical_midlatitude_5,DJF,2005-01-26T08:00Z,0.75,25.015076,25.015076,1.3,2.886996,-0.254434,-0.089959,-0.566874,-0.004153,-0.004109,-0.007202,-0.006376,,,-0.007096,-0.281807,-0.058279,0.070875,0.012107,0.011644,0.012134,0.983333
MOSEAN/WHOTS,B_subtropical_midlatitude_5,DJF,2005-02-01T04:00Z,0.75,12.092383,12.092383,32.2,-0.974256,-0.060066,-0.889457,-0.260043,-0.017691,-0.016989,-0.064019,-0.163951,,,-0.214639,-0.051528,-0.044104,0.184327,0.152285,0.142833,0.142494,24.116667
MOSEAN/WHOTS,B_subtropical_midlatitude_5,SON,2005-10-01T11:00Z,0.765,24.4,24.4,10.85,0.805334,-0.105604,-0.055143,-0.202764,-0.010925,-0.010598,-0.020035,-0.017871,,,-0.020189,-0.064862,-0.056956,0.324078,0.00836,0.008032,0.008166,3.658333
MOSEAN/WHOTS,B_subtropical_midlatitude_5,SON,2005-10-19T14:00Z,0.765,26.55,26.55,1.5,2.812786,-0.224072,-0.037063,-1.11507,-0.003054,-0.003027,-0.006146,-0.004164,,,-0.004429,-0.470424,-0.182238,0.112339,0.003227,0.003062,0.003517,0.625
MOSEAN/WHOTS,B_subtropical_midlatitude_5,DJF,2006-02-20T04:00Z,0.765,35.64,35.64,22.45,0.460535,-0.139914,-0.185874,-0.26238,-0.023028,-0.022371,-0.041674,-0.037845,,,-0.042713,-0.086811,-0.078825,0.203606,0.035119,0.031498,0.031672,9.6375
MOSEAN/WHOTS,B_subtropical_midlatitude_5,MAM,2006-03-14T01:00Z,0.765,2.05,2.05,3.45,-0.50148,0.004429,-0.039089,-0.017755,-0.003962,-0.003856,-0.00528,-0.004801,,,-0.005118,-0.002418,-0.002198,0.122834,0.00816,0.007045,0.007059,1.904167
MOSEAN/WHOTS,B_subtropical_midlatitude_5,MAM,2006-03-19T12:00Z,0.765,3.21,3.21,10.1,-1.12544,-0.017392,-0.038636,-0.031439,-0.007983,-0.007707,-0.013178,-0.011823,,,-0.013198,-0.003432,-0.003095,0.306013,0.006027,0.005785,0.005865,2.279167
MOSEAN/WHOTS,B_subtropical_midlatitude_5,MAM,2006-03-22T11:00Z,0.765,2.76,2.76,2.95,-0.06432,-0.018993,-0.058957,-0.065245,-0.005384,-0.005286,-0.009034,-0.007329,,,-0.007798,-0.009415,-0.007723,0.124316,0.006555,0.006512,0.006916,1.454167
MOSEAN/WHOTS,B_subtropical_midlatitude_5,MAM,2006-04-01T09:00Z,0.765,14.91,14.91,13.9,0.069659,-0.097391,-0.538772,-0.375714,-0.037168,-0.036823,-0.140512,-0.086171,,,-0.092282,-0.134551,-0.097545,0.159939,0.037895,0.044336,0.050625,12.0125
MOSEAN/WHOTS,B_subtropical_midlatitude_5,JJA,2006-08-01T10:00Z,0.8,3.743858,3.743858,6.4,-0.525326,-0.029822,-0.002263,-0.073413,-0.004559,-0.004392,-0.007758,-0.006651,,,-0.007443,-0.009369,-0.008033,,0.00288,0.001721,0.001486,1.470833
MOSEAN/WHOTS,B_subtropical_midlatitude_5,SON,2006-10-15T05:00Z,0.8,12.100596,12.100596,22.5,-0.616465,-0.015217,-0.253053,-0.106856,-0.029257,-0.028619,-0.069414,-0.062198,,,-0.07157,-0.027616,-0.024124,0.245791,0.04775,0.041626,0.04197,14.570833
MOSEAN/WHOTS,B_subtropical_midlatitude_5,SON,2006-10-17T07:00Z,0.8,11.25569,11.25569,3.25,1.220759,-0.18329,-0.057594,-0.355314,-0.010779,-0.010692,-0.027851,-0.019588,,,-0.021202,-0.156659,-0.106128,0.340115,0.009142,0.008438,0.008781,3.079167
MOSEAN/WHOTS,B_subtropical_midlatitude_5,SON,2006-11-01T16:00Z,0.8,0.721348,0.721348,0.1,1.412629,-0.005096,0.0,-0.016218,-7.9e-05,-7.6e-05,-0.000112,-8.3e-05,,,-8.5e-05,-0.001332,-0.001161,,1e-06,1e-06,0.0,0.008333
MOSEAN/WHOTS,B_subtropical_midlatitude_5,DJF,2007-02-01T12:00Z,0.8,10.67225,10.67225,0.6,2.733648,-0.007315,-0.001445,-0.184102,-0.000393,-0.000378,-0.000556,-0.000435,,,-0.000455,-0.034122,-0.029352,,0.000287,0.00012,0.00014,0.104167
MOSEAN/WHOTS,B_subtropical_midlatitude_5,MAM,2007-03-10T03:00Z,0.8,18.551404,18.551404,28.35,-0.422227,-0.069509,-0.651651,-0.307177,-0.044229,-0.04343,-0.145523,-0.106965,,,-0.117124,-0.07702,-0.055638,0.164144,0.095008,0.089923,0.092766,23.354167
MOSEAN/WHOTS,B_subtropical_midlatitude_5,SON,2007-11-04T12:00Z,0.8,15.592905,15.592905,21.95,-0.340104,-0.024771,-0.162507,-0.128028,-0.031966,-0.031397,-0.114123,-0.079595,,,-0.086747,-0.071272,-0.047655,0.489793,0.017255,0.016641,0.017944,6.425
MOSEAN/WHOTS,B_subtropical_midlatitude_5,SON,2007-11-28T02:00Z,0.8,2.2856,2.2856,7.95,-1.216222,0.025086,-0.163466,-0.046214,-0.01407,-0.013803,-0.027646,-0.024379,,,-0.027553,-0.005514,-0.004769,0.149135,0.02664,0.02488,0.025299,6.1625
MOSEAN/WHOTS,B_subtropical_midlatitude_5,SON,2007-11-30T07:00Z,0.8,8.301319,8.301319,0.85,2.179682,-0.015517,-0.005521,-0.135956,-0.000965,-0.000943,-0.001508,-0.001184,,,-0.001273,-0.03293,-0.027778,0.214395,0.000484,0.000484,0.000528,0.15
MOSEAN/WHOTS,B_subtropical_midlatitude_5,DJF,2007-12-04T14:00Z,0.8,4.937427,4.937427,5.3,-0.069504,-0.032938,-0.101115,-0.067684,-0.008078,-0.007904,-0.013297,-0.011942,,,-0.013286,-0.008949,-0.007896,0.118108,0.019425,0.01771,0.017777,3.770833
MOSEAN/WHOTS,B_subtropical_midlatitude_5,DJF,2007-12-07T08:00Z,0.8,2.80329,2.80329,1.0,0.970534,-0.028376,-0.007407,-0.037723,-0.000923,-0.000895,-0.001084,-0.00097,,,-0.000993,-0.00433,-0.003971,0.130905,0.001504,0.001321,0.001323,0.458333
MOSEAN/WHOTS,B_subtropical_midlatitude_5,DJF,2007-12-27T11:00Z,0.8,15.265772,15.265772,0.0,5.034728,0.006148,-0.002923,-0.106904,-0.000135,-0.000134,-0.00014,-0.000138,,,-0.000139,-0.02255,-0.020573,,0.00094,0.000683,0.000677,0.0
MOSEAN/WHOTS,B_subtropical_midlatitude_5,MAM,2008-03-16T13:00Z,0.8,0.875277,0.875277,0.0,2.277551,-0.004686,-0.00287,-0.010623,-0.000117,-0.000116,-0.000121,-0.000119,,,-0.00012,-0.001277,-0.001113,,0.000727,0.000591,0.000588,0.0
MOSEAN/WHOTS,B_subtropical_midlatitude_5,MAM,2008-04-25T12:00Z,0.8,12.3897,12.3897,6.03,0.71171,-0.094486,-0.558579,-0.347596,-0.026868,-0.02664,-0.077957,-0.06723,,,-0.073196,-0.113631,-0.071457,0.120359,0.068671,0.067689,0.07104,5.760833
MOSEAN/WHOTS,B_subtropical_midlatitude_5,SON,2008-09-12T12:00Z,0.91,7.697735,7.697735,1.25,1.753729,-0.124873,-0.065821,-0.609511,-0.004165,-0.004153,-0.008657,-0.00483,,,-0.004646,-0.120382,-0.038389,0.073384,0.005838,0.005833,0.0066,1.083333
MOSEAN/WHOTS,B_subtropical_midlatitude_5,SON,2008-10-26T15:00Z,0.91,10.941655,10.941655,4.98,0.776364,-0.13053,-0.173516,-0.386465,-0.0118,-0.011784,-0.039846,-0.023322,,,-0.024942,-0.115689,-0.040623,0.134411,0.011434,0.011811,0.014733,2.2625
MOSEAN/WHOTS,B_subtropical_midlatitude_5,SON,2008-11-22T01:00Z,0.91,4.667507,4.667507,18.79,-1.376809,-0.004513,-0.678373,-0.113979,-0.027537,-0.027077,-0.079088,-0.058543,,,-0.064862,-0.012583,-0.009384,0.0863,0.069565,0.067661,0.074474,11.076667
MOSEAN/WHOTS,B_subtropical_midlatitude_5,DJF,2008-12-11T02:00Z,0.91,1.46721,1.46721,0.235,1.542922,-0.007874,0.001631,-0.021987,-0.000112,-0.000106,-0.000139,-0.00011,,,-0.000111,-0.002521,-0.002222,,6.9e-05,-0.000297,-0.000298,0.156667
MOSEAN/WHOTS,B_subtropical_midlatitude_5,JJA,2009-08-13T09:00Z,0.78,18.888387,18.888387,11.98,0.452276,-0.032535,-0.128749,-0.219131,-0.014834,-0.014532,-0.033442,-0.02886,,,-0.032877,-0.065361,-0.057224,0.224161,0.023796,0.019884,0.020229,3.99375
MOSEAN/WHOTS,B_subtropical_midlatitude_5,SON,2009-11-11T01:00Z,0.78,18.793984,18.793984,4.87,1.335424,-0.0183,-0.043953,-0.099394,-0.005233,-0.005086,-0.007686,-0.006912,,,-0.007534,-0.035082,-0.031622,0.157266,0.007754,0.007151,0.007208,2.13
MOSEAN/WHOTS,B_subtropical_midlatitude_5,SON,2009-11-13T08:00Z,0.78,27.683175,27.683175,4.235,1.857709,-0.065235,-0.059663,-0.198159,-0.004989,-0.00486,-0.00755,-0.007085,,,-0.007833,-0.054779,-0.050636,0.118743,0.016697,0.011641,0.011671,3.65
MOSEAN/WHOTS,B_subtropical_midlatitude_5,DJF,2009-12-04T03:00Z,0.78,8.100746,8.100746,2.25,1.24981,-0.06973,-0.083123,-0.253027,-0.005128,-0.005069,-0.009619,-0.007595,,,-0.008283,-0.060038,-0.037771,0.091372,0.007561,0.007597,0.008412,1.4325
MOSEAN/WHOTS,B_subtropical_midlatitude_5,DJF,2009-12-30T03:00Z,0.78,6.80612,6.80612,4.775,0.348288,-0.01045,-0.123772,-0.131726,-0.008661,-0.008523,-0.016708,-0.013838,,,-0.015371,-0.022157,-0.019239,0.111805,0.019173,0.017889,0.018397,2.8725
MOSEAN/WHOTS,B_subtropical_midlatitude_5,DJF,2010-01-05T01:00Z,0.78,7.802337,7.802337,0.735,2.247482,-0.007515,-0.023305,-0.08637,-0.001603,-0.00158,-0.002414,-0.001979,,,-0.002102,-0.047715,-0.01765,0.084916,0.002612,0.002579,0.00274,0.49
MOSEAN/WHOTS,B_subtropical_midlatitude_5,MAM,2010-03-07T11:00Z,0.78,19.999967,19.999967,1.915,2.300099,-0.067253,-0.049913,-0.301984,-0.00337,-0.003314,-0.00545,-0.00446,,,-0.004815,-0.103547,-0.080378,0.089355,0.005611,0.005636,0.005968,1.102083
MOSEAN/WHOTS,B_subtropical_midlatitude_5,MAM,2010-03-15T03:00Z,0.78,5.2503,5.2503,0.76,1.827976,-0.006373,-0.014364,-0.073548,-0.001101,-0.001076,-0.001387,-0.001217,,,-0.001266,-0.009939,-0.008959,0.084729,0.002562,0.00233,0.002354,0.633333
MOSEAN/WHOTS,B_subtropical_midlatitude_5,SON,2010-11-19T04:00Z,0.76,31.848215,31.848215,53.51,-0.517619,-0.61142,-1.248426,-0.826841,-0.118591,-0.117215,-0.663556,-0.346847,,,-0.371673,-0.375375,-0.215401,0.277828,0.109528,0.108666,0.122293,30.706667
MOSEAN/WHOTS,B_subtropical_midlatitude_5,DJF,2010-12-09T13:00Z,0.76,1.678954,1.678954,4.51,-0.952202,-0.007356,-0.067585,-0.049897,-0.006417,-0.006289,-0.011643,-0.0094,,,-0.010306,-0.004967,-0.004131,0.139091,0.007673,0.007572,0.007998,1.35625
MOSEAN/WHOTS,B_subtropical_midlatitude_5,DJF,2010-12-20T19:00Z,0.76,4.931511,4.931511,0.295,2.54459,0.007707,0.084037,-0.084603,0.008786,0.008609,0.020039,0.017113,,,0.019997,-0.011605,-0.010298,,-0.003195,-0.005134,-0.006064,0.295
MOSEAN/WHOTS,B_subtropical_midlatitude_5,DJF,2010-12-26T11:00Z,0.76,28.504717,28.504717,22.37,0.241391,-0.076154,-0.482564,-0.327958,-0.040314,-0.039593,-0.113381,-0.095313,,,-0.10949,-0.134826,-0.108554,0.197513,0.06122,0.059426,0.062113,10.825833
MOSEAN/WHOTS,B_subtropical_midlatitude_5,DJF,2010-12-27T22:00Z,0.76,3.920928,3.920928,5.86,-0.393558,-0.025283,-0.323831,-0.135257,-0.018254,-0.018101,-0.053116,-0.045426,,,-0.052504,-0.023047,-0.018188,0.140278,0.037895,0.037165,0.039825,4.048333
MOSEAN/WHOTS,B_subtropical_midlatitude_5,DJF,2011-01-06T07:00Z,0.76,9.121019,9.121019,1.225,1.940073,-0.005344,-0.022427,-0.120464,-0.001855,-0.001813,-0.00239,-0.002128,,,-0.002238,-0.026371,-0.023339,0.094904,0.004146,0.003727,0.003753,1.045833
MOSEAN/WHOTS,B_subtropical_midlatitude_5,DJF,2011-01-12T17:00Z,0.76,5.388109,5.388109,19.31,-1.263205,-0.013456,-0.203081,-0.068317,-0.025031,-0.02441,-0.049039,-0.045357,,,-0.051651,-0.009947,-0.009075,0.223346,0.044483,0.037465,0.037476,15.619167
MOSEAN/WHOTS,B_subtropical_midlatitude_5,DJF,2011-02-07T00:00Z,0.76,15.988209,15.988209,14.305,0.110511,-0.037381,-0.210167,-0.12331,-0.021924,-0.021492,-0.047658,-0.041583,,,-0.047421,-0.047589,-0.038969,0.197859,0.033856,0.029929,0.030771,8.030833
MOSEAN/WHOTS,B_subtropical_midlatitude_5,MAM,2011-03-03T18:00Z,0.76,2.834064,2.834064,3.99,-0.332156,-0.007673,-0.073394,-0.065501,-0.005504,-0.005388,-0.00878,-0.00781,,,-0.008548,-0.007368,-0.006494,0.106408,0.01382,0.012228,0.01235,2.48875
MOSEAN/WHOTS,B_subtropical_midlatitude_5,MAM,2011-05-08T16:00Z,0.76,4.233077,4.233077,7.525,-0.565154,0.00211,-0.151661,-0.062991,-0.010105,-0.009935,-0.018543,-0.017512,,,-0.020021,-0.008647,-0.007892,0.115468,0.034901,0.028515,0.028536,4.84
MOSEAN/WHOTS,B_subtropical_midlatitude_5,SON,2013-09-30T07:00Z,0.86,4.3,4.3,0.0,3.78419,-0.027546,0.0,-0.078349,0.0,0.0,0.0,0.0,,,0.0,-0.011926,-0.010113,,0.0,0.0,0.0,0.0
MOSEAN/WHOTS,B_subtropical_midlatitude_5,SON,2013-10-12T06:00Z,0.86,12.671814,12.671814,0.34,3.368221,-0.006673,-0.037596,-0.176718,-0.000948,-0.000943,-0.001298,-0.001317,,,-0.00143,-0.057051,-0.041369,0.03502,0.00561,0.005393,0.005535,0.31875
MOSEAN/WHOTS,B_subtropical_midlatitude_5,SON,2013-10-31T08:00Z,0.86,10.090348,10.090348,0.0,4.624026,-0.078345,-0.004647,-0.081208,-0.000147,-0.000146,-0.000166,-0.000152,,,-0.000153,-0.026056,-0.019053,,0.00053,0.000523,0.000559,0.0
MOSEAN/WHOTS,B_subtropical_midlatitude_5,SON,2013-11-29T11:00Z,0.86,5.505828,5.505828,0.255,2.759444,-0.018177,-0.003557,-0.107576,-0.000289,-0.000282,-0.00035,-0.000297,,,-0.000301,-0.017447,-0.013965,,0.000629,0.000568,0.000575,0.155833
MOSEAN/WHOTS,B_subtropical_midlatitude_5,DJF,2013-12-01T19:00Z,0.86,30.892132,30.892132,31.94,-0.033252,-0.263643,-1.904014,-1.263247,-0.096962,-0.096899,-0.738817,-0.221528,,,-0.230443,-0.531042,-0.243077,0.116348,0.130783,0.128369,0.156333,22.322083
MOSEAN/WHOTS,B_subtropical_midlatitude_5,DJF,2013-12-06T14:00Z,0.86,12.672212,12.672212,0.0,4.849857,-0.851112,0.0,-0.610291,0.0,0.0,0.0,0.0,,,0.0,-0.153275,-0.064078,,0.0,0.0,0.0,0.0
MOSEAN/WHOTS,B_subtropical_midlatitude_5,DJF,2014-01-03T05:00Z,0.86,28.030427,28.030427,4.675,1.773458,-0.097736,-0.102468,-0.286104,-0.007117,-0.006999,-0.011708,-0.010485,,,-0.011594,-0.107207,-0.093953,0.102326,0.020457,0.017013,0.017231,3.137917
MOSEAN/WHOTS,B_subtropical_midlatitude_5,DJF,2014-01-30T08:00Z,0.86,11.08314,11.08314,0.08,4.129206,-0.015067,-0.001614,-0.132676,-0.00014,-0.000137,-0.000177,-0.000144,,,-0.000146,-0.036301,-0.029219,,0.000192,0.00019,0.000199,0.04
MOSEAN/WHOTS,B_subtropical_midlatitude_5,DJF,2014-02-06T00:00Z,0.86,10.233795,10.233795,4.31,0.851545,-0.00943,-0.175043,-0.16715,-0.007817,-0.007724,-0.015896,-0.014802,,,-0.016999,-0.035393,-0.030112,0.084564,0.02811,0.026299,0.026825,3.157917
MOSEAN/WHOTS,B_subtropical_midlatitude_5,DJF,2014-02-16T01:00Z,0.86,7.747384,7.747384,3.185,0.870814,-0.004834,-0.024243,-0.095347,-0.003734,-0.003639,-0.005357,-0.004647,,,-0.004983,-0.015254,-0.013651,0.191669,-0.001285,0.002265,0.002361,1.565833
MOSEAN/WHOTS,B_subtropical_midlatitude_5,MAM,2014-03-28T15:00Z,0.86,33.886646,33.886646,7.18,1.540837,-0.197111,-0.155691,-0.539592,-0.011852,-0.011658,-0.023901,-0.02001,,,-0.022588,-0.229516,-0.167931,0.128526,0.019901,0.019339,0.020171,3.576667
MOSEAN/WHOTS,B_subtropical_midlatitude_5,MAM,2014-03-29T21:00Z,0.86,14.365261,14.365261,14.19,0.01219,-0.05798,-0.177583,-0.158288,-0.019138,-0.018733,-0.035617,-0.032259,,,-0.036209,-0.052301,-0.04098,0.181655,0.033944,0.030265,0.030643,8.064167
MOSEAN/WHOTS,B_subtropical_midlatitude_5,MAM,2014-05-11T00:00Z,0.86,10.050836,10.050836,0.0,4.620141,-0.135995,-0.010789,-0.248276,-0.000129,-0.000128,-0.000141,-0.000132,,,-0.000132,-0.073944,-0.05618,0.012238,0.000603,0.000603,0.000755,0.0
MOSEAN/WHOTS,B_subtropical_midlatitude_5,MAM,2014-05-24T14:00Z,0.86,30.673313,30.673313,18.235,0.517836,-0.342955,-0.827062,-0.876222,-0.055887,-0.055628,-0.270043,-0.198511,,,-0.220452,-0.382833,-0.177044,0.240019,0.105486,0.10096,0.106712,14.949167
MOSEAN/WHOTS,B_subtropical_midlatitude_5,JJA,2014-08-31T06:00Z,0.81,3.699055,3.699055,0.0,3.637337,0.02021,0.0,-0.064035,0.0,0.0,0.0,0.0,,,0.0,-0.009925,-0.008198,,0.0,0.0,0.0,0.0
MOSEAN/WHOTS,B_subtropical_midlatitude_5,SON,2014-10-05T16:00Z,0.81,14.962837,14.962837,1.615,2.172818,-0.614544,-0.107277,-0.571598,-0.00392,-0.003919,-0.008991,-0.006813,,,-0.007308,-0.153763,-0.082931,0.063504,0.012674,0.012111,0.013024,1.35375
MOSEAN/WHOTS,B_subtropical_midlatitude_5,DJF,2014-12-24T09:00Z,0.81,29.501123,29.501123,5.0,1.758572,-0.04574,-0.066228,-0.236502,-0.006971,-0.00682,-0.010382,-0.009417,,,-0.010181,-0.092048,-0.081293,0.142189,0.013713,0.011548,0.011604,3.716667
MOSEAN/WHOTS,B_subtropical_midlatitude_5,DJF,2015-01-02T18:00Z,0.81,6.401416,6.401416,9.68,-0.408319,-0.019226,-0.179686,-0.068154,-0.015297,-0.015065,-0.037567,-0.027785,,,-0.030826,-0.016845,-0.013162,0.154632,0.014492,0.014585,0.016632,3.125833
MOSEAN/WHOTS,B_subtropical_midlatitude_5,MAM,2015-05-22T15:00Z,0.81,10.57486,10.57486,0.315,3.247368,-0.327895,-0.033011,-0.804847,-0.001358,-0.001362,-0.003038,-0.001401,,,-0.001322,-0.213726,-0.072981,0.04244,0.001854,0.001854,0.002383,0.2625
MOSEAN/WHOTS,B_subtropical_midlatitude_5,JJA,2015-08-24T07:00Z,0.85,24.922087,24.922087,28.345,-0.128213,-0.038219,-1.010785,-0.24805,-0.042026,-0.041229,-0.123222,-0.106699,,,-0.123219,-0.074051,-0.065514,0.10556,0.099312,0.096055,0.10733,17.293333
MOSEAN/WHOTS,B_subtropical_midlatitude_5,DJF,2015-12-13T00:00Z,0.85,30.975495,30.975495,1.17,3.197403,-0.111589,-0.026643,-0.752657,-0.002305,-0.002289,-0.004329,-0.003106,,,-0.00336,-0.319019,-0.198854,0.116592,0.002268,0.002266,0.002582,0.465
MOSEAN/WHOTS,B_subtropical_midlatitude_5,MAM,2016-03-21T17:00Z,0.85,20.495111,20.495111,8.6,0.861731,-0.521118,-0.380519,-1.173884,-0.021757,-0.021741,-0.093858,-0.057351,,,-0.062755,-0.35404,-0.147304,0.150717,0.031001,0.029348,0.035081,5.039583
MOSEAN/WHOTS,B_subtropical_midlatitude_5,JJA,2016-07-24T11:00Z,0.8,15.213683,15.213683,3.135,1.554718,-0.026021,-0.072829,-0.180126,-0.003847,-0.003806,-0.007025,-0.006415,,,-0.00706,-0.05374,-0.045892,0.088079,0.017988,0.013556,0.013601,2.770833
MOSEAN/WHOTS,B_subtropical_midlatitude_5,MAM,2017-05-24T09:00Z,0.8,13.414305,13.414305,0.085,4.291148,-0.019178,0.0,-0.115723,-6.6e-05,-6.4e-05,-9.3e-05,-6.9e-05,,,-7.1e-05,-0.035895,-0.030951,,1e-06,1e-06,0.0,0.007083
MOSEAN/WHOTS,B_subtropical_midlatitude_5,JJA,2017-07-24T14:00Z,0.8,13.152439,13.152439,33.205,-0.921526,0.004753,-0.205764,-0.10522,-0.026459,-0.025636,-0.044643,-0.041567,,,-0.046798,-0.026545,-0.024053,0.202014,0.048172,0.040199,0.040044,16.041667
MOSEAN/WHOTS,B_subtropical_midlatitude_5,SON,2017-10-24T01:00Z,0.97,26.762243,26.762243,26.0,0.028786,-0.050961,-0.24093,-0.225881,-0.033022,-0.032399,-0.090679,-0.075078,,,-0.085812,-0.129135,-0.077004,0.311616,0.045161,0.040412,0.040832,14.691667
MOSEAN/WHOTS,B_subtropical_midlatitude_5,DJF,2017-12-27T03:00Z,0.97,24.189708,24.189708,6.635,1.282735,-0.439484,-0.374267,-0.925066,-0.02757,-0.027431,-0.093224,-0.059977,,,-0.064886,-0.408848,-0.101694,0.160252,0.047341,0.043801,0.04698,5.819583
MOSEAN/WHOTS,B_subtropical_midlatitude_5,DJF,2018-01-31T02:00Z,0.97,7.171492,7.171492,9.905,-0.319123,-0.027609,-0.145975,-0.090641,-0.017189,-0.016904,-0.035044,-0.02995,,,-0.033133,-0.020371,-0.017775,0.205172,0.026916,0.023996,0.024294,9.1425
MOSEAN/WHOTS,B_subtropical_midlatitude_5,DJF,2018-02-02T03:00Z,0.97,16.218186,16.218186,13.895,0.15358,-0.057693,-0.321824,-0.300553,-0.029065,-0.028823,-0.094679,-0.066564,,,-0.073307,-0.109681,-0.071054,0.206834,0.034159,0.033832,0.036833,7.99125
MOSEAN/WHOTS,B_subtropical_midlatitude_5,DJF,2018-02-05T03:00Z,0.97,6.585598,6.585598,12.43,-0.62817,-0.064673,-0.345673,-0.274558,-0.021601,-0.021426,-0.07208,-0.048804,,,-0.054427,-0.049432,-0.022743,0.141187,0.036175,0.03207,0.036061,7.425833
MOSEAN/WHOTS,B_subtropical_midlatitude_5,DJF,2018-02-13T20:00Z,0.97,1.4905,1.4905,1.6,-0.06658,0.014456,-0.058851,-0.064725,-0.004065,-0.004042,-0.008163,-0.006278,,,-0.006947,-0.006754,-0.005122,0.106667,0.006603,0.006377,0.006938,0.834167
MOSEAN/WHOTS,B_subtropical_midlatitude_5,MAM,2018-03-26T10:00Z,0.97,1.614838,1.614838,1.125,0.336378,-0.009361,-0.135086,-0.041622,0.001503,0.001295,-0.001447,-0.004914,,,-0.006657,-0.006181,-0.004164,0.036378,0.024188,0.020899,0.021692,0.946667
MOSEAN/WHOTS,B_subtropical_midlatitude_5,MAM,2018-04-08T04:00Z,0.97,2.276196,2.276196,9.49,-1.39522,-0.006962,-0.385595,-0.084199,-0.024213,-0.024024,-0.073215,-0.059104,,,-0.06745,-0.009708,-0.007466,0.153279,0.045143,0.045796,0.048535,6.436667
MOSEAN/WHOTS,B_subtropical_midlatitude_5,MAM,2018-04-13T18:00Z,0.97,0.801039,0.801039,0.0,2.198378,0.016125,0.000209,4.2e-05,5e-06,5e-06,5e-06,5e-06,,,5e-06,-0.000653,-0.000472,,-0.000129,-5.6e-05,-5.6e-05,0.0
MOSEAN/WHOTS,B_subtropical_midlatitude_5,JJA,2018-08-28T04:00Z,0.97,29.34914,29.34914,13.555,0.768559,-0.038204,-0.097915,-0.151505,-0.007586,-0.00743,-0.015655,-0.014781,,,-0.017114,-0.055926,-0.048946,0.150961,0.034098,0.02215,0.021999,9.224583
MOSEAN/WHOTS,B_subtropical_midlatitude_5,SON,2018-10-19T20:00Z,0.72,13.973844,13.973844,0.0,4.946903,-0.162481,0.0,-0.411676,0.0,0.0,0.0,0.0,,,0.0,-0.104003,-0.069318,,0.0,0.0,0.0,0.0
MOSEAN/WHOTS,B_subtropical_midlatitude_5,SON,2018-10-30T14:00Z,0.72,22.050389,22.050389,27.81,-0.23113,-0.029103,-0.18674,-0.11581,-0.027,-0.026309,-0.060119,-0.055127,,,-0.063747,-0.052629,-0.042038,0.295205,0.048548,0.036452,0.036573,15.958333
MOSEAN/WHOTS,B_subtropical_midlatitude_5,SON,2018-11-10T03:00Z,0.72,16.093337,16.093337,16.29,-0.012072,-0.084313,-0.244173,-0.156591,-0.024861,-0.024288,-0.051171,-0.046934,,,-0.053867,-0.04427,-0.038793,0.192217,0.044737,0.040351,0.040691,11.425417
MOSEAN/WHOTS,B_subtropical_midlatitude_5,SON,2018-11-30T10:00Z,0.72,2.080448,2.080448,0.65,1.067212,-0.0086,-0.023103,-0.077395,-0.001893,-0.001899,-0.004952,-0.0024,,,-0.002455,-0.011552,-0.009892,0.103883,0.001662,0.001606,0.001554,0.303333
MOSEAN/WHOTS,B_subtropical_midlatitude_5,DJF,2019-02-10T12:00Z,0.72,4.076697,4.076697,2.88,0.337597,-0.022434,-0.03592,-0.033951,-0.003255,-0.003167,-0.004027,-0.003719,,,-0.003898,-0.00488,-0.004474,0.103546,0.008293,0.006849,0.006841,1.65
MOSEAN/WHOTS,B_subtropical_midlatitude_5,MAM,2019-05-04T13:00Z,0.72,10.948859,10.948859,6.99,0.443642,-0.018309,-0.089128,-0.103637,-0.008599,-0.008373,-0.012253,-0.011252,,,-0.01218,-0.023876,-0.021487,0.126241,0.017792,0.015582,0.015659,3.727917
MOSEAN/WHOTS,B_subtropical_midlatitude_5,JJA,2019-06-25T22:00Z,0.72,12.215311,12.215311,25.74,-0.74108,-0.018449,-0.294144,-0.179771,-0.038029,-0.037194,-0.117653,-0.100396,,,-0.116524,-0.039886,-0.033497,0.341316,0.046798,0.03937,0.041138,15.846667
MOSEAN/WHOTS,B_subtropical_midlatitude_5,SON,2019-10-10T22:00Z,0.85,0.734088,0.734088,0.0,2.121169,-0.013563,0.0,-0.015139,0.0,0.0,0.0,0.0,,,0.0,-0.001487,-0.001305,,0.0,0.0,0.0,0.0
MOSEAN/WHOTS,B_subtropical_midlatitude_5,SON,2019-10-30T20:00Z,0.85,13.581448,13.581448,35.54,-0.957428,-0.068703,-1.653654,-0.571037,-0.097619,-0.096953,-0.656372,-0.453253,,,-0.506554,-0.149195,-0.072157,0.274092,0.166314,0.165601,0.181481,22.95125
MOSEAN/WHOTS,B_subtropical_midlatitude_5,SON,2019-11-03T11:00Z,0.85,4.448956,4.448956,0.475,2.068283,-0.043618,-0.007592,-0.105158,-0.000684,-0.000672,-0.000917,-0.000745,,,-0.000772,-0.018602,-0.015048,0.098182,0.000964,0.000947,0.000986,0.205833
MOSEAN/WHOTS,B_subtropical_midlatitude_5,SON,2019-11-17T07:00Z,0.85,6.157152,6.157152,0.0,4.13631,-0.014915,0.003576,-0.07512,0.002469,0.002442,0.004304,0.003329,,,0.003506,-0.016631,-0.01471,,0.006249,0.005359,0.004484,0.0
MOSEAN/WHOTS,B_subtropical_midlatitude_5,DJF,2019-12-25T08:00Z,0.85,1.850213,1.850213,21.76,-2.41672,-0.00781,-0.166101,-0.017383,-0.016894,-0.016423,-0.028015,-0.026266,,,-0.029548,-0.001897,-0.001748,0.158134,0.047944,0.03527,0.035079,11.46625
MOSEAN/WHOTS,B_subtropical_midlatitude_5,DJF,2020-02-06T00:00Z,0.85,6.462231,6.462231,9.5,-0.380432,-0.012503,-0.253877,-0.148069,-0.019454,-0.019201,-0.047909,-0.039984,,,-0.045857,-0.026284,-0.021589,0.157492,0.034309,0.032602,0.034129,5.672917
MOSEAN/WHOTS,B_subtropical_midlatitude_5,MAM,2020-03-17T04:00Z,0.85,0.690539,0.690539,4.19,-1.691328,-0.004538,-0.059129,-0.009545,-0.0044,-0.004304,-0.006743,-0.006249,,,-0.006896,-0.000989,-0.000901,0.10568,0.016658,0.012193,0.012173,3.645417
MOSEAN/WHOTS,B_subtropical_midlatitude_5,JJA,2020-07-27T04:00Z,0.85,14.181494,14.181494,51.355,-1.281743,-0.016812,-0.222559,-0.075498,-0.022136,-0.021528,-0.036181,-0.035539,,,-0.04021,-0.008938,-0.008544,0.159684,0.111822,0.05944,0.058833,30.5475
MOSEAN/WHOTS,B_subtropical_midlatitude_5,DJF,2021-12-04T22:00Z,0.9,5.698333,5.698333,0.0,4.060156,-0.145295,0.001451,-0.435932,7e-06,7e-06,7e-06,7e-06,,,7e-06,-0.083189,-0.027497,,-0.001273,-0.000403,-0.000402,0.0
MOSEAN/WHOTS,B_subtropical_midlatitude_5,DJF,2021-12-06T17:00Z,0.9,46.148055,46.148055,20.51,0.808243,-0.200793,-0.160999,-0.411375,-0.021597,-0.021364,-0.081226,-0.058677,,,-0.065752,-0.406819,-0.169261,0.364453,0.033416,0.0215,0.022718,9.019583
MOSEAN/WHOTS,B_subtropical_midlatitude_5,DJF,2021-12-15T07:00Z,0.9,2.611667,2.611667,0.99,0.911386,0.003228,-0.009208,-0.037858,-0.001152,-0.001125,-0.001545,-0.001287,,,-0.001346,-0.004863,-0.004192,0.139724,0.001288,0.00124,0.001275,0.3575
MOSEAN/WHOTS,B_subtropical_midlatitude_5,DJF,2021-12-30T21:00Z,0.9,3.188333,3.188333,5.13,-0.46403,-0.00234,-0.09068,-0.029354,-0.005866,-0.005778,-0.009472,-0.008908,,,-0.009989,-0.005005,-0.004399,0.098233,0.022781,0.018066,0.018037,3.19
MOSEAN/WHOTS,B_subtropical_midlatitude_5,MAM,2022-03-22T09:00Z,0.9,2.315,2.315,0.2,2.085672,-0.009285,0.0,-0.060374,-0.000143,-0.000139,-0.000211,-0.000156,,,-0.000162,-0.006623,-0.005503,,1e-06,1e-06,0.0,0.016667
MOSEAN/WHOTS,B_subtropical_midlatitude_5,SON,2022-09-11T07:00Z,0.75,12.179998,12.179998,0.0,4.810557,-0.132534,0.0,-0.647682,0.0,0.0,0.0,0.0,,,0.0,-0.201549,-0.092738,,0.0,0.0,0.0,0.0
MOSEAN/WHOTS,B_subtropical_midlatitude_5,DJF,2022-12-16T10:00Z,0.75,11.549995,11.549995,29.455,-0.930947,-0.040981,-0.763474,-0.302878,-0.06904,-0.068085,-0.270685,-0.214222,,,-0.246032,-0.069131,-0.052377,0.280589,0.082112,0.080881,0.0866,17.890833
MOSEAN/WHOTS,B_subtropical_midlatitude_5,DJF,2022-12-18T15:00Z,0.75,9.0,9.0,23.525,-0.954031,0.108846,-0.625797,-0.18621,-0.052926,-0.052243,-0.193941,-0.136339,,,-0.152466,-0.045941,-0.038462,0.217864,0.061873,0.0605,0.066783,16.3825
MOSEAN/WHOTS,B_subtropical_midlatitude_5,DJF,2023-01-21T23:00Z,0.75,8.389999,8.389999,8.805,-0.047724,-0.027886,-0.215651,-0.186254,-0.016409,-0.016139,-0.037245,-0.030696,,,-0.034769,-0.040427,-0.030617,0.142341,0.024104,0.023692,0.02527,4.75375
MOSEAN/WHOTS,B_subtropical_midlatitude_5,DJF,2023-01-25T04:00Z,0.75,30.460007,30.460007,0.75,3.582211,-0.630465,-0.123082,-0.790424,-0.002919,-0.002898,-0.005492,-0.005156,,,-0.005717,-0.389474,-0.204231,0.041893,0.011425,0.011342,0.012593,0.677083
MOSEAN/WHOTS,B_subtropical_midlatitude_5,DJF,2023-02-03T14:00Z,0.75,13.639984,13.639984,2.875,1.530066,-0.027272,-0.058272,-0.117279,-0.00428,-0.004182,-0.005879,-0.005365,,,-0.005781,-0.032597,-0.02933,0.09207,0.0105,0.009579,0.009671,1.88
MOSEAN/WHOTS,B_subtropical_midlatitude_5,DJF,2023-02-17T14:00Z,0.75,48.009979,48.009979,37.87,0.236693,0.058783,-0.244568,-0.199753,-0.034816,-0.033765,-0.068739,-0.063959,,,-0.073399,-0.086515,-0.078804,0.26152,0.046329,0.042536,0.042676,18.081667
MOSEAN/WHOTS,B_subtropical_midlatitude_5,MAM,2023-03-06T09:00Z,0.75,13.139984,13.139984,0.935,2.54884,-0.01751,-0.009466,-0.158312,-0.001209,-0.001183,-0.001747,-0.001404,,,-0.001482,-0.046376,-0.036346,0.148279,0.001079,0.001064,0.00112,0.261667
MOSEAN/WHOTS,B_subtropical_midlatitude_5,MAM,2023-03-29T08:00Z,0.75,17.579956,17.579956,4.615,1.321683,-0.093222,-0.079714,-0.199271,-0.007855,-0.007709,-0.014441,-0.012034,,,-0.013183,-0.07622,-0.064387,0.150967,0.011394,0.010529,0.010905,2.183333
MOSEAN/WHOTS,B_subtropical_midlatitude_5,MAM,2023-04-03T01:00Z,0.75,16.850006,16.850006,28.565,-0.525409,-0.051196,-0.181447,-0.113296,-0.022745,-0.022014,-0.036664,-0.034399,,,-0.038583,-0.019475,-0.018174,0.189581,0.043118,0.035689,0.035531,14.333333
MOSEAN/WHOTS,B_subtropical_midlatitude_5,MAM,2023-04-19T02:00Z,0.75,4.219971,4.219971,6.505,-0.424578,0.015119,-0.140553,-0.064893,-0.009931,-0.009709,-0.01624,-0.014775,,,-0.016408,-0.008033,-0.007103,0.105122,0.024635,0.02251,0.022804,4.990417
Papa,B_subtropical_midlatitude_5,JJA,2007-07-08T16:00Z,1.0,7.925,7.925,11.15,-0.337806,-0.016167,-0.109834,-0.057323,-0.008984,-0.008749,-0.012643,-0.01182,-0.00902,,-0.012896,-0.008053,-0.007351,0.107614,0.031153,0.024502,0.024374,6.920833
Papa,B_subtropical_midlatitude_5,SON,2007-09-14T07:00Z,1.0,6.231667,6.231667,15.1,-0.875732,-0.008833,-0.163132,-0.05183,-0.014435,-0.014097,-0.024129,-0.022286,-0.016202,,-0.024958,-0.007503,-0.006729,0.136612,0.041799,0.034778,0.034669,8.658333
Papa,B_subtropical_midlatitude_5,SON,2007-10-18T12:00Z,1.0,9.575,9.575,4.45,0.754418,-0.013,-0.052855,-0.103515,-0.005621,-0.00551,-0.008012,-0.007057,-0.004378,,-0.007501,-0.022581,-0.01997,0.133518,0.012437,0.010464,0.010488,3.570833
Papa,B_subtropical_midlatitude_5,SON,2007-10-20T17:00Z,1.0,5.453333,5.453333,4.25,0.244223,-0.004333,0.001073,-0.029299,-0.001577,-0.001507,-0.001922,-0.001725,-0.001123,,-0.001801,-0.004462,-0.003992,,-0.012177,-0.001158,-0.001183,0.895833
Papa,B_subtropical_midlatitude_5,SON,2007-11-11T00:00Z,1.0,22.405,22.405,8.3,0.985506,-0.031,-0.088893,-0.147754,-0.008549,-0.00836,-0.014635,-0.012452,-0.006357,,-0.013745,-0.03628,-0.031176,0.140076,0.015778,0.014881,0.015095,4.454167
Papa,B_subtropical_midlatitude_5,SON,2007-11-15T06:00Z,1.0,6.616667,6.616667,7.8,-0.162271,-0.005833,-0.044809,-0.053191,-0.006642,-0.006468,-0.010446,-0.009065,-0.00511,,-0.009978,-0.008997,-0.00782,0.202314,0.008338,0.007791,0.007863,2.875
Papa,B_subtropical_midlatitude_5,DJF,2007-12-13T10:00Z,1.0,8.018333,8.018333,23.2,-1.054328,-0.026333,-1.002074,-0.229852,-0.048337,-0.048135,-0.235499,-0.111875,,,-0.120021,-0.034183,-0.023353,0.111644,0.089447,0.089309,0.104588,14.166667
Papa,B_subtropical_midlatitude_5,MAM,2008-04-10T09:00Z,1.0,1.588333,1.588333,0.585,0.902078,-0.0075,-0.016068,-0.077779,-0.00111,-0.001104,-0.002066,-0.001334,,,-0.001363,-0.008691,-0.006738,0.083032,0.001505,0.001505,0.001712,0.2925
Papa,B_subtropical_midlatitude_5,MAM,2008-04-30T03:00Z,1.0,3.465,3.465,1.195,1.012653,-0.0105,-0.029159,-0.0624,-0.001944,-0.001915,-0.002767,-0.002272,,,-0.002372,-0.007542,-0.006414,0.077913,0.005031,0.004745,0.004833,0.94625
Papa,B_subtropical_midlatitude_5,JJA,2009-08-23T11:00Z,1.2,7.271667,7.271667,13.245,-0.593498,-0.0175,-0.200102,-0.081217,-0.014512,-0.014248,-0.027196,-0.024002,,,-0.02719,-0.012203,-0.01038,0.119951,0.03944,0.036197,0.036562,7.053333
Papa,B_subtropical_midlatitude_5,SON,2009-09-13T15:00Z,1.2,5.243333,5.243333,9.285,-0.563263,-0.009833,-0.046762,-0.037041,-0.006587,-0.006411,-0.009706,-0.008412,,,-0.00912,-0.005583,-0.004858,0.179886,0.010416,0.009169,0.009175,3.525
Papa,B_subtropical_midlatitude_5,SON,2009-10-20T01:00Z,1.2,6.828333,6.828333,12.48,-0.596489,-0.003667,-0.086143,-0.037215,-0.008878,-0.008642,-0.0126,-0.011348,,,-0.012311,-0.005988,-0.005352,0.131738,0.024032,0.019196,0.019076,6.890417
Papa,B_subtropical_midlatitude_5,DJF,2010-01-17T07:00Z,1.2,8.481667,8.481667,0.0,4.452213,-0.029333,0.0,-0.250044,2.4e-05,2.4e-05,2.5e-05,2.4e-05,,,2.5e-05,-0.067328,-0.035576,,0.0,0.0,0.0,0.0
Papa,B_subtropical_midlatitude_5,DJF,2010-02-17T18:00Z,1.2,6.805,6.805,8.435,-0.21193,-0.0225,-0.246302,-0.18589,-0.016454,-0.016493,-0.053103,-0.025007,,,-0.024895,-0.042858,-0.024916,0.101528,0.026904,0.02615,0.029902,4.633333
Papa,B_subtropical_midlatitude_5,JJA,2010-07-08T14:00Z,1.0,3.575,3.575,8.815,-0.886182,-0.0085,-0.182465,-0.054316,-0.010564,-0.010357,-0.019478,-0.017756,,,-0.02015,-0.005896,-0.00508,0.097311,0.032446,0.031346,0.031668,4.325417
Papa,B_subtropical_midlatitude_5,SON,2010-09-22T05:00Z,1.0,10.755,10.755,13.11,-0.196348,-0.024833,-0.104037,-0.094698,-0.011333,-0.011039,-0.017009,-0.015568,,,-0.017141,-0.015182,-0.013853,0.149635,0.028352,0.022682,0.022575,9.0725
Papa,B_subtropical_midlatitude_5,SON,2010-09-26T13:00Z,1.0,6.791667,6.791667,5.335,0.237453,-0.008,-0.051625,-0.07321,-0.005275,-0.00515,-0.007672,-0.00664,,,-0.007149,-0.01108,-0.009583,0.128612,0.009368,0.008719,0.008838,1.690833
Papa,B_subtropical_midlatitude_5,SON,2010-10-11T18:00Z,1.0,6.778333,6.778333,5.25,0.25128,-0.026667,-0.084363,-0.136628,-0.007333,-0.007294,-0.020676,-0.012252,,,-0.013161,-0.026861,-0.018213,0.145226,0.006769,0.006765,0.008245,1.449167
Papa,B_subtropical_midlatitude_5,SON,2010-10-17T04:00Z,1.0,8.898333,8.898333,7.19,0.210536,0.007,-0.078042,-0.099139,-0.007127,-0.006965,-0.011166,-0.009641,,,-0.010567,-0.01512,-0.013062,0.123533,0.014195,0.013186,0.013362,3.653333
Papa,B_subtropical_midlatitude_5,SON,2010-10-21T23:00Z,1.0,8.948333,8.948333,0.6,2.559256,-0.0355,-0.00556,-0.202043,-0.000896,-0.000905,-0.002854,-0.000939,,,-0.00083,-0.052419,-0.038444,0.168955,0.000366,0.000366,0.000512,0.1
Papa,B_subtropical_midlatitude_5,SON,2010-11-16T11:00Z,1.0,9.641667,9.641667,6.615,0.372068,-0.063,-0.177724,-0.452632,-0.012457,-0.012432,-0.041941,-0.021006,,,-0.021915,-0.098418,-0.049609,0.118194,0.013979,0.014082,0.017191,2.877083
Papa,B_subtropical_midlatitude_5,DJF,2010-12-30T23:00Z,1.0,9.788333,9.788333,21.455,-0.779252,-0.010167,-0.162857,-0.092817,-0.02203,-0.021523,-0.043085,-0.038112,,,-0.043347,-0.017409,-0.015432,0.234023,0.033336,0.029815,0.030003,11.2075
Papa,B_subtropical_midlatitude_5,DJF,2011-02-04T19:00Z,1.0,1.816667,1.816667,0.81,0.744898,-0.000833,0.006797,-0.013208,-0.000905,-0.000885,-0.001186,-0.001007,,,-0.001048,-0.002971,-0.002529,,-0.002337,-0.001986,-0.001935,0.72
Papa,B_subtropical_midlatitude_5,MAM,2011-05-03T10:00Z,1.0,3.623333,3.623333,4.005,-0.097586,-0.001833,-0.047337,-0.026951,-0.0042,-0.004103,-0.005525,-0.005015,,,-0.00534,-0.003164,-0.00286,0.105944,0.012682,0.010112,0.010084,2.380417
Papa,B_subtropical_midlatitude_5,JJA,2011-08-17T05:00Z,1.0,4.281667,4.281667,16.825,-1.351363,-0.016333,-0.270534,-0.094895,-0.023199,-0.022904,-0.061486,-0.047589,,,-0.053894,-0.012566,-0.00983,0.175909,0.033301,0.033,0.035101,7.202917
Papa,B_subtropical_midlatitude_5,JJA,2011-08-19T06:00Z,1.0,1.13,1.13,1.975,-0.522947,-0.000833,-0.06158,-0.025938,-0.00356,-0.003513,-0.005585,-0.004601,,,-0.004898,-0.002399,-0.00198,0.074723,0.010557,0.009906,0.010122,1.77875
Papa,B_subtropical_midlatitude_5,SON,2011-09-08T09:00Z,1.0,10.733333,10.733333,9.075,0.166145,-0.022167,-0.141676,-0.147264,-0.012416,-0.012197,-0.022977,-0.01963,,,-0.021813,-0.028675,-0.024109,0.138553,0.024679,0.023076,0.023503,5.48125
Papa,B_subtropical_midlatitude_5,SON,2011-10-07T19:00Z,1.0,10.414167,10.414167,21.26,-0.708796,-0.028333,-0.414735,-0.188409,-0.031776,-0.03135,-0.091175,-0.071735,,,-0.081504,-0.03058,-0.024365,0.172966,0.049237,0.048925,0.052566,9.427083
Papa,B_subtropical_midlatitude_5,JJA,2012-06-15T03:00Z,1.0,11.92,11.92,9.305,0.24533,-0.016333,-0.123283,-0.098179,-0.01155,-0.011315,-0.018603,-0.016814,,,-0.018671,-0.020799,-0.01826,0.136383,0.032077,0.025538,0.025539,6.0525
Papa,B_subtropical_midlatitude_5,JJA,2012-08-09T17:00Z,1.0,2.166667,2.166667,5.4,-0.886438,-0.009,-0.068412,-0.032773,-0.005552,-0.005429,-0.008003,-0.007286,,,-0.007905,-0.002912,-0.002634,0.106496,0.016403,0.014029,0.014034,3.592083
Papa,B_subtropical_midlatitude_5,JJA,2012-08-12T12:00Z,1.0,10.375,10.375,16.34,-0.450726,-0.009667,-0.220608,-0.069257,-0.017821,-0.017433,-0.032788,-0.029555,,,-0.033451,-0.011642,-0.010337,0.133971,0.04707,0.042002,0.042159,9.479583
Papa,B_subtropical_midlatitude_5,SON,2012-09-12T16:00Z,1.0,0.933333,0.933333,0.98,-0.044171,-0.000833,-0.012511,-0.01179,-0.001134,-0.00111,-0.001395,-0.001234,,,-0.001277,-0.001306,-0.001155,0.098621,0.003088,0.002576,0.002574,0.873333
Papa,B_subtropical_midlatitude_5,SON,2012-10-10T11:00Z,1.0,8.471667,8.471667,12.89,-0.415718,-0.015333,-0.17288,-0.081884,-0.015253,-0.014951,-0.026073,-0.024116,,,-0.027012,-0.01245,-0.011176,0.139493,0.048135,0.03773,0.037627,8.6725
Papa,B_subtropical_midlatitude_5,SON,2012-11-04T04:00Z,1.0,8.053333,8.053333,11.83,-0.380629,-0.0125,-0.068511,-0.083927,-0.007804,-0.007574,-0.011558,-0.010019,,,-0.010883,-0.010659,-0.008873,0.146237,0.012184,0.011443,0.01161,3.71375
Papa,B_subtropical_midlatitude_5,DJF,2013-01-19T09:00Z,1.0,0.923333,0.923333,1.455,-0.41841,0.002333,-0.023403,-0.014335,-0.001934,-0.001896,-0.002476,-0.002221,,,-0.002336,-0.001451,-0.001297,0.094886,0.00592,0.004874,0.004869,1.358333
Papa,B_subtropical_midlatitude_5,JJA,2013-08-06T16:00Z,1.0,3.115,3.115,8.58,-0.993194,-0.005833,-0.160228,-0.055661,-0.011697,-0.011497,-0.021629,-0.019172,,,-0.021703,-0.006734,-0.005725,0.119655,0.031604,0.028698,0.028982,4.9325
Papa,B_subtropical_midlatitude_5,JJA,2013-08-11T03:00Z,1.0,4.533333,4.533333,6.51,-0.355307,-0.008833,-0.107287,-0.049408,-0.007725,-0.007597,-0.013424,-0.012165,,,-0.013722,-0.007631,-0.006556,0.113386,0.024258,0.020595,0.020703,3.63125
Papa,B_subtropical_midlatitude_5,SON,2013-10-20T19:00Z,1.0,11.0,11.0,11.57,-0.050076,-0.053333,-0.420719,-0.316975,-0.01261,-0.012354,-0.025782,-0.050059,,,-0.05994,-0.066709,-0.042962,0.118985,0.03597,0.035824,0.042075,5.062917
Papa,B_subtropical_midlatitude_5,SON,2014-09-06T06:00Z,1.3,10.728333,10.728333,11.535,-0.071852,-0.0336,-0.14985,-0.113044,-0.013941,-0.013714,-0.026021,-0.022453,,,-0.0252,-0.021389,-0.017948,0.149836,0.034306,0.029741,0.029841,9.224583
Papa,B_subtropical_midlatitude_5,SON,2014-09-23T09:00Z,1.3,6.306667,6.306667,16.435,-0.94814,-0.001917,-0.141173,-0.028447,-0.010536,-0.010293,-0.016156,-0.015147,,,-0.016834,-0.004163,-0.003682,0.107294,0.045651,0.033894,0.033624,9.550833
Papa,B_subtropical_midlatitude_5,SON,2014-10-01T16:00Z,1.3,7.831667,7.831667,6.865,0.129966,-0.0062,-0.071016,-0.064195,-0.005529,-0.00555,-0.015765,-0.0109,,,-0.012256,-0.033469,-0.008147,0.153489,0.022634,0.013314,0.013806,4.212917
Papa,B_subtropical_midlatitude_5,SON,2014-11-10T08:00Z,1.3,7.331667,7.331667,13.475,-0.60248,-0.017967,-0.082245,-0.053156,-0.010163,-0.009931,-0.016407,-0.013994,,,-0.015409,-0.00858,-0.007295,0.170152,0.017768,0.015855,0.015904,5.57375
Papa,B_subtropical_midlatitude_5,SON,2014-11-14T07:00Z,1.3,3.41,3.41,0.0,3.558201,-0.002417,-0.012571,-0.030129,-0.000597,-0.000591,-0.000691,-0.00065,,,-0.000662,-0.006363,-0.004646,0.051724,0.003021,0.002635,0.002653,0.0
Papa,B_subtropical_midlatitude_5,DJF,2014-12-06T20:00Z,1.3,18.315,18.315,19.13,-0.043306,-0.091433,-0.319315,-0.288613,-0.023362,-0.023192,-0.071238,-0.044278,,,-0.048062,-0.057291,-0.038817,0.138667,0.040018,0.039447,0.042829,10.538333
Papa,B_subtropical_midlatitude_5,DJF,2014-12-22T11:00Z,1.3,7.956667,7.956667,6.305,0.229421,-0.01385,-0.08066,-0.182068,-0.007122,-0.00707,-0.015981,-0.010782,,,-0.011635,-0.029373,-0.018653,0.133671,0.009158,0.009143,0.010027,2.11
Papa,B_subtropical_midlatitude_5,DJF,2015-01-24T09:00Z,1.3,18.541667,18.541667,24.745,-0.287257,-0.062467,-0.486963,-0.299831,-0.039485,-0.03922,-0.136636,-0.094239,,,-0.104057,-0.069297,-0.050314,0.193523,0.067742,0.066708,0.070323,15.94625
Papa,B_subtropical_midlatitude_5,JJA,2015-07-01T04:00Z,1.3,12.883333,12.883333,28.645,-0.794797,-0.023083,-0.258962,-0.09713,-0.02796,-0.027406,-0.05711,-0.050736,,,-0.057917,-0.01793,-0.015637,0.19592,0.062215,0.053299,0.053272,17.76125
Papa,B_subtropical_midlatitude_5,JJA,2015-07-29T11:00Z,1.3,2.088333,2.088333,6.055,-1.034125,-0.015767,-0.183931,-0.062511,-0.010895,-0.010842,-0.025159,-0.018614,,,-0.020461,-0.007537,-0.005277,0.101201,0.025168,0.024726,0.026173,3.64
Papa,B_subtropical_midlatitude_5,JJA,2015-08-09T16:00Z,1.3,13.368333,13.368333,14.93,-0.109707,-0.054733,-0.250488,-0.203902,-0.022017,-0.021849,-0.06134,-0.042866,,,-0.047178,-0.052172,-0.036823,0.171132,0.037579,0.036647,0.038104,10.00125
Papa,B_subtropical_midlatitude_5,SON,2015-10-11T01:00Z,1.3,7.428333,7.428333,7.165,0.035605,-0.008583,-0.038871,-0.045245,-0.004204,-0.004088,-0.005522,-0.004821,,,-0.00508,-0.006287,-0.005497,0.124018,0.009815,0.008305,0.008258,3.1125
Papa,B_subtropical_midlatitude_5,SON,2015-10-14T18:00Z,1.3,9.401667,9.401667,18.69,-0.681858,0.006283,-0.146836,-0.044691,-0.012296,-0.011995,-0.018258,-0.016943,,,-0.018685,-0.006756,-0.006102,0.115387,0.049469,0.035181,0.034926,10.21375
Papa,B_subtropical_midlatitude_5,SON,2015-10-26T10:00Z,1.3,4.648333,4.648333,7.35,-0.45042,0.010167,-0.074316,-0.037051,-0.007446,-0.007386,-0.018889,-0.009375,,,-0.00971,-0.00893,-0.005069,0.126149,0.025488,0.0162,0.016471,4.134167
Papa,B_subtropical_midlatitude_5,SON,2015-10-30T20:00Z,1.3,14.325,14.325,13.365,0.068869,-0.09785,-0.472047,-0.546452,-0.023995,-0.024074,-0.122153,-0.024623,,,-0.024756,-0.131941,-0.031425,0.052162,0.049425,0.049125,0.05712,10.299167
Papa,B_subtropical_midlatitude_5,DJF,2015-12-02T04:00Z,1.3,8.175,8.175,22.68,-1.012644,-0.01825,-0.176895,-0.116637,-0.022672,-0.02227,-0.049987,-0.041418,,,-0.046755,-0.016425,-0.013368,0.234139,0.033622,0.031215,0.031581,12.505
Papa,B_subtropical_midlatitude_5,DJF,2016-02-29T12:00Z,1.3,13.366667,13.366667,6.535,0.707859,-0.013783,-0.102677,-0.103152,-0.002343,-0.002491,-0.00437,-0.004574,,,-0.005008,-0.018283,-0.01606,0.044549,0.056639,0.027963,0.027909,5.235833
Papa,B_subtropical_midlatitude_5,SON,2016-09-13T21:00Z,1.3,11.945,11.945,1.905,1.793006,-0.03855,-0.011496,-0.128269,-0.001059,-0.001039,-0.001827,-0.001255,,,-0.001331,-0.029981,-0.023684,0.109141,0.003798,0.002112,0.002265,1.036667
Papa,B_subtropical_midlatitude_5,SON,2016-09-21T14:00Z,1.3,4.55,4.55,14.135,-1.118837,-0.016883,-0.075758,-0.024207,-0.007321,-0.007108,-0.009618,-0.008782,,,-0.009386,-0.002926,-0.002652,0.115927,0.028504,0.01891,0.018722,6.339167
Papa,B_subtropical_midlatitude_5,SON,2016-10-18T19:00Z,1.3,11.036667,11.036667,8.6,0.24692,-0.02075,-0.111314,-0.079201,-0.010344,-0.010182,-0.018561,-0.015451,,,-0.01687,-0.019924,-0.017417,0.138805,0.027466,0.022318,0.022399,6.92375
Papa,B_subtropical_midlatitude_5,DJF,2016-12-07T10:00Z,1.3,6.608333,6.608333,0.0,4.205936,-0.022933,0.0,-0.216264,0.0,0.0,0.0,0.0,,,0.0,-0.04545,-0.0204,,0.0,0.0,0.0,0.0
Papa,B_subtropical_midlatitude_5,MAM,2017-04-24T18:00Z,1.3,6.49,6.49,7.65,-0.162139,-0.012867,-0.098403,-0.071962,-0.009538,-0.00941,-0.017425,-0.014103,,,-0.015477,-0.013118,-0.010645,0.143319,0.018494,0.016979,0.017235,4.249167
Papa,B_subtropical_midlatitude_5,MAM,2017-04-28T17:00Z,1.3,3.96,3.96,0.93,1.371624,-0.0349,-0.00569,-0.082672,-0.001005,-0.001013,-0.002645,-0.001377,,,-0.00145,-0.016128,-0.010444,0.242056,0.000496,0.000496,0.000631,0.155
Papa,B_subtropical_midlatitude_5,MAM,2017-05-01T22:00Z,1.3,2.213333,2.213333,0.27,1.832942,-0.000333,-0.000375,-0.022945,-0.000157,-0.000154,-0.000223,-0.000164,,,-0.000168,-0.00267,-0.002261,,4.9e-05,4.9e-05,5e-05,0.03375
Papa,B_subtropical_midlatitude_5,JJA,2017-06-28T03:00Z,1.3,2.876667,2.876667,8.235,-1.029659,-0.009767,-0.047795,-0.029142,-0.002284,-0.002244,-0.003819,-0.003608,,,-0.004082,-0.00316,-0.00279,0.075481,0.02016,0.013408,0.013224,2.91875
Papa,B_subtropical_midlatitude_5,SON,2017-09-04T22:00Z,1.3,5.72,5.72,13.93,-0.879898,-0.020667,-0.390282,-0.102775,-0.025757,-0.025914,-0.163361,-0.072929,,,-0.078991,-0.049401,-0.016786,0.186863,0.064675,0.060724,0.06601,8.807917
Papa,B_subtropical_midlatitude_5,DJF,2017-12-04T23:00Z,1.3,4.041667,4.041667,5.03,-0.214007,-0.007567,-0.039294,-0.050332,-0.004046,-0.003955,-0.005806,-0.004937,,,-0.005283,-0.005837,-0.00497,0.125651,0.005733,0.007461,0.00747,2.742917
Papa,B_subtropical_midlatitude_5,MAM,2018-03-27T23:00Z,1.3,6.505,6.505,9.855,-0.410248,-0.025567,-0.094171,-0.14257,-0.01031,-0.010198,-0.024613,-0.017603,,,-0.019482,-0.021583,-0.014831,0.186929,0.011632,0.011587,0.012382,3.213333
Papa,B_subtropical_midlatitude_5,JJA,2018-07-02T06:00Z,1.3,4.933333,4.933333,8.88,-0.578917,-0.01095,-0.175243,-0.068367,-0.010101,-0.009973,-0.021438,-0.019459,,,-0.022321,-0.01017,-0.008143,0.11104,0.036936,0.03386,0.033948,4.961667
Papa,B_subtropical_midlatitude_5,SON,2018-09-03T03:00Z,1.3,6.816667,6.816667,10.34,-0.411711,-0.025867,-0.237938,-0.131248,-0.014788,-0.014645,-0.034977,-0.028809,,,-0.032949,-0.019544,-0.01548,0.121076,0.038336,0.037219,0.038326,5.465417
Papa,B_subtropical_midlatitude_5,SON,2018-10-31T10:00Z,1.3,11.633333,11.633333,32.555,-1.023564,-0.01535,-0.172108,-0.055478,-0.024983,-0.024398,-0.048203,-0.04254,,,-0.048355,-0.012054,-0.010264,0.247168,0.037612,0.03503,0.034985,15.312083
Papa,B_subtropical_midlatitude_5,DJF,2018-12-06T00:00Z,1.3,2.99,2.99,4.33,-0.360228,0.000683,-0.038656,-0.025123,-0.000858,-0.000847,-0.001464,-0.001372,,,-0.001557,-0.003518,-0.003049,0.035488,0.018563,0.011799,0.011614,2.823333
Papa,B_subtropical_midlatitude_5,SON,2019-09-25T04:00Z,1.3,7.628333,7.628333,10.115,-0.278964,-0.0184,-0.409077,-0.134162,-0.016335,-0.016196,-0.042998,-0.038075,,,-0.042643,-0.021595,-0.015208,0.093076,0.044819,0.044745,0.050346,4.645
Papa,B_subtropical_midlatitude_5,SON,2019-10-04T00:00Z,1.3,2.701667,2.701667,7.31,-0.972616,-0.0082,-0.073606,-0.067101,-0.007069,-0.006961,-0.013062,-0.010292,,,-0.011397,-0.006564,-0.004831,0.139824,0.011064,0.010844,0.011233,2.830417
Papa,B_subtropical_midlatitude_5,SON,2019-10-13T13:00Z,1.3,8.705,8.705,24.1,-1.011033,-0.010833,-0.179571,-0.05563,-0.016397,-0.015996,-0.027271,-0.02492,,,-0.0279,-0.007411,-0.006582,0.138776,0.049943,0.040364,0.040126,13.422917
Papa,B_subtropical_midlatitude_5,SON,2019-11-10T13:00Z,1.3,5.051667,5.051667,28.735,-1.72227,0.009817,-0.16119,-0.029814,-0.017553,-0.01708,-0.026093,-0.024223,,,-0.026647,-0.003297,-0.003005,0.150279,0.05908,0.04038,0.039995,18.890833
Papa,B_subtropical_midlatitude_5,SON,2019-11-25T17:00Z,1.3,7.521667,7.521667,10.46,-0.326078,-0.031,-0.175736,-0.210362,-0.014412,-0.014468,-0.068929,-0.02315,,,-0.024392,-0.067439,-0.026689,0.131733,0.016278,0.016278,0.020602,3.392917
Papa,B_subtropical_midlatitude_5,MAM,2020-04-26T01:00Z,1.3,8.556667,8.556667,8.435,0.014154,-0.014933,-0.060787,-0.058781,-0.00777,-0.007671,-0.019515,-0.009253,,,-0.009738,-0.028401,-0.007289,0.152217,0.015347,0.01275,0.01273,4.069583
Papa,B_subtropical_midlatitude_5,SON,2020-09-03T18:00Z,1.3,6.298333,6.298333,9.345,-0.389448,-0.042067,-0.434519,-0.298303,-0.021394,-0.02146,-0.116998,-0.044329,-0.012032,,-0.046509,-0.086406,-0.02318,0.102018,0.041838,0.043716,0.054099,5.668333
Papa,B_subtropical_midlatitude_5,SON,2020-10-14T21:00Z,1.3,7.085,7.085,14.13,-0.683357,-0.00595,-0.111185,-0.073234,-0.010847,-0.010595,-0.016956,-0.014869,-0.010427,,-0.01634,-0.009105,-0.007908,0.13373,0.027031,0.023153,0.023114,7.755833
Papa,B_subtropical_midlatitude_5,SON,2020-10-16T15:00Z,1.3,19.141667,19.141667,11.99,0.464699,-0.047783,-0.165109,-0.189821,-0.015304,-0.015119,-0.03263,-0.027067,-0.016133,,-0.030697,-0.057628,-0.04713,0.163937,0.030595,0.028778,0.029332,6.82
Papa,B_subtropical_midlatitude_5,SON,2020-10-26T18:00Z,1.3,5.066667,5.066667,6.675,-0.271012,-0.018333,-0.134608,-0.098807,-0.011053,-0.011048,-0.030902,-0.020796,-0.007867,,-0.022999,-0.021395,-0.014266,0.154496,0.01794,0.016941,0.018447,3.11625
Papa,B_subtropical_midlatitude_5,SON,2020-10-31T23:00Z,1.3,14.686667,14.686667,6.72,0.773866,-0.057117,-0.18163,-0.219941,-0.011387,-0.011393,-0.03597,-0.023599,-0.008572,,-0.026259,-0.067231,-0.041288,0.129929,0.014565,0.017593,0.020182,3.4825
Papa,B_subtropical_midlatitude_5,SON,2020-11-04T02:00Z,1.3,16.575,16.575,6.655,0.903628,-0.007967,-0.043272,-0.08693,-0.005188,-0.005078,-0.007601,-0.006353,-0.004114,,-0.006795,-0.022703,-0.01967,0.146825,0.011349,0.009219,0.009199,3.450417
Papa,B_subtropical_midlatitude_5,SON,2020-11-14T06:00Z,1.3,11.076667,11.076667,13.11,-0.167146,-0.0179,-0.248409,-0.109285,-0.013698,-0.013458,-0.025193,-0.021578,-0.014079,,-0.024148,-0.015972,-0.013414,0.086864,0.039211,0.036975,0.038615,7.269583
Papa,B_subtropical_midlatitude_5,DJF,2020-12-11T15:00Z,1.3,3.628333,3.628333,14.295,-1.35092,-0.00515,-0.103569,-0.031062,-0.011259,-0.010994,-0.017249,-0.015473,-0.011389,,-0.01693,-0.003635,-0.003232,0.149399,0.030611,0.023694,0.023545,9.966667
Papa,B_subtropical_midlatitude_5,JJA,2022-06-23T00:00Z,1.3,3.18,3.18,12.91,-1.377875,-0.015317,-0.167646,-0.045734,-0.014525,-0.014308,-0.029102,-0.023835,-0.013464,,-0.026608,-0.005283,-0.004336,0.142177,0.032783,0.030281,0.030602,8.55
Papa,B_subtropical_midlatitude_5,JJA,2022-08-23T11:00Z,1.3,10.656667,10.656667,9.065,0.160134,-0.04965,-0.240997,-0.200568,-0.016934,-0.016871,-0.047523,-0.034059,-0.014425,,-0.037709,-0.05201,-0.034057,0.141326,0.034028,0.032978,0.034982,5.69125
Papa,B_subtropical_midlatitude_5,SON,2022-09-24T16:00Z,1.3,1.741667,1.741667,4.405,-0.894517,-0.014533,-0.097792,-0.067592,-0.011278,-0.011382,-0.083449,-0.015669,-0.004551,,-0.015589,-0.02825,-0.005997,0.160226,0.020984,0.020739,0.018605,2.6125
Papa,B_subtropical_midlatitude_5,SON,2022-10-05T23:00Z,1.3,8.318333,8.318333,5.01,0.499212,-0.009817,-0.025063,-0.082408,-0.003917,-0.003839,-0.006116,-0.004882,,,-0.005246,-0.016947,-0.013032,0.19479,0.003474,0.003874,0.003952,1.643333
Papa,B_subtropical_midlatitude_5,SON,2022-10-14T08:00Z,1.3,4.378333,4.378333,2.225,0.655531,-0.0079,-0.023502,-0.09875,-0.002255,-0.002216,-0.003379,-0.002739,,,-0.002916,-0.011624,-0.00861,0.116546,0.004333,0.004093,0.004147,1.183333
Papa,B_subtropical_midlatitude_5,SON,2022-11-20T19:00Z,1.3,4.338333,4.338333,5.28,-0.192409,-0.008867,-0.054804,-0.04322,-0.005865,-0.005793,-0.01033,-0.007781,,,-0.008384,-0.008484,-0.00609,0.141982,0.011615,0.010191,0.010308,2.990833
Papa,B_subtropical_midlatitude_5,DJF,2022-12-21T13:00Z,1.3,7.671667,7.671667,31.99,-1.41806,-0.001567,-0.138533,-0.033608,-0.015252,-0.01481,-0.022434,-0.020917,,,-0.023055,-0.004436,-0.004048,0.150992,0.058388,0.035836,0.035473,16.399583
Papa,B_subtropical_midlatitude_5,MAM,2023-04-28T00:00Z,1.3,3.163333,3.163333,3.15,0.004094,-0.01575,-0.063686,-0.069513,-0.004244,-0.00421,-0.007702,-0.005665,-0.00297,,-0.006115,-0.007928,-0.006026,0.088957,0.008615,0.008609,0.0091,1.82
Papa,B_subtropical_midlatitude_5,JJA,2023-08-06T21:00Z,1.3,13.205,13.205,30.94,-0.847137,-0.022583,-0.148552,-0.08213,-0.024263,-0.023715,-0.050214,-0.043602,-0.027003,,-0.049712,-0.017195,-0.014798,0.293515,0.034747,0.029982,0.030018,13.175417
Papa,B_subtropical_midlatitude_5,SON,2023-09-20T21:00Z,1.3,1.415,1.415,1.05,0.275653,0.020217,-0.011305,-0.014132,-0.000983,-0.000962,-0.001184,-0.001043,-0.000765,,-0.001069,-0.001509,-0.001334,0.092233,0.003503,0.002583,0.002574,0.845833
Papa,B_subtropical_midlatitude_5,SON,2023-10-09T12:00Z,1.3,8.908333,8.908333,10.34,-0.147495,-0.005883,-0.123672,-0.178603,-0.009911,-0.009759,-0.018717,-0.014422,-0.007837,,-0.015775,-0.026241,-0.016555,0.116616,0.02006,0.019279,0.019896,5.0575
Papa,B_subtropical_midlatitude_5,SON,2023-10-16T21:00Z,1.3,5.883333,5.883333,16.165,-1.000038,-0.0106,-0.127631,-0.039634,-0.013562,-0.013258,-0.021225,-0.019102,-0.01401,,-0.020983,-0.005303,-0.004724,0.149666,0.039201,0.029655,0.02948,12.990417
Papa,B_subtropical_midlatitude_5,SON,2023-10-29T02:00Z,1.3,18.676667,18.676667,25.16,-0.296607,-0.024217,-0.140053,-0.085921,-0.018359,-0.017913,-0.031872,-0.028813,-0.021486,,-0.032369,-0.019523,-0.017253,0.205728,0.043364,0.031914,0.031739,15.609583
Papa,B_subtropical_midlatitude_5,SON,2023-11-08T08:00Z,1.3,12.681667,12.681667,19.04,-0.403769,-0.00505,-0.088079,-0.05114,-0.013199,-0.012867,-0.021826,-0.019191,-0.013219,,-0.021326,-0.01263,-0.010774,0.217885,0.023482,0.01896,0.018883,8.547917
Papa,B_subtropical_midlatitude_5,SON,2023-11-25T02:00Z,1.3,3.641667,3.641667,3.23,0.116559,-0.010283,-0.071682,-0.080347,-0.004725,-0.004677,-0.008596,-0.006556,-0.003356,,-0.007047,-0.008797,-0.006879,0.091466,0.012428,0.012097,0.012329,3.00875
Papa,B_subtropical_midlatitude_5,DJF,2024-02-20T20:00Z,1.3,3.485,3.485,2.15,0.465828,-0.005117,-0.032543,-0.036686,-0.002816,-0.002773,-0.003918,-0.003364,-0.002368,,-0.003575,-0.005907,-0.004815,0.103373,0.00794,0.006603,0.00662,1.522917
Papa,B_subtropical_midlatitude_5,MAM,2024-03-14T15:00Z,1.3,8.726667,8.726667,14.475,-0.50153,-0.020617,-0.276659,-0.155195,-0.024747,-0.02451,-0.069099,-0.057426,-0.03284,,-0.066258,-0.028674,-0.021907,0.207569,0.050361,0.046405,0.047349,10.65625
Papa,B_subtropical_midlatitude_5,JJA,2024-08-16T10:00Z,1.3,12.471667,12.471667,16.875,-0.300296,-0.033817,-0.271389,-0.161107,-0.022913,-0.022734,-0.063859,-0.046819,,,-0.052439,-0.037842,-0.027056,0.172514,0.038347,0.037745,0.039587,7.599583
Papa,B_subtropical_midlatitude_5,SON,2024-09-21T08:00Z,1.3,8.576667,8.576667,12.59,-0.380177,-0.014433,-0.137046,-0.099764,-0.014839,-0.014626,-0.031042,-0.025517,,,-0.028649,-0.01869,-0.015288,0.186196,0.021934,0.022645,0.023035,7.42
Papa,B_subtropical_midlatitude_5,SON,2024-09-30T00:00Z,1.3,10.193333,10.193333,36.22,-1.260872,-0.014883,-0.152215,-0.051075,-0.020632,-0.020038,-0.03204,-0.029273,,,-0.032438,-0.007122,-0.006423,0.192313,0.047942,0.03626,0.035919,19.29875
Papa,B_subtropical_midlatitude_5,SON,2024-10-11T17:00Z,1.3,7.146667,7.146667,7.015,0.018336,-0.010117,-0.07284,-0.056493,-0.005504,-0.005414,-0.008652,-0.007796,,,-0.008639,-0.008732,-0.007604,0.107024,0.025327,0.01732,0.017249,4.445417
Papa,B_subtropical_midlatitude_5,DJF,2025-01-27T23:00Z,1.3,8.643333,8.643333,9.36,-0.078781,-0.02235,-0.133405,-0.172049,-0.01009,-0.00996,-0.02068,-0.016045,,,-0.017878,-0.022585,-0.017219,0.120269,0.016387,0.018015,0.018906,4.07125
SOFS,B_subtropical_midlatitude_5,DJF,2012-01-01T23:00Z,0.93,13.121324,13.121324,7.42,0.564265,-0.077957,-0.139992,-0.207255,-0.011664,-0.011489,-0.024185,-0.020036,,,-0.022487,-0.050861,-0.040883,0.143121,0.022103,0.020479,0.021019,4.445417
SOFS,B_subtropical_midlatitude_5,DJF,2012-01-29T03:00Z,0.93,14.212562,14.212562,28.3,-0.685252,-0.084974,-0.310632,-0.184828,-0.044403,-0.043991,-0.203785,-0.113547,,,-0.118875,-0.08016,-0.051149,0.365537,0.033446,0.033124,0.036054,10.196667
SOFS,B_subtropical_midlatitude_5,MAM,2012-03-15T01:00Z,0.93,13.747768,13.747768,24.035,-0.555539,-0.0138,-0.109624,-0.094067,-0.016563,-0.016032,-0.026529,-0.024416,,,-0.02719,-0.01523,-0.014023,0.222729,0.029316,0.021841,0.021741,10.945417
SOFS,B_subtropical_midlatitude_5,MAM,2012-03-20T02:00Z,0.93,8.886529,8.886529,32.925,-1.301538,-0.012789,-0.250898,-0.109718,-0.041069,-0.040201,-0.110081,-0.094397,,,-0.108868,-0.02031,-0.01797,0.376235,0.042539,0.038699,0.039387,15.71125
SOFS,B_subtropical_midlatitude_5,MAM,2012-04-05T10:00Z,0.93,3.126116,3.126116,7.395,-0.842957,-0.018805,-0.268553,-0.095804,-0.018626,-0.018435,-0.04643,-0.038927,,,-0.04401,-0.015147,-0.012092,0.144951,0.038645,0.036462,0.037932,5.585
SOFS,B_subtropical_midlatitude_5,JJA,2012-06-24T06:00Z,0.93,12.968348,12.968348,22.9,-0.565301,-0.024268,-0.338476,-0.205729,-0.035653,-0.035073,-0.103625,-0.079881,,,-0.088774,-0.038884,-0.029478,0.236,0.042726,0.045891,0.047435,16.34375
SOFS,B_subtropical_midlatitude_5,JJA,2012-07-15T22:00Z,0.93,2.648512,2.648512,4.695,-0.556514,0.000603,-0.038779,-0.018586,-0.003842,-0.003735,-0.004798,-0.004453,,,-0.004689,-0.002381,-0.002206,0.114844,0.011095,0.008526,0.008457,3.505
SOFS,B_subtropical_midlatitude_5,JJA,2013-06-08T13:00Z,0.55,5.10876,5.10876,7.83,-0.420311,-0.006433,-0.177228,-0.1093,-0.015481,-0.015147,-0.027233,-0.02469,,,-0.027217,-0.017437,-0.015531,0.139312,0.032795,0.026364,0.027076,4.978333
SOFS,B_subtropical_midlatitude_5,JJA,2013-08-15T23:00Z,0.55,1.849091,1.849091,2.43,-0.260856,-0.007821,-0.028709,-0.014782,-0.002255,-0.002193,-0.002582,-0.002495,,,-0.002595,-0.002056,-0.001884,0.086893,0.01096,0.006696,0.006652,2.143333
SOFS,B_subtropical_midlatitude_5,MAM,2021-04-18T17:00Z,0.88,5.892562,5.892562,6.355,-0.074336,-0.000194,-0.071886,-0.056086,-0.006052,-0.005891,-0.009006,-0.00792,,,-0.008589,-0.00684,-0.006075,0.110179,0.013419,0.011721,0.011835,3.991667
