setting,sim,R0,R1,R2,Rall,n0,n1,n2,D
theta0_R0main,0,0.144315,0.337694,1.41486,0.307654,0.469081,1.097642,4.598861,2.282789
theta0_R0main,1,0.137444,0.327212,1.195094,0.320094,0.429386,1.022236,3.733568,2.162763
theta0_R0main,2,0.153225,0.361487,1.565536,0.333076,0.46003,1.085299,4.700238,2.324076
theta0_R0main,3,0.136191,0.359454,1.529369,0.335284,0.406194,1.072089,4.561412,2.418555
theta0_R0main,4,0.138644,0.405332,1.656908,0.378987,0.365826,1.069513,4.371935,2.480802
theta0_R0main,5,0.154076,0.329663,1.557492,0.321392,0.479403,1.025735,4.846079,2.313385
theta0_R0main,6,0.14099,0.339408,1.650852,0.345944,0.407551,0.981108,4.772026,2.460361
theta0_R0main,7,0.153426,0.355629,1.597017,0.344921,0.444814,1.031045,4.630093,2.342676
theta0_R0main,8,0.132034,0.349181,1.394628,0.356827,0.370023,0.978572,3.908417,2.357322
theta0_R0main,9,0.13259,0.357639,1.366024,0.34188,0.387825,1.046095,3.995628,2.332401
theta0_R0main,10,0.144938,0.344007,1.300315,0.333357,0.434782,1.031946,3.900667,2.194059
theta0_R0main,11,0.133166,0.329342,1.382829,0.343043,0.388191,0.960062,4.031068,2.34029
theta0_R0main,12,0.164784,0.344235,1.786149,0.347146,0.474684,0.991617,5.145244,2.38318
theta0_R0main,13,0.150202,0.367444,1.23276,0.326197,0.460465,1.126449,3.779193,2.10503
theta0_R0main,14,0.143529,0.369387,1.582948,0.360999,0.39759,1.023238,4.384915,2.400505
theta0_R0main,15,0.129641,0.395221,1.495616,0.340299,0.380962,1.161394,4.39501,2.445525
theta0_R0main,16,0.141186,0.347543,1.298991,0.355606,0.397031,0.977325,3.652897,2.219262
theta0_R0main,17,0.146363,0.352818,1.399579,0.332569,0.440099,1.060887,4.208387,2.257835
theta0_R0main,18,0.145195,0.36861,1.478969,0.367211,0.3954,1.003808,4.027569,2.32102
theta0_R0main,19,0.131123,0.327173,1.465906,0.322242,0.40691,1.0153,4.549082,2.41409
theta0_R0main,20,0.141095,0.334905,1.396821,0.320922,0.439656,1.043572,4.35253,2.29252
theta0_R0main,21,0.139913,0.366481,1.338223,0.327407,0.427335,1.119344,4.087335,2.258079
theta0_R0main,22,0.132549,0.351424,1.98908,0.350778,0.377873,1.001844,5.670487,2.708472
theta0_R0main,23,0.139105,0.304481,1.423727,0.331468,0.419665,0.918586,4.295223,2.325802
theta0_R0main,24,0.155524,0.351046,1.337614,0.345505,0.450136,1.016035,3.87147,2.15184
theta0_R0main,25,0.142195,0.354641,1.368141,0.352883,0.402953,1.004981,3.877036,2.264006
theta0_R0main,26,0.136561,0.333441,1.115707,0.310548,0.439741,1.073719,3.592703,2.100475
theta0_R0main,27,0.130204,0.34554,1.280405,0.318846,0.408359,1.083721,4.015744,2.28583
theta0_R0main,28,0.14336,0.351348,1.321542,0.353279,0.4058,0.994536,3.740793,2.221193
theta0_R0main,29,0.132662,0.337036,1.511823,0.345634,0.383824,0.975126,4.37406,2.433263
theta0_R0main,30,0.140386,0.339691,1.189142,0.319789,0.438997,1.062237,3.718524,2.13659
theta0_R0main,31,0.139527,0.311186,1.425492,0.315258,0.44258,0.987082,4.521665,2.324015
theta0_R0main,32,0.145194,0.357893,1.260341,0.341569,0.42508,1.047791,3.689859,2.161067
theta0_R0main,33,0.132711,0.323707,1.299696,0.324774,0.408625,0.996714,4.001852,2.281716
theta0_R0main,34,0.154744,0.350219,1.703411,0.363407,0.425816,0.96371,4.687338,2.398613
theta0_R0main,35,0.143985,0.386976,1.535452,0.335224,0.42952,1.154382,4.580378,2.366869
theta0_R0main,36,0.143625,0.344422,1.240212,0.352393,0.407571,0.977382,3.519406,2.155833
theta0_R0main,37,0.15125,0.359774,1.107856,0.327856,0.46133,1.097355,3.379094,1.991249
theta0_R0main,38,0.141568,0.347888,1.518568,0.361476,0.39164,0.962408,4.201017,2.37274
theta0_R0main,39,0.135021,0.372221,1.713374,0.366694,0.368212,1.01507,4.672484,2.540787
theta0_R0main,40,0.136768,0.338033,1.474139,0.346983,0.394162,0.974205,4.248442,2.377547
theta0_R0main,41,0.130243,0.350031,1.827774,0.345182,0.377317,1.014046,5.2951,2.64145
theta0_R0main,42,0.12901,0.351875,1.493519,0.335989,0.38397,1.047282,4.445149,2.449003
theta0_R0main,43,0.145737,0.328754,1.288718,0.325377,0.4479,1.010378,3.960688,2.179602
theta0_R0main,44,0.141179,0.372038,1.677389,0.350528,0.402761,1.061362,4.785313,2.474964
theta0_R0main,45,0.160384,0.366242,1.753161,0.365303,0.439043,1.002571,4.7992,2.391607
theta0_R0main,46,0.133228,0.317499,1.388015,0.313446,0.425042,1.012933,4.428249,2.343571
theta0_R0main,47,0.146354,0.394754,1.587847,0.375179,0.390092,1.052174,4.232238,2.384104
theta0_R0main,48,0.149124,0.312765,1.273714,0.337071,0.442411,0.92789,3.778771,2.144916
theta0_R0main,49,0.145575,0.33794,1.452718,0.331677,0.438906,1.018884,4.379921,2.300501
theta0_R0main,50,0.144342,0.333934,1.372923,0.328803,0.438994,1.015606,4.175518,2.252509
theta0_R0main,51,0.156635,0.383778,1.672899,0.360954,0.433947,1.063231,4.634655,2.368395
theta0_R0main,52,0.146835,0.378267,1.545782,0.351174,0.418125,1.077151,4.401753,2.353978
theta0_R0main,53,0.142222,0.35947,1.538486,0.352947,0.402957,1.018482,4.358978,2.381164
theta0_R0main,54,0.139117,0.389131,1.594229,0.345232,0.402967,1.127157,4.617845,2.43883
theta0_R0main,55,0.132711,0.362313,1.284697,0.340531,0.389719,1.063966,3.772632,2.270102
theta0_R0main,56,0.139842,0.348873,1.431035,0.353151,0.395984,0.987887,4.052195,2.325641
theta0_R0main,57,0.131175,0.366012,1.785936,0.334263,0.392431,1.094982,5.342907,2.611164
theta0_R0main,58,0.138422,0.335023,1.096955,0.320676,0.431656,1.044739,3.420757,2.069988
theta0_R0main,59,0.141764,0.338409,1.831732,0.362327,0.39126,0.933988,5.055471,2.558854
theta0_R0main,60,0.146488,0.343923,1.218752,0.328002,0.446607,1.048539,3.715684,2.118638
theta0_R0main,61,0.132886,0.347334,1.56749,0.345289,0.384854,1.005922,4.539647,2.46774
theta0_R0main,62,0.140122,0.323352,1.506599,0.33855,0.413887,0.955109,4.450149,2.3751
theta0_R0main,63,0.139726,0.351353,1.339606,0.352513,0.396372,0.996707,3.800156,2.260445
theta0_R0main,64,0.145484,0.367391,1.30893,0.363942,0.399746,1.009476,3.596536,2.196897
theta0_R0main,65,0.134791,0.328782,1.347038,0.317475,0.424574,1.035618,4.242979,2.301935
theta0_R0main,66,0.147919,0.336934,1.657131,0.353222,0.41877,0.953888,4.691471,2.41618
theta0_R0main,67,0.154658,0.325825,1.293888,0.318747,0.485206,1.022204,4.05929,2.12419
theta0_R0main,68,0.133351,0.340278,1.919989,0.342972,0.38881,0.992145,5.598095,2.66709
theta0_R0main,69,0.127593,0.348325,1.296243,0.358845,0.355567,0.970686,3.612269,2.318378
theta0_R0main,70,0.130231,0.319653,1.090723,0.326076,0.399388,0.980304,3.345001,2.125288
theta0_R0main,71,0.150005,0.355825,1.420937,0.329054,0.455868,1.081357,4.318247,2.248403
theta0_R0main,72,0.142445,0.363982,1.54307,0.347059,0.410433,1.048761,4.446128,2.382576
theta0_R0main,73,0.145537,0.365737,1.478011,0.348399,0.417731,1.049763,4.242291,2.31802
theta0_R0main,74,0.139485,0.343335,1.450417,0.348304,0.400468,0.985733,4.164229,2.341653
theta0_R0main,75,0.149663,0.346544,1.351748,0.364025,0.411135,0.951979,3.713342,2.200765
theta0_R0main,76,0.14435,0.353868,1.215351,0.353384,0.408478,1.001369,3.439178,2.130549
theta0_R0main,77,0.135555,0.322477,1.735964,0.336981,0.402264,0.95696,5.15152,2.549938
theta0_R0main,78,0.153479,0.398421,1.978962,0.351753,0.436327,1.132675,5.626001,2.556762
theta0_R0main,79,0.135005,0.378153,1.70203,0.336359,0.401371,1.124252,5.06015,2.534265
theta0_R0main,80,0.153663,0.365452,1.382451,0.353442,0.43476,1.03398,3.911392,2.196854
theta0_R0main,81,0.147826,0.378067,1.597709,0.367939,0.401767,1.027524,4.342317,2.380291
theta0_R0main,82,0.134225,0.338306,1.381305,0.336319,0.399102,1.005908,4.107127,2.331263
theta0_R0main,83,0.110963,0.329023,1.38314,0.303865,0.365174,1.082793,4.551827,2.522911
theta0_R0main,84,0.141531,0.334142,1.404268,0.326556,0.433406,1.023232,4.300238,2.294751
theta0_R0main,85,0.141502,0.358814,1.469831,0.35364,0.400131,1.01463,4.156293,2.340587
theta0_R0main,86,0.127591,0.352875,1.798738,0.3513,0.363198,1.004486,5.120238,2.646007
theta0_R0main,87,0.139731,0.39574,1.597642,0.358379,0.389899,1.104249,4.457967,2.436561
theta0_R0main,88,0.126903,0.341015,1.361924,0.321766,0.394395,1.059825,4.232658,2.373233
theta0_R0main,89,0.141361,0.346971,1.664762,0.337161,0.419269,1.029097,4.937591,2.466119
theta0_R0main,90,0.137635,0.353074,1.66013,0.343948,0.400162,1.026533,4.826682,2.490045
theta0_R0main,91,0.135862,0.371475,1.538315,0.321759,0.422248,1.154515,4.780956,2.426802
theta0_R0main,92,0.146517,0.353282,1.352152,0.341094,0.42955,1.035734,3.964168,2.222312
theta0_R0main,93,0.127519,0.382377,1.269024,0.343601,0.371125,1.112853,3.69331,2.29774
theta0_R0main,94,0.150596,0.375498,1.540283,0.353527,0.425982,1.062149,4.356908,2.32512
theta0_R0main,95,0.151448,0.408764,2.116687,0.375064,0.403794,1.08985,5.643535,2.637362
theta0_R0main,96,0.133734,0.371392,1.498601,0.34768,0.384647,1.068202,4.310293,2.416434
theta0_R0main,97,0.14144,0.360021,1.367237,0.321569,0.439845,1.119576,4.251771,2.268669
theta0_R0main,98,0.165893,0.349453,1.74888,0.36367,0.456164,0.960908,4.808977,2.355388
theta0_R0main,99,0.138763,0.367062,1.393625,0.359202,0.386308,1.021882,3.879777,2.306897
theta0_R0main,100,0.138802,0.341088,1.233881,0.325279,0.426716,1.048599,3.793295,2.184871
theta0_R0main,101,0.146345,0.345649,1.666649,0.332124,0.440634,1.040722,5.018145,2.432601
theta0_R0main,102,0.14124,0.330633,1.173579,0.32741,0.431387,1.009846,3.584434,2.117351
theta0_R0main,103,0.149591,0.36226,1.379099,0.354207,0.422325,1.022734,3.89348,2.221284
theta0_R0main,104,0.1472,0.35733,1.579836,0.362118,0.406497,0.98678,4.36277,2.373285
theta0_R0main,105,0.132097,0.350997,1.619891,0.334935,0.394397,1.047955,4.836429,2.506575
theta0_R0main,106,0.169552,0.327853,1.614739,0.355028,0.477574,0.923459,4.548209,2.253769
theta0_R0main,107,0.137336,0.361221,1.187688,0.351831,0.390346,1.02669,3.375731,2.157334
theta0_R0main,108,0.138869,0.361392,1.728284,0.335479,0.413943,1.077242,5.151694,2.521354
theta0_R0main,109,0.142771,0.384803,1.475713,0.355561,0.401536,1.08224,4.150377,2.335657
theta0_R0main,110,0.150723,0.38926,1.433601,0.365503,0.412371,1.064996,3.922264,2.2525
theta0_R0main,111,0.169212,0.397839,2.004549,0.399168,0.423913,0.996671,5.021819,2.472019
theta0_R0main,112,0.14689,0.331937,1.564386,0.357679,0.410676,0.92803,4.373711,2.365563
theta0_R0main,113,0.142296,0.317202,1.400025,0.328421,0.433272,0.965839,4.262894,2.286338
theta0_R0main,114,0.142403,0.319323,1.507106,0.352916,0.403504,0.904812,4.270437,2.359286
theta0_R0main,115,0.138057,0.36326,1.592924,0.34702,0.397836,1.046798,4.590288,2.445657
theta0_R0main,116,0.151628,0.343059,1.317512,0.365558,0.414785,0.938452,3.604112,2.162071
theta0_R0main,117,0.163024,0.400032,2.093914,0.390876,0.417073,1.023422,5.356975,2.552894
theta0_R0main,118,0.137456,0.364623,1.359727,0.346812,0.396342,1.051357,3.920647,2.291735
theta0_R0main,119,0.145154,0.343203,1.313441,0.339989,0.426936,1.009453,3.863185,2.202614
theta0_R0main,120,0.135307,0.377404,1.722351,0.346587,0.390397,1.088915,4.969458,2.543901
theta0_R0main,121,0.14202,0.344361,1.34379,0.31856,0.445818,1.080991,4.218323,2.247282
theta0_R0main,122,0.147058,0.326833,1.500221,0.368498,0.399074,0.886934,4.071181,2.322541
theta0_R0main,123,0.141487,0.378082,1.805398,0.337902,0.418721,1.11891,5.34296,2.546329
theta0_R0main,124,0.126433,0.342081,1.235309,0.322648,0.391861,1.060231,3.828659,2.279362
theta0_R0main,125,0.125282,0.325998,1.40606,0.315817,0.396693,1.032236,4.452132,2.417976
theta0_R0main,126,0.154886,0.376602,1.257888,0.343093,0.451441,1.097666,3.666311,2.094497
theta0_R0main,127,0.142866,0.365417,1.568786,0.359548,0.397349,1.016326,4.363221,2.396152
theta0_R0main,128,0.144313,0.336856,1.404791,0.339799,0.424701,0.991339,4.13418,2.275659
theta0_R0main,129,0.147597,0.340197,1.261423,0.344234,0.428769,0.988272,3.664433,2.145509
theta0_R0main,130,0.152601,0.383661,1.618654,0.345736,0.441379,1.109694,4.681768,2.361526
theta0_R0main,131,0.148911,0.383297,1.377744,0.361727,0.411668,1.059631,3.808794,2.224851
theta0_R0main,132,0.157669,0.316883,1.363397,0.338509,0.465773,0.936114,4.027653,2.15724
theta0_R0main,133,0.144074,0.38805,1.64173,0.365727,0.39394,1.061039,4.488952,2.433175
theta0_R0main,134,0.143568,0.321018,1.170985,0.330679,0.434163,0.970787,3.541157,2.098789
theta0_R0main,135,0.156118,0.372833,1.298216,0.354742,0.44009,1.050997,3.659606,2.118132
theta0_R0main,136,0.137257,0.345329,1.169723,0.349196,0.393065,0.988925,3.349757,2.142668
theta0_R0main,137,0.14448,0.347044,1.157481,0.348279,0.414839,0.996454,3.323431,2.080862
theta0_R0main,138,0.145003,0.320083,1.351806,0.32923,0.44043,0.972216,4.10596,2.232442
theta0_R0main,139,0.135128,0.33586,1.232927,0.336109,0.402036,0.999257,3.668233,2.210924
theta0_R0main,140,0.14274,0.355305,1.31141,0.334687,0.426487,1.061606,3.91832,2.217836
theta0_R0main,141,0.136288,0.341882,1.555246,0.36049,0.378063,0.948381,4.314257,2.434619
theta0_R0main,142,0.16521,0.372016,1.613116,0.356419,0.463528,1.04376,4.525902,2.278706
theta0_R0main,143,0.13554,0.357364,1.484074,0.350936,0.386225,1.018315,4.228897,2.393276
theta0_R0main,144,0.149766,0.346585,1.175957,0.344235,0.435071,1.006828,3.416147,2.06076
theta0_R0main,145,0.15787,0.371068,1.492271,0.371207,0.425289,0.999625,4.020054,2.246282
theta0_R0main,146,0.143178,0.352543,1.482155,0.329806,0.434128,1.068942,4.494022,2.337165
theta0_R0main,147,0.131159,0.297378,1.266355,0.342199,0.383284,0.869022,3.700645,2.267486
theta0_R0main,148,0.142888,0.353023,1.771196,0.337079,0.423901,1.047298,5.254539,2.517348
theta0_R0main,149,0.132425,0.363456,1.59792,0.346835,0.38181,1.047923,4.607152,2.490443
theta0_R0main,150,0.150432,0.335606,1.349171,0.345581,0.435301,0.971134,3.904064,2.193737
theta0_R0main,151,0.141998,0.315,1.360055,0.356428,0.398392,0.883769,3.815788,2.259467
theta0_R0main,152,0.150348,0.342822,1.259673,0.324338,0.463555,1.05699,3.883831,2.125653
theta0_R0main,153,0.130165,0.334133,1.262139,0.315122,0.413062,1.060327,4.005235,2.271759
theta0_R0main,154,0.153791,0.359524,1.414271,0.343149,0.448175,1.047718,4.121444,2.218776
theta0_R0main,155,0.148147,0.357289,1.635568,0.32057,0.462136,1.114544,5.102061,2.401541
theta0_R0main,156,0.140342,0.354056,1.692373,0.341298,0.411202,1.037381,4.958642,2.489802
theta0_R0main,157,0.157989,0.352582,1.21509,0.34759,0.454528,1.014361,3.495757,2.040045
theta0_R0main,158,0.155535,0.356591,1.454552,0.365196,0.425894,0.976437,3.982932,2.235582
theta0_R0main,159,0.154461,0.360849,1.479816,0.338858,0.455828,1.064897,4.367068,2.259731
theta0_R0main,160,0.151714,0.369672,1.406817,0.367972,0.412297,1.004621,3.823164,2.22709
theta0_R0main,161,0.135538,0.343371,1.337946,0.36069,0.375775,0.951983,3.709409,2.289637
theta0_R0main,162,0.136343,0.357748,1.457501,0.352827,0.38643,1.013946,4.130918,2.369303
theta0_R0main,163,0.15456,0.38489,1.548923,0.352462,0.438515,1.092003,4.394581,2.304734
theta0_R0main,164,0.124404,0.325196,1.367367,0.338306,0.367727,0.961248,4.041802,2.397105
theta0_R0main,165,0.139047,0.332357,1.300378,0.340618,0.408219,0.975748,3.817701,2.235601
theta0_R0main,166,0.150256,0.383702,1.798287,0.380781,0.394599,1.007673,4.722632,2.482251
theta0_R0main,167,0.151453,0.407755,1.649713,0.369095,0.410335,1.104743,4.469616,2.388084
theta0_R0main,168,0.150924,0.383465,1.709982,0.371148,0.40664,1.033186,4.607272,2.427462
theta0_R0main,169,0.13917,0.346803,1.436423,0.336287,0.413842,1.03127,4.271423,2.334217
theta0_R0main,170,0.132173,0.379941,1.311438,0.341152,0.387432,1.1137,3.84415,2.294767
theta0_R0main,171,0.122781,0.352742,1.406318,0.31387,0.391185,1.123846,4.480575,2.438327
theta0_R0main,172,0.12772,0.349302,1.176405,0.325223,0.392716,1.074037,3.617228,2.220375
theta0_R0main,173,0.136292,0.342954,1.305294,0.336482,0.405051,1.019235,3.879242,2.259381
theta0_R0main,174,0.143237,0.335688,1.324404,0.329201,0.435105,1.019707,4.023091,2.224218
theta0_R0main,175,0.138632,0.357387,1.429858,0.341099,0.406426,1.047749,4.19191,2.333509
theta0_R0main,176,0.159793,0.347576,1.384725,0.369706,0.432216,0.940141,3.745475,2.159378
theta0_R0main,177,0.137265,0.316802,1.197128,0.317413,0.43245,0.998076,3.771517,2.165765
theta0_R0main,178,0.141296,0.345535,1.412807,0.343557,0.411275,1.005757,4.112296,2.302474
theta0_R0main,179,0.150348,0.35224,1.705002,0.367973,0.408584,0.957244,4.633497,2.428369
theta0_R0main,180,0.138435,0.337636,1.155691,0.320946,0.431335,1.052001,3.600887,2.12205
theta0_R0main,181,0.12939,0.350134,1.151579,0.326476,0.396323,1.072464,3.5273,2.186058
theta0_R0main,182,0.151805,0.341961,1.4151,0.353677,0.42922,0.966874,4.00111,2.232358
theta0_R0main,183,0.153147,0.348404,1.534847,0.356241,0.429898,0.978002,4.308452,2.304785
theta0_R0main,184,0.151324,0.333654,1.34738,0.331675,0.456243,1.005966,4.062349,2.186491
theta0_R0main,185,0.141854,0.367759,1.135102,0.348345,0.407224,1.055734,3.258559,2.079676
theta0_R0main,186,0.157365,0.353765,1.413802,0.369072,0.426379,0.958526,3.830692,2.195473
theta0_R0main,187,0.137735,0.379444,1.823097,0.345405,0.398764,1.098549,5.27815,2.58296
theta0_R0main,188,0.159247,0.378514,1.702194,0.347085,0.458813,1.090551,4.904258,2.369216
theta0_R0main,189,0.133284,0.331843,1.345724,0.347945,0.383061,0.953723,3.867633,2.312203
theta0_R0main,190,0.144031,0.361575,1.579819,0.360381,0.399664,1.003313,4.383745,2.395034
theta0_R0main,191,0.135161,0.315464,1.194018,0.315543,0.428343,0.999748,3.784004,2.178613
theta0_R0main,192,0.14019,0.366997,1.665385,0.343683,0.407904,1.067837,4.845702,2.474815
theta0_R0main,193,0.141904,0.326587,1.253713,0.335028,0.423559,0.974806,3.742113,2.178713
theta0_R0main,194,0.138295,0.349331,1.755791,0.346669,0.398927,1.007681,5.06475,2.541282
theta0_R0main,195,0.1356,0.349161,1.36871,0.3585,0.378242,0.973949,3.817882,2.311917
theta0_R0main,196,0.14705,0.379284,1.609544,0.386709,0.38026,0.980799,4.162159,2.392933
theta0_R0main,197,0.139683,0.369908,1.542712,0.343657,0.406461,1.076385,4.489099,2.40192
theta0_R0main,198,0.115424,0.318491,1.277816,0.315791,0.365507,1.008553,4.046402,2.404297
theta0_R0main,199,0.136081,0.344196,1.3218,0.351019,0.387673,0.980561,3.765606,2.273503
theta0_R0main,200,0.167751,0.355764,1.919388,0.413649,0.40554,0.860063,4.64014,2.43728
theta0_R0main,201,0.123503,0.358303,1.297173,0.341141,0.36203,1.050307,3.802457,2.351676
theta0_R0main,202,0.14777,0.354145,1.387857,0.342988,0.430832,1.03253,4.046372,2.239857
theta0_R0main,203,0.1476,0.39708,1.905822,0.366831,0.402365,1.082459,5.195367,2.558163
theta0_R0main,204,0.139485,0.358365,1.194223,0.323898,0.430645,1.106413,3.687034,2.147293
theta0_R0main,205,0.15685,0.379756,2.100449,0.374815,0.418474,1.013184,5.603965,2.594614
theta0_R0main,206,0.142842,0.357794,1.326402,0.343207,0.4162,1.042503,3.864734,2.228483
theta0_R0main,207,0.13342,0.346249,1.050192,0.317579,0.420116,1.090276,3.30687,2.063225
theta0_R0main,208,0.134753,0.331531,1.485887,0.320073,0.421007,1.035797,4.642333,2.400323
theta0_R0main,209,0.144318,0.364868,1.560271,0.342223,0.421707,1.066169,4.559218,2.380595
theta0_R0main,210,0.142921,0.380768,1.3845,0.321292,0.444831,1.185113,4.309162,2.270803
theta0_R0main,211,0.134391,0.340791,1.411356,0.357855,0.375545,0.952317,3.943939,2.351556
theta0_R0main,212,0.141652,0.397154,1.908741,0.386886,0.366133,1.02654,4.933603,2.600829
theta0_R0main,213,0.14208,0.352272,1.678926,0.357181,0.397781,0.986258,4.700492,2.469521
theta0_R0main,214,0.143152,0.336781,1.294417,0.365327,0.391845,0.921864,3.543178,2.201912
theta0_R0main,215,0.153286,0.377068,1.271125,0.332351,0.461216,1.134546,3.824643,2.115353
theta0_R0main,216,0.142737,0.355364,1.579628,0.365467,0.39056,0.972354,4.322213,2.403942
theta0_R0main,217,0.137389,0.382965,1.565063,0.381859,0.359791,1.002896,4.09854,2.432862
theta0_R0main,218,0.17006,0.38577,1.67881,0.389736,0.436348,0.989824,4.30756,2.289687
theta0_R0main,219,0.152627,0.377932,1.492312,0.345839,0.441324,1.092797,4.315046,2.280083
theta0_R0main,220,0.126443,0.361612,1.325755,0.348121,0.363217,1.038756,3.808319,2.349944
theta0_R0main,221,0.128589,0.362795,1.2323,0.33261,0.386605,1.090752,3.704945,2.26002
theta0_R0main,222,0.13349,0.363011,1.293341,0.332904,0.400986,1.090438,3.885031,2.270961
theta0_R0main,223,0.133432,0.309679,1.395112,0.325133,0.410392,0.952468,4.290901,2.347139
theta0_R0main,224,0.142182,0.313712,1.435614,0.324611,0.438006,0.966422,4.422562,2.312242
theta0_R0main,225,0.161653,0.357757,1.450552,0.383875,0.421109,0.931963,3.778712,2.194247
theta0_R0main,226,0.156414,0.30161,1.119861,0.32463,0.481823,0.92909,3.449656,1.968453
theta0_R0main,227,0.132464,0.351608,1.610079,0.341503,0.387884,1.029587,4.714679,2.49773
theta0_R0main,228,0.130702,0.383562,1.746338,0.363596,0.35947,1.054914,4.802963,2.592357
theta0_R0main,229,0.148437,0.373388,1.534247,0.377651,0.393055,0.988712,4.062609,2.335631
theta0_R0main,230,0.150124,0.379627,1.279919,0.343761,0.436711,1.104334,3.723278,2.143089
theta0_R0main,231,0.14237,0.33426,1.412889,0.333776,0.426543,1.00145,4.233042,2.294963
theta0_R0main,232,0.149099,0.347058,1.424021,0.359338,0.414927,0.965828,3.962907,2.256631
theta0_R0main,233,0.133177,0.308413,1.316224,0.326475,0.407924,0.944678,4.031627,2.290845
theta0_R0main,234,0.15284,0.347131,1.704484,0.346225,0.441448,1.002614,4.923047,2.411624
theta0_R0main,235,0.137694,0.370543,1.723448,0.375838,0.366367,0.985912,4.585616,2.527045
theta0_R0main,236,0.129103,0.331872,1.487128,0.337618,0.382393,0.982981,4.404767,2.443995
theta0_R0main,237,0.154866,0.397554,1.902992,0.345986,0.447609,1.149048,5.500205,2.508621
theta0_R0main,238,0.155819,0.327472,1.214774,0.352333,0.442249,0.929439,3.447796,2.053618
theta0_R0main,239,0.12662,0.36215,1.695366,0.32273,0.39234,1.122143,5.253198,2.594464
theta0_R0main,240,0.148688,0.345569,1.371186,0.345434,0.430439,1.000391,3.969456,2.221578
theta0_R0main,241,0.143626,0.341795,1.268446,0.34077,0.421475,1.003009,3.722298,2.178336
theta0_R0main,242,0.154967,0.366261,1.302911,0.355663,0.435713,1.029797,3.663326,2.129142
theta0_R0main,243,0.137517,0.35252,1.154251,0.318813,0.43134,1.105726,3.620469,2.127462
theta0_R0main,244,0.149001,0.341307,1.535887,0.342738,0.434739,0.995825,4.481232,2.332908
theta0_R0main,245,0.137177,0.336513,0.994032,0.326602,0.420013,1.030349,3.043561,1.980499
theta0_R0main,246,0.137433,0.362118,1.464585,0.342546,0.401212,1.057138,4.27559,2.366189
theta0_R0main,247,0.147106,0.347201,1.293739,0.363192,0.405037,0.955972,3.562139,2.174138
theta0_R0main,248,0.145897,0.372963,1.345773,0.359978,0.405294,1.036071,3.73849,2.221824
theta0_R0main,249,0.148745,0.357648,1.531389,0.34953,0.425558,1.023226,4.38128,2.331694
theta0_R0main,250,0.147507,0.344977,1.602489,0.352011,0.419042,0.980017,4.552386,2.385436
theta0_R0main,251,0.156431,0.356518,1.51152,0.365136,0.428417,0.976396,4.139604,2.268259
theta0_R0main,252,0.146328,0.346765,1.356323,0.352573,0.415028,0.983527,3.846932,2.226685
theta0_R0main,253,0.131914,0.334812,1.415158,0.335057,0.393705,0.999267,4.223628,2.372847
theta0_R0main,254,0.145007,0.343448,1.493608,0.344941,0.420381,0.995671,4.33004,2.332171
theta0_R0main,255,0.156736,0.371615,1.439958,0.350509,0.447167,1.060214,4.108187,2.217806
theta0_R0main,256,0.145467,0.372838,1.487827,0.34323,0.423818,1.086261,4.334778,2.325122
theta0_R0main,257,0.151447,0.344572,1.203444,0.337515,0.448713,1.020909,3.565603,2.072705
theta0_R0main,258,0.130082,0.355943,1.385452,0.331921,0.391906,1.072374,4.174044,2.365618
theta0_R0main,259,0.155294,0.341386,1.270141,0.36577,0.424569,0.933337,3.472517,2.101562
theta0_R0main,260,0.141582,0.350923,1.315207,0.344627,0.410828,1.01827,3.816323,2.228868
theta0_R0main,261,0.138509,0.346273,1.533353,0.354521,0.390694,0.976734,4.325137,2.404274
theta0_R0main,262,0.134423,0.354502,1.414917,0.349203,0.384943,1.015175,4.051845,2.353833
theta0_R0main,263,0.1464,0.351926,1.688865,0.366007,0.399992,0.961529,4.614294,2.445469
theta0_R0main,264,0.14088,0.340007,1.359798,0.348667,0.404054,0.975162,3.899985,2.267181
theta0_R0main,265,0.120312,0.323491,1.230473,0.330121,0.36445,0.979918,3.727342,2.325062
theta0_R0main,266,0.157975,0.386824,1.653807,0.387659,0.40751,0.997844,4.266133,2.348397
theta0_R0main,267,0.139947,0.338873,1.277882,0.325355,0.430137,1.041547,3.927652,2.211693
theta0_R0main,268,0.154418,0.389367,1.707964,0.353084,0.437341,1.102761,4.837278,2.403394
theta0_R0main,269,0.154891,0.348756,1.494994,0.37327,0.414957,0.934327,4.005131,2.267156
theta0_R0main,270,0.132384,0.373486,1.496899,0.332695,0.397913,1.12261,4.499318,2.425447
theta0_R0main,271,0.150438,0.396811,1.441479,0.348707,0.431418,1.137951,4.133785,2.259872
theta0_R0main,272,0.147701,0.325762,1.156053,0.336342,0.439138,0.968545,3.437137,2.05758
theta0_R0main,273,0.122938,0.300485,1.104602,0.313915,0.391628,0.957218,3.518796,2.195562
theta0_R0main,274,0.134432,0.334866,1.395285,0.335643,0.40052,0.997686,4.157053,2.339799
theta0_R0main,275,0.131729,0.32604,1.401386,0.319875,0.411813,1.019273,4.381039,2.364473
theta0_R0main,276,0.143335,0.344179,1.41804,0.332033,0.431688,1.036583,4.270786,2.291849
theta0_R0main,277,0.137045,0.352515,1.44131,0.344273,0.398071,1.02394,4.186531,2.352997
theta0_R0main,278,0.137117,0.359671,1.25548,0.331632,0.413461,1.08455,3.785764,2.214439
theta0_R0main,279,0.122435,0.307855,1.171167,0.308068,0.397428,0.99931,3.801655,2.258177
theta0_R0main,280,0.13761,0.339092,1.752383,0.35101,0.39204,0.966047,4.992407,2.54431
theta0_R0main,281,0.14196,0.331604,1.202653,0.329757,0.4305,1.005602,3.647092,2.136739
theta0_R0main,282,0.151932,0.371644,1.52673,0.363964,0.417437,1.021102,4.194732,2.307451
theta0_R0main,283,0.143906,0.344277,1.581273,0.349628,0.411599,0.984697,4.522736,2.396823
theta0_R0main,284,0.133934,0.34416,1.192109,0.338062,0.396181,1.018037,3.526301,2.186135
theta0_R0main,285,0.155521,0.36827,1.533349,0.372814,0.417154,0.987811,4.112903,2.28843
theta0_R0main,286,0.146883,0.322446,1.178366,0.332577,0.44165,0.969538,3.543139,2.08225
theta0_R0main,287,0.147159,0.360748,1.392529,0.336658,0.437117,1.071556,4.136326,2.247361
theta0_R0main,288,0.147386,0.356985,1.797736,0.341147,0.432031,1.046426,5.269688,2.50123
theta0_R0main,289,0.142751,0.380228,1.678459,0.370655,0.385131,1.025827,4.528363,2.464531
theta0_R0main,290,0.138724,0.332418,1.714189,0.344109,0.40314,0.966026,4.981535,2.514209
theta0_R0main,291,0.147881,0.351528,1.424182,0.329178,0.449243,1.067898,4.326483,2.264947
theta0_R0main,292,0.130644,0.33969,1.366182,0.321241,0.406686,1.05743,4.252829,2.347299
theta0_R0main,293,0.137542,0.372107,1.765033,0.367288,0.374481,1.013119,4.80558,2.551993
theta0_R0main,294,0.146517,0.368232,1.652127,0.348695,0.420187,1.056027,4.738025,2.422675
theta0_R0main,295,0.134376,0.342569,1.880099,0.347913,0.386235,0.984641,5.403938,2.638437
theta0_R0main,296,0.115063,0.353175,1.266869,0.324399,0.354696,1.088707,3.905281,2.398823
theta0_R0main,297,0.145413,0.358582,1.576419,0.364129,0.399345,0.984767,4.329285,2.383331
theta0_R0main,298,0.139443,0.370509,1.429809,0.357405,0.390155,1.036665,4.000531,2.327637
theta0_R0main,299,0.132445,0.334283,1.43158,0.331484,0.399552,1.008443,4.318699,2.380365
theta0_R0main,300,0.137818,0.338187,1.371285,0.343037,0.401758,0.98586,3.997481,2.297571
theta0_R0main,301,0.151619,0.3484,1.291827,0.358961,0.422383,0.970581,3.598798,2.142443
theta0_R0main,302,0.142402,0.339944,1.420895,0.357627,0.398185,0.950554,3.97312,2.30039
theta0_R0main,303,0.131147,0.376809,1.504427,0.345119,0.380006,1.091821,4.359149,2.439845
theta0_R0main,304,0.15274,0.363106,1.396908,0.359178,0.425248,1.010934,3.889177,2.213281
theta0_R0main,305,0.153089,0.326986,1.305582,0.355169,0.431033,0.920649,3.675951,2.143383
theta0_R0main,306,0.134631,0.353041,1.561925,0.317492,0.424044,1.111967,4.919569,2.45114
theta0_R0main,307,0.130272,0.358756,1.752841,0.355272,0.366683,1.009806,4.933794,2.599367
theta0_R0main,308,0.126589,0.383728,1.347778,0.333428,0.37966,1.150858,4.042186,2.365265
theta0_R0main,309,0.149823,0.324531,1.337192,0.334443,0.447977,0.970362,3.998267,2.188874
theta0_R0main,310,0.137146,0.363273,1.3135,0.353876,0.387555,1.026556,3.711756,2.259402
theta0_R0main,311,0.135241,0.358457,1.166262,0.313329,0.431627,1.144031,3.722169,2.154501
theta0_R0main,312,0.166438,0.345597,1.497819,0.38057,0.437339,0.908103,3.935725,2.197141
theta0_R0main,313,0.132157,0.368958,1.249582,0.329528,0.40105,1.119658,3.792037,2.246573
theta0_R0main,314,0.130515,0.362306,1.958506,0.358325,0.364237,1.011112,5.465733,2.708448
theta0_R0main,315,0.146372,0.339302,1.434256,0.351373,0.416571,0.965647,4.081867,2.282252
theta0_R0main,316,0.147365,0.344769,1.548662,0.340237,0.433123,1.013321,4.551715,2.352237
theta0_R0main,317,0.16467,0.375386,1.537342,0.357267,0.460915,1.050714,4.30306,2.233868
theta0_R0main,318,0.141356,0.354493,1.401615,0.34667,0.407755,1.022567,4.043088,2.294097
theta0_R0main,319,0.133864,0.33089,1.39633,0.318932,0.419725,1.037495,4.378148,2.344781
theta0_R0main,320,0.130331,0.348782,1.365977,0.312821,0.416629,1.114955,4.366636,2.349551
theta0_R0main,321,0.140747,0.302792,1.28329,0.312654,0.450168,0.968456,4.104504,2.210219
theta0_R0main,322,0.152161,0.350525,1.556197,0.344477,0.441717,1.017558,4.517568,2.32506
theta0_R0main,323,0.144116,0.341783,1.223629,0.332836,0.432994,1.026883,3.676375,2.13896
theta0_R0main,324,0.155917,0.364436,1.58965,0.342983,0.454591,1.062549,4.634784,2.321947
theta0_R0main,325,0.145627,0.376815,1.748692,0.372107,0.391359,1.012652,4.699436,2.485572
theta0_R0main,326,0.132306,0.356243,2.038011,0.350093,0.377918,1.017567,5.821348,2.734609
theta0_R0main,327,0.142379,0.369028,1.816668,0.356962,0.398864,1.033802,5.089242,2.546264
theta0_R0main,328,0.126877,0.349263,1.339583,0.344422,0.368377,1.014055,3.889363,2.356893
theta0_R0main,329,0.167269,0.364683,1.757574,0.384429,0.435111,0.948638,4.571912,2.352085
theta0_R0main,330,0.135952,0.341812,1.423036,0.34262,0.396801,0.99764,4.153389,2.348245
theta0_R0main,331,0.139285,0.392943,1.601522,0.336634,0.413758,1.167268,4.757452,2.442185
theta0_R0main,332,0.154,0.331908,1.649858,0.364517,0.422477,0.910541,4.526146,2.371491
theta0_R0main,333,0.156708,0.335272,1.33131,0.317072,0.494234,1.057401,4.198762,2.139536
theta0_R0main,334,0.143565,0.357417,1.461047,0.36275,0.39577,0.9853,4.027702,2.320118
theta0_R0main,335,0.141883,0.337332,1.41427,0.347858,0.407877,0.969739,4.065649,2.299364
theta0_R0main,336,0.137158,0.387124,1.76831,0.367319,0.373402,1.053918,4.814093,2.556647
theta0_R0main,337,0.140212,0.378052,1.966198,0.380793,0.36821,0.992802,5.163429,2.640703
theta0_R0main,338,0.142634,0.342736,1.543659,0.312264,0.456775,1.097584,4.943445,2.381626
theta0_R0main,339,0.122213,0.346607,1.376364,0.322128,0.379394,1.075993,4.272731,2.421433
theta0_R0main,340,0.152792,0.367201,1.590843,0.382363,0.399599,0.960347,4.160554,2.342942
theta0_R0main,341,0.135263,0.347431,1.399034,0.329888,0.410027,1.053177,4.240933,2.336315
theta0_R0main,342,0.153051,0.353042,1.355602,0.352987,0.433589,1.000155,3.840371,2.181228
theta0_R0main,343,0.142613,0.347953,1.677353,0.360317,0.395799,0.965685,4.65521,2.464835
theta0_R0main,344,0.154503,0.3269,1.055258,0.324346,0.476353,1.007875,3.253498,1.921326
theta0_R0main,345,0.139721,0.335813,1.328551,0.307756,0.453999,1.091168,4.3169,2.252198
theta0_R0main,346,0.149149,0.377796,1.683369,0.35074,0.425239,1.077139,4.799471,2.423609
theta0_R0main,347,0.161044,0.375949,1.369516,0.377374,0.42675,0.996222,3.629065,2.140533
theta0_R0main,348,0.14865,0.311621,1.260734,0.337692,0.440195,0.922796,3.733386,2.137852
theta0_R0main,349,0.139669,0.375085,1.377745,0.351678,0.397151,1.066557,3.917628,2.288926
theta0_R0main,350,0.12717,0.379603,1.422218,0.35394,0.359299,1.072509,4.018249,2.414446
theta0_R0main,351,0.142348,0.385123,1.883132,0.365948,0.388985,1.052399,5.145903,2.582416
theta0_R0main,352,0.13676,0.340846,1.201076,0.31824,0.42974,1.071035,3.774124,2.172743
theta0_R0main,353,0.143762,0.393249,1.710138,0.371226,0.387262,1.059326,4.606731,2.476172
theta0_R0main,354,0.150186,0.360837,1.340725,0.36528,0.411153,0.987837,3.670403,2.189091
theta0_R0main,355,0.147452,0.338968,1.348624,0.343749,0.428952,0.986093,3.923283,2.21334
theta0_R0main,356,0.128033,0.312604,1.184837,0.315008,0.406442,0.992368,3.761291,2.225076
theta0_R0main,357,0.145669,0.37228,1.252603,0.360403,0.404185,1.032954,3.475561,2.151639
theta0_R0main,358,0.152992,0.374589,1.51078,0.376083,0.406804,0.996027,4.017145,2.289995
theta0_R0main,359,0.141469,0.335467,1.479551,0.338654,0.417739,0.990589,4.368912,2.347411
theta0_R0main,360,0.147826,0.331848,1.278085,0.334511,0.441917,0.992039,3.820758,2.157082
theta0_R0main,361,0.147355,0.36681,1.489645,0.337318,0.436844,1.087429,4.416145,2.313445
theta0_R0main,362,0.143274,0.354209,1.759677,0.338122,0.423735,1.047577,5.204261,2.508126
theta0_R0main,363,0.136438,0.327933,1.395639,0.352112,0.387483,0.931332,3.963621,2.32524
theta0_R0main,364,0.139588,0.322616,1.097174,0.345736,0.403741,0.933126,3.173441,2.061799
theta0_R0main,365,0.156211,0.354841,1.36035,0.34572,0.451841,1.026381,3.934832,2.164293
theta0_R0main,366,0.159158,0.400906,1.522986,0.350709,0.453817,1.143132,4.342596,2.258534
theta0_R0main,367,0.150776,0.359517,1.582172,0.350624,0.430023,1.025364,4.512452,2.350757
theta0_R0main,368,0.145795,0.329764,1.530069,0.33428,0.436147,0.986489,4.577203,2.350864
theta0_R0main,369,0.167774,0.358842,1.323477,0.36479,0.459918,0.983694,3.628047,2.065402
theta0_R0main,370,0.14128,0.32113,1.375436,0.330093,0.428,0.972847,4.166819,2.275786
theta0_R0main,371,0.143078,0.35082,1.433288,0.319265,0.448149,1.098837,4.489334,2.304334
theta0_R0main,372,0.144879,0.363969,1.514272,0.358259,0.404398,1.015938,4.22675,2.34679
theta0_R0main,373,0.138048,0.332447,1.343324,0.321663,0.429169,1.033524,4.176178,2.275302
theta0_R0main,374,0.159602,0.332731,1.320236,0.335799,0.47529,0.990863,3.931624,2.112882
theta0_R0main,375,0.149218,0.365257,1.922515,0.353869,0.421675,1.03218,5.432841,2.555983
theta0_R0main,376,0.142393,0.396286,1.648265,0.35312,0.403242,1.122242,4.667719,2.448889
theta0_R0main,377,0.12287,0.319051,1.581457,0.329883,0.372465,0.967165,4.793996,2.554977
theta0_R0main,378,0.140057,0.3737,1.519661,0.355761,0.393683,1.050422,4.271576,2.384191
theta0_R0main,379,0.135153,0.355961,1.636509,0.336379,0.401788,1.058217,4.865082,2.493913
theta0_R0main,380,0.138836,0.340652,1.402607,0.334624,0.4149,1.018013,4.191591,2.312798
theta0_R0main,381,0.170753,0.369422,1.584371,0.355999,0.479645,1.037705,4.450492,2.227723
theta0_R0main,382,0.128802,0.360274,1.60878,0.343199,0.375298,1.049752,4.687603,2.524956
theta0_R0main,383,0.145114,0.326008,1.502015,0.32784,0.442636,0.994412,4.581542,2.337043
theta0_R0main,384,0.144211,0.381289,1.578436,0.361525,0.398895,1.054669,4.366049,2.392915
theta0_R0main,385,0.127588,0.319107,1.354157,0.330716,0.385792,0.964897,4.094623,2.362131
theta0_R0main,386,0.161738,0.340164,1.270704,0.356803,0.453298,0.953367,3.561366,2.06135
theta0_R0main,387,0.146909,0.364835,1.42367,0.351428,0.418035,1.038152,4.051105,2.271181
theta0_R0main,388,0.141325,0.343889,1.417639,0.34265,0.412448,1.003618,4.137285,2.305686
theta0_R0main,389,0.139416,0.379485,1.730657,0.362907,0.384164,1.045679,4.768867,2.518794
theta0_R0main,390,0.13164,0.354751,1.55273,0.320677,0.410508,1.106259,4.842044,2.467696
theta0_R0main,391,0.15031,0.343479,1.640784,0.342588,0.438747,1.0026,4.78938,2.390232
theta0_R0main,392,0.139057,0.363957,1.242124,0.354126,0.392678,1.027762,3.50758,2.189692
theta0_R0main,393,0.142803,0.333049,1.162122,0.343796,0.415372,0.968739,3.380261,2.096533
theta0_R0main,394,0.150924,0.37789,1.232381,0.344778,0.437743,1.096038,3.574417,2.099925
theta0_R0main,395,0.159137,0.334476,1.366816,0.345999,0.459934,0.966696,3.950352,2.150476
theta0_R0main,396,0.149892,0.377369,1.7703,0.339264,0.441816,1.112316,5.218059,2.468988
theta0_R0main,397,0.146943,0.343467,1.589391,0.342787,0.42867,1.001982,4.63667,2.381064
theta0_R0main,398,0.145174,0.347062,1.411269,0.339579,0.427513,1.022036,4.155942,2.27431
theta0_R0main,399,0.142884,0.350794,1.23307,0.325794,0.438571,1.076738,3.784818,2.155231
theta0_R0main,400,0.1503,0.367876,1.94305,0.373071,0.402873,0.986076,5.208261,2.55938
theta0_R0main,401,0.13186,0.352753,1.911065,0.341144,0.386523,1.034029,5.601935,2.673675
theta0_R0main,402,0.145762,0.380637,1.874754,0.365179,0.399153,1.042331,5.133795,2.554255
theta0_R0main,403,0.151293,0.362796,1.28275,0.338033,0.447568,1.073257,3.794749,2.137545
theta0_R0main,404,0.136778,0.349691,1.184526,0.319281,0.428393,1.095244,3.70998,2.158742
theta0_R0main,405,0.127036,0.333054,1.333486,0.339622,0.37405,0.980661,3.926382,2.351085
theta0_R0main,406,0.136135,0.354309,1.386389,0.340437,0.399884,1.040748,4.072382,2.320809
theta0_R0main,407,0.129221,0.326206,1.372944,0.304359,0.424569,1.071778,4.510928,2.363185
theta0_R0main,408,0.129615,0.315205,1.210493,0.316957,0.408935,0.994472,3.819107,2.234216
theta0_R0main,409,0.146365,0.369107,1.635209,0.363063,0.403139,1.016647,4.503927,2.413422
theta0_R0main,410,0.140207,0.36269,1.448175,0.352398,0.397865,1.029206,4.109488,2.334942
theta0_R0main,411,0.147681,0.360026,1.382565,0.361304,0.408743,0.996464,3.826598,2.236644
theta0_R0main,412,0.142469,0.304715,1.0984,0.299007,0.476476,1.019092,3.673495,2.042482
theta0_R0main,413,0.151455,0.362402,1.762913,0.367744,0.411848,0.985474,4.79386,2.454436
theta0_R0main,414,0.156918,0.374765,2.071954,0.366103,0.428618,1.023658,5.659478,2.580521
theta0_R0main,415,0.143182,0.351426,1.36206,0.348019,0.411418,1.009789,3.913747,2.25264
theta0_R0main,416,0.126281,0.364347,1.318616,0.337058,0.374658,1.080962,3.912132,2.345825
theta0_R0main,417,0.150576,0.357411,1.231895,0.334702,0.449881,1.067849,3.680579,2.101841
theta0_R0main,418,0.144012,0.382951,1.810969,0.368384,0.390929,1.039543,4.915981,2.53172
theta0_R0main,419,0.151704,0.376732,1.20052,0.341726,0.443936,1.102438,3.513109,2.068577
theta0_R0main,420,0.141565,0.336392,1.446939,0.358969,0.394364,0.937105,4.030814,2.324449
theta0_R0main,421,0.139926,0.385881,1.63084,0.347857,0.402253,1.109307,4.688242,2.455733
theta0_R0main,422,0.151345,0.374092,1.536832,0.342579,0.441782,1.091987,4.486065,2.317915
theta0_R0main,423,0.14763,0.353261,1.547001,0.324081,0.455535,1.090039,4.773497,2.349362
theta0_R0main,424,0.141847,0.350013,1.372574,0.31386,0.451945,1.115191,4.37321,2.269693
theta0_R0main,425,0.149687,0.364853,1.821212,0.347104,0.431244,1.051136,5.24688,2.498714
theta0_R0main,426,0.125251,0.353371,1.277459,0.321469,0.389621,1.099237,3.973813,2.322308
theta0_R0main,427,0.162769,0.331285,1.195129,0.350811,0.463979,0.944341,3.406759,1.993678
theta0_R0main,428,0.16219,0.36336,1.435918,0.360163,0.450323,1.008876,3.986856,2.180792
theta0_R0main,429,0.151626,0.364814,1.525264,0.364561,0.415913,1.000693,4.183834,2.308508
theta0_R0main,430,0.143602,0.368943,1.517368,0.351583,0.408445,1.049378,4.315821,2.357685
theta0_R0main,431,0.138454,0.348538,1.216387,0.333121,0.415626,1.046281,3.651489,2.173104
theta0_R0main,432,0.138837,0.3427,1.375609,0.301176,0.460984,1.137872,4.567463,2.29335
theta0_R0main,433,0.120991,0.309758,1.167906,0.290418,0.416609,1.066595,4.021464,2.267253
theta0_R0main,434,0.142584,0.34976,1.184088,0.326956,0.436094,1.069746,3.621547,2.1168
theta0_R0main,435,0.128604,0.352425,1.363937,0.336817,0.381822,1.046342,4.049495,2.361393
theta0_R0main,436,0.152,0.382181,1.609434,0.371888,0.408725,1.027677,4.327732,2.359757
theta0_R0main,437,0.131635,0.357854,1.377904,0.346175,0.380255,1.033738,3.98037,2.348289
theta0_R0main,438,0.10637,0.343099,1.375644,0.299641,0.35499,1.145032,4.590968,2.559757
theta0_R0main,439,0.124511,0.351433,1.43147,0.345031,0.360869,1.018555,4.148816,2.442064
theta0_R0main,440,0.133465,0.330885,1.155896,0.31133,0.428693,1.062811,3.712765,2.158791
theta0_R0main,441,0.145435,0.358265,1.602438,0.372462,0.39047,0.961884,4.302287,2.39955
theta0_R0main,442,0.141118,0.340289,1.379953,0.345953,0.407912,0.983628,3.988844,2.280206
theta0_R0main,443,0.149921,0.334092,1.506197,0.355276,0.421985,0.940373,4.239515,2.307235
theta0_R0main,444,0.159759,0.348583,1.687294,0.348007,0.45907,1.001655,4.848449,2.357213
theta0_R0main,445,0.144943,0.364421,1.738956,0.357346,0.405608,1.019797,4.866305,2.484702
theta0_R0main,446,0.144569,0.353443,1.485792,0.341531,0.423296,1.03488,4.350387,2.329948
theta0_R0main,447,0.135945,0.382603,1.627949,0.349854,0.388575,1.093607,4.65322,2.482828
theta0_R0main,448,0.124333,0.318871,1.269937,0.320308,0.388166,0.995514,3.964738,2.323762
theta0_R0main,449,0.137754,0.371237,1.271626,0.357534,0.385288,1.038326,3.556654,2.222585
theta0_R0main,450,0.154122,0.374944,1.840678,0.365685,0.421463,1.025322,5.033512,2.480142
theta0_R0main,451,0.138002,0.348096,1.4006,0.333499,0.413801,1.043771,4.199718,2.317386
theta0_R0main,452,0.157494,0.369394,1.496937,0.335117,0.469968,1.102285,4.466915,2.251789
theta0_R0main,453,0.149888,0.35849,1.852887,0.348864,0.429646,1.027591,5.311199,2.514611
theta0_R0main,454,0.140879,0.360802,1.179666,0.334095,0.421672,1.079938,3.530928,2.125087
theta0_R0main,455,0.149631,0.346186,1.502255,0.366271,0.408526,0.945164,4.101482,2.306549
theta0_R0main,456,0.152461,0.352386,1.380414,0.355551,0.428804,0.991099,3.882468,2.203227
theta0_R0main,457,0.144477,0.361863,1.646589,0.340484,0.424327,1.06279,4.836025,2.433344
theta0_R0main,458,0.138986,0.345834,1.406408,0.346237,0.401418,0.998837,4.061985,2.314425
theta0_R0main,459,0.127962,0.374819,1.535121,0.357138,0.358299,1.049507,4.298394,2.484628
theta0_R0main,460,0.134735,0.37053,1.28108,0.340739,0.395419,1.08743,3.759709,2.252151
theta0_R0main,461,0.14566,0.370784,1.758949,0.348554,0.417899,1.063777,5.04642,2.491194
theta0_R0main,462,0.13909,0.323344,1.108755,0.334205,0.416181,0.967501,3.317589,2.075872
theta0_R0main,463,0.134861,0.351869,1.413128,0.36229,0.372246,0.971237,3.900545,2.349318
theta0_R0main,464,0.133196,0.391109,1.622178,0.355397,0.374782,1.100486,4.564416,2.499701
theta0_R0main,465,0.15736,0.345911,1.336346,0.356025,0.441992,0.97159,3.753512,2.139156
theta0_R0main,466,0.134968,0.319636,1.248996,0.311047,0.433914,1.027614,4.015455,2.225059
theta0_R0main,467,0.14319,0.363831,1.510096,0.365426,0.391843,0.995636,4.132428,2.355759
theta0_R0main,468,0.151371,0.331423,1.603693,0.370515,0.408544,0.894493,4.328285,2.360328
theta0_R0main,469,0.146211,0.334608,1.516585,0.357564,0.40891,0.935799,4.241437,2.339163
theta0_R0main,470,0.148035,0.373876,1.506122,0.350988,0.421768,1.06521,4.291098,2.319842
theta0_R0main,471,0.146162,0.3649,1.318578,0.369519,0.395547,0.987498,3.568362,2.199591
theta0_R0main,472,0.142322,0.320833,1.301126,0.330669,0.430405,0.970254,3.934825,2.212895
theta0_R0main,473,0.140479,0.369407,1.46849,0.365357,0.384497,1.011084,4.019323,2.346934
theta0_R0main,474,0.154283,0.389995,1.478498,0.374803,0.411637,1.040535,3.944736,2.259994
theta0_R0main,475,0.133991,0.353986,1.471283,0.339878,0.394232,1.041509,4.328861,2.39612
theta0_R0main,476,0.13328,0.343296,1.211773,0.320778,0.415488,1.070198,3.777602,2.20739
theta0_R0main,477,0.13753,0.334653,1.445327,0.328653,0.418465,1.018258,4.397729,2.352252
theta0_R0main,478,0.126581,0.355219,1.421186,0.349176,0.362513,1.017306,4.07011,2.418366
theta0_R0main,479,0.143557,0.399712,1.89747,0.372953,0.38492,1.07175,5.087692,2.581545
theta0_R0main,480,0.139105,0.364412,1.197451,0.352614,0.394496,1.033458,3.395921,2.152721
theta0_R0main,481,0.139796,0.367827,1.320729,0.350286,0.399092,1.050077,3.770432,2.245753
theta0_R0main,482,0.139031,0.341081,1.630367,0.34193,0.406605,0.997517,4.768128,2.461867
theta0_R0main,483,0.138551,0.371465,1.731992,0.354419,0.390923,1.048095,4.886848,2.525791
theta0_R0main,484,0.150702,0.374096,1.634361,0.363292,0.414822,1.029738,4.498749,2.383705
theta0_R0main,485,0.148392,0.356937,1.460583,0.360169,0.412007,0.991028,4.055274,2.286734
theta0_R0main,486,0.140202,0.336068,1.546754,0.351798,0.39853,0.955287,4.396705,2.400828
theta0_R0main,487,0.132341,0.376356,1.450174,0.369439,0.358223,1.018722,3.92534,2.394053
theta0_R0main,488,0.143708,0.330935,1.49251,0.335797,0.427961,0.98552,4.444678,2.340432
theta0_R0main,489,0.159283,0.354994,1.471176,0.334699,0.475899,1.060636,4.395514,2.223133
theta0_R0main,490,0.123833,0.339197,1.512964,0.327881,0.377678,1.034514,4.614373,2.50289
theta0_R0main,491,0.137164,0.325943,1.609775,0.354096,0.387365,0.920493,4.546157,2.46267
theta0_R0main,492,0.144495,0.373438,1.943943,0.348212,0.414963,1.072446,5.582651,2.599229
theta0_R0main,493,0.127157,0.361503,1.532117,0.333202,0.381622,1.084937,4.598164,2.488982
theta0_R0main,494,0.145251,0.353413,1.294583,0.330159,0.439944,1.070434,3.921095,2.187478
theta0_R0main,495,0.151244,0.325869,1.215488,0.31509,0.480004,1.03421,3.85759,2.084004
theta0_R0main,496,0.128756,0.381772,1.582201,0.364581,0.353161,1.047155,4.339784,2.508654
theta0_R0main,497,0.139063,0.365807,1.400565,0.330239,0.421096,1.107702,4.24106,2.309707
theta0_R0main,498,0.140258,0.351605,1.263492,0.328853,0.426508,1.069189,3.842123,2.198148
theta0_R0main,499,0.12884,0.316204,1.40287,0.325199,0.396187,0.972338,4.313877,2.387706
theta0_R0main,500,0.130734,0.344258,1.531397,0.325267,0.401929,1.058387,4.708123,2.460768
theta0_R0main,501,0.148819,0.370436,1.618537,0.372488,0.399528,0.99449,4.34521,2.386546
theta0_R0main,502,0.128029,0.330415,1.457233,0.33631,0.380689,0.982472,4.33301,2.432036
theta0_R0main,503,0.146156,0.36007,1.399731,0.348276,0.419655,1.033864,4.019025,2.259361
theta0_R0main,504,0.142732,0.356682,1.237835,0.351625,0.405922,1.01438,3.520326,2.160148
theta0_R0main,505,0.138698,0.372179,1.653489,0.366012,0.378945,1.016851,4.517586,2.478341
theta0_R0main,506,0.138618,0.333707,1.500827,0.35722,0.388048,0.934179,4.201412,2.382048
theta0_R0main,507,0.134803,0.358332,1.197819,0.342334,0.393778,1.046733,3.498979,2.18444
theta0_R0main,508,0.143974,0.362804,1.397783,0.356275,0.40411,1.018325,3.923329,2.273008
theta0_R0main,509,0.14362,0.368297,1.602757,0.350187,0.410123,1.051716,4.576866,2.412312
theta0_R0main,510,0.14268,0.366646,1.916431,0.349225,0.408563,1.049885,5.487673,2.597612
theta0_R0main,511,0.148346,0.389753,1.257915,0.338888,0.437744,1.150093,3.711886,2.13766
theta0_R0main,512,0.135803,0.354675,1.439247,0.352477,0.385282,1.006236,4.083233,2.360669
theta0_R0main,513,0.154301,0.345578,1.565907,0.323833,0.476483,1.06715,4.835543,2.317317
theta0_R0main,514,0.147241,0.349249,1.587806,0.35236,0.417873,0.991172,4.506208,2.378035
theta0_R0main,515,0.139861,0.376773,1.410547,0.350617,0.398898,1.0746,4.023038,2.311086
theta0_R0main,516,0.130103,0.366823,1.36051,0.343775,0.378453,1.067044,3.957556,2.34729
theta0_R0main,517,0.135504,0.341075,1.352644,0.336598,0.40257,1.013299,4.018568,2.300812
theta0_R0main,518,0.148021,0.358987,1.156124,0.326838,0.452889,1.098363,3.537299,2.055472
theta0_R0main,519,0.14388,0.34703,1.665044,0.354255,0.406149,0.979605,4.700128,2.448625
theta0_R0main,520,0.140754,0.347202,1.522224,0.325589,0.432306,1.066382,4.675299,2.380914
theta0_R0main,521,0.136288,0.35727,1.266823,0.336845,0.404602,1.060634,3.760844,2.229494
theta0_R0main,522,0.14199,0.372944,1.266587,0.317836,0.44674,1.173387,3.985034,2.188324
theta0_R0main,523,0.145404,0.381225,1.659534,0.359563,0.404391,1.060245,4.615414,2.434774
theta0_R0main,524,0.128926,0.366308,1.891513,0.342158,0.376804,1.070583,5.528192,2.685892
theta0_R0main,525,0.137829,0.371768,1.58678,0.322739,0.427062,1.151917,4.916609,2.443445
theta0_R0main,526,0.120953,0.332373,1.183107,0.316435,0.382237,1.050367,3.738857,2.280495
theta0_R0main,527,0.147697,0.347585,1.264816,0.359907,0.410375,0.965764,3.514285,2.147519
theta0_R0main,528,0.132134,0.352487,1.448587,0.333099,0.396681,1.058207,4.348824,2.394529
theta0_R0main,529,0.147303,0.359598,1.624523,0.356935,0.41269,1.007462,4.551314,2.400475
theta0_R0main,530,0.146082,0.337446,1.486434,0.325317,0.449045,1.037282,4.569185,2.319968
theta0_R0main,531,0.148723,0.373712,1.569298,0.353761,0.420405,1.056395,4.436038,2.3563
theta0_R0main,532,0.125851,0.354459,1.267036,0.344913,0.364877,1.027678,3.673496,2.309339
theta0_R0main,533,0.139757,0.344575,1.704703,0.364496,0.383425,0.945345,4.676871,2.50124
theta0_R0main,534,0.151816,0.373874,1.563481,0.369685,0.410664,1.01133,4.229225,2.331998
theta0_R0main,535,0.153832,0.344992,1.355989,0.36149,0.425551,0.954361,3.751109,2.176423
theta0_R0main,536,0.140042,0.353023,1.738647,0.343293,0.407938,1.028342,5.064615,2.518918
theta0_R0main,537,0.163227,0.376217,1.665125,0.372342,0.438379,1.010407,4.472028,2.322512
theta0_R0main,538,0.119162,0.343663,1.226084,0.325928,0.365609,1.054413,3.761822,2.331093
theta0_R0main,539,0.134581,0.365212,1.345735,0.349176,0.385425,1.045926,3.854034,2.302529
theta0_R0main,540,0.166693,0.39467,1.734497,0.360465,0.46244,1.09489,4.811828,2.342316
theta0_R0main,541,0.138227,0.32991,1.104622,0.341591,0.404657,0.965804,3.233759,2.07836
theta0_R0main,542,0.139148,0.332448,1.454027,0.330987,0.420402,1.004413,4.393,2.346556
theta0_R0main,543,0.157831,0.342492,1.37773,0.355939,0.443422,0.962219,3.870689,2.166665
theta0_R0main,544,0.143345,0.359473,1.098991,0.355611,0.403095,1.010859,3.09043,2.036894
theta0_R0main,545,0.146552,0.375346,1.22967,0.345122,0.424639,1.087576,3.562999,2.127118
theta0_R0main,546,0.129518,0.3109,1.450631,0.319118,0.405862,0.974248,4.545753,2.415935
theta0_R0main,547,0.137889,0.364032,1.406188,0.364398,0.378402,0.998996,3.858935,2.322189
theta0_R0main,548,0.142905,0.368371,1.507075,0.356899,0.400409,1.032145,4.222698,2.355744
theta0_R0main,549,0.145856,0.370474,1.563771,0.3634,0.401364,1.019466,4.303168,2.372237
theta0_R0main,550,0.138095,0.377963,1.397951,0.357315,0.386479,1.057787,3.912383,2.314824
theta0_R0main,551,0.126514,0.368553,1.377635,0.333447,0.379411,1.105282,4.131494,2.387773
theta0_R0main,552,0.146163,0.379331,1.311712,0.33763,0.432909,1.123508,3.885054,2.194365
theta0_R0main,553,0.135789,0.348301,1.299187,0.331528,0.409585,1.050593,3.918782,2.258392
theta0_R0main,554,0.143255,0.380144,2.197966,0.358945,0.3991,1.059059,6.123405,2.730662
theta0_R0main,555,0.142436,0.353397,1.383238,0.315311,0.451731,1.120789,4.386898,2.27329
theta0_R0main,556,0.156701,0.415355,1.443528,0.395523,0.396187,1.050143,3.649672,2.220506
theta0_R0main,557,0.135837,0.345908,1.205678,0.344611,0.394177,1.003766,3.498668,2.183338
theta0_R0main,558,0.151822,0.324099,1.333749,0.324639,0.467664,0.998337,4.108406,2.17304
theta0_R0main,559,0.149918,0.352899,1.579306,0.359151,0.417424,0.982592,4.397336,2.354652
theta0_R0main,560,0.148195,0.373282,1.636747,0.372638,0.397692,1.001727,4.392324,2.401936
theta0_R0main,561,0.155403,0.355894,1.458109,0.353995,0.438997,1.005364,4.119005,2.238874
theta0_R0main,562,0.145132,0.356722,1.451629,0.344722,0.421013,1.034811,4.211014,2.302796
theta0_R0main,563,0.145213,0.362095,1.504162,0.347538,0.417834,1.041885,4.328048,2.337788
theta0_R0main,564,0.17018,0.399273,1.537304,0.402772,0.422522,0.991313,3.81681,2.200929
theta0_R0main,565,0.151765,0.349548,1.347212,0.357063,0.425036,0.978954,3.773036,2.18346
theta0_R0main,566,0.129376,0.380468,1.592061,0.358905,0.360476,1.060082,4.435891,2.510059
theta0_R0main,567,0.136007,0.355551,1.570152,0.34256,0.397032,1.037922,4.583577,2.446219
theta0_R0main,568,0.138772,0.332412,1.293948,0.334589,0.414753,0.993493,3.86727,2.232622
theta0_R0main,569,0.140678,0.352066,1.234141,0.358178,0.39276,0.982935,3.445605,2.171655
theta0_R0main,570,0.169861,0.346012,1.509348,0.353857,0.480027,0.977831,4.265422,2.184455
theta0_R0main,571,0.143671,0.333575,1.336274,0.337929,0.425152,0.987117,3.954308,2.230113
theta0_R0main,572,0.134137,0.35688,1.559598,0.329251,0.407399,1.083915,4.736801,2.453323
theta0_R0main,573,0.137521,0.321178,1.386225,0.340654,0.403698,0.942828,4.069309,2.310561
theta0_R0main,574,0.13484,0.325953,1.432914,0.3386,0.398229,0.962647,4.231873,2.363373
theta0_R0main,575,0.126225,0.342652,1.471617,0.325004,0.388381,1.054303,4.528002,2.456049
theta0_R0main,576,0.136078,0.348897,1.738889,0.341599,0.398356,1.021366,5.090446,2.547775
theta0_R0main,577,0.138945,0.341831,1.320837,0.342783,0.405345,0.997225,3.853279,2.251941
theta0_R0main,578,0.141819,0.361376,1.380765,0.348046,0.407472,1.038299,3.967191,2.275841
theta0_R0main,579,0.140057,0.340578,1.27813,0.324069,0.432181,1.05094,3.944002,2.211106
theta0_R0main,580,0.147686,0.363562,1.331267,0.357796,0.412767,1.016116,3.720745,2.198796
theta0_R0main,581,0.146137,0.346636,1.35885,0.337401,0.433124,1.027369,4.027398,2.229852
theta0_R0main,582,0.141295,0.342837,1.145171,0.344534,0.410105,0.995076,3.323829,2.09246
theta0_R0main,583,0.148133,0.36104,1.482965,0.34693,0.426983,1.040671,4.274536,2.303687
theta0_R0main,584,0.157012,0.388123,1.56609,0.368569,0.426004,1.053051,4.249106,2.300014
theta0_R0main,585,0.146924,0.354884,1.395187,0.339529,0.432728,1.045226,4.109186,2.25087
theta0_R0main,586,0.138075,0.379657,1.623768,0.348354,0.396363,1.089858,4.661254,2.46471
theta0_R0main,587,0.145443,0.384594,1.254072,0.360614,0.403319,1.066497,3.477601,2.15437
theta0_R0main,588,0.151171,0.366982,1.230182,0.351732,0.429791,1.043356,3.497498,2.096505
theta0_R0main,589,0.137728,0.364429,1.408643,0.369607,0.372633,0.985991,3.811191,2.325104
theta0_R0main,590,0.129212,0.358871,1.516718,0.325653,0.39678,1.102007,4.657472,2.462846
theta0_R0main,591,0.143047,0.343341,1.529141,0.336091,0.42562,1.021573,4.549785,2.369288
theta0_R0main,592,0.148348,0.379293,1.543463,0.336786,0.440481,1.126216,4.582924,2.342226
theta0_R0main,593,0.13989,0.311309,1.559764,0.337075,0.415011,0.923562,4.627356,2.411437
theta0_R0main,594,0.145768,0.36208,1.31698,0.352131,0.41396,1.028255,3.740031,2.20108
theta0_R0main,595,0.146764,0.36434,1.368484,0.353523,0.415147,1.030599,3.870996,2.232634
theta0_R0main,596,0.152537,0.356121,1.367884,0.344192,0.443176,1.034659,3.974193,2.19361
theta0_R0main,597,0.136534,0.354964,1.666839,0.370601,0.368413,0.957807,4.497667,2.50211
theta0_R0main,598,0.149617,0.370845,1.530867,0.340467,0.439447,1.089226,4.496381,2.325512
theta0_R0main,599,0.124988,0.380076,1.510308,0.342522,0.364906,1.109639,4.409374,2.491849
theta0_R0main,600,0.127744,0.355066,1.377814,0.325794,0.392101,1.089849,4.229096,2.378224
theta0_R0main,601,0.139965,0.328256,1.359319,0.319165,0.438536,1.028486,4.25899,2.273346
theta0_R0main,602,0.141965,0.396072,1.626492,0.33744,0.420711,1.173756,4.820096,2.438603
theta0_R0main,603,0.136284,0.374972,2.302613,0.34152,0.399052,1.09795,6.742248,2.827057
theta0_R0main,604,0.152452,0.348595,1.200096,0.341133,0.446899,1.021874,3.517965,2.063306
theta0_R0main,605,0.132714,0.337551,1.471385,0.329431,0.402858,1.024649,4.466444,2.405764
theta0_R0main,606,0.140104,0.359159,1.67507,0.358014,0.391335,1.003196,4.678778,2.481228
theta0_R0main,607,0.136816,0.324876,1.19151,0.337244,0.405688,0.963326,3.533079,2.164341
theta0_R0main,608,0.144377,0.349937,1.407912,0.362677,0.398087,0.964873,3.882005,2.277437
theta0_R0main,609,0.150675,0.369734,1.237224,0.346883,0.43437,1.065875,3.566692,2.105498
theta0_R0main,610,0.134014,0.357835,1.597867,0.334706,0.400393,1.069104,4.773944,2.478481
theta0_R0main,611,0.135323,0.336086,1.341058,0.33924,0.398899,0.990702,3.953123,2.293552
theta0_R0main,612,0.146562,0.346047,1.68006,0.33849,0.432988,1.022325,4.963393,2.439135
theta0_R0main,613,0.146351,0.339156,1.51491,0.347659,0.420961,0.975542,4.357464,2.337105
theta0_R0main,614,0.142196,0.360795,1.472748,0.31353,0.453531,1.150749,4.69731,2.337681
theta0_R0main,615,0.154286,0.34554,1.296146,0.349266,0.441745,0.989333,3.71106,2.12834
theta0_R0main,616,0.149343,0.392623,1.469265,0.36153,0.413086,1.086006,4.064026,2.286273
theta0_R0main,617,0.136409,0.334756,1.221481,0.309886,0.44019,1.080257,3.941715,2.192165
theta0_R0main,618,0.142462,0.408892,1.417713,0.343955,0.414187,1.188797,4.1218,2.297728
theta0_R0main,619,0.144537,0.341751,1.385707,0.339753,0.425417,1.00588,4.078571,2.260432
theta0_R0main,620,0.143185,0.365618,1.434974,0.350071,0.409017,1.04441,4.099093,2.304763
theta0_R0main,621,0.140296,0.368166,1.679058,0.354999,0.395201,1.037091,4.729756,2.482235
theta0_R0main,622,0.150849,0.365815,1.615636,0.37171,0.405825,0.984142,4.346494,2.371203
theta0_R0main,623,0.143707,0.390982,1.684232,0.366089,0.392547,1.067998,4.60061,2.461287
theta0_R0main,624,0.127821,0.374596,1.419712,0.349231,0.366007,1.072632,4.065255,2.407578
theta0_R0main,625,0.151763,0.393836,1.780904,0.358845,0.422919,1.097508,4.962872,2.462559
theta0_R0main,626,0.150482,0.376704,1.220494,0.359356,0.418755,1.048275,3.396339,2.093167
theta0_R0main,627,0.137661,0.320478,1.475432,0.327205,0.420717,0.97944,4.509198,2.371914
theta0_R0main,628,0.138269,0.373608,2.283829,0.37554,0.368187,0.994856,6.081462,2.804411
theta0_R0main,629,0.135373,0.359372,1.699079,0.356477,0.379753,1.008122,4.766312,2.529807
theta0_R0main,630,0.144538,0.348895,1.698018,0.34967,0.413355,0.997786,4.856065,2.463676
theta0_R0main,631,0.167753,0.356191,1.34025,0.357993,0.468593,0.994968,3.743793,2.07812
theta0_R0main,632,0.149424,0.346837,1.332264,0.352858,0.423469,0.982936,3.775638,2.187845
theta0_R0main,633,0.147942,0.354647,1.622888,0.381789,0.387498,0.928908,4.25075,2.395141
theta0_R0main,634,0.143234,0.334467,1.224011,0.323347,0.442973,1.03439,3.785444,2.14541
theta0_R0main,635,0.138901,0.326607,1.401631,0.322238,0.431051,1.013557,4.349677,2.31163
theta0_R0main,636,0.138103,0.345325,1.088966,0.31499,0.438436,1.096303,3.457146,2.064984
theta0_R0main,637,0.126631,0.357348,1.51099,0.318548,0.397526,1.121804,4.74337,2.479244
theta0_R0main,638,0.145229,0.327906,1.315273,0.324253,0.447886,1.011265,4.056315,2.203491
theta0_R0main,639,0.148596,0.342533,1.593595,0.345562,0.430012,0.991234,4.611606,2.372518
theta0_R0main,640,0.147332,0.328477,1.3666,0.356352,0.413446,0.921778,3.834974,2.227391
theta0_R0main,641,0.143203,0.341042,1.261789,0.333835,0.428964,1.021588,3.779677,2.176021
theta0_R0main,642,0.128941,0.348103,1.579908,0.341571,0.377494,1.019123,4.625419,2.505768
theta0_R0main,643,0.132071,0.342238,1.45025,0.338592,0.390058,1.010768,4.283177,2.396154
theta0_R0main,644,0.143238,0.33837,1.357018,0.347439,0.412268,0.973899,3.905775,2.248537
theta0_R0main,645,0.150603,0.375254,1.784579,0.364848,0.412783,1.028522,4.891297,2.472292
theta0_R0main,646,0.138114,0.331563,1.259862,0.341145,0.404853,0.971912,3.693039,2.210681
theta0_R0main,647,0.148196,0.340085,1.352657,0.336613,0.440255,1.010314,4.018428,2.211291
theta0_R0main,648,0.1418,0.35916,1.523187,0.352682,0.402062,1.018368,4.318866,2.374141
theta0_R0main,649,0.158436,0.365529,1.467991,0.358544,0.441888,1.019481,4.094308,2.226296
theta0_R0main,650,0.151515,0.372588,1.423435,0.373209,0.405978,0.998336,3.814046,2.240146
theta0_R0main,651,0.153536,0.379999,1.335533,0.354584,0.433003,1.071675,3.766473,2.163149
theta0_R0main,652,0.143933,0.353603,1.33996,0.366822,0.392378,0.963962,3.652885,2.231046
theta0_R0main,653,0.140739,0.339431,1.276077,0.336169,0.418655,1.009703,3.795937,2.204639
theta0_R0main,654,0.140882,0.353878,1.419207,0.357613,0.393952,0.989555,3.968557,2.309929
theta0_R0main,655,0.137614,0.359603,1.734706,0.372726,0.36921,0.964791,4.654104,2.534139
theta0_R0main,656,0.146372,0.370765,1.281782,0.334679,0.437352,1.107823,3.829884,2.169853
theta0_R0main,657,0.150995,0.339084,1.202123,0.345975,0.436434,0.980083,3.474596,2.074596
theta0_R0main,658,0.140553,0.33623,1.163461,0.323994,0.433813,1.037767,3.590997,2.113573
theta0_R0main,659,0.151234,0.340395,1.567949,0.340446,0.444222,0.999851,4.605569,2.338697
theta0_R0main,660,0.138324,0.388242,1.842619,0.348263,0.397183,1.114793,5.290879,2.589343
theta0_R0main,661,0.126468,0.325988,1.340687,0.364123,0.347323,0.895268,3.681957,2.360944
theta0_R0main,662,0.146327,0.346199,1.750707,0.348165,0.42028,0.994355,5.028389,2.481933
theta0_R0main,663,0.149271,0.351537,1.457252,0.354338,0.421268,0.992096,4.112607,2.278543
theta0_R0main,664,0.140974,0.365178,1.449604,0.368168,0.382906,0.99188,3.937342,2.330471
theta0_R0main,665,0.151187,0.373365,1.389787,0.359156,0.42095,1.039562,3.869587,2.218389
theta0_R0main,666,0.138409,0.341298,1.750294,0.349879,0.395591,0.975474,5.002569,2.537327
theta0_R0main,667,0.145203,0.351874,1.652062,0.351517,0.413076,1.001015,4.699807,2.431646
theta0_R0main,668,0.143549,0.374718,1.551524,0.355392,0.403917,1.054381,4.365674,2.380318
theta0_R0main,669,0.14033,0.311084,1.28467,0.321648,0.436285,0.967157,3.994028,2.214261
theta0_R0main,670,0.144292,0.331737,1.568388,0.334949,0.430788,0.990411,4.682467,2.385963
theta0_R0main,671,0.138164,0.331986,1.265997,0.346577,0.398655,0.9579,3.652863,2.215171
theta0_R0main,672,0.137055,0.349273,1.251458,0.337906,0.4056,1.033642,3.703572,2.211686
theta0_R0main,673,0.13597,0.349979,1.350715,0.346736,0.392144,1.009352,3.895516,2.295952
theta0_R0main,674,0.155716,0.378376,1.663786,0.362504,0.429555,1.043784,4.589698,2.36882
theta0_R0main,675,0.135903,0.331521,1.366634,0.310907,0.437117,1.066303,4.395635,2.308166
theta0_R0main,676,0.157502,0.356932,1.586777,0.381911,0.412406,0.934596,4.154839,2.31002
theta0_R0main,677,0.157312,0.361106,1.214028,0.360869,0.435927,1.000658,3.364181,2.043466
theta0_R0main,678,0.139767,0.347411,1.746173,0.353258,0.395651,0.983448,4.943047,2.525205
theta0_R0main,679,0.152434,0.321182,1.22959,0.344059,0.443046,0.933508,3.573777,2.087704
theta0_R0main,680,0.150745,0.33391,1.211398,0.332358,0.453561,1.004669,3.644855,2.083941
theta0_R0main,681,0.151556,0.332953,1.430136,0.355179,0.426703,0.937423,4.026518,2.244569
theta0_R0main,682,0.163684,0.34285,1.456659,0.350116,0.467513,0.979247,4.160504,2.185965
theta0_R0main,683,0.138092,0.333979,1.414564,0.359698,0.383911,0.9285,3.932648,2.326657
theta0_R0main,684,0.141451,0.339663,1.471248,0.355256,0.398165,0.956108,4.141375,2.341916
theta0_R0main,685,0.135204,0.364081,1.511812,0.327308,0.413077,1.112347,4.618923,2.414283
theta0_R0main,686,0.13466,0.324044,1.249328,0.338461,0.397858,0.957403,3.691198,2.22761
theta0_R0main,687,0.134615,0.339854,1.558437,0.336427,0.400133,1.010186,4.632321,2.449017
theta0_R0main,688,0.150994,0.397603,1.865029,0.363925,0.414905,1.092542,5.124767,2.513791
theta0_R0main,689,0.12438,0.351153,1.26206,0.322473,0.385705,1.088937,3.913689,2.317163
theta0_R0main,690,0.155675,0.373546,1.211363,0.351027,0.443486,1.064152,3.450914,2.051729
theta0_R0main,691,0.141568,0.385557,1.299638,0.336039,0.421284,1.147359,3.867523,2.217062
theta0_R0main,692,0.140949,0.337097,1.261294,0.323674,0.435466,1.041473,3.896809,2.191497
theta0_R0main,693,0.159254,0.374558,1.565408,0.3717,0.428449,1.007689,4.211487,2.285399
theta0_R0main,694,0.146408,0.339996,1.363634,0.343137,0.426675,0.990847,3.974022,2.231511
theta0_R0main,695,0.134945,0.359405,1.167876,0.328023,0.41139,1.095672,3.560351,2.158073
theta0_R0main,696,0.144567,0.375848,1.397619,0.3509,0.411989,1.071097,3.982956,2.268783
theta0_R0main,697,0.137818,0.369449,1.483461,0.325518,0.423381,1.134959,4.557234,2.376198
theta0_R0main,698,0.129315,0.316334,1.406139,0.340469,0.379813,0.929111,4.130003,2.386353
theta0_R0main,699,0.150846,0.411414,2.035094,0.357821,0.421568,1.149775,5.687457,2.602038
theta0_R0main,700,0.153412,0.372025,1.688883,0.374097,0.410086,0.994461,4.514557,2.398695
theta0_R0main,701,0.145526,0.376428,1.488173,0.349442,0.416453,1.077226,4.258715,2.32495
theta0_R0main,702,0.138386,0.3723,1.486233,0.361985,0.382298,1.028496,4.105786,2.373953
theta0_R0main,703,0.145547,0.319998,1.325015,0.326882,0.445259,0.97894,4.053493,2.208679
theta0_R0main,704,0.149501,0.351931,1.51215,0.359409,0.415963,0.979194,4.20732,2.313984
theta0_R0main,705,0.154289,0.346934,1.377257,0.345472,0.446604,1.004232,3.986594,2.18902
theta0_R0main,706,0.155241,0.361083,1.712753,0.346664,0.447813,1.041595,4.940674,2.400881
theta0_R0main,707,0.149497,0.317799,1.214702,0.327983,0.455808,0.96895,3.703551,2.094976
theta0_R0main,708,0.136651,0.351426,1.568044,0.333672,0.409537,1.053207,4.699351,2.440152
theta0_R0main,709,0.12849,0.342749,1.32573,0.315595,0.407136,1.086042,4.200733,2.333868
theta0_R0main,710,0.130803,0.327128,1.361481,0.329642,0.396802,0.992373,4.130179,2.342638
theta0_R0main,711,0.137833,0.343508,1.35199,0.33911,0.406456,1.012971,3.98688,2.283288
theta0_R0main,712,0.15908,0.345873,1.475704,0.336312,0.473012,1.028429,4.387898,2.227485
theta0_R0main,713,0.139672,0.348817,1.846189,0.356114,0.392211,0.979511,5.184268,2.581585
theta0_R0main,714,0.130779,0.380892,1.3575,0.370642,0.352844,1.027655,3.662564,2.339893
theta0_R0main,715,0.133805,0.355722,1.3855,0.32955,0.406025,1.079419,4.204223,2.337429
theta0_R0main,716,0.137876,0.33995,1.481261,0.337173,0.408919,1.008238,4.393182,2.374292
theta0_R0main,717,0.123539,0.316953,1.420018,0.326551,0.378314,0.970607,4.348529,2.441868
theta0_R0main,718,0.142808,0.342728,1.756539,0.352204,0.40547,0.973096,4.987283,2.509599
theta0_R0main,719,0.135566,0.36207,1.362661,0.35665,0.380109,1.015198,3.820726,2.307739
theta0_R0main,720,0.151737,0.358686,1.647341,0.356915,0.425135,1.004961,4.6155,2.38477
theta0_R0main,721,0.131392,0.343465,1.488246,0.333862,0.393551,1.028764,4.457671,2.427171
theta0_R0main,722,0.147663,0.360113,1.43758,0.325826,0.453197,1.105232,4.412111,2.275782
theta0_R0main,723,0.134727,0.330284,1.620213,0.346058,0.389319,0.95442,4.681913,2.487062
theta0_R0main,724,0.149783,0.348241,1.382971,0.355679,0.42112,0.979088,3.888262,2.2228
theta0_R0main,725,0.154637,0.323918,1.314425,0.335953,0.460295,0.964179,3.912532,2.140073
theta0_R0main,726,0.140714,0.354308,1.374341,0.337612,0.416791,1.049453,4.070766,2.279001
theta0_R0main,727,0.1714,0.376852,1.956888,0.369711,0.463606,1.019313,5.293014,2.435109
theta0_R0main,728,0.152367,0.318956,1.375614,0.331777,0.459246,0.961358,4.146207,2.200364
theta0_R0main,729,0.148415,0.381654,1.432338,0.367849,0.403465,1.037527,3.893816,2.267054
theta0_R0main,730,0.143018,0.362204,1.12063,0.329741,0.433729,1.098452,3.398519,2.058674
theta0_R0main,731,0.150643,0.337328,1.275653,0.317212,0.474896,1.063414,4.021448,2.136301
theta0_R0main,732,0.131782,0.341961,1.353648,0.312607,0.421559,1.093901,4.330194,2.329407
theta0_R0main,733,0.131512,0.326213,1.140478,0.330743,0.397626,0.986304,3.448228,2.160104
theta0_R0main,734,0.156833,0.39464,2.03826,0.361839,0.433432,1.090651,5.633061,2.564672
theta0_R0main,735,0.161857,0.352794,1.374557,0.36987,0.437605,0.953831,3.716323,2.139172
theta0_R0main,736,0.13039,0.323376,1.668178,0.340428,0.383018,0.94991,4.900232,2.548956
theta0_R0main,737,0.152903,0.366096,1.288516,0.35906,0.425842,1.019597,3.588587,2.131446
theta0_R0main,738,0.133172,0.363299,1.255009,0.321527,0.414187,1.129918,3.903274,2.243254
theta0_R0main,739,0.148303,0.368149,1.639581,0.357013,0.415401,1.031192,4.592501,2.402937
theta0_R0main,740,0.11751,0.316019,1.190474,0.304232,0.386252,1.038744,3.913048,2.315582
theta0_R0main,741,0.138821,0.364877,1.458269,0.338053,0.410649,1.07935,4.313735,2.351819
theta0_R0main,742,0.143861,0.340294,1.425347,0.35386,0.406548,0.961664,4.027997,2.293324
theta0_R0main,743,0.140493,0.359181,1.669677,0.363447,0.386557,0.988262,4.594001,2.475228
theta0_R0main,744,0.146211,0.4161,1.765985,0.416846,0.350756,0.998209,4.236539,2.49141
theta0_R0main,745,0.151085,0.36614,1.480367,0.357073,0.423119,1.025393,4.145838,2.282206
theta0_R0main,746,0.145964,0.350012,1.525928,0.347826,0.419647,1.006285,4.387041,2.346997
theta0_R0main,747,0.126156,0.354841,1.469076,0.33793,0.37332,1.050042,4.347276,2.454869
theta0_R0main,748,0.145766,0.375552,2.063308,0.37829,0.385329,0.992762,5.4543,2.650061
theta0_R0main,749,0.153071,0.321105,1.366629,0.341346,0.448433,0.940703,4.00365,2.189202
theta0_R0main,750,0.138195,0.384686,1.174824,0.35873,0.385233,1.072356,3.274957,2.140211
theta0_R0main,751,0.145696,0.321899,1.198615,0.32155,0.453106,1.001083,3.727612,2.107398
theta0_R0main,752,0.145923,0.406961,1.564781,0.392153,0.372107,1.037761,3.990233,2.372423
theta0_R0main,753,0.138523,0.363231,1.550957,0.348236,0.397785,1.043059,4.453752,2.415589
theta0_R0main,754,0.142154,0.357398,1.488684,0.34599,0.41086,1.032971,4.302677,2.348739
theta0_R0main,755,0.150352,0.338314,1.397959,0.354466,0.424164,0.954432,3.943844,2.229791
theta0_R0main,756,0.140114,0.357631,1.529576,0.340844,0.411078,1.049249,4.487609,2.390292
theta0_R0main,757,0.14087,0.332819,1.300828,0.319383,0.441069,1.04207,4.072945,2.222921
theta0_R0main,758,0.150315,0.367105,1.840794,0.358948,0.418766,1.022726,5.128304,2.505218
theta0_R0main,759,0.129321,0.335594,1.352098,0.326236,0.396404,1.028684,4.144537,2.347113
theta0_R0main,760,0.155669,0.378069,1.412504,0.335171,0.464445,1.127987,4.214273,2.205389
theta0_R0main,761,0.144601,0.3556,1.441197,0.355701,0.406524,0.999718,4.051711,2.299252
theta0_R0main,762,0.143619,0.348878,1.444763,0.336758,0.426477,1.03599,4.29021,2.308534
theta0_R0main,763,0.150569,0.352201,1.391839,0.341755,0.440576,1.030565,4.072619,2.223958
theta0_R0main,764,0.133873,0.320146,1.462494,0.305789,0.437797,1.04695,4.782689,2.391003
theta0_R0main,765,0.132168,0.339666,1.337074,0.340011,0.388717,0.998984,3.932441,2.314164
theta0_R0main,766,0.130854,0.318014,1.220899,0.335948,0.389507,0.946617,3.634186,2.233259
theta0_R0main,767,0.153714,0.381342,2.132134,0.387653,0.396525,0.983719,5.500108,2.629785
theta0_R0main,768,0.136817,0.352747,1.534274,0.366609,0.373195,0.96219,4.185043,2.417172
theta0_R0main,769,0.139607,0.343718,1.423146,0.339683,0.410993,1.01188,4.189633,2.321791
theta0_R0main,770,0.146587,0.381949,1.745673,0.352938,0.415334,1.082199,4.946116,2.477275
theta0_R0main,771,0.140219,0.366161,1.815521,0.358588,0.39103,1.02112,5.062976,2.560925
theta0_R0main,772,0.125402,0.347988,1.691369,0.319599,0.392372,1.08883,5.292167,2.601773
theta0_R0main,773,0.152771,0.325912,1.472378,0.339822,0.449561,0.959066,4.33279,2.265695
theta0_R0main,774,0.125992,0.377198,1.404754,0.345115,0.365073,1.092964,4.070395,2.411398
theta0_R0main,775,0.147098,0.352352,1.807506,0.336738,0.436832,1.046371,5.367698,2.508606
theta0_R0main,776,0.136257,0.337568,1.176106,0.325017,0.419232,1.038616,3.6186,2.155418
theta0_R0main,777,0.118003,0.354187,1.235306,0.312623,0.377461,1.132953,3.951427,2.348363
theta0_R0main,778,0.151331,0.370553,1.302768,0.331171,0.456957,1.118919,3.933829,2.15278
theta0_R0main,779,0.155983,0.396943,1.892847,0.38686,0.403202,1.026063,4.892843,2.49609
theta0_R0main,780,0.146179,0.385892,1.499502,0.364258,0.401307,1.059393,4.116596,2.328056
theta0_R0main,781,0.14587,0.345113,1.436894,0.345621,0.422052,0.998529,4.157423,2.287522
theta0_R0main,782,0.139974,0.340403,1.292867,0.343105,0.407964,0.992127,3.76814,2.223158
theta0_R0main,783,0.148941,0.345237,1.69849,0.359501,0.414301,0.960323,4.724583,2.433942
theta0_R0main,784,0.141127,0.3671,1.276089,0.324493,0.434914,1.131304,3.93256,2.201897
theta0_R0main,785,0.146917,0.369406,1.49693,0.370283,0.396771,0.997633,4.042665,2.321301
theta0_R0main,786,0.126299,0.370365,1.467405,0.366072,0.345011,1.011727,4.008514,2.4526
theta0_R0main,787,0.150395,0.361071,1.442705,0.343972,0.437229,1.049709,4.194249,2.261012
theta0_R0main,788,0.148304,0.308512,1.302487,0.325135,0.456131,0.948874,4.005987,2.172765
theta0_R0main,789,0.137136,0.333082,1.130377,0.349252,0.392657,0.953699,3.236562,2.10933
theta0_R0main,790,0.144315,0.328039,1.441273,0.328581,0.439208,0.998351,4.386362,2.301282
theta0_R0main,791,0.142096,0.365509,1.360658,0.371322,0.382676,0.984345,3.664361,2.25922
theta0_R0main,792,0.139935,0.361144,1.741174,0.337795,0.414261,1.069123,5.154527,2.521134
theta0_R0main,793,0.142053,0.327948,1.72436,0.336437,0.422228,0.974768,5.125358,2.49641
theta0_R0main,794,0.141301,0.345537,1.367678,0.350884,0.402701,0.984761,3.897802,2.269975
theta0_R0main,795,0.142897,0.330247,1.380112,0.337902,0.422895,0.977345,4.084357,2.267796
theta0_R0main,796,0.114136,0.3666,1.559569,0.347379,0.328562,1.055331,4.489529,2.614778
theta0_R0main,797,0.15206,0.363505,1.37162,0.365961,0.415508,0.993291,3.747999,2.199475
theta0_R0main,798,0.154531,0.322871,1.242355,0.335883,0.460075,0.961263,3.698778,2.084369
theta0_R0main,799,0.139121,0.377672,1.639669,0.344689,0.403615,1.09569,4.756957,2.466903
theta0_R0main,800,0.139286,0.374239,1.377565,0.348218,0.399997,1.074727,3.956044,2.291542
theta0_R0main,801,0.145025,0.347359,1.339907,0.333162,0.435298,1.042613,4.02179,2.223451
theta0_R0main,802,0.152291,0.367166,1.322042,0.341589,0.445831,1.074875,3.870269,2.161139
theta0_R0main,803,0.140951,0.408434,1.670872,0.357428,0.394348,1.142703,4.674711,2.472689
theta0_R0main,804,0.136041,0.361932,1.381944,0.31538,0.431356,1.147606,4.381833,2.318288
theta0_R0main,805,0.14219,0.361597,1.954045,0.359774,0.39522,1.005069,5.43132,2.620496
theta0_R0main,806,0.148495,0.333316,1.471291,0.340228,0.436457,0.979685,4.324432,2.293347
theta0_R0main,807,0.148474,0.374785,1.433676,0.378932,0.391823,0.989058,3.783465,2.267586
theta0_R0main,808,0.136896,0.340146,1.51063,0.337083,0.40612,1.009087,4.481478,2.401059
theta0_R0main,809,0.136561,0.337163,1.395877,0.350243,0.389905,0.962655,3.985457,2.324504
theta0_R0main,810,0.146094,0.332699,1.265058,0.317593,0.460005,1.047564,3.983271,2.15862
theta0_R0main,811,0.142659,0.384332,1.826833,0.368831,0.386788,1.042026,4.953036,2.549879
theta0_R0main,812,0.142039,0.365853,1.479406,0.34316,0.413913,1.066129,4.311123,2.343298
theta0_R0main,813,0.14162,0.376684,1.98225,0.376888,0.375761,0.999457,5.259515,2.638841
theta0_R0main,814,0.147015,0.372811,1.476112,0.368328,0.39914,1.01217,4.007595,2.306634
theta0_R0main,815,0.154505,0.338464,1.307932,0.34535,0.447386,0.980063,3.787271,2.135979
theta0_R0main,816,0.143499,0.351484,1.519636,0.35984,0.398786,0.976777,4.223085,2.359896
theta0_R0main,817,0.155551,0.35976,1.573902,0.345532,0.450179,1.041176,4.555011,2.314337
theta0_R0main,818,0.144007,0.343272,1.391942,0.355953,0.404568,0.964376,3.910467,2.268592
theta0_R0main,819,0.148472,0.349196,1.19859,0.349136,0.425256,1.000174,3.433021,2.088505
theta0_R0main,820,0.138269,0.321146,1.263287,0.309745,0.446397,1.036807,4.078469,2.212268
theta0_R0main,821,0.129689,0.343808,1.670972,0.343917,0.377095,0.999684,4.858651,2.556018
theta0_R0main,822,0.149848,0.352936,1.368908,0.352904,0.424613,1.00009,3.878978,2.212148
theta0_R0main,823,0.140964,0.346951,1.287748,0.336107,0.419402,1.032263,3.831363,2.212147
theta0_R0main,824,0.13709,0.352166,1.45793,0.337376,0.406342,1.043841,4.321386,2.364136
theta0_R0main,825,0.146741,0.388603,1.607873,0.369046,0.397624,1.052995,4.356841,2.393996
theta0_R0main,826,0.125052,0.328888,1.453031,0.331362,0.377386,0.992531,4.38502,2.45268
theta0_R0main,827,0.137668,0.375466,1.540134,0.384262,0.358267,0.97711,4.008034,2.414776
theta0_R0main,828,0.1411,0.332867,1.737783,0.338006,0.417449,0.984797,5.141278,2.510896
theta0_R0main,829,0.153187,0.35556,1.625527,0.35971,0.425862,0.988462,4.51899,2.361927
theta0_R0main,830,0.125574,0.329234,1.293481,0.332159,0.378052,0.991192,3.894156,2.3322
theta0_R0main,831,0.145395,0.374995,1.6575,0.354149,0.410548,1.058862,4.680235,2.433611
theta0_R0main,832,0.136409,0.34019,1.403544,0.351765,0.387783,0.967095,3.990003,2.3311
theta0_R0main,833,0.135836,0.32614,1.213929,0.329384,0.412394,0.990154,3.685458,2.190171
theta0_R0main,834,0.149077,0.398726,1.771078,0.359005,0.415251,1.110642,4.933302,2.474881
theta0_R0main,835,0.16067,0.367486,1.417329,0.368534,0.435972,0.997155,3.845853,2.177174
theta0_R0main,836,0.134839,0.320068,1.468482,0.346313,0.389355,0.924215,4.240331,2.387905
theta0_R0main,837,0.128383,0.3667,1.595061,0.357808,0.358805,1.024852,4.457867,2.519646
theta0_R0main,838,0.143447,0.351703,1.582053,0.355313,0.40372,0.98984,4.452561,2.400513
theta0_R0main,839,0.139895,0.350043,1.20162,0.327744,0.426842,1.068037,3.666339,2.150534
theta0_R0main,840,0.145506,0.347279,1.371489,0.359215,0.405066,0.966771,3.818018,2.243437
theta0_R0main,841,0.13761,0.370861,1.514787,0.331666,0.414907,1.118175,4.567206,2.398603
theta0_R0main,842,0.162308,0.374355,1.775802,0.355705,0.456298,1.052432,4.992347,2.392514
theta0_R0main,843,0.136826,0.317395,1.395406,0.326997,0.418432,0.970634,4.267335,2.322231
theta0_R0main,844,0.126031,0.350378,1.38256,0.332724,0.378787,1.053059,4.155276,2.395161
theta0_R0main,845,0.134925,0.363284,1.434752,0.332932,0.405262,1.091165,4.309444,2.36403
theta0_R0main,846,0.128696,0.32552,1.094277,0.309224,0.416189,1.052701,3.538784,2.140399
theta0_R0main,847,0.151955,0.396804,1.816292,0.358699,0.423629,1.106233,5.063561,2.480967
theta0_R0main,848,0.124105,0.34865,1.389553,0.33353,0.372095,1.045332,4.166199,2.415611
theta0_R0main,849,0.141831,0.375851,1.539446,0.357077,0.397199,1.052576,4.311239,2.384543
theta0_R0main,850,0.147958,0.369959,1.702746,0.341847,0.43282,1.082236,4.981022,2.443068
theta0_R0main,851,0.137908,0.376175,1.387981,0.352974,0.390704,1.06573,3.932244,2.309015
theta0_R0main,852,0.144475,0.346254,1.549948,0.333568,0.433121,1.038029,4.646571,2.372867
theta0_R0main,853,0.144707,0.354637,1.371864,0.360555,0.401344,0.983588,3.804869,2.249218
theta0_R0main,854,0.154682,0.358009,1.480177,0.345076,0.448256,1.037478,4.289423,2.258543
theta0_R0main,855,0.148463,0.338082,1.725014,0.350528,0.423542,0.964494,4.921192,2.452652
theta0_R0main,856,0.159711,0.356492,1.628044,0.361518,0.44178,0.986098,4.50336,2.321767
theta0_R0main,857,0.160104,0.409177,1.953457,0.416034,0.384834,0.983519,4.695424,2.501532
theta0_R0main,858,0.129118,0.345968,1.521602,0.338373,0.381586,1.022445,4.496813,2.466789
theta0_R0main,859,0.136708,0.366486,1.369982,0.350924,0.389567,1.044345,3.903929,2.304702
theta0_R0main,860,0.135539,0.315545,1.20972,0.315126,0.43011,1.001328,3.838842,2.188885
theta0_R0main,861,0.147657,0.341863,1.324932,0.333423,0.442851,1.025312,3.973722,2.194225
theta0_R0main,862,0.127987,0.336494,1.552406,0.332057,0.385437,1.013363,4.67512,2.495632
theta0_R0main,863,0.138699,0.327107,1.24137,0.325356,0.426301,1.005381,3.815422,2.191662
theta0_R0main,864,0.152058,0.381925,1.702456,0.375719,0.404713,1.016517,4.531194,2.415564
theta0_R0main,865,0.148521,0.347707,1.427849,0.362479,0.409738,0.959248,3.93912,2.263196
theta0_R0main,866,0.148942,0.327102,1.624,0.34474,0.432043,0.948836,4.710798,2.389088
theta0_R0main,867,0.151154,0.351331,1.515119,0.351973,0.429447,0.998175,4.304645,2.304953
theta0_R0main,868,0.144633,0.352916,1.390961,0.351256,0.41176,1.004727,3.959968,2.263551
theta0_R0main,869,0.142546,0.327866,1.46502,0.326881,0.436079,1.003012,4.481813,2.32996
theta0_R0main,870,0.149603,0.378038,1.345343,0.352717,0.424144,1.071788,3.814226,2.19642
theta0_R0main,871,0.15443,0.364749,1.565999,0.369056,0.418447,0.988329,4.243257,2.316535
theta0_R0main,872,0.142238,0.354772,1.444235,0.344407,0.412995,1.030095,4.193398,2.317831
theta0_R0main,873,0.161217,0.358593,1.809108,0.362114,0.44521,0.990277,4.995962,2.417839
theta0_R0main,874,0.12584,0.345925,1.463772,0.329232,0.382222,1.050703,4.446016,2.453763
theta0_R0main,875,0.141147,0.353871,1.602617,0.357495,0.394822,0.989861,4.482903,2.42959
theta0_R0main,876,0.134815,0.368864,1.692357,0.352001,0.382997,1.047907,4.807819,2.529971
theta0_R0main,877,0.140148,0.341288,1.535348,0.347073,0.403801,0.98333,4.423699,2.39381
theta0_R0main,878,0.136668,0.389366,2.155963,0.388269,0.351994,1.002827,5.552762,2.758436
theta0_R0main,879,0.14719,0.372442,1.69334,0.33325,0.44168,1.117606,5.081289,2.442734
theta0_R0main,880,0.14582,0.371957,1.400118,0.363704,0.400931,1.022691,3.849607,2.261936
theta0_R0main,881,0.132496,0.356989,1.324126,0.329878,0.401652,1.082186,4.013986,2.301953
theta0_R0main,882,0.147171,0.340992,1.412373,0.326704,0.450473,1.043732,4.323096,2.261428
theta0_R0main,883,0.136062,0.32372,1.487255,0.354929,0.383349,0.912068,4.190286,2.391579
theta0_R0main,884,0.142984,0.358209,1.291972,0.355842,0.401819,1.006653,3.630751,2.201193
theta0_R0main,885,0.145538,0.360954,1.519873,0.355085,0.409868,1.016529,4.280313,2.345947
theta0_R0main,886,0.1456,0.364657,1.3484,0.329669,0.441657,1.106132,4.090167,2.225808
theta0_R0main,887,0.127966,0.336259,1.342407,0.335398,0.381534,1.002568,4.002429,2.350456
theta0_R0main,888,0.147368,0.379459,1.671369,0.364901,0.403856,1.039895,4.580334,2.428469
theta0_R0main,889,0.155087,0.359273,1.449255,0.361712,0.428758,0.993257,4.006654,2.234819
theta0_R0main,890,0.138959,0.36201,1.821513,0.353132,0.393504,1.025141,5.158167,2.573245
theta0_R0main,891,0.149651,0.347933,1.865357,0.339703,0.440534,1.024226,5.491135,2.522903
theta0_R0main,892,0.164468,0.382468,1.674913,0.352644,0.466387,1.084575,4.749591,2.320799
theta0_R0main,893,0.145256,0.352923,1.411184,0.337615,0.430243,1.045343,4.179862,2.273684
theta0_R0main,894,0.162821,0.382305,1.77673,0.384185,0.42381,0.995106,4.624673,2.389876
theta0_R0main,895,0.140356,0.350602,1.449085,0.377296,0.372005,0.929251,3.840711,2.334506
theta0_R0main,896,0.133805,0.317589,1.179796,0.321151,0.41664,0.988907,3.673645,2.176716
theta0_R0main,897,0.128254,0.348091,1.564203,0.32725,0.391915,1.063684,4.779843,2.501118
theta0_R0main,898,0.129905,0.357636,1.310396,0.329559,0.394178,1.085197,3.976215,2.311283
theta0_R0main,899,0.15144,0.376568,1.690617,0.387194,0.391122,0.972555,4.366327,2.412658
theta0_R0main,900,0.139407,0.348413,1.569578,0.342558,0.406958,1.01709,4.581928,2.421164
theta0_R0main,901,0.139686,0.35465,1.283755,0.352721,0.396023,1.005467,3.63957,2.218149
theta0_R0main,902,0.149013,0.33065,1.478111,0.34219,0.435469,0.966277,4.319562,2.294485
theta0_R0main,903,0.149888,0.320093,1.257611,0.345619,0.43368,0.926145,3.638723,2.127081
theta0_R0main,904,0.154756,0.388201,1.422364,0.375596,0.412029,1.033562,3.786954,2.218223
theta0_R0main,905,0.153707,0.343637,1.43467,0.349108,0.440283,0.984327,4.109524,2.233645
theta0_R0main,906,0.125129,0.342592,1.33938,0.328342,0.381095,1.043403,4.079228,2.370615
theta0_R0main,907,0.149704,0.36978,1.657478,0.361097,0.41458,1.024047,4.590118,2.404394
theta0_R0main,908,0.163348,0.355436,1.425644,0.337857,0.483482,1.05203,4.219663,2.166496
theta0_R0main,909,0.148343,0.359132,1.461516,0.348437,0.42574,1.030696,4.194498,2.2877
theta0_R0main,910,0.155272,0.369483,1.589097,0.353882,0.438767,1.044087,4.490477,2.325746
theta0_R0main,911,0.141311,0.329074,1.230187,0.35095,0.402653,0.937667,3.505309,2.16396
theta0_R0main,912,0.125964,0.34313,1.537598,0.336682,0.374134,1.019152,4.566915,2.50198
theta0_R0main,913,0.137547,0.391903,1.824809,0.367877,0.373894,1.065312,4.960381,2.585265
theta0_R0main,914,0.152455,0.34646,1.480208,0.345007,0.441889,1.00421,4.290367,2.273069
theta0_R0main,915,0.148152,0.353193,1.275563,0.342065,0.433111,1.032532,3.729008,2.152904
theta0_R0main,916,0.142654,0.334995,1.469273,0.337624,0.422524,0.992214,4.351808,2.332101
theta0_R0main,917,0.144068,0.341792,1.330841,0.325149,0.443082,1.051187,4.093021,2.223284
theta0_R0main,918,0.138593,0.36439,1.489335,0.351752,0.394008,1.035928,4.234048,2.374544
theta0_R0main,919,0.15022,0.361639,1.445319,0.36336,0.41342,0.995262,3.977646,2.263982
theta0_R0main,920,0.137151,0.341039,1.432974,0.293643,0.467068,1.161407,4.879992,2.346424
theta0_R0main,921,0.157419,0.346143,1.300985,0.366654,0.429339,0.944059,3.548261,2.111965
theta0_R0main,922,0.149098,0.37901,1.549539,0.368465,0.404646,1.028619,4.20539,2.341109
theta0_R0main,923,0.153389,0.333671,1.39887,0.334754,0.458214,0.996767,4.178804,2.210444
theta0_R0main,924,0.160018,0.368697,1.227099,0.350297,0.456806,1.052524,3.50302,2.037122
theta0_R0main,925,0.141431,0.360478,1.473248,0.328462,0.430586,1.097472,4.485286,2.343411
theta0_R0main,926,0.125444,0.36706,1.694895,0.344365,0.364275,1.065901,4.921792,2.603519
theta0_R0main,927,0.140546,0.341226,1.416336,0.326997,0.42981,1.043515,4.331348,2.310291
theta0_R0main,928,0.141073,0.347129,1.378483,0.348098,0.405268,0.997216,3.960044,2.279462
theta0_R0main,929,0.139666,0.354538,1.335661,0.33336,0.418964,1.063528,4.006665,2.25793
theta0_R0main,930,0.137125,0.329715,1.227831,0.341663,0.401345,0.965027,3.593684,2.192112
theta0_R0main,931,0.132405,0.329795,1.116102,0.309152,0.428286,1.066773,3.610208,2.131729
theta0_R0main,932,0.145711,0.376906,1.340639,0.359484,0.405335,1.048464,3.729343,2.219275
theta0_R0main,933,0.149814,0.375243,1.709615,0.359497,0.416734,1.043801,4.755581,2.434626
theta0_R0main,934,0.139725,0.35133,1.232587,0.330439,0.422846,1.063221,3.730152,2.177196
theta0_R0main,935,0.141692,0.320483,1.060702,0.335743,0.422025,0.954549,3.159273,2.013033
theta0_R0main,936,0.164088,0.384576,1.636009,0.368018,0.445869,1.044991,4.445454,2.299613
theta0_R0main,937,0.144117,0.363476,1.684264,0.365022,0.394818,0.995765,4.614149,2.458458
theta0_R0main,938,0.142792,0.336044,1.737379,0.340823,0.418962,0.985977,5.097597,2.498744
theta0_R0main,939,0.144747,0.34705,1.541166,0.339249,0.426669,1.022992,4.54287,2.365306
theta0_R0main,940,0.139782,0.357183,1.682549,0.348374,0.401242,1.025284,4.829714,2.487979
theta0_R0main,941,0.128748,0.374269,1.482507,0.341337,0.377187,1.09648,4.343238,2.443635
theta0_R0main,942,0.155757,0.350206,1.712396,0.371112,0.419703,0.943666,4.614222,2.397351
theta0_R0main,943,0.125355,0.338024,1.473153,0.326786,0.383599,1.03439,4.508007,2.464011
theta0_R0main,944,0.142069,0.374699,1.662006,0.37145,0.382473,1.008748,4.474379,2.459464
theta0_R0main,945,0.130332,0.326892,1.498666,0.317589,0.410379,1.029294,4.718884,2.442247
theta0_R0main,946,0.128097,0.344244,1.34655,0.32355,0.39591,1.063959,4.1618,2.352515
theta0_R0main,947,0.131616,0.37656,1.566182,0.363245,0.362333,1.036655,4.31164,2.47651
theta0_R0main,948,0.158377,0.372593,1.422092,0.370274,0.42773,1.006265,3.840651,2.194906
theta0_R0main,949,0.133675,0.337089,1.764188,0.356383,0.37509,0.945862,4.950263,2.580031
theta0_R0main,950,0.148598,0.341495,1.244191,0.342371,0.434027,0.997441,3.634041,2.124994
theta0_R0main,951,0.133096,0.345892,1.387079,0.339889,0.391587,1.017662,4.080973,2.343884
theta0_R0main,952,0.143845,0.381123,1.507361,0.364276,0.394878,1.046247,4.137964,2.349383
theta0_R0main,953,0.161362,0.353362,1.609716,0.364566,0.442613,0.969268,4.415428,2.300165
theta0_R0main,954,0.152918,0.351381,1.638013,0.367996,0.415543,0.95485,4.45117,2.371336
theta0_R0main,955,0.150326,0.340391,1.500899,0.3704,0.405847,0.918984,4.052105,2.301015
theta0_R0main,956,0.157049,0.344826,1.470878,0.331267,0.474087,1.04093,4.440155,2.237054
theta0_R0main,957,0.141595,0.353867,1.909804,0.349787,0.404804,1.011664,5.459908,2.601785
theta0_R0main,958,0.138819,0.323244,1.274053,0.340531,0.407655,0.949234,3.741368,2.216786
theta0_R0main,959,0.159135,0.376666,1.643318,0.376925,0.422191,0.999312,4.359796,2.334723
theta0_R0main,960,0.146155,0.350693,1.549741,0.364669,0.400789,0.961677,4.249723,2.361173
theta0_R0main,961,0.142088,0.3557,1.406651,0.350009,0.405955,1.01626,4.018901,2.292522
theta0_R0main,962,0.15727,0.357362,1.5032,0.360556,0.436186,0.99114,4.169115,2.25739
theta0_R0main,963,0.138301,0.360988,1.573104,0.320946,0.430916,1.124765,4.901466,2.431376
theta0_R0main,964,0.148551,0.343634,1.443626,0.331963,0.447493,1.035158,4.348759,2.273985
theta0_R0main,965,0.141311,0.340124,1.249004,0.332433,0.425082,1.023137,3.757164,2.179137
theta0_R0main,966,0.137005,0.340534,1.400418,0.324124,0.422692,1.050626,4.320618,2.324509
theta0_R0main,967,0.144473,0.372222,1.277539,0.320816,0.450329,1.160234,3.982157,2.179601
theta0_R0main,968,0.137297,0.35419,1.313606,0.3364,0.408137,1.052884,3.904893,2.258383
theta0_R0main,969,0.132326,0.327227,1.142565,0.338661,0.390733,0.966238,3.373774,2.155764
theta0_R0main,970,0.153945,0.346425,1.503249,0.340679,0.451876,1.016868,4.412511,2.278791
theta0_R0main,971,0.149117,0.353141,1.554725,0.33406,0.446378,1.057119,4.654036,2.344325
theta0_R0main,972,0.146449,0.356529,1.582517,0.335614,0.436362,1.062318,4.715292,2.380094
theta0_R0main,973,0.152726,0.357609,1.251319,0.365104,0.418307,0.979471,3.427292,2.103311
theta0_R0main,974,0.134048,0.383003,1.570763,0.334754,0.400437,1.144131,4.692284,2.461118
theta0_R0main,975,0.153408,0.376985,1.536751,0.373486,0.410748,1.009368,4.114616,2.304322
theta0_R0main,976,0.142208,0.399328,1.756336,0.37653,0.377679,1.060545,4.664525,2.513697
theta0_R0main,977,0.123927,0.331348,1.275636,0.321348,0.385647,1.031121,3.969644,2.33151
theta0_R0main,978,0.135121,0.375856,1.427678,0.326279,0.414127,1.151946,4.375635,2.357634
theta0_R0main,979,0.140635,0.341449,1.509809,0.314239,0.447541,1.086589,4.804652,2.373573
theta0_R0main,980,0.146023,0.354256,1.58736,0.347621,0.420065,1.019088,4.566358,2.386063
theta0_R0main,981,0.140297,0.334422,1.115188,0.314308,0.446367,1.063996,3.548074,2.07302
theta0_R0main,982,0.156066,0.379847,1.565615,0.363198,0.4297,1.045839,4.310633,2.305753
theta0_R0main,983,0.159942,0.361805,1.97409,0.363848,0.439586,0.994384,5.425587,2.513049
theta0_R0main,984,0.132403,0.347292,1.281206,0.335811,0.394278,1.034189,3.81526,2.269707
theta0_R0main,985,0.144745,0.370808,1.664058,0.346582,0.417637,1.069902,4.801342,2.442037
theta0_R0main,986,0.144918,0.365132,1.400262,0.338029,0.428715,1.08018,4.142431,2.268246
theta0_R0main,987,0.129476,0.350688,1.701956,0.341555,0.379079,1.026739,4.982966,2.576036
theta0_R0main,988,0.147591,0.363126,1.880257,0.370101,0.398785,0.981154,5.080392,2.544722
theta0_R0main,989,0.140087,0.320698,1.134889,0.318967,0.439188,1.005426,3.558011,2.092029
theta0_R0main,990,0.143094,0.340612,1.305834,0.3362,0.425621,1.013126,3.884103,2.211097
theta0_R0main,991,0.13876,0.377916,1.713932,0.345471,0.401654,1.093915,4.961139,2.513799
theta0_R0main,992,0.134958,0.359667,1.481096,0.330386,0.408486,1.088627,4.48293,2.395574
theta0_R0main,993,0.147526,0.34586,1.584844,0.35015,0.421323,0.987751,4.526192,2.374235
theta0_R0main,994,0.158939,0.338425,1.376855,0.358638,0.443175,0.94364,3.839124,2.159034
theta0_R0main,995,0.138649,0.34254,1.682657,0.357234,0.388118,0.958866,4.710233,2.496182
theta0_R0main,996,0.143119,0.355935,1.514342,0.351604,0.407045,1.01232,4.30696,2.359063
theta0_R0main,997,0.137046,0.356519,1.605167,0.365662,0.374788,0.974996,4.389763,2.46067
theta0_R0main,998,0.14185,0.354029,1.669938,0.345847,0.410151,1.023656,4.82854,2.465774
theta0_R0main,999,0.11553,0.353957,1.452702,0.330789,0.349257,1.07004,4.391635,2.53165
theta0_R0main,1000,0.137651,0.361907,1.304205,0.365116,0.377006,0.991211,3.572028,2.248629
theta0_R0main,1001,0.139554,0.371966,1.636499,0.341269,0.408927,1.089947,4.795326,2.461861
theta0_R0main,1002,0.130074,0.349385,1.359757,0.32731,0.397403,1.067441,4.154337,2.346956
theta0_R0main,1003,0.15298,0.394537,1.285303,0.388735,0.393534,1.014926,3.306376,2.128441
theta0_R0main,1004,0.15464,0.39855,1.794642,0.378575,0.408478,1.052764,4.740523,2.451464
theta0_R0main,1005,0.146209,0.390824,1.659638,0.360073,0.406054,1.085403,4.609176,2.429318
theta0_R0main,1006,0.145452,0.342661,1.63233,0.369843,0.39328,0.926503,4.413574,2.417919
theta0_R0main,1007,0.137727,0.379681,1.65175,0.360909,0.38161,1.052012,4.576633,2.48432
theta0_R0main,1008,0.147132,0.370833,1.15254,0.344614,0.426949,1.076081,3.344438,2.05839
theta0_R0main,1009,0.144192,0.367213,1.314086,0.337819,0.426834,1.087013,3.889914,2.209748
theta0_R0main,1010,0.132551,0.328563,1.274454,0.317797,0.417094,1.033876,4.010278,2.263304
theta0_R0main,1011,0.127895,0.342058,1.031179,0.307567,0.415829,1.112141,3.352696,2.087247
theta0_R0main,1012,0.135332,0.339583,1.330026,0.343366,0.394133,0.988981,3.873492,2.285222
theta0_R0main,1013,0.13535,0.373589,1.643421,0.34411,0.393334,1.085668,4.775859,2.496669
theta0_R0main,1014,0.140908,0.372903,1.310943,0.343399,0.410332,1.085916,3.817547,2.230396
theta0_R0main,1015,0.128573,0.319046,1.381177,0.322556,0.398608,0.989121,4.28198,2.374193
theta0_R0main,1016,0.158774,0.414724,1.613066,0.378157,0.419864,1.096698,4.265602,2.318408
theta0_R0main,1017,0.136612,0.327966,1.70903,0.326958,0.417827,1.003083,5.227068,2.526538
theta0_R0main,1018,0.129405,0.379346,1.428886,0.337807,0.383074,1.122965,4.229882,2.401702
theta0_R0main,1019,0.139186,0.35271,1.501709,0.333658,0.417151,1.057099,4.500743,2.378549
theta0_R0main,1020,0.158097,0.360277,1.459919,0.374504,0.422151,0.962012,3.898274,2.222926
theta0_R0main,1021,0.14276,0.365125,1.348047,0.349196,0.408825,1.045615,3.860428,2.245247
theta0_R0main,1022,0.145477,0.362927,1.265526,0.34724,0.418951,1.045174,3.644524,2.163228
theta0_R0main,1023,0.147211,0.354278,1.4975,0.343136,0.429016,1.032472,4.364162,2.319687
theta0_R0main,1024,0.125416,0.360648,1.332435,0.340016,0.368854,1.060681,3.918748,2.363126
theta0_R0main,1025,0.154253,0.329469,1.466037,0.339769,0.453995,0.969686,4.31481,2.251722
theta0_R0main,1026,0.144061,0.353672,1.476039,0.345331,0.417168,1.024155,4.274278,2.326881
theta0_R0main,1027,0.1378,0.344336,1.272755,0.347003,0.397114,0.992315,3.667851,2.223137
theta0_R0main,1028,0.126,0.316837,1.267213,0.328351,0.383734,0.964932,3.859319,2.308297
theta0_R0main,1029,0.148825,0.377083,1.684767,0.344268,0.432293,1.095316,4.893764,2.426613
theta0_R0main,1030,0.13524,0.356902,1.717084,0.364741,0.370784,0.978509,4.707688,2.541332
theta0_R0main,1031,0.148275,0.316594,1.319574,0.322666,0.459529,0.981181,4.089591,2.185998
theta0_R0main,1032,0.1563,0.378414,1.490663,0.354741,0.440604,1.066732,4.202112,2.255197
theta0_R0main,1033,0.172747,0.378456,1.412867,0.362005,0.477194,1.045444,3.902895,2.10155
theta0_R0main,1034,0.139018,0.356064,1.317727,0.339852,0.409055,1.047705,3.877359,2.249061
theta0_R0main,1035,0.144901,0.359785,1.18085,0.345815,0.419012,1.040397,3.414684,2.097941
theta0_R0main,1036,0.120302,0.310928,1.127484,0.325979,0.369048,0.953827,3.458759,2.237738
theta0_R0main,1037,0.143481,0.351759,1.472776,0.361205,0.39723,0.973849,4.077399,2.328699
theta0_R0main,1038,0.152467,0.367588,1.346639,0.35129,0.434021,1.046394,3.833406,2.178417
theta0_R0main,1039,0.142292,0.335021,1.133895,0.33245,0.42801,1.007736,3.410725,2.075533
theta0_R0main,1040,0.145106,0.374735,1.719941,0.388828,0.373188,0.963755,4.423392,2.472579
theta0_R0main,1041,0.142559,0.358038,1.755187,0.353704,0.403046,1.012256,4.962312,2.510578
theta0_R0main,1042,0.133125,0.384413,1.796371,0.363654,0.366076,1.057085,4.939782,2.602236
theta0_R0main,1043,0.147915,0.354168,1.39742,0.347147,0.426087,1.020225,4.02544,2.245747
theta0_R0main,1044,0.168679,0.375034,1.827729,0.356523,0.473123,1.051923,5.126543,2.382832
theta0_R0main,1045,0.144834,0.364933,1.449656,0.336233,0.430757,1.085357,4.311465,2.30349
theta0_R0main,1046,0.136729,0.331631,1.505682,0.32042,0.426718,1.034989,4.699089,2.399001
theta0_R0main,1047,0.137804,0.360167,1.358522,0.351057,0.392541,1.025953,3.869808,2.288319
theta0_R0main,1048,0.142812,0.339974,1.431125,0.333234,0.428563,1.020228,4.294658,2.304689
theta0_R0main,1049,0.131867,0.400156,1.892714,0.381296,0.345838,1.049462,4.963894,2.663976
theta0_R0main,1050,0.150655,0.344363,1.229851,0.335487,0.449065,1.026459,3.665873,2.099654
theta0_R0main,1051,0.136463,0.351489,1.826462,0.330672,0.412684,1.062954,5.523491,2.594082
theta0_R0main,1052,0.144708,0.338803,1.558784,0.356268,0.406178,0.95098,4.375319,2.376944
theta0_R0main,1053,0.131032,0.352282,1.620162,0.343732,0.381203,1.024874,4.713445,2.514842
theta0_R0main,1054,0.127092,0.32317,1.301697,0.297264,0.427538,1.087149,4.37893,2.326516
theta0_R0main,1055,0.135785,0.369049,1.585106,0.347583,0.390655,1.061757,4.560366,2.457334
theta0_R0main,1056,0.131374,0.335632,1.316892,0.316609,0.41494,1.060085,4.159367,2.304984
theta0_R0main,1057,0.139718,0.329084,1.395832,0.324825,0.430133,1.01311,4.297181,2.30162
theta0_R0main,1058,0.129594,0.345141,1.429756,0.344447,0.376237,1.002017,4.150878,2.400856
theta0_R0main,1059,0.152557,0.362974,1.453208,0.332625,0.458646,1.09124,4.368904,2.253989
theta0_R0main,1060,0.143449,0.377406,1.415552,0.334929,0.428297,1.126824,4.226418,2.289294
theta0_R0main,1061,0.129314,0.359372,1.552797,0.324491,0.398514,1.107493,4.785325,2.485566
theta0_R0main,1062,0.123362,0.373095,1.623639,0.338782,0.364135,1.101283,4.792583,2.577301
theta0_R0main,1063,0.126008,0.312939,1.144171,0.301846,0.417457,1.036749,3.790575,2.206092
theta0_R0main,1064,0.135483,0.366803,1.744903,0.338071,0.400752,1.084988,5.161345,2.555609
theta0_R0main,1065,0.136902,0.379587,1.761345,0.342786,0.399379,1.10736,5.138326,2.554571
theta0_R0main,1066,0.14881,0.362899,1.409107,0.364614,0.408131,0.995296,3.864657,2.24804
theta0_R0main,1067,0.150819,0.340587,1.413913,0.339021,0.444866,1.00462,4.170581,2.238038
theta0_R0main,1068,0.128173,0.395572,1.828568,0.366367,0.34985,1.079715,4.991089,2.657905
theta0_R0main,1069,0.14833,0.335643,1.266645,0.365026,0.406356,0.919505,3.470012,2.144685
theta0_R0main,1070,0.139452,0.380478,1.353451,0.37264,0.374228,1.021035,3.632062,2.27269
theta0_R0main,1071,0.154815,0.375456,1.667712,0.371509,0.416719,1.010626,4.489026,2.376978
theta0_R0main,1072,0.138669,0.395113,1.40984,0.358998,0.386267,1.100598,3.927149,2.319139
theta0_R0main,1073,0.142039,0.366935,1.337273,0.354431,0.400753,1.035279,3.773016,2.242283
theta0_R0main,1074,0.159692,0.356216,1.392107,0.327935,0.486961,1.08624,4.245068,2.16533
theta0_R0main,1075,0.140095,0.345474,1.379555,0.360067,0.389079,0.959472,3.831379,2.287196
theta0_R0main,1076,0.147493,0.394065,1.446149,0.374242,0.394112,1.052968,3.864211,2.282877
theta0_R0main,1077,0.143939,0.372214,1.63268,0.352867,0.407913,1.054826,4.626895,2.428588
theta0_R0main,1078,0.151061,0.356113,1.63041,0.353283,0.427592,1.008012,4.615032,2.378906
theta0_R0main,1079,0.146553,0.367912,1.507516,0.355634,0.412091,1.034525,4.238951,2.330828
theta0_R0main,1080,0.140871,0.371409,1.348652,0.352583,0.399541,1.053394,3.82506,2.259014
theta0_R0main,1081,0.13442,0.344193,1.396614,0.349144,0.385,0.985819,4.000105,2.340833
theta0_R0main,1082,0.131118,0.359705,1.554938,0.34812,0.376646,1.033279,4.466674,2.473092
theta0_R0main,1083,0.156602,0.351393,1.340382,0.353481,0.443027,0.994091,3.791945,2.147005
theta0_R0main,1084,0.143971,0.35034,1.304126,0.360814,0.399018,0.970973,3.614404,2.203675
theta0_R0main,1085,0.141054,0.339407,1.496211,0.330245,0.42712,1.027741,4.530603,2.361546
theta0_R0main,1086,0.1428,0.370871,1.598236,0.356523,0.400536,1.040245,4.482843,2.415208
theta0_R0main,1087,0.136307,0.357886,1.284046,0.324835,0.419621,1.101747,3.95292,2.242858
theta0_R0main,1088,0.125591,0.360504,1.65781,0.336592,0.373125,1.071042,4.925284,2.580224
theta0_R0main,1089,0.151845,0.325962,1.429691,0.33691,0.450699,0.967505,4.243546,2.242354
theta0_R0main,1090,0.158324,0.33305,1.194598,0.333833,0.474261,0.997656,3.578436,2.020923
theta0_R0main,1091,0.130895,0.357019,1.552647,0.343052,0.381562,1.040715,4.525983,2.473317
theta0_R0main,1092,0.137631,0.340129,1.3268,0.339437,0.405468,1.002036,3.908821,2.26595
theta0_R0main,1093,0.132114,0.322125,1.479364,0.308555,0.42817,1.043978,4.794483,2.4157
theta0_R0main,1094,0.131878,0.366588,1.622411,0.339809,0.388094,1.078804,4.774477,2.509792
theta0_R0main,1095,0.13171,0.357401,1.403879,0.356834,0.369107,1.001589,3.934258,2.366392
theta0_R0main,1096,0.135918,0.351302,1.591346,0.349928,0.388415,1.003924,4.547633,2.460287
theta0_R0main,1097,0.141328,0.366435,1.122015,0.328764,0.429877,1.114584,3.41283,2.071798
theta0_R0main,1098,0.149682,0.327379,1.137383,0.341751,0.437987,0.957948,3.328106,2.02797
theta0_R0main,1099,0.141792,0.316665,1.495322,0.330084,0.429562,0.959346,4.530121,2.355737
theta0_R0main,1100,0.140154,0.335482,1.056814,0.309459,0.452898,1.084089,3.415033,2.020275
theta0_R0main,1101,0.136162,0.371165,1.506074,0.350392,0.388599,1.059284,4.298249,2.403414
theta0_R0main,1102,0.14291,0.379181,1.25305,0.365383,0.391125,1.037763,3.429415,2.171118
theta0_R0main,1103,0.140559,0.368847,1.65602,0.346417,0.405752,1.06475,4.780428,2.466544
theta0_R0main,1104,0.136217,0.323943,1.487298,0.317708,0.42875,1.019625,4.681331,2.390464
theta0_R0main,1105,0.156753,0.349933,1.323937,0.334619,0.468452,1.045766,3.956548,2.133693
theta0_R0main,1106,0.155276,0.326495,1.453543,0.337166,0.460534,0.968351,4.311063,2.236554
theta0_R0main,1107,0.153547,0.362896,1.329799,0.346702,0.442879,1.046708,3.835563,2.158775
theta0_R0main,1108,0.147149,0.35876,1.413597,0.359876,0.408887,0.996898,3.928012,2.26245
theta0_R0main,1109,0.12987,0.349203,1.275416,0.337927,0.384314,1.03337,3.77424,2.284493
theta0_R0main,1110,0.142357,0.33478,1.336935,0.328585,0.433244,1.018855,4.068767,2.239794
theta0_R0main,1111,0.157484,0.350912,1.285795,0.363982,0.432671,0.964093,3.532581,2.099807
theta0_R0main,1112,0.143014,0.358116,1.43938,0.350818,0.407658,1.020804,4.102925,2.309028
theta0_R0main,1113,0.12287,0.338258,1.267686,0.333277,0.368672,1.014945,3.803702,2.333823
theta0_R0main,1114,0.148328,0.344005,1.327325,0.328557,0.451452,1.047017,4.039855,2.191495
theta0_R0main,1115,0.137972,0.332369,1.334597,0.327367,0.421461,1.01528,4.076761,2.269331
theta0_R0main,1116,0.128265,0.384813,1.633475,0.33554,0.382265,1.146847,4.868198,2.544364
theta0_R0main,1117,0.160526,0.399251,2.10005,0.379522,0.422968,1.051984,5.533405,2.571262
theta0_R0main,1118,0.141084,0.36002,1.443162,0.344461,0.409579,1.045168,4.189618,2.325235
theta0_R0main,1119,0.130088,0.362231,1.744785,0.348397,0.373389,1.039709,5.008039,2.596179
theta0_R0main,1120,0.145822,0.338023,1.45623,0.347432,0.419713,0.972916,4.191404,2.301221
theta0_R0main,1121,0.161256,0.3896,1.978363,0.376438,0.428373,1.034963,5.255476,2.507032
theta0_R0main,1122,0.144796,0.342039,1.706745,0.353382,0.409743,0.967902,4.829747,2.46702
theta0_R0main,1123,0.147412,0.390551,1.503568,0.33825,0.435808,1.154621,4.445132,2.322364
theta0_R0main,1124,0.127449,0.336248,1.228519,0.325941,0.391018,1.031621,3.769148,2.265851
theta0_R0main,1125,0.141186,0.340759,1.469578,0.335297,0.421077,1.016287,4.382908,2.342652
theta0_R0main,1126,0.136453,0.375346,1.906331,0.347163,0.393051,1.08118,5.491174,2.636959
theta0_R0main,1127,0.154744,0.375747,1.619412,0.351799,0.439864,1.068071,4.603227,2.348048
theta0_R0main,1128,0.141037,0.327593,1.476808,0.310551,0.454151,1.054878,4.755443,2.348616
theta0_R0main,1129,0.126877,0.339148,1.711063,0.336318,0.377252,1.008415,5.08764,2.601655
theta0_R0main,1130,0.150755,0.373439,1.794963,0.363607,0.414611,1.02704,4.936546,2.47708
theta0_R0main,1131,0.148467,0.384591,1.3633,0.328589,0.451833,1.17043,4.148946,2.217297
theta0_R0main,1132,0.143368,0.343117,1.535481,0.348404,0.411499,0.984825,4.407179,2.371184
theta0_R0main,1133,0.150912,0.338734,1.250941,0.327782,0.460402,1.03341,3.816376,2.114957
theta0_R0main,1134,0.160407,0.408864,1.473834,0.380405,0.421675,1.074813,3.874379,2.217905
theta0_R0main,1135,0.139502,0.344553,1.371647,0.328961,0.424068,1.047397,4.16963,2.28569
theta0_R0main,1136,0.137744,0.336183,1.303153,0.323033,0.426409,1.040709,4.034119,2.247145
theta0_R0main,1137,0.148739,0.374983,1.552593,0.343806,0.432627,1.090684,4.515902,2.345485
theta0_R0main,1138,0.137922,0.335213,1.253726,0.303742,0.454077,1.103609,4.127597,2.207184
theta0_R0main,1139,0.131721,0.327481,1.598172,0.316373,0.416348,1.03511,5.051548,2.495928
theta0_R0main,1140,0.138278,0.343878,1.290709,0.354359,0.390221,0.970422,3.642373,2.233678
theta0_R0main,1141,0.140793,0.335372,1.411012,0.312473,0.450577,1.073283,4.51563,2.304772
theta0_R0main,1142,0.136205,0.33045,1.659244,0.332695,0.409399,0.993251,4.987278,2.499957
theta0_R0main,1143,0.146949,0.333158,1.533496,0.341703,0.430049,0.974992,4.487797,2.345218
theta0_R0main,1144,0.132788,0.340984,1.603267,0.349226,0.380236,0.9764,4.59092,2.491044
theta0_R0main,1145,0.142598,0.328852,1.433843,0.334538,0.426255,0.983005,4.286038,2.308081
theta0_R0main,1146,0.155989,0.41026,1.89784,0.34759,0.448774,1.180302,5.460003,2.498685
theta0_R0main,1147,0.158781,0.366925,1.608635,0.3915,0.40557,0.937229,4.1089,2.315617
theta0_R0main,1148,0.149987,0.348841,1.359306,0.345726,0.433832,1.00901,3.931744,2.204181
theta0_R0main,1149,0.147141,0.333268,1.26044,0.355859,0.413481,0.936517,3.54196,2.147824
theta0_R0main,1150,0.145078,0.392831,1.570633,0.351443,0.412806,1.117768,4.4691,2.381964
theta0_R0main,1151,0.137172,0.318801,1.322336,0.343601,0.399218,0.927822,3.848463,2.265922
theta0_R0main,1152,0.125333,0.359782,1.211443,0.338158,0.370634,1.063947,3.582479,2.268595
theta0_R0main,1153,0.160676,0.356743,1.521125,0.364662,0.440617,0.978284,4.171326,2.247814
theta0_R0main,1154,0.123042,0.344745,1.237054,0.314172,0.39164,1.097312,3.937506,2.30796
theta0_R0main,1155,0.149299,0.407869,1.879534,0.385512,0.387274,1.057991,4.875418,2.532829
theta0_R0main,1156,0.160097,0.383571,1.496722,0.371305,0.431172,1.033035,4.030975,2.235255
theta0_R0main,1157,0.132757,0.357178,1.627073,0.350227,0.379061,1.019847,4.645772,2.506015
theta0_R0main,1158,0.144694,0.356363,1.401721,0.345216,0.419142,1.032289,4.060417,2.270832
theta0_R0main,1159,0.127793,0.335072,1.341601,0.336798,0.379435,0.994876,3.983398,2.351207
theta0_R0main,1160,0.138573,0.361001,1.705788,0.334159,0.414691,1.080325,5.104715,2.510386
theta0_R0main,1161,0.153029,0.361282,1.380779,0.346395,0.441776,1.042978,3.986141,2.199775
theta0_R0main,1162,0.150463,0.375232,1.384895,0.366401,0.41065,1.024101,3.77972,2.219664
theta0_R0main,1163,0.142658,0.343714,1.561265,0.349793,0.407836,0.98262,4.463397,2.392799
theta0_R0main,1164,0.145178,0.351706,1.465015,0.369631,0.392764,0.951504,3.96345,2.311661
theta0_R0main,1165,0.153386,0.390671,1.956529,0.371483,0.412901,1.051654,5.266808,2.545972
theta0_R0main,1166,0.141874,0.338622,1.402183,0.35746,0.396894,0.9473,3.922626,2.290848
theta0_R0main,1167,0.132214,0.369318,1.460988,0.33473,0.394987,1.103331,4.364682,2.402449
theta0_R0main,1168,0.146544,0.353425,1.445247,0.344404,0.425502,1.026195,4.196375,2.288707
theta0_R0main,1169,0.137274,0.362969,1.394523,0.353096,0.388774,1.027961,3.949417,2.318326
theta0_R0main,1170,0.149289,0.353282,1.48625,0.353264,0.4226,1.000052,4.207197,2.298126
theta0_R0main,1171,0.148157,0.354907,1.601432,0.366802,0.403915,0.967571,4.365935,2.380383
theta0_R0main,1172,0.140982,0.361285,1.610014,0.370269,0.380755,0.975735,4.348221,2.435367
theta0_R0main,1173,0.119464,0.357332,1.332818,0.322652,0.370256,1.107483,4.130821,2.412037
theta0_R0main,1174,0.152653,0.367097,1.628919,0.359167,0.42502,1.022079,4.535268,2.367503
theta0_R0main,1175,0.143253,0.351772,1.540547,0.345139,0.41506,1.019218,4.463556,2.375279
theta0_R0main,1176,0.135992,0.345366,1.724837,0.324214,0.419451,1.065241,5.32005,2.54029
theta0_R0main,1177,0.14388,0.353034,1.65017,0.318126,0.452275,1.109732,5.187162,2.439653
theta0_R0main,1178,0.146174,0.314993,1.319089,0.341428,0.428125,0.922575,3.863451,2.199902
theta0_R0main,1179,0.149801,0.331977,1.30711,0.336571,0.44508,0.986352,3.883612,2.166267
theta0_R0main,1180,0.145098,0.33022,1.368018,0.319748,0.453789,1.032751,4.278426,2.243708
theta0_R0main,1181,0.151136,0.354304,1.571014,0.382456,0.395174,0.926392,4.107703,2.341293
theta0_R0main,1182,0.153197,0.335622,1.434691,0.327849,0.467277,1.023709,4.37607,2.236983
theta0_R0main,1183,0.167865,0.34631,1.451667,0.345488,0.485879,1.002381,4.201792,2.157307
theta0_R0main,1184,0.141286,0.340482,1.380616,0.338779,0.417045,1.005027,4.075275,2.279498
theta0_R0main,1185,0.137472,0.324711,1.333149,0.338084,0.406621,0.960447,3.943253,2.27188
theta0_R0main,1186,0.128529,0.332072,1.269694,0.324409,0.396194,1.02362,3.913863,2.290375
theta0_R0main,1187,0.13324,0.329691,1.086137,0.303214,0.439424,1.087319,3.582075,2.098233
theta0_R0main,1188,0.146027,0.354255,1.529857,0.35388,0.412645,1.001058,4.32309,2.349138
theta0_R0main,1189,0.150233,0.374349,1.546634,0.337613,0.444985,1.10881,4.581081,2.331651
theta0_R0main,1190,0.148609,0.356941,1.537874,0.341947,0.434598,1.043849,4.497412,2.336835
theta0_R0main,1191,0.137326,0.360079,1.448138,0.341572,0.402042,1.054182,4.239625,2.355673
theta0_R0main,1192,0.140039,0.333725,1.222435,0.312505,0.448118,1.067902,3.911727,2.166678
theta0_R0main,1193,0.148575,0.388981,1.466044,0.365803,0.406162,1.063362,4.007746,2.289231
theta0_R0main,1194,0.137883,0.328914,1.417229,0.335128,0.411435,0.981458,4.22892,2.33005
theta0_R0main,1195,0.142453,0.372721,1.616573,0.349027,0.408143,1.067885,4.631657,2.429052
theta0_R0main,1196,0.14163,0.354433,1.321977,0.352277,0.402042,1.006121,3.752666,2.233666
theta0_R0main,1197,0.152817,0.307171,1.333094,0.332229,0.459973,0.924576,4.012576,2.16602
theta0_R0main,1198,0.136826,0.358522,1.305853,0.335966,0.407261,1.067135,3.886854,2.255902
theta0_R0main,1199,0.124148,0.335337,1.175939,0.31465,0.39456,1.065746,3.737292,2.248346
theta0_R0main,1200,0.149356,0.362208,1.728266,0.357968,0.417233,1.011845,4.827988,2.448541
theta0_R0main,1201,0.134601,0.3661,1.993999,0.370092,0.363697,0.989216,5.387854,2.69558
theta0_R0main,1202,0.158153,0.310501,1.362591,0.351188,0.450336,0.884145,3.879948,2.153582
theta0_R0main,1203,0.140495,0.360603,1.35994,0.351366,0.399853,1.026288,3.870438,2.270027
theta0_R0main,1204,0.134586,0.352866,1.471669,0.338331,0.397794,1.042961,4.349789,2.391949
theta0_R0main,1205,0.151682,0.336675,1.745831,0.369219,0.410817,0.911857,4.728436,2.443202
theta0_R0main,1206,0.145509,0.36478,1.323983,0.349458,0.416385,1.043846,3.788673,2.208162
theta0_R0main,1207,0.126791,0.354789,1.390275,0.330681,0.383423,1.072903,4.204277,2.394719
theta0_R0main,1208,0.155261,0.358434,1.440921,0.341208,0.455035,1.050484,4.223,2.227927
theta0_R0main,1209,0.148889,0.354419,1.489979,0.348119,0.427697,1.018096,4.280084,2.303313
theta0_R0main,1210,0.135438,0.322155,1.350764,0.336723,0.402224,0.956735,4.011496,2.299911
theta0_R0main,1211,0.125071,0.35898,1.732386,0.350158,0.357183,1.025193,4.947441,2.628376
theta0_R0main,1212,0.153749,0.351619,1.77013,0.357742,0.429775,0.982883,4.94806,2.443489
theta0_R0main,1213,0.126824,0.326344,1.623149,0.339615,0.373435,0.960925,4.779385,2.549323
theta0_R0main,1214,0.138621,0.347485,1.32058,0.317895,0.436058,1.093082,4.15414,2.254085
theta0_R0main,1215,0.153819,0.343139,1.238263,0.332079,0.463201,1.033305,3.72882,2.085686
theta0_R0main,1216,0.146843,0.350857,1.469389,0.370792,0.396026,0.946238,3.962842,2.303237
theta0_R0main,1217,0.157519,0.362695,1.375172,0.348689,0.451747,1.040167,3.943832,2.166785
theta0_R0main,1218,0.136461,0.3824,1.746249,0.364168,0.37472,1.050065,4.795178,2.549186
theta0_R0main,1219,0.14637,0.351215,1.474507,0.327299,0.447205,1.07307,4.505081,2.309944
theta0_R0main,1220,0.135531,0.350671,1.387254,0.330495,0.410085,1.061048,4.197507,2.325882
theta0_R0main,1221,0.139321,0.333093,1.21981,0.337633,0.412639,0.986555,3.612828,2.169673
theta0_R0main,1222,0.147143,0.368087,1.444448,0.368439,0.399368,0.999046,3.920458,2.28408
theta0_R0main,1223,0.145952,0.369973,1.779946,0.346548,0.421159,1.067596,5.136214,2.501062
theta0_R0main,1224,0.148169,0.31399,1.29135,0.34006,0.435713,0.923338,3.797416,2.165092
theta0_R0main,1225,0.141278,0.341069,1.398519,0.320643,0.440608,1.063704,4.361613,2.292442
theta0_R0main,1226,0.154486,0.377783,1.76188,0.368641,0.419069,1.024798,4.779387,2.434031
theta0_R0main,1227,0.155171,0.375103,1.848243,0.384137,0.403946,0.976483,4.811415,2.477465
theta0_R0main,1228,0.142048,0.389139,1.517346,0.345833,0.410742,1.125223,4.387509,2.368552
theta0_R0main,1229,0.141769,0.357318,1.338884,0.333368,0.425263,1.071845,4.016238,2.245394
theta0_R0main,1230,0.155185,0.355296,1.254867,0.345254,0.449479,1.029084,3.634614,2.09017
theta0_R0main,1231,0.123762,0.384682,1.437557,0.356898,0.34677,1.077849,4.02792,2.452342
theta0_R0main,1232,0.152762,0.345134,1.556741,0.349568,0.437003,0.987315,4.45333,2.321468
theta0_R0main,1233,0.130718,0.347227,1.038422,0.310421,0.421099,1.118568,3.345205,2.072416
theta0_R0main,1234,0.14485,0.362138,1.07825,0.345561,0.419174,1.047969,3.120287,2.007394
theta0_R0main,1235,0.144893,0.363521,1.407236,0.352373,0.411193,1.031635,3.993595,2.273385
theta0_R0main,1236,0.143957,0.367348,1.767606,0.347548,0.414208,1.056971,5.085929,2.507865
theta0_R0main,1237,0.132307,0.345062,1.385294,0.329647,0.401361,1.046763,4.20236,2.348541
theta0_R0main,1238,0.153752,0.366723,1.551607,0.371201,0.414203,0.987937,4.179971,2.311704
theta0_R0main,1239,0.144596,0.335753,1.660374,0.334024,0.432892,1.005178,4.970826,2.440853
theta0_R0main,1240,0.14149,0.336636,1.663648,0.342368,0.41327,0.983257,4.85924,2.464537
theta0_R0main,1241,0.139113,0.385862,2.022653,0.362243,0.384032,1.065202,5.583684,2.676879
theta0_R0main,1242,0.134792,0.347724,1.546269,0.340239,0.396168,1.022,4.544663,2.439869
theta0_R0main,1243,0.143003,0.363909,1.490578,0.387056,0.369464,0.940199,3.851071,2.344054
theta0_R0main,1244,0.131732,0.362487,1.4321,0.329881,0.399333,1.098841,4.341259,2.386124
theta0_R0main,1245,0.141195,0.337147,1.439252,0.350653,0.402662,0.961482,4.104489,2.321739
theta0_R0main,1246,0.137799,0.377031,1.446592,0.325367,0.423518,1.158788,4.446033,2.351172
theta0_R0main,1247,0.14678,0.316979,1.278919,0.324134,0.452837,0.977928,3.945654,2.164839
theta0_R0main,1248,0.147307,0.326441,1.294807,0.307009,0.479814,1.063295,4.217491,2.173597
theta0_R0main,1249,0.146343,0.389529,1.76858,0.382497,0.382599,1.018384,4.62378,2.491981
theta0_R0main,1250,0.154296,0.354297,1.741723,0.371579,0.415245,0.953491,4.687362,2.423757
theta0_R0main,1251,0.138572,0.32968,1.442649,0.308642,0.448973,1.068164,4.674181,2.342847
theta0_R0main,1252,0.161028,0.37325,1.573821,0.37803,0.425965,0.987356,4.163218,2.279687
theta0_R0main,1253,0.153594,0.417514,1.354428,0.359575,0.427153,1.16113,3.766743,2.176823
theta0_R0main,1254,0.137986,0.336723,1.554051,0.327447,0.421399,1.02833,4.745966,2.421471
theta0_R0main,1255,0.137207,0.347352,1.621212,0.336131,0.408196,1.033382,4.82315,2.469435
theta0_R0main,1256,0.144751,0.379992,1.585504,0.377901,0.383039,1.005535,4.195556,2.393644
theta0_R0main,1257,0.12777,0.325313,1.299943,0.316842,0.40326,1.026735,4.102816,2.319848
theta0_R0main,1258,0.161312,0.343256,1.540221,0.3444,0.468387,0.99668,4.472188,2.256338
theta0_R0main,1259,0.15317,0.347998,1.296944,0.333241,0.459637,1.044285,3.891914,2.136219
theta0_R0main,1260,0.127671,0.353564,1.826115,0.346286,0.368686,1.021015,5.273427,2.66049
theta0_R0main,1261,0.139399,0.361934,1.164253,0.336503,0.414258,1.075575,3.45986,2.122494
theta0_R0main,1262,0.135243,0.357383,1.766601,0.353753,0.382308,1.010259,4.993879,2.569742
theta0_R0main,1263,0.138965,0.369682,1.675834,0.360291,0.385703,1.026067,4.651339,2.489842
theta0_R0main,1264,0.137736,0.326009,1.116615,0.323088,0.426311,1.009041,3.456071,2.092719
theta0_R0main,1265,0.154361,0.338422,1.491041,0.34995,0.441093,0.967057,4.26072,2.267938
theta0_R0main,1266,0.16736,0.370656,1.715284,0.365325,0.458114,1.014593,4.695231,2.327185
theta0_R0main,1267,0.138387,0.357903,2.011793,0.353292,0.391707,1.013053,5.694422,2.676727
theta0_R0main,1268,0.139459,0.373086,1.765681,0.343062,0.406513,1.087515,5.14682,2.538519
theta0_R0main,1269,0.15135,0.34551,1.395898,0.351361,0.430754,0.983348,3.972837,2.2217
theta0_R0main,1270,0.134027,0.329955,1.460528,0.324916,0.412498,1.015507,4.495091,2.388509
theta0_R0main,1271,0.157006,0.369855,1.562352,0.361763,0.434003,1.022367,4.318715,2.297662
theta0_R0main,1272,0.155349,0.36524,1.475139,0.349699,0.444236,1.044441,4.21831,2.250834
theta0_R0main,1273,0.128387,0.342464,1.496651,0.328735,0.390549,1.041762,4.552754,2.455934
theta0_R0main,1274,0.160736,0.348728,1.531227,0.351047,0.457877,0.993394,4.361884,2.25406
theta0_R0main,1275,0.159451,0.335002,1.516756,0.363035,0.439216,0.922783,4.17799,2.252594
theta0_R0main,1276,0.149334,0.357416,1.503419,0.363471,0.410855,0.98334,4.136281,2.309313
theta0_R0main,1277,0.124516,0.316473,1.315229,0.324103,0.384185,0.976458,4.058056,2.357335
theta0_R0main,1278,0.137548,0.352775,1.21723,0.344842,0.398874,1.023007,3.529822,2.180358
theta0_R0main,1279,0.139218,0.339829,1.175503,0.345755,0.40265,0.982862,3.399814,2.133407
theta0_R0main,1280,0.143571,0.330674,1.542978,0.332257,0.432109,0.995235,4.643924,2.374637
theta0_R0main,1281,0.145463,0.325593,1.326488,0.316085,0.460202,1.030081,4.196614,2.210369
theta0_R0main,1282,0.137239,0.358667,1.455262,0.345885,0.396775,1.036955,4.207359,2.36122
theta0_R0main,1283,0.14959,0.354964,1.470071,0.342479,0.436787,1.036456,4.292444,2.285167
theta0_R0main,1284,0.150694,0.357118,1.328005,0.364244,0.413719,0.980436,3.645924,2.176179
theta0_R0main,1285,0.146358,0.334807,1.564019,0.345601,0.42349,0.968769,4.525509,2.368956
theta0_R0main,1286,0.15064,0.310181,1.465536,0.341111,0.441614,0.909325,4.296356,2.275086
theta0_R0main,1287,0.134801,0.388857,1.495037,0.347726,0.387665,1.118287,4.299471,2.406106
theta0_R0main,1288,0.130463,0.353656,1.508093,0.342354,0.381077,1.033013,4.405066,2.447509
theta0_R0main,1289,0.144627,0.340198,2.062245,0.362096,0.399417,0.939525,5.695303,2.657392
theta0_R0main,1290,0.133582,0.325326,1.140051,0.339715,0.393217,0.957644,3.355906,2.144115
theta0_R0main,1291,0.14254,0.335782,1.320089,0.320702,0.444462,1.047021,4.116248,2.225833
theta0_R0main,1292,0.153268,0.321803,1.582797,0.358632,0.427369,0.897306,4.413431,2.334761
theta0_R0main,1293,0.135513,0.351047,1.402323,0.359856,0.376577,0.975523,3.896904,2.336815
theta0_R0main,1294,0.131517,0.367986,1.307862,0.321292,0.409339,1.14533,4.070631,2.29701
theta0_R0main,1295,0.151025,0.372056,1.997265,0.360632,0.418779,1.03168,5.538244,2.58209
theta0_R0main,1296,0.149541,0.351912,1.121656,0.339154,0.440923,1.037616,3.307214,2.014991
theta0_R0main,1297,0.147645,0.364627,1.378546,0.350362,0.421406,1.040716,3.934632,2.233975
theta0_R0main,1298,0.134486,0.37008,1.56997,0.317133,0.424067,1.166954,4.95051,2.457354
theta0_R0main,1299,0.158933,0.316722,1.516576,0.334652,0.47492,0.946424,4.531804,2.255728
theta0_R0main,1300,0.135127,0.350755,1.458745,0.353238,0.382537,0.992968,4.129631,2.379117
theta0_R0main,1301,0.14774,0.374225,1.275599,0.356292,0.414659,1.050332,3.580206,2.155719
theta0_R0main,1302,0.139438,0.389525,1.807639,0.360052,0.387274,1.081859,5.0205,2.562154
theta0_R0main,1303,0.145072,0.345871,1.414841,0.3346,0.433568,1.033687,4.228461,2.277543
theta0_R0main,1304,0.140368,0.320533,1.262703,0.323145,0.434383,0.991918,3.907544,2.196739
theta0_R0main,1305,0.137162,0.386352,1.36576,0.320764,0.427609,1.204473,4.257828,2.298305
theta0_R0main,1306,0.132275,0.324174,1.298925,0.312232,0.423644,1.038247,4.160131,2.284408
theta0_R0main,1307,0.1484,0.39115,1.631051,0.371591,0.399362,1.052635,4.389367,2.397072
theta0_R0main,1308,0.13512,0.35958,1.926883,0.327414,0.412689,1.098242,5.885154,2.657495
theta0_R0main,1309,0.149724,0.327932,1.052543,0.321393,0.465859,1.020345,3.274939,1.950172
theta0_R0main,1310,0.144267,0.33266,1.587789,0.32093,0.449529,1.036548,4.94746,2.39843
theta0_R0main,1311,0.141335,0.362727,1.660286,0.33536,0.421445,1.081607,4.950762,2.463609
theta0_R0main,1312,0.131401,0.368792,1.544642,0.342287,0.383892,1.077438,4.512715,2.464293
theta0_R0main,1313,0.155143,0.363684,1.402577,0.367061,0.422662,0.990801,3.821106,2.201722
theta0_R0main,1314,0.133931,0.362499,1.35367,0.325468,0.411503,1.113777,4.159146,2.313248
theta0_R0main,1315,0.147125,0.3392,1.570784,0.34827,0.422446,0.973957,4.510252,2.368046
theta0_R0main,1316,0.121293,0.33992,1.263755,0.324361,0.373945,1.04797,3.89614,2.343632
theta0_R0main,1317,0.138673,0.35397,1.671511,0.358882,0.386403,0.986313,4.657556,2.489366
theta0_R0main,1318,0.151268,0.355483,1.290279,0.353095,0.428406,1.006762,3.654197,2.14356
theta0_R0main,1319,0.130718,0.334161,1.289702,0.313514,0.416945,1.065856,4.113696,2.289122
theta0_R0main,1320,0.135828,0.365441,1.636137,0.365819,0.371298,0.998966,4.472526,2.488704
theta0_R0main,1321,0.152255,0.360571,1.359764,0.34416,0.442397,1.047684,3.950966,2.189508
theta0_R0main,1322,0.153813,0.3667,1.501944,0.358245,0.429351,1.0236,4.192504,2.278779
theta0_R0main,1323,0.151275,0.377715,1.202834,0.362542,0.417263,1.041854,3.317783,2.073335
theta0_R0main,1324,0.137408,0.336231,1.142111,0.32718,0.419976,1.027664,3.490776,2.117682
theta0_R0main,1325,0.150313,0.346608,1.314658,0.341738,0.439849,1.014252,3.84698,2.168613
theta0_R0main,1326,0.138035,0.318267,1.275843,0.334167,0.413073,0.952417,3.817978,2.223852
theta0_R0main,1327,0.150153,0.338287,1.331212,0.333114,0.450756,1.01553,3.996269,2.18219
theta0_R0main,1328,0.130328,0.341978,1.270484,0.327558,0.397879,1.044026,3.878659,2.277096
theta0_R0main,1329,0.130266,0.367653,1.550435,0.344797,0.377805,1.066289,4.49666,2.476712
theta0_R0main,1330,0.127906,0.361156,1.752854,0.343714,0.37213,1.050747,5.099751,2.617704
theta0_R0main,1331,0.145011,0.35443,1.306117,0.343853,0.421723,1.030762,3.798477,2.198006
theta0_R0main,1332,0.129558,0.352221,1.592686,0.357829,0.362067,0.984328,4.450972,2.509047
theta0_R0main,1333,0.168105,0.381081,1.781207,0.365638,0.459757,1.042238,4.87151,2.36046
theta0_R0main,1334,0.154575,0.384977,1.639781,0.366837,0.421371,1.04945,4.470056,2.361642
theta0_R0main,1335,0.141834,0.352361,1.398985,0.334299,0.424273,1.05403,4.184836,2.288845
theta0_R0main,1336,0.150745,0.382195,1.770023,0.384459,0.392097,0.994111,4.603933,2.463156
theta0_R0main,1337,0.143882,0.324643,1.504106,0.331654,0.433831,0.97886,4.535161,2.346962
theta0_R0main,1338,0.157249,0.387099,1.30896,0.359996,0.436809,1.075289,3.636045,2.119157
theta0_R0main,1339,0.143836,0.341662,1.34656,0.343627,0.41858,0.994282,3.918668,2.236638
theta0_R0main,1340,0.141965,0.367089,1.69466,0.351893,0.403432,1.043182,4.815838,2.479658
theta0_R0main,1341,0.143363,0.346334,1.530007,0.344685,0.415926,1.004784,4.43886,2.367645
theta0_R0main,1342,0.14258,0.353694,1.340669,0.317066,0.449686,1.115522,4.228362,2.24102
theta0_R0main,1343,0.155474,0.367862,1.661507,0.387423,0.401303,0.94951,4.288609,2.369001
theta0_R0main,1344,0.129865,0.405232,1.881009,0.378578,0.343034,1.070404,4.968611,2.673066
theta0_R0main,1345,0.139345,0.368753,1.508129,0.359836,0.387245,1.024783,4.191162,2.381675
theta0_R0main,1346,0.128314,0.368293,1.42394,0.335298,0.382686,1.098406,4.246793,2.406703
theta0_R0main,1347,0.143693,0.328395,1.187362,0.342207,0.419902,0.959637,3.46972,2.111807
theta0_R0main,1348,0.150774,0.345154,1.317734,0.356766,0.422614,0.967451,3.69355,2.167885
theta0_R0main,1349,0.13073,0.312533,1.312583,0.334845,0.390418,0.933367,3.919975,2.306622
theta0_R0main,1350,0.148457,0.327599,1.296843,0.325528,0.45605,1.006361,3.983811,2.167391
theta0_R0main,1351,0.137455,0.324301,1.418425,0.329902,0.416655,0.983024,4.299537,2.334003
theta0_R0main,1352,0.121589,0.330224,1.271637,0.317281,0.383223,1.040794,4.007917,2.347411
theta0_R0main,1353,0.138227,0.347159,1.066334,0.345916,0.399598,1.003592,3.082636,2.043081
theta0_R0main,1354,0.163785,0.346851,1.354819,0.367145,0.446104,0.944725,3.690143,2.11287
theta0_R0main,1355,0.154688,0.390991,2.101116,0.400489,0.386248,0.976284,5.24638,2.608814
theta0_R0main,1356,0.151022,0.359287,1.508655,0.355273,0.425087,1.011297,4.246462,2.301547
theta0_R0main,1357,0.139821,0.368958,1.642933,0.340212,0.410982,1.084495,4.829141,2.463874
theta0_R0main,1358,0.139509,0.38756,1.568424,0.363956,0.383312,1.064856,4.309382,2.4197
theta0_R0main,1359,0.128516,0.35387,1.51308,0.355394,0.361615,0.99571,4.257467,2.465851
theta0_R0main,1360,0.167165,0.356785,1.871709,0.365031,0.457948,0.97741,5.127536,2.415625
theta0_R0main,1361,0.171993,0.372491,1.299412,0.370049,0.464785,1.0066,3.51146,2.022211
theta0_R0main,1362,0.153179,0.343203,1.447038,0.345953,0.442773,0.992051,4.18276,2.245668
theta0_R0main,1363,0.145247,0.334944,1.190014,0.326498,0.444863,1.025869,3.644787,2.103286
theta0_R0main,1364,0.140885,0.354778,1.556708,0.378372,0.372344,0.937643,4.114228,2.402387
theta0_R0main,1365,0.146742,0.366078,1.38809,0.324265,0.452537,1.128947,4.280728,2.24701
theta0_R0main,1366,0.143807,0.383535,1.807716,0.344202,0.417799,1.114276,5.25191,2.531347
theta0_R0main,1367,0.147353,0.357557,1.285667,0.349496,0.421615,1.023065,3.678634,2.166204
theta0_R0main,1368,0.132291,0.33772,1.886016,0.36503,0.362411,0.925185,5.166746,2.657219
theta0_R0main,1369,0.137808,0.340586,1.579657,0.355904,0.387205,0.956961,4.438441,2.439103
theta0_R0main,1370,0.126941,0.350866,1.283182,0.338898,0.374569,1.035315,3.78634,2.313378
theta0_R0main,1371,0.158371,0.341374,1.431972,0.367946,0.43042,0.927782,3.891801,2.201866
theta0_R0main,1372,0.138651,0.339476,1.354911,0.321525,0.431228,1.055833,4.21402,2.279535
theta0_R0main,1373,0.155865,0.376611,1.777767,0.349038,0.446557,1.078997,5.093338,2.434123
theta0_R0main,1374,0.14086,0.350596,1.242741,0.334637,0.420933,1.047691,3.713701,2.17731
theta0_R0main,1375,0.13941,0.317517,1.326835,0.330615,0.421669,0.960383,4.013237,2.253132
theta0_R0main,1376,0.135558,0.344507,1.658997,0.362427,0.374029,0.950556,4.577466,2.504568
theta0_R0main,1377,0.138995,0.345601,1.321318,0.338761,0.410304,1.020191,3.900446,2.251948
theta0_R0main,1378,0.149653,0.355064,1.587424,0.333677,0.448497,1.064095,4.757373,2.36155
theta0_R0main,1379,0.137095,0.376341,1.570705,0.340897,0.402159,1.103973,4.607567,2.438607
theta0_R0main,1380,0.158733,0.323834,1.57614,0.343846,0.461641,0.941798,4.583852,2.295508
theta0_R0main,1381,0.138587,0.394476,2.052818,0.364927,0.379766,1.080971,5.625283,2.695472
theta0_R0main,1382,0.140461,0.340837,1.530196,0.349122,0.402325,0.976271,4.382986,2.388224
theta0_R0main,1383,0.149981,0.388708,1.655779,0.351931,0.426166,1.104499,4.704834,2.401516
theta0_R0main,1384,0.134887,0.392484,1.83016,0.348501,0.387048,1.126209,5.251527,2.607725
theta0_R0main,1385,0.144417,0.392966,1.422488,0.372052,0.388164,1.056213,3.823357,2.287457
theta0_R0main,1386,0.136035,0.335835,1.516404,0.33592,0.404961,0.999745,4.514176,2.411188
theta0_R0main,1387,0.139605,0.352154,1.361554,0.35283,0.395671,0.998086,3.858956,2.277568
theta0_R0main,1388,0.154813,0.386678,1.633602,0.367488,0.421273,1.052219,4.445322,2.356326
theta0_R0main,1389,0.139859,0.352535,1.096882,0.34421,0.406319,1.024185,3.186665,2.059593
theta0_R0main,1390,0.120769,0.393699,1.785927,0.348948,0.346096,1.128248,5.118038,2.693809
theta0_R0main,1391,0.125314,0.344925,1.307472,0.322847,0.388153,1.068386,4.049824,2.345029
theta0_R0main,1392,0.145749,0.376824,1.376418,0.37124,0.392601,1.015043,3.707623,2.245354
theta0_R0main,1393,0.126217,0.324539,1.401337,0.327942,0.384877,0.989626,4.273129,2.407177
theta0_R0main,1394,0.123043,0.361535,1.685956,0.33872,0.36326,1.067358,4.977438,2.617551
theta0_R0main,1395,0.154312,0.37957,1.572523,0.344485,0.44795,1.101848,4.564848,2.321458
theta0_R0main,1396,0.150017,0.326528,1.269812,0.338858,0.442714,0.963613,3.74733,2.135874
theta0_R0main,1397,0.14133,0.358919,1.927264,0.356692,0.396225,1.006244,5.403158,2.612756
theta0_R0main,1398,0.151141,0.333843,1.121917,0.32975,0.458349,1.012413,3.402329,2.004584
theta0_R0main,1399,0.161437,0.37,1.365799,0.350131,0.461077,1.056748,3.900822,2.135377
theta0_R0main,1400,0.159724,0.353894,1.420989,0.334465,0.477551,1.058089,4.248538,2.185659
theta0_R0main,1401,0.143886,0.333881,1.677465,0.337049,0.426899,0.9906,4.976916,2.456018
theta0_R0main,1402,0.140414,0.348877,1.541575,0.355159,0.395355,0.982312,4.340524,2.395967
theta0_R0main,1403,0.138238,0.334208,1.244836,0.347138,0.398222,0.962751,3.585995,2.197783
theta0_R0main,1404,0.140562,0.365715,1.356613,0.339262,0.414317,1.077971,3.998715,2.267097
theta0_R0main,1405,0.161273,0.372606,1.931809,0.37873,0.425824,0.983828,5.100751,2.483116
theta0_R0main,1406,0.132445,0.390478,1.663736,0.373845,0.354277,1.044491,4.450339,2.530657
theta0_R0main,1407,0.144072,0.357631,1.352251,0.346271,0.416067,1.032808,3.905184,2.239214
theta0_R0main,1408,0.13513,0.339741,1.49268,0.346637,0.389832,0.980105,4.306177,2.40209
theta0_R0main,1409,0.138804,0.346549,1.339696,0.329073,0.421801,1.053107,4.071116,2.267138
theta0_R0main,1410,0.113581,0.344857,1.29491,0.322757,0.351908,1.068473,4.012035,2.433685
theta0_R0main,1411,0.15081,0.385354,1.371205,0.353192,0.42699,1.09106,3.882319,2.207427
theta0_R0main,1412,0.133851,0.329923,1.404111,0.33478,0.399818,0.985492,4.19413,2.350433
theta0_R0main,1413,0.125331,0.353583,1.611298,0.343941,0.364395,1.028034,4.684807,2.55384
theta0_R0main,1414,0.157864,0.366361,1.395402,0.362082,0.435991,1.011819,3.853832,2.179201
theta0_R0main,1415,0.151129,0.325588,1.43481,0.34358,0.439866,0.947636,4.176062,2.250653
theta0_R0main,1416,0.126474,0.321129,1.199162,0.312814,0.404309,1.02658,3.833463,2.249344
theta0_R0main,1417,0.136519,0.362134,1.435217,0.316279,0.431642,1.144981,4.53782,2.352605
theta0_R0main,1418,0.136607,0.370598,1.526452,0.331812,0.411699,1.116891,4.600354,2.413596
theta0_R0main,1419,0.14304,0.370903,1.31262,0.361708,0.395457,1.025423,3.62895,2.216656
theta0_R0main,1420,0.146343,0.339273,1.505018,0.314678,0.465056,1.07816,4.78272,2.330607
theta0_R0main,1421,0.148687,0.357183,1.923467,0.344591,0.431488,1.03654,5.581879,2.560042
theta0_R0main,1422,0.146326,0.380013,1.298851,0.344409,0.42486,1.103376,3.771245,2.1834
theta0_R0main,1423,0.159798,0.362487,1.216635,0.335064,0.476918,1.081845,3.631051,2.029932
theta0_R0main,1424,0.126445,0.342133,1.585532,0.358449,0.352756,0.954483,4.423312,2.528868
theta0_R0main,1425,0.135544,0.354388,1.346888,0.351604,0.385503,1.00792,3.830697,2.296253
theta0_R0main,1426,0.137689,0.364074,1.366329,0.318984,0.431648,1.141357,4.283381,2.294887
theta0_R0main,1427,0.153721,0.377544,1.437463,0.379675,0.404874,0.994386,3.786033,2.235498
theta0_R0main,1428,0.139527,0.377008,1.754977,0.350999,0.397514,1.0741,4.999945,2.531953
theta0_R0main,1429,0.133847,0.324173,1.220839,0.329919,0.405698,0.982585,3.700426,2.210595
theta0_R0main,1430,0.128093,0.385223,1.728959,0.357988,0.357814,1.076079,4.829656,2.602518
theta0_R0main,1431,0.147634,0.3596,1.673866,0.355549,0.415228,1.011391,4.707829,2.428155
theta0_R0main,1432,0.136904,0.369345,1.282556,0.350518,0.390576,1.053714,3.659034,2.237333
theta0_R0main,1433,0.137139,0.343824,1.54465,0.345086,0.397405,0.996344,4.47613,2.421558
theta0_R0main,1434,0.138149,0.326393,1.593878,0.338425,0.408212,0.964449,4.709698,2.445592
theta0_R0main,1435,0.150054,0.398458,1.55124,0.349758,0.429022,1.13924,4.43518,2.335814
theta0_R0main,1436,0.162624,0.362466,1.734058,0.354869,0.458267,1.021408,4.886476,2.366776
theta0_R0main,1437,0.13582,0.348326,1.200521,0.338495,0.401248,1.029044,3.546645,2.179177
theta0_R0main,1438,0.135809,0.347174,1.535735,0.363951,0.373152,0.953904,4.219622,2.425514
theta0_R0main,1439,0.1358,0.337184,1.307362,0.31376,0.432816,1.074655,4.166757,2.264582
theta0_R0main,1440,0.152237,0.369573,1.378334,0.335779,0.453384,1.100642,4.104877,2.203193
theta0_R0main,1441,0.152174,0.392403,1.508324,0.364887,0.417044,1.07541,4.133673,2.29373
theta0_R0main,1442,0.124799,0.384869,1.536391,0.379033,0.329256,1.015396,4.053448,2.510487
theta0_R0main,1443,0.130915,0.351898,1.466231,0.349784,0.374274,1.006043,4.191819,2.415903
theta0_R0main,1444,0.146207,0.384253,1.612954,0.344901,0.42391,1.114095,4.676568,2.4008
theta0_R0main,1445,0.150053,0.328127,1.514711,0.359196,0.417748,0.913505,4.216949,2.311989
theta0_R0main,1446,0.130154,0.323962,1.220242,0.331212,0.392964,0.978111,3.684173,2.238083
theta0_R0main,1447,0.126468,0.331739,1.301811,0.316804,0.399198,1.047143,4.109199,2.331525
theta0_R0main,1448,0.139681,0.355937,1.197138,0.350915,0.398047,1.014311,3.411474,2.148331
theta0_R0main,1449,0.132921,0.34651,1.396329,0.348833,0.381045,0.99334,4.002854,2.351846
theta0_R0main,1450,0.14924,0.376267,1.276535,0.354833,0.420591,1.060405,3.597562,2.14635
theta0_R0main,1451,0.147778,0.348791,1.318835,0.322502,0.458223,1.081517,4.089385,2.188795
theta0_R0main,1452,0.13379,0.375362,1.751247,0.349334,0.382985,1.074508,5.013104,2.571815
theta0_R0main,1453,0.140878,0.385722,1.49936,0.341493,0.412535,1.129517,4.390605,2.364902
theta0_R0main,1454,0.151199,0.329941,1.413215,0.334711,0.451729,0.985749,4.222198,2.235028
theta0_R0main,1455,0.12983,0.327146,1.337451,0.332875,0.390026,0.982789,4.017877,2.332294
theta0_R0main,1456,0.143604,0.359312,1.435154,0.350381,0.40985,1.025489,4.095979,2.301971
theta0_R0main,1457,0.162006,0.37214,1.495508,0.380664,0.425587,0.977608,3.928686,2.222591
theta0_R0main,1458,0.163351,0.350769,1.421493,0.344564,0.474079,1.018009,4.125485,2.163564
theta0_R0main,1459,0.126472,0.350348,1.453626,0.330168,0.383054,1.06112,4.40268,2.441792
theta0_R0main,1460,0.133171,0.350606,1.20602,0.354837,0.375301,0.988078,3.398804,2.20345
theta0_R0main,1461,0.141892,0.355603,1.490242,0.363109,0.390771,0.97933,4.104123,2.351626
theta0_R0main,1462,0.146903,0.351767,1.430804,0.349137,0.42076,1.007534,4.098118,2.276219
theta0_R0main,1463,0.127836,0.321555,1.154075,0.31168,0.41015,1.031684,3.702757,2.200309
theta0_R0main,1464,0.143861,0.332948,1.400902,0.327395,0.439412,1.016962,4.278931,2.276022
theta0_R0main,1465,0.137995,0.348068,1.38217,0.321502,0.429219,1.082632,4.299102,2.304193
theta0_R0main,1466,0.142154,0.343365,1.396916,0.308145,0.461322,1.114298,4.533311,2.285111
theta0_R0main,1467,0.162654,0.356011,1.590982,0.363964,0.446897,0.978151,4.371265,2.28048
theta0_R0main,1468,0.150698,0.381578,1.76729,0.333226,0.452239,1.1451,5.303571,2.461924
theta0_R0main,1469,0.151555,0.387725,1.624039,0.35564,0.426147,1.090218,4.56653,2.371724
theta0_R0main,1470,0.151983,0.339394,1.338161,0.347622,0.437206,0.97633,3.849469,2.175286
theta0_R0main,1471,0.140496,0.338639,1.509597,0.343572,0.408928,0.985642,4.393834,2.374419
theta0_R0main,1472,0.146884,0.353978,1.264772,0.340085,0.431904,1.040853,3.718992,2.153004
theta0_R0main,1473,0.127055,0.334286,1.482166,0.340253,0.373412,0.982461,4.356064,2.456642
theta0_R0main,1474,0.144884,0.365171,1.500075,0.372751,0.388687,0.979666,4.024335,2.33734
theta0_R0main,1475,0.149705,0.326614,1.354166,0.337913,0.443029,0.966562,4.007435,2.202272
theta0_R0main,1476,0.145881,0.354405,1.571293,0.346453,0.421069,1.022955,4.535373,2.376865
theta0_R0main,1477,0.135124,0.332749,1.243715,0.325368,0.415295,1.022685,3.822487,2.219667
theta0_R0main,1478,0.144013,0.361799,1.325641,0.343489,0.419266,1.053304,3.859337,2.219745
theta0_R0main,1479,0.15765,0.345178,1.499283,0.358998,0.439138,0.961502,4.176295,2.252365
theta0_R0main,1480,0.151635,0.332675,1.543044,0.362356,0.418471,0.918088,4.258361,2.320033
theta0_R0main,1481,0.13022,0.344542,1.412767,0.328629,0.396253,1.048424,4.298977,2.38408
theta0_R0main,1482,0.148925,0.346854,1.570513,0.353208,0.421635,0.982009,4.44642,2.355713
theta0_R0main,1483,0.160892,0.361562,1.430386,0.354269,0.454151,1.020584,4.037565,2.184967
theta0_R0main,1484,0.160142,0.368539,1.677554,0.360584,0.444119,1.022061,4.652323,2.34903
theta0_R0main,1485,0.147614,0.343257,1.3256,0.322633,0.457529,1.063922,4.108686,2.195018
theta0_R0main,1486,0.145655,0.347262,1.657598,0.35392,0.411548,0.981185,4.683533,2.431882
theta0_R0main,1487,0.144958,0.355446,1.632205,0.342251,0.423543,1.038553,4.769025,2.421241
theta0_R0main,1488,0.137204,0.312692,1.242769,0.299614,0.457935,1.043648,4.147896,2.203629
theta0_R0main,1489,0.15135,0.384178,1.280581,0.360527,0.419803,1.0656,3.551969,2.135471
theta0_R0main,1490,0.131261,0.336241,1.125666,0.329104,0.398845,1.021688,3.420402,2.14894
theta0_R0main,1491,0.126738,0.405546,1.579782,0.383741,0.330269,1.056822,4.116795,2.522922
theta0_R0main,1492,0.130436,0.367958,1.598067,0.346964,0.375935,1.060508,4.605854,2.505667
theta0_R0main,1493,0.143855,0.364577,1.266743,0.340473,0.422515,1.070796,3.720535,2.175399
theta0_R0main,1494,0.155545,0.343339,1.465651,0.344798,0.451119,0.995769,4.250759,2.243122
theta0_R0main,1495,0.141723,0.368953,1.780036,0.36854,0.384552,1.001122,4.829973,2.530518
theta0_R0main,1496,0.136499,0.321039,1.375941,0.341165,0.400096,0.941009,4.033066,2.310577
theta0_R0main,1497,0.15288,0.355328,1.461127,0.354999,0.430649,1.000927,4.115865,2.257311
theta0_R0main,1498,0.125187,0.317245,1.498567,0.320349,0.390782,0.990312,4.677922,2.48246
theta0_R0main,1499,0.119287,0.391067,1.343607,0.345105,0.345654,1.133182,3.89333,2.421582
theta0_R0main,1500,0.157461,0.339277,1.224633,0.328937,0.478696,1.031434,3.722998,2.051218
theta0_R0main,1501,0.143462,0.360774,1.711113,0.358654,0.399999,1.005909,4.770924,2.478832
theta0_R0main,1502,0.139575,0.371669,1.31836,0.351468,0.397121,1.057476,3.751012,2.245541
theta0_R0main,1503,0.133325,0.328588,1.524614,0.333737,0.39949,0.984572,4.568305,2.436709
theta0_R0main,1504,0.139238,0.343127,1.83685,0.356128,0.390976,0.963492,5.157832,2.579626
theta0_R0main,1505,0.133272,0.376117,1.270695,0.356624,0.373706,1.054661,3.563128,2.254926
theta0_R0main,1506,0.151515,0.374724,1.66239,0.346768,0.436936,1.080618,4.793953,2.395325
theta0_R0main,1507,0.1233,0.320079,1.546029,0.337663,0.365156,0.947923,4.578614,2.528828
theta0_R0main,1508,0.13752,0.332143,1.661734,0.335594,0.409781,0.989717,4.951615,2.491846
theta0_R0main,1509,0.153903,0.348221,1.407781,0.339322,0.453562,1.026227,4.14881,2.213445
theta0_R0main,1510,0.140211,0.340892,1.567869,0.350203,0.40037,0.973413,4.477034,2.414326
theta0_R0main,1511,0.145096,0.371105,1.537185,0.356068,0.407497,1.042233,4.317114,2.36031
theta0_R0main,1512,0.144332,0.319814,1.238178,0.31268,0.461597,1.022816,3.959893,2.14928
theta0_R0main,1513,0.128621,0.31515,1.140476,0.318712,0.403564,0.988825,3.578391,2.182334
theta0_R0main,1514,0.140022,0.36405,1.666492,0.368309,0.380176,0.988438,4.524718,2.476675
theta0_R0main,1515,0.134525,0.351267,1.245759,0.337861,0.398165,1.039679,3.687191,2.225753
theta0_R0main,1516,0.140491,0.370196,1.642363,0.336053,0.418062,1.101601,4.887218,2.458748
theta0_R0main,1517,0.145203,0.328248,1.627204,0.3612,0.402004,0.908771,4.505001,2.416482
theta0_R0main,1518,0.134057,0.348764,1.292822,0.34016,0.3941,1.025294,3.800625,2.266316
theta0_R0main,1519,0.14786,0.376502,1.382996,0.355532,0.415884,1.058981,3.889932,2.235741
theta0_R0main,1520,0.151615,0.36249,1.538545,0.345834,0.438404,1.048161,4.448793,2.317246
theta0_R0main,1521,0.1465,0.381816,1.208293,0.340592,0.430134,1.121037,3.547629,2.109937
theta0_R0main,1522,0.156313,0.351565,1.361334,0.33275,0.46976,1.056541,4.091157,2.16436
theta0_R0main,1523,0.147836,0.325169,1.261855,0.329967,0.448032,0.985459,3.824179,2.144235
theta0_R0main,1524,0.141362,0.361037,1.559897,0.336452,0.420155,1.073073,4.636321,2.401053
theta0_R0main,1525,0.141576,0.37004,1.687805,0.367591,0.385146,1.006664,4.591532,2.478345
theta0_R0main,1526,0.156315,0.358863,1.355797,0.359699,0.434573,0.997676,3.76926,2.16027
theta0_R0main,1527,0.156206,0.340221,1.455865,0.349783,0.44658,0.972665,4.162196,2.23218
theta0_R0main,1528,0.13395,0.358338,1.641411,0.344907,0.388367,1.038941,4.758998,2.505842
theta0_R0main,1529,0.142874,0.363476,1.441579,0.33922,0.421185,1.071504,4.249684,2.311529
theta0_R0main,1530,0.121385,0.345386,1.23446,0.341624,0.355317,1.011014,3.613507,2.319424
theta0_R0main,1531,0.164322,0.390044,2.023584,0.356248,0.461259,1.094866,5.680266,2.510795
theta0_R0main,1532,0.122443,0.328425,1.477089,0.321297,0.38109,1.022184,4.597263,2.490181
theta0_R0main,1533,0.12801,0.339887,1.247754,0.322247,0.397243,1.054742,3.872046,2.276989
theta0_R0main,1534,0.142937,0.354443,1.181715,0.311336,0.459107,1.138458,3.79562,2.11232
theta0_R0main,1535,0.135042,0.381086,1.393985,0.345081,0.391333,1.10434,4.039591,2.33434
theta0_R0main,1536,0.127499,0.361008,1.76663,0.35175,0.362471,1.026322,5.022405,2.62872
theta0_R0main,1537,0.151579,0.398773,1.777109,0.377139,0.401916,1.057363,4.712076,2.46164
theta0_R0main,1538,0.147725,0.359626,1.746996,0.356553,0.414316,1.008619,4.899684,2.470298
theta0_R0main,1539,0.142391,0.352086,1.433041,0.338406,0.420769,1.040424,4.234682,2.308979
theta0_R0main,1540,0.140259,0.309291,1.172855,0.320041,0.438253,0.96641,3.664703,2.123705
theta0_R0main,1541,0.145503,0.378174,1.316998,0.371337,0.391835,1.018413,3.546641,2.202916
theta0_R0main,1542,0.122153,0.341898,1.39023,0.316735,0.385664,1.079445,4.389258,2.431948
theta0_R0main,1543,0.138909,0.383292,1.174116,0.345387,0.402183,1.109747,3.399424,2.134453
theta0_R0main,1544,0.15156,0.367262,1.456964,0.369601,0.410062,0.993669,3.941987,2.263131
theta0_R0main,1545,0.158999,0.364984,1.394101,0.325917,0.487851,1.119868,4.277469,2.171107
theta0_R0main,1546,0.147866,0.35043,1.197177,0.326534,0.452835,1.073182,3.666321,2.091417
theta0_R0main,1547,0.138342,0.325561,1.333436,0.338521,0.408665,0.961716,3.939003,2.265788
theta0_R0main,1548,0.155654,0.366208,1.884662,0.367237,0.423852,0.997196,5.131999,2.493867
theta0_R0main,1549,0.160339,0.363738,1.356876,0.379075,0.422974,0.959543,3.57944,2.135652
theta0_R0main,1550,0.14562,0.375452,1.330408,0.346383,0.420401,1.083921,3.840858,2.212242
theta0_R0main,1551,0.143665,0.370235,1.591631,0.354052,0.405774,1.045708,4.495471,2.40503
theta0_R0main,1552,0.14833,0.329662,1.639734,0.338443,0.43827,0.974053,4.844931,2.402853
theta0_R0main,1553,0.140299,0.346097,1.485491,0.351815,0.398786,0.983748,4.222367,2.359726
theta0_R0main,1554,0.140289,0.369264,1.74346,0.350361,0.400414,1.053953,4.976181,2.51992
theta0_R0main,1555,0.156292,0.369697,1.857377,0.37764,0.413866,0.978967,4.918377,2.475192
theta0_R0main,1556,0.129092,0.370252,1.817507,0.339125,0.380662,1.091785,5.359399,2.644695
theta0_R0main,1557,0.129133,0.342154,1.372435,0.340946,0.37875,1.003544,4.025373,2.363497
theta0_R0main,1558,0.126742,0.34059,1.499316,0.328301,0.386055,1.037431,4.566897,2.470609
theta0_R0main,1559,0.140657,0.385746,1.87214,0.352657,0.398849,1.093828,5.308672,2.588514
theta0_R0main,1560,0.141454,0.336884,1.305813,0.336098,0.420873,1.002339,3.88522,2.222605
theta0_R0main,1561,0.160498,0.343779,1.419277,0.35215,0.455767,0.976229,4.030324,2.17962
theta0_R0main,1562,0.171797,0.341957,1.567608,0.348162,0.49344,0.982177,4.502522,2.210992
theta0_R0main,1563,0.142447,0.374577,1.405628,0.345645,0.412118,1.083704,4.066678,2.289273
theta0_R0main,1564,0.147181,0.370609,1.328446,0.342572,0.429636,1.081845,3.877863,2.200101
theta0_R0main,1565,0.137782,0.341946,1.180943,0.319521,0.431213,1.070183,3.695978,2.148398
theta0_R0main,1566,0.151988,0.345928,1.37716,0.351917,0.431886,0.982981,3.913309,2.203977
theta0_R0main,1567,0.12455,0.352441,1.505756,0.358629,0.347294,0.982747,4.198647,2.492345
theta0_R0main,1568,0.139468,0.336401,1.107472,0.344329,0.405043,0.976976,3.216315,2.071999
theta0_R0main,1569,0.13481,0.343881,1.830352,0.345075,0.390668,0.996542,5.304221,2.6084
theta0_R0main,1570,0.159431,0.364361,1.802874,0.361804,0.440655,1.007068,4.983014,2.425528
theta0_R0main,1571,0.137407,0.394406,1.955419,0.395651,0.347293,0.996851,4.942279,2.655412
theta0_R0main,1572,0.137064,0.360214,1.470788,0.355278,0.385794,1.013894,4.139828,2.373107
theta0_R0main,1573,0.147694,0.363388,1.764699,0.370081,0.399087,0.981914,4.768412,2.48059
theta0_R0main,1574,0.144272,0.33974,1.533808,0.352624,0.40914,0.963463,4.349697,2.363805
theta0_R0main,1575,0.163178,0.360255,1.760209,0.367983,0.443439,0.979,4.783399,2.378347
theta0_R0main,1576,0.144109,0.356515,1.5342,0.348028,0.414073,1.024385,4.408264,2.365195
theta0_R0main,1577,0.139734,0.360234,1.474048,0.338511,0.412791,1.064172,4.3545,2.356024
theta0_R0main,1578,0.151893,0.365113,1.898046,0.354652,0.428287,1.029496,5.351857,2.525405
theta0_R0main,1579,0.157666,0.342491,1.444079,0.363535,0.433703,0.942115,3.972329,2.214748
theta0_R0main,1580,0.150424,0.35656,1.222995,0.335586,0.448242,1.062499,3.644352,2.095601
theta0_R0main,1581,0.149255,0.342996,1.477037,0.336898,0.443028,1.0181,4.384226,2.292136
theta0_R0main,1582,0.116037,0.34815,1.502442,0.333207,0.348243,1.044849,4.50904,2.56094
theta0_R0main,1583,0.160619,0.355731,1.653917,0.371635,0.432195,0.957205,4.450382,2.331868
theta0_R0main,1584,0.141486,0.35649,1.457627,0.333334,0.424456,1.069466,4.372869,2.332366
theta0_R0main,1585,0.148806,0.348639,1.511337,0.352532,0.422107,0.988956,4.287087,2.318104
theta0_R0main,1586,0.138316,0.34869,1.473181,0.332458,0.41604,1.048823,4.431177,2.36564
theta0_R0main,1587,0.150418,0.39205,1.557599,0.347165,0.433275,1.12929,4.486622,2.337483
theta0_R0main,1588,0.154676,0.354848,1.502814,0.349594,0.442445,1.015029,4.298745,2.273762
theta0_R0main,1589,0.132462,0.342753,1.281918,0.329625,0.401856,1.039828,3.889024,2.26982
theta0_R0main,1590,0.13344,0.325798,1.298285,0.314844,0.423828,1.03479,4.123581,2.275149
theta0_R0main,1591,0.151578,0.337785,1.504721,0.33641,0.450576,1.004089,4.472884,2.295262
theta0_R0main,1592,0.142799,0.361342,1.702024,0.340002,0.419994,1.062766,5.005931,2.478139
theta0_R0main,1593,0.12679,0.346724,1.33204,0.337196,0.376012,1.028257,3.950344,2.351937
theta0_R0main,1594,0.12515,0.354363,1.32197,0.334595,0.374033,1.059082,3.950956,2.357369
theta0_R0main,1595,0.145789,0.372285,1.869056,0.357657,0.407623,1.0409,5.225834,2.551026
theta0_R0main,1596,0.144192,0.35255,1.473032,0.35119,0.41058,1.003873,4.194406,2.323936
theta0_R0main,1597,0.144168,0.359999,1.730197,0.358563,0.402072,1.004004,4.825357,2.48501
theta0_R0main,1598,0.12942,0.344469,1.489801,0.318653,0.406145,1.081014,4.675302,2.443338
theta0_R0main,1599,0.140394,0.318196,1.874163,0.340218,0.412658,0.935272,5.508708,2.591466
theta0_R0main,1600,0.128875,0.318392,1.439434,0.330576,0.389851,0.963144,4.354323,2.41316
theta0_R0main,1601,0.133535,0.340225,1.695134,0.35171,0.379672,0.967345,4.81969,2.541157
theta0_R0main,1602,0.133854,0.340812,1.208259,0.313004,0.427644,1.088843,3.860207,2.200184
theta0_R0main,1603,0.151059,0.384286,1.370082,0.352756,0.428226,1.089383,3.883943,2.204955
theta0_R0main,1604,0.156623,0.351436,1.413065,0.34586,0.452851,1.016122,4.085658,2.199675
theta0_R0main,1605,0.151792,0.371647,1.611639,0.374173,0.405673,0.993249,4.307201,2.362495
theta0_R0main,1606,0.143861,0.372578,1.721139,0.360134,0.399464,1.034554,4.77916,2.481896
theta0_R0main,1607,0.122509,0.384035,1.734854,0.345735,0.354343,1.110778,5.017871,2.650495
theta0_R0main,1608,0.139107,0.308994,1.323359,0.327311,0.424999,0.944039,4.043122,2.252686
theta0_R0main,1609,0.134823,0.414375,1.619853,0.370083,0.364306,1.119681,4.377004,2.486126
theta0_R0main,1610,0.134131,0.336764,1.305758,0.309782,0.432985,1.087102,4.21509,2.275723
theta0_R0main,1611,0.139567,0.393654,1.739203,0.349368,0.399485,1.12676,4.978141,2.522636
theta0_R0main,1612,0.146606,0.333118,1.370734,0.339537,0.431783,0.981095,4.037067,2.235351
theta0_R0main,1613,0.132833,0.382203,2.119823,0.362902,0.366029,1.053186,5.84131,2.769997
theta0_R0main,1614,0.133757,0.361831,1.403535,0.366369,0.365088,0.987613,3.830932,2.350725
theta0_R0main,1615,0.150125,0.378652,1.652755,0.352648,0.425707,1.073737,4.686696,2.398731
theta0_R0main,1616,0.161459,0.335526,1.319323,0.347263,0.464947,0.9662,3.7992,2.100622
theta0_R0main,1617,0.143186,0.345706,1.693309,0.350341,0.408705,0.98677,4.833317,2.470294
theta0_R0main,1618,0.150876,0.346154,1.464858,0.352564,0.427939,0.98182,4.154875,2.273056
theta0_R0main,1619,0.137777,0.333881,1.373985,0.332089,0.414881,1.005399,4.137406,2.299833
theta0_R0main,1620,0.135112,0.342628,1.517758,0.324398,0.416501,1.056198,4.678694,2.418886
theta0_R0main,1621,0.133319,0.349306,1.29288,0.339811,0.392332,1.027942,3.804705,2.271884
theta0_R0main,1622,0.140962,0.373985,1.482518,0.333655,0.422478,1.120872,4.443266,2.353009
theta0_R0main,1623,0.15065,0.338494,1.307265,0.336036,0.448315,1.007314,3.890246,2.160731
theta0_R0main,1624,0.148708,0.34257,1.332666,0.345565,0.430333,0.991334,3.85648,2.19295
theta0_R0main,1625,0.140372,0.33224,1.311089,0.320365,0.438162,1.037065,4.092481,2.234318
theta0_R0main,1626,0.129405,0.323099,1.235078,0.329998,0.39214,0.979094,3.742681,2.255939
theta0_R0main,1627,0.137459,0.300698,1.281285,0.309653,0.443912,0.971081,4.137802,2.232293
theta0_R0main,1628,0.129207,0.343128,1.555538,0.342225,0.37755,1.002639,4.545361,2.488161
theta0_R0main,1629,0.142622,0.384732,1.745699,0.380082,0.375239,1.012233,4.592953,2.504714
theta0_R0main,1630,0.138817,0.336023,1.34399,0.352477,0.393832,0.953319,3.812989,2.270245
theta0_R0main,1631,0.160472,0.380722,1.363147,0.31972,0.501916,1.190801,4.263568,2.13943
theta0_R0main,1632,0.130746,0.34453,1.262208,0.309918,0.421872,1.111681,4.072709,2.267361
theta0_R0main,1633,0.129473,0.339308,1.300947,0.336822,0.384397,1.007383,3.86242,2.307374
theta0_R0main,1634,0.150719,0.346213,1.4608,0.347405,0.433844,0.99657,4.204895,2.27132
theta0_R0main,1635,0.135001,0.378433,1.703462,0.341206,0.395659,1.109104,4.99248,2.535134
theta0_R0main,1636,0.15386,0.354632,1.325526,0.344719,0.446335,1.028757,3.845236,2.15352
theta0_R0main,1637,0.154119,0.332535,1.452746,0.333259,0.46246,0.997826,4.35921,2.243486
theta0_R0main,1638,0.156476,0.380094,1.344884,0.362341,0.431846,1.048995,3.711656,2.151164
theta0_R0main,1639,0.156161,0.372478,1.451975,0.360197,0.433543,1.034095,4.031063,2.229795
theta0_R0main,1640,0.146163,0.343365,1.562669,0.352247,0.414944,0.974784,4.436289,2.369431
theta0_R0main,1641,0.136902,0.348127,1.42302,0.336371,0.406998,1.03495,4.23051,2.341269
theta0_R0main,1642,0.140244,0.353433,1.370438,0.362846,0.38651,0.974058,3.776914,2.279504
theta0_R0main,1643,0.127143,0.351862,1.560259,0.327324,0.388432,1.074964,4.766706,2.507292
theta0_R0main,1644,0.133113,0.344832,1.249378,0.332216,0.400683,1.037974,3.760742,2.239202
theta0_R0main,1645,0.138411,0.35735,1.36614,0.365322,0.378875,0.97818,3.739552,2.289514
theta0_R0main,1646,0.138715,0.337246,1.238905,0.330382,0.419863,1.020777,3.749916,2.189559
theta0_R0main,1647,0.15463,0.316043,1.397653,0.331854,0.465958,0.952357,4.211651,2.201515
theta0_R0main,1648,0.138695,0.345893,1.29457,0.338821,0.409346,1.020874,3.820811,2.233658
theta0_R0main,1649,0.145225,0.355583,1.516125,0.342118,0.424488,1.03936,4.431586,2.34563
theta0_R0main,1650,0.143452,0.358911,1.277769,0.333341,0.430344,1.076709,3.833215,2.186873
theta0_R0main,1651,0.16461,0.361277,1.664947,0.380849,0.432219,0.948609,4.371672,2.313969
theta0_R0main,1652,0.134105,0.31244,1.549346,0.312275,0.429444,1.000529,4.961478,2.446968
theta0_R0main,1653,0.129241,0.326939,1.155403,0.316681,0.40811,1.032391,3.648471,2.190527
theta0_R0main,1654,0.14368,0.350828,1.20685,0.342882,0.419036,1.023174,3.519727,2.128181
theta0_R0main,1655,0.15222,0.346635,1.552586,0.34479,0.441484,1.005351,4.502985,2.322354
theta0_R0main,1656,0.151275,0.350774,1.311692,0.335619,0.450735,1.045155,3.908284,2.159974
theta0_R0main,1657,0.128006,0.356158,1.597131,0.334751,0.382391,1.063949,4.7711,2.523889
theta0_R0main,1658,0.154945,0.331049,1.566638,0.333742,0.464265,0.991932,4.694158,2.313618
theta0_R0main,1659,0.14607,0.348435,1.446835,0.314926,0.463824,1.106405,4.594214,2.293048
theta0_R0main,1660,0.147102,0.351355,1.497518,0.321287,0.457851,1.093584,4.660993,2.32044
theta0_R0main,1661,0.139933,0.346631,1.416158,0.35444,0.3948,0.977968,3.995484,2.31454
theta0_R0main,1662,0.14449,0.374472,1.774369,0.369312,0.39124,1.013971,4.80452,2.507991
theta0_R0main,1663,0.154368,0.341179,1.390128,0.352965,0.437346,0.966608,3.938436,2.197813
theta0_R0main,1664,0.142796,0.345267,1.202586,0.33522,0.425975,1.02997,3.587451,2.130816
theta0_R0main,1665,0.145532,0.399832,1.82763,0.370225,0.39309,1.07997,4.936534,2.530381
theta0_R0main,1666,0.147136,0.347758,1.413349,0.338696,0.434417,1.026755,4.17291,2.262363
theta0_R0main,1667,0.124263,0.361643,1.5514,0.333342,0.372778,1.084899,4.654073,2.524516
theta0_R0main,1668,0.161303,0.333038,1.712098,0.347279,0.464476,0.958993,4.93003,2.36219
theta0_R0main,1669,0.122561,0.348278,1.192208,0.334136,0.366798,1.042325,3.568032,2.274958
theta0_R0main,1670,0.139901,0.325359,1.600011,0.326959,0.427887,0.995107,4.893619,2.436829
theta0_R0main,1671,0.133057,0.329665,1.477696,0.320216,0.415523,1.029506,4.61468,2.40746
theta0_R0main,1672,0.141747,0.352513,1.386471,0.347465,0.407947,1.014529,3.99025,2.280472
theta0_R0main,1673,0.13869,0.381953,1.697969,0.335166,0.413796,1.139592,5.066051,2.504944
theta0_R0main,1674,0.138705,0.326946,1.655632,0.360992,0.384232,0.905688,4.586342,2.479592
theta0_R0main,1675,0.14143,0.322348,1.708665,0.330451,0.42799,0.975478,5.170705,2.491664
theta0_R0main,1676,0.125225,0.3425,1.187997,0.346357,0.36155,0.988864,3.429979,2.249909
theta0_R0main,1677,0.133255,0.378617,1.494918,0.333719,0.399302,1.134537,4.479564,2.417562
theta0_R0main,1678,0.146346,0.378482,1.645921,0.371725,0.393695,1.018177,4.427785,2.420079
theta0_R0main,1679,0.130717,0.367674,1.737448,0.337698,0.387081,1.088766,5.144974,2.587142
theta0_R0main,1680,0.148862,0.343989,1.244841,0.347275,0.428658,0.990536,3.584594,2.123742
theta0_R0main,1681,0.140718,0.373874,1.232123,0.348129,0.404211,1.073954,3.539274,2.169739
theta0_R0main,1682,0.114911,0.367436,1.508564,0.335854,0.342144,1.094036,4.491723,2.574759
theta0_R0main,1683,0.132572,0.328511,1.709656,0.323172,0.410221,1.016522,5.290239,2.556922
theta0_R0main,1684,0.141816,0.328322,1.48642,0.337624,0.420042,0.972449,4.402585,2.349593
theta0_R0main,1685,0.144993,0.3526,1.746064,0.356112,0.407155,0.990138,4.903126,2.488435
theta0_R0main,1686,0.154304,0.35614,1.534586,0.373392,0.41325,0.953798,4.109856,2.297091
theta0_R0main,1687,0.132173,0.32497,1.456715,0.340972,0.387637,0.95307,4.272243,2.399824
theta0_R0main,1688,0.154877,0.343153,1.313773,0.343066,0.451448,1.000253,3.8295,2.138029
theta0_R0main,1689,0.141743,0.338318,1.350739,0.352417,0.402204,0.959995,3.832791,2.254389
theta0_R0main,1690,0.15164,0.353794,1.655642,0.361671,0.419277,0.978223,4.577763,2.390433
theta0_R0main,1691,0.13105,0.335341,1.335287,0.335126,0.391048,1.000641,3.984431,2.321319
theta0_R0main,1692,0.127097,0.356147,1.239063,0.331669,0.383203,1.073802,3.735837,2.277163
theta0_R0main,1693,0.14941,0.36044,1.43583,0.391719,0.381423,0.920149,3.665462,2.262802
theta0_R0main,1694,0.129943,0.33824,1.09971,0.317373,0.409432,1.065748,3.465036,2.135707
theta0_R0main,1695,0.144194,0.389179,1.494978,0.362951,0.397282,1.072264,4.118957,2.33871
theta0_R0main,1696,0.12656,0.373298,1.588131,0.359031,0.352504,1.039738,4.423376,2.529596
theta0_R0main,1697,0.139161,0.35444,1.3018,0.324682,0.428606,1.091653,4.009462,2.235875
theta0_R0main,1698,0.134597,0.324657,1.133145,0.303078,0.444102,1.0712,3.73879,2.130463
theta0_R0main,1699,0.155664,0.367156,1.261355,0.33767,0.460994,1.087322,3.735468,2.092243
theta0_R0main,1700,0.132961,0.377941,1.39491,0.335397,0.396429,1.126848,4.158986,2.350529
theta0_R0main,1701,0.140151,0.320631,1.377933,0.350954,0.399342,0.913597,3.926244,2.285621
theta0_R0main,1702,0.129449,0.342071,1.440185,0.348223,0.371743,0.982334,4.135819,2.409237
theta0_R0main,1703,0.12222,0.334189,1.344195,0.33439,0.3655,0.999399,4.019841,2.39773
theta0_R0main,1704,0.14965,0.367522,1.61972,0.335323,0.446286,1.096025,4.830332,2.381712
theta0_R0main,1705,0.142914,0.33028,1.319045,0.323539,0.441721,1.020837,4.076931,2.22242
theta0_R0main,1706,0.144415,0.339501,1.423383,0.342839,0.421232,0.990265,4.151754,2.288102
theta0_R0main,1707,0.134972,0.353348,1.458768,0.35704,0.378031,0.98966,4.085727,2.380278
theta0_R0main,1708,0.138444,0.347843,1.528717,0.340841,0.406185,1.020545,4.485138,2.401716
theta0_R0main,1709,0.131693,0.3321,1.326807,0.359237,0.366589,0.92446,3.693401,2.310061
theta0_R0main,1710,0.134236,0.351949,1.397608,0.336946,0.398389,1.044525,4.147864,2.342921
theta0_R0main,1711,0.143458,0.374752,1.506405,0.343918,0.417128,1.089657,4.380135,2.351442
theta0_R0main,1712,0.156633,0.385689,1.441167,0.371807,0.421276,1.037338,3.876118,2.219301
theta0_R0main,1713,0.139204,0.353747,1.765213,0.349282,0.398542,1.012782,5.053828,2.540088
theta0_R0main,1714,0.143723,0.354402,1.64429,0.380503,0.377719,0.931403,4.321359,2.437174
theta0_R0main,1715,0.140244,0.349328,1.784578,0.336901,0.416278,1.036888,5.297047,2.543551
theta0_R0main,1716,0.135686,0.358391,1.428972,0.346875,0.391168,1.033198,4.119556,2.354365
theta0_R0main,1717,0.14569,0.360153,1.565972,0.346732,0.42018,1.038709,4.516378,2.374783
theta0_R0main,1718,0.150761,0.335488,1.433166,0.343015,0.439518,0.978059,4.178147,2.251945
theta0_R0main,1719,0.133738,0.362218,1.305408,0.335495,0.398628,1.079653,3.89099,2.278391
theta0_R0main,1720,0.138708,0.367037,1.26229,0.346971,0.399769,1.057831,3.638024,2.208309
theta0_R0main,1721,0.169055,0.353598,1.453022,0.352397,0.479729,1.003409,4.123256,2.151177
theta0_R0main,1722,0.142268,0.373343,1.442939,0.321638,0.442323,1.160753,4.486216,2.316725
theta0_R0main,1723,0.151123,0.388168,1.432799,0.373243,0.404893,1.039989,3.838788,2.24929
theta0_R0main,1724,0.14856,0.358629,1.622657,0.349481,0.425087,1.026176,4.643044,2.390831
theta0_R0main,1725,0.127068,0.350522,1.373623,0.35141,0.361595,0.997472,3.908891,2.380483
theta0_R0main,1726,0.158944,0.407586,1.587316,0.378602,0.419817,1.076554,4.192569,2.301249
theta0_R0main,1727,0.156578,0.353271,1.723365,0.337925,0.46335,1.045414,5.099849,2.398482
theta0_R0main,1728,0.151664,0.35665,1.911309,0.358157,0.423455,0.995792,5.336509,2.533879
theta0_R0main,1729,0.157148,0.386157,1.630719,0.385634,0.407506,1.001359,4.228674,2.339587
theta0_R0main,1730,0.144534,0.378926,1.391654,0.34447,0.419582,1.100026,4.039983,2.264737
theta0_R0main,1731,0.144746,0.353848,1.496255,0.344613,0.420024,1.026799,4.341845,2.335743
theta0_R0main,1732,0.129689,0.344626,1.531826,0.330381,0.392544,1.043117,4.636549,2.469077
theta0_R0main,1733,0.136677,0.351392,1.556237,0.32984,0.414374,1.065341,4.718161,2.432406
theta0_R0main,1734,0.12827,0.354807,1.235626,0.35121,0.365224,1.010241,3.518195,2.265193
theta0_R0main,1735,0.14878,0.330554,1.480935,0.33613,0.442626,0.983412,4.40584,2.297962
theta0_R0main,1736,0.145869,0.361551,1.58129,0.348183,0.418943,1.038394,4.54155,2.383289
theta0_R0main,1737,0.154075,0.325952,1.534639,0.330543,0.466128,0.986112,4.64278,2.298609
theta0_R0main,1738,0.142239,0.325185,1.243922,0.344465,0.412927,0.944029,3.611172,2.168517
theta0_R0main,1739,0.16255,0.357647,1.315753,0.382792,0.424642,0.934311,3.437252,2.09118
theta0_R0main,1740,0.143027,0.353183,1.29315,0.327184,0.437145,1.079463,3.952363,2.201805
theta0_R0main,1741,0.14693,0.37083,1.797039,0.368191,0.399059,1.007168,4.880727,2.503941
theta0_R0main,1742,0.160151,0.369104,1.590992,0.368927,0.434099,1.000478,4.312482,2.295996
theta0_R0main,1743,0.143233,0.34047,1.291341,0.329519,0.434673,1.033234,3.918869,2.198963
theta0_R0main,1744,0.152153,0.35765,1.449209,0.334379,0.455033,1.069596,4.334031,2.253883
theta0_R0main,1745,0.139127,0.363812,1.809115,0.349131,0.398496,1.04205,5.181765,2.565203
theta0_R0main,1746,0.144294,0.350607,1.241817,0.335176,0.430502,1.046039,3.70497,2.152478
theta0_R0main,1747,0.147151,0.310816,1.425039,0.347074,0.423977,0.895533,4.105868,2.270493
theta0_R0main,1748,0.147449,0.356053,1.558657,0.381313,0.386688,0.933754,4.087601,2.358095
theta0_R0main,1749,0.135583,0.34496,1.545687,0.350825,0.38647,0.983283,4.405861,2.433638
theta0_R0main,1750,0.137314,0.361249,1.179134,0.347865,0.394735,1.038473,3.389627,2.150262
theta0_R0main,1751,0.151843,0.327199,1.331341,0.334737,0.45362,0.977481,3.977277,2.171093
theta0_R0main,1752,0.143709,0.346296,1.292582,0.348354,0.412537,0.994095,3.710546,2.196607
theta0_R0main,1753,0.139303,0.3323,1.407536,0.335649,0.415025,0.990022,4.193476,2.312946
theta0_R0main,1754,0.138256,0.337099,1.418724,0.326245,0.423781,1.03327,4.348651,2.328405
theta0_R0main,1755,0.148923,0.3601,1.230448,0.336345,0.442768,1.070626,3.658288,2.111705
theta0_R0main,1756,0.133259,0.350499,1.495395,0.331776,0.401655,1.056434,4.507249,2.417848
theta0_R0main,1757,0.137259,0.384616,1.432226,0.346809,0.395777,1.109015,4.129728,2.345116
theta0_R0main,1758,0.129818,0.378323,1.964919,0.353869,0.366852,1.069103,5.552667,2.717075
theta0_R0main,1759,0.146994,0.361227,1.502221,0.353151,0.416234,1.022868,4.253761,2.32431
theta0_R0main,1760,0.142006,0.357397,1.122266,0.332472,0.427121,1.07497,3.375522,2.067237
theta0_R0main,1761,0.151447,0.335683,1.3599,0.337617,0.448577,0.99427,4.027932,2.194929
theta0_R0main,1762,0.133408,0.368323,1.82107,0.348196,0.383141,1.057805,5.230022,2.613769
theta0_R0main,1763,0.129243,0.345194,1.328675,0.322897,0.400261,1.069051,4.114854,2.330241
theta0_R0main,1764,0.140236,0.379771,1.535176,0.369006,0.380038,1.029173,4.160297,2.39307
theta0_R0main,1765,0.145587,0.365482,1.715765,0.361283,0.402972,1.011623,4.749093,2.466843
theta0_R0main,1766,0.138752,0.331275,1.419358,0.338258,0.410195,0.979355,4.196076,2.325273
theta0_R0main,1767,0.142079,0.356134,1.241601,0.328949,0.431919,1.082642,3.774452,2.167773
theta0_R0main,1768,0.149551,0.353603,1.467749,0.351186,0.425846,1.006882,4.179404,2.283847
theta0_R0main,1769,0.148672,0.364173,1.362516,0.34609,0.429576,1.05225,3.936886,2.215347
theta0_R0main,1770,0.145522,0.333795,1.317181,0.347437,0.418844,0.960735,3.791137,2.202922
theta0_R0main,1771,0.160601,0.364026,1.434777,0.376103,0.427013,0.96789,3.814852,2.189842
theta0_R0main,1772,0.159341,0.354478,1.156323,0.331542,0.480604,1.069179,3.487707,1.981956
theta0_R0main,1773,0.163377,0.347536,1.582285,0.34765,0.469947,0.999671,4.55137,2.270564
theta0_R0main,1774,0.155324,0.370394,1.447432,0.360293,0.431106,1.028037,4.017378,2.232031
theta0_R0main,1775,0.136124,0.346519,1.478503,0.354098,0.384423,0.978596,4.175406,2.385222
theta0_R0main,1776,0.149098,0.319077,1.544199,0.33096,0.450501,0.964095,4.665816,2.337658
theta0_R0main,1777,0.149584,0.391416,1.427563,0.384845,0.388686,1.017072,3.709446,2.255867
theta0_R0main,1778,0.143106,0.338745,1.717129,0.337136,0.424475,1.004774,5.093287,2.484826
theta0_R0main,1779,0.13045,0.347531,1.497838,0.338907,0.384914,1.025449,4.41962,2.440788
theta0_R0main,1780,0.146248,0.362285,1.900528,0.366499,0.39904,0.988502,5.185626,2.564584
theta0_R0main,1781,0.15463,0.384733,1.257338,0.335667,0.460663,1.146174,3.745789,2.09572
theta0_R0main,1782,0.150407,0.357734,1.241987,0.340241,0.442061,1.051414,3.650312,2.111121
theta0_R0main,1783,0.137369,0.363038,1.413447,0.348928,0.39369,1.04044,4.050829,2.331113
theta0_R0main,1784,0.136804,0.327602,1.261639,0.328457,0.416506,0.997398,3.841108,2.221615
theta0_R0main,1785,0.145615,0.378497,1.606001,0.3534,0.412041,1.071013,4.544422,2.400534
theta0_R0main,1786,0.137931,0.369952,1.320445,0.368374,0.374433,1.004282,3.584519,2.258968
theta0_R0main,1787,0.137577,0.318938,1.314414,0.316726,0.434371,1.006984,4.150004,2.256966
theta0_R0main,1788,0.134771,0.347244,1.288484,0.322094,0.41842,1.078081,4.000332,2.257648
theta0_R0main,1789,0.14427,0.369405,1.257291,0.336163,0.429166,1.098887,3.740121,2.165028
theta0_R0main,1790,0.135068,0.366722,1.294625,0.326368,0.413852,1.123646,3.96677,2.2602
theta0_R0main,1791,0.146606,0.371528,1.616254,0.362241,0.40472,1.025637,4.461818,2.400115
theta0_R0main,1792,0.13624,0.370147,1.240993,0.328206,0.415105,1.127789,3.781139,2.209249
theta0_R0main,1793,0.132828,0.356733,1.610643,0.320317,0.414676,1.113686,5.028271,2.495334
theta0_R0main,1794,0.131596,0.314964,1.248262,0.337735,0.389642,0.932577,3.695981,2.249772
theta0_R0main,1795,0.14483,0.346933,1.413683,0.368547,0.392976,0.941352,3.835827,2.278391
theta0_R0main,1796,0.127417,0.360316,1.235272,0.335765,0.379484,1.073119,3.678974,2.271577
theta0_R0main,1797,0.144725,0.38836,1.524132,0.36856,0.392677,1.053723,4.135369,2.354345
theta0_R0main,1798,0.15359,0.345486,1.559048,0.351932,0.436419,0.981682,4.429964,2.317543
theta0_R0main,1799,0.129995,0.331311,1.422516,0.331885,0.391688,0.99827,4.286174,2.392684
theta0_R0main,1800,0.147431,0.370245,1.397302,0.335043,0.440038,1.105068,4.170516,2.248935
theta0_R0main,1801,0.130367,0.371882,1.523237,0.338295,0.385365,1.099283,4.502695,2.458239
theta0_R0main,1802,0.138133,0.36325,1.505831,0.356987,0.38694,1.017543,4.218166,2.388886
theta0_R0main,1803,0.142312,0.324406,1.502315,0.345668,0.4117,0.938491,4.34612,2.356743
theta0_R0main,1804,0.140229,0.354472,1.615666,0.366998,0.382097,0.965868,4.402379,2.444226
theta0_R0main,1805,0.132624,0.376884,1.563537,0.357611,0.370861,1.053894,4.372168,2.467188
theta0_R0main,1806,0.149104,0.33417,1.225066,0.346563,0.430237,0.964243,3.534905,2.106106
theta0_R0main,1807,0.146946,0.365032,1.717628,0.343784,0.427436,1.061805,4.996238,2.458635
theta0_R0main,1808,0.155721,0.341884,1.6623,0.347132,0.448592,0.984882,4.788662,2.367892
theta0_R0main,1809,0.141386,0.346843,1.394582,0.326881,0.432531,1.061069,4.266331,2.288855
theta0_R0main,1810,0.158559,0.360861,1.665577,0.368365,0.430439,0.979629,4.521536,2.351802
theta0_R0main,1811,0.15106,0.374813,1.684008,0.339855,0.444483,1.102863,4.955084,2.411258
theta0_R0main,1812,0.139377,0.330431,1.265831,0.334507,0.416663,0.987815,3.784168,2.206303
theta0_R0main,1813,0.135897,0.370453,1.813312,0.377302,0.360181,0.981848,4.805999,2.591013
theta0_R0main,1814,0.138766,0.317595,1.21323,0.345005,0.402215,0.920552,3.516555,2.16825
theta0_R0main,1815,0.14464,0.342289,1.194964,0.351179,0.411871,0.974687,3.402724,2.111621
theta0_R0main,1816,0.148407,0.34734,1.364269,0.325746,0.455591,1.066291,4.188139,2.218417
theta0_R0main,1817,0.139123,0.33439,1.298612,0.323205,0.430447,1.034605,4.017916,2.233695
theta0_R0main,1818,0.159618,0.339411,1.286508,0.340023,0.469433,0.998198,3.783585,2.086901
theta0_R0main,1819,0.137949,0.338874,1.352456,0.360826,0.382314,0.939161,3.748219,2.282793
theta0_R0main,1820,0.164663,0.334846,1.434355,0.341454,0.48224,0.980646,4.200728,2.164571
theta0_R0main,1821,0.137966,0.34523,1.226083,0.341278,0.404264,1.011582,3.592627,2.184572
theta0_R0main,1822,0.142841,0.35096,1.460061,0.31803,0.449143,1.103544,4.590953,2.3245
theta0_R0main,1823,0.172453,0.344975,1.312486,0.353445,0.487922,0.976037,3.71341,2.029551
theta0_R0main,1824,0.140031,0.322469,1.271504,0.324204,0.431923,0.994646,3.92192,2.206089
theta0_R0main,1825,0.155826,0.361509,1.518524,0.350948,0.444015,1.030095,4.326925,2.276753
theta0_R0main,1826,0.142776,0.329083,1.1784,0.329012,0.433953,1.000215,3.581635,2.110638
theta0_R0main,1827,0.166995,0.369862,1.490852,0.362209,0.461047,1.021128,4.116,2.189136
theta0_R0main,1828,0.134537,0.330296,1.445224,0.320452,0.419836,1.030719,4.509957,2.374178
theta0_R0main,1829,0.139628,0.372694,1.819073,0.346429,0.403048,1.075815,5.25092,2.567103
theta0_R0main,1830,0.132606,0.328699,1.22195,0.313131,0.423484,1.049716,3.902354,2.22082
theta0_R0main,1831,0.151215,0.356504,1.554429,0.338199,0.447118,1.054124,4.596198,2.330163
theta0_R0main,1832,0.15361,0.348639,1.37566,0.349612,0.439372,0.997217,3.934816,2.192273
theta0_R0main,1833,0.139603,0.322943,1.058959,0.338728,0.412139,0.9534,3.126281,2.02624
theta0_R0main,1834,0.132114,0.332996,1.501478,0.313552,0.421346,1.062011,4.788603,2.43054
theta0_R0main,1835,0.131224,0.37475,1.767374,0.34663,0.378571,1.081123,5.098735,2.600345
theta0_R0main,1836,0.132831,0.353122,1.272582,0.31483,0.421915,1.121629,4.042127,2.259723
theta0_R0main,1837,0.145583,0.336349,1.679785,0.333336,0.436745,1.009041,5.039322,2.445677
theta0_R0main,1838,0.138454,0.35516,1.364647,0.337293,0.410487,1.05297,4.04588,2.288109
theta0_R0main,1839,0.139843,0.334821,1.314667,0.330288,0.423399,1.013725,3.980368,2.240815
theta0_R0main,1840,0.140851,0.342648,1.081999,0.320342,0.43969,1.069631,3.377636,2.038861
theta0_R0main,1841,0.136442,0.338499,1.409419,0.329882,0.413607,1.02612,4.272489,2.335036
theta0_R0main,1842,0.133925,0.377813,1.658205,0.348516,0.384273,1.084062,4.757903,2.516209
theta0_R0main,1843,0.127273,0.317228,1.44334,0.304347,0.418184,1.042323,4.742408,2.42838
theta0_R0main,1844,0.151448,0.36798,1.363697,0.332894,0.454944,1.105398,4.096491,2.197711
theta0_R0main,1845,0.143428,0.351777,1.319338,0.354522,0.404566,0.992258,3.721459,2.219055
theta0_R0main,1846,0.133906,0.327187,1.146459,0.307288,0.435769,1.064757,3.730898,2.147291
theta0_R0main,1847,0.162152,0.386394,1.391724,0.371431,0.43656,1.040283,3.746923,2.149764
theta0_R0main,1848,0.132194,0.353025,1.432174,0.321788,0.41081,1.097072,4.450675,2.382681
theta0_R0main,1849,0.13744,0.351161,1.372326,0.32314,0.425328,1.086716,4.246849,2.301072
theta0_R0main,1850,0.145695,0.332716,1.397481,0.315758,0.461412,1.053704,4.42579,2.260913
theta0_R0main,1851,0.146668,0.350081,1.159922,0.336055,0.43644,1.041737,3.451585,2.067937
theta0_R0main,1852,0.140105,0.346659,1.190441,0.340075,0.411981,1.01936,3.500522,2.13969
theta0_R0main,1853,0.143554,0.349982,1.86444,0.361706,0.396879,0.967587,5.154572,2.564008
theta0_R0main,1854,0.139535,0.353804,1.426993,0.34608,0.403185,1.022318,4.123298,2.325012
theta0_R0main,1855,0.155924,0.398625,1.934353,0.372537,0.418546,1.070027,5.192374,2.51816
theta0_R0main,1856,0.151656,0.397154,1.531029,0.364117,0.416503,1.090733,4.204775,2.312083
theta0_R0main,1857,0.1251,0.352478,1.417705,0.346119,0.361435,1.018373,4.096004,2.427684
theta0_R0main,1858,0.144151,0.362021,1.245375,0.33558,0.429557,1.078792,3.711115,2.156333
theta0_R0main,1859,0.156301,0.365841,1.347204,0.350251,0.446253,1.044509,3.846392,2.154006
theta0_R0main,1860,0.137586,0.348929,1.416826,0.33974,0.404975,1.027047,4.170321,2.331924
theta0_R0main,1861,0.161124,0.372352,1.304476,0.355559,0.453157,1.04723,3.668808,2.091384
theta0_R0main,1862,0.119249,0.366701,1.353457,0.32404,0.368007,1.131651,4.176817,2.429202
theta0_R0main,1863,0.151583,0.341019,1.375603,0.3441,0.440521,0.991048,3.997687,2.205513
theta0_R0main,1864,0.142667,0.333559,1.427034,0.36207,0.394031,0.921255,3.941322,2.302841
theta0_R0main,1865,0.133045,0.385919,1.819156,0.368172,0.361365,1.048203,4.941051,2.615444
theta0_R0main,1866,0.149336,0.309907,1.057573,0.317475,0.470386,0.976161,3.3312,1.957535
theta0_R0main,1867,0.143154,0.347621,1.349853,0.352244,0.406405,0.986875,3.832155,2.243832
theta0_R0main,1868,0.149023,0.382392,1.692111,0.362806,0.41075,1.053985,4.663959,2.429634
theta0_R0main,1869,0.140074,0.330312,1.337922,0.348001,0.40251,0.94917,3.844599,2.256704
theta0_R0main,1870,0.132576,0.354847,1.993344,0.345866,0.383316,1.025966,5.763338,2.710411
theta0_R0main,1871,0.142321,0.345353,1.666226,0.35762,0.397967,0.9657,4.65921,2.460233
theta0_R0main,1872,0.149339,0.381204,1.878519,0.388389,0.384509,0.981503,4.836701,2.532021
theta0_R0main,1873,0.14081,0.33747,1.541289,0.325443,0.432672,1.036957,4.735977,2.392964
theta0_R0main,1874,0.143549,0.3373,1.765937,0.348882,0.411453,0.966804,5.061702,2.509763
theta0_R0main,1875,0.141294,0.368701,1.617372,0.364599,0.387534,1.011251,4.436031,2.437712
theta0_R0main,1876,0.136927,0.340778,1.250738,0.32078,0.426856,1.062344,3.899058,2.212044
theta0_R0main,1877,0.142686,0.331337,1.474488,0.343006,0.415986,0.96598,4.298718,2.33542
theta0_R0main,1878,0.1645,0.362963,1.355036,0.370352,0.444172,0.980047,3.658773,2.108672
theta0_R0main,1879,0.142728,0.316263,1.130354,0.352182,0.405267,0.898008,3.20957,2.069347
theta0_R0main,1880,0.11594,0.336106,1.442191,0.333086,0.348079,1.009067,4.329785,2.520842
theta0_R0main,1881,0.153213,0.333666,1.237192,0.335531,0.456628,0.994442,3.687267,2.088772
theta0_R0main,1882,0.144522,0.364866,1.211818,0.335683,0.430532,1.086935,3.610003,2.126442
theta0_R0main,1883,0.148066,0.356031,1.605984,0.347971,0.425513,1.023162,4.615274,2.383831
theta0_R0main,1884,0.138697,0.335274,1.165296,0.324983,0.426782,1.031666,3.585709,2.128437
theta0_R0main,1885,0.140128,0.329472,1.394927,0.333668,0.419963,0.987425,4.180589,2.298041
theta0_R0main,1886,0.135378,0.332538,1.347122,0.329733,0.41057,1.008508,4.085494,2.297652
theta0_R0main,1887,0.154357,0.351312,1.503832,0.356458,0.433029,0.985564,4.218821,2.276506
theta0_R0main,1888,0.122378,0.395111,1.534505,0.357667,0.342155,1.104689,4.290315,2.528852
theta0_R0main,1889,0.1367,0.352189,1.562964,0.340489,0.401482,1.034362,4.590348,2.436549
theta0_R0main,1890,0.134511,0.352276,1.389026,0.335473,0.40096,1.050088,4.140504,2.33471
theta0_R0main,1891,0.138687,0.343567,1.514568,0.360689,0.384506,0.95253,4.199094,2.390665
theta0_R0main,1892,0.150169,0.36684,1.318812,0.339024,0.442946,1.082047,3.890026,2.172724
theta0_R0main,1893,0.128228,0.34464,1.57546,0.344666,0.372036,0.999924,4.570977,2.508493
theta0_R0main,1894,0.132265,0.381471,1.350993,0.355084,0.372489,1.074313,3.804712,2.323789
theta0_R0main,1895,0.132114,0.366731,1.498539,0.349931,0.377544,1.048011,4.282389,2.428579
theta0_R0main,1896,0.146924,0.318355,1.34991,0.33053,0.444508,0.963162,4.084071,2.217881
theta0_R0main,1897,0.152796,0.342836,1.991472,0.352436,0.433543,0.972759,5.650586,2.567524
theta0_R0main,1898,0.132244,0.366917,1.640524,0.343937,0.3845,1.066815,4.769838,2.518125
theta0_R0main,1899,0.153224,0.36557,1.378094,0.35506,0.431546,1.029602,3.881303,2.196553
theta0_R0main,1900,0.143342,0.338706,1.276807,0.328229,0.436713,1.031921,3.889991,2.186887
theta0_R0main,1901,0.129692,0.351842,1.281635,0.329986,0.393023,1.066232,3.883906,2.290728
theta0_R0main,1902,0.140321,0.342894,1.299859,0.337663,0.415566,1.015494,3.849579,2.226078
theta0_R0main,1903,0.123721,0.333655,1.214152,0.324285,0.38152,1.028892,3.744083,2.283768
theta0_R0main,1904,0.146817,0.363076,1.46165,0.337597,0.434889,1.07547,4.329567,2.298132
theta0_R0main,1905,0.131228,0.345921,1.606005,0.336576,0.389892,1.027766,4.771598,2.504567
theta0_R0main,1906,0.157094,0.349433,1.508229,0.347796,0.451684,1.004708,4.336533,2.261848
theta0_R0main,1907,0.142709,0.349587,1.408934,0.33181,0.430092,1.053577,4.246207,2.289783
theta0_R0main,1908,0.12616,0.331466,1.187136,0.303094,0.416242,1.093611,3.916732,2.241747
theta0_R0main,1909,0.138061,0.367542,1.643904,0.373789,0.369356,0.983288,4.397946,2.477132
theta0_R0main,1910,0.15408,0.369735,1.657319,0.346823,0.44426,1.066061,4.778573,2.375487
theta0_R0main,1911,0.144742,0.364253,1.392992,0.363606,0.398075,1.00178,3.831049,2.264253
theta0_R0main,1912,0.139734,0.389316,1.198908,0.338738,0.412512,1.149311,3.539333,2.149428
theta0_R0main,1913,0.132939,0.371138,1.559987,0.34932,0.380565,1.062461,4.465787,2.462544
theta0_R0main,1914,0.158616,0.378314,1.511956,0.369163,0.429664,1.024787,4.095631,2.254673
theta0_R0main,1915,0.133222,0.326402,1.095901,0.319661,0.41676,1.021088,3.428324,2.107316
theta0_R0main,1916,0.139961,0.338113,1.419175,0.332177,0.421345,1.01787,4.272349,2.316467
theta0_R0main,1917,0.14036,0.362804,1.512657,0.348964,0.402218,1.03966,4.334709,2.377415
theta0_R0main,1918,0.13243,0.351806,1.281377,0.333007,0.397677,1.05645,3.847892,2.26964
theta0_R0main,1919,0.145539,0.348467,1.7635,0.354599,0.410434,0.982709,4.97323,2.49461
theta0_R0main,1920,0.15091,0.362623,1.339736,0.3644,0.414133,0.995124,3.676554,2.183545
theta0_R0main,1921,0.141424,0.329964,1.342114,0.336771,0.41994,0.979787,3.985243,2.250241
theta0_R0main,1922,0.154067,0.345085,1.292546,0.33055,0.466093,1.043972,3.910291,2.126981
theta0_R0main,1923,0.144263,0.371426,1.671018,0.349329,0.412971,1.063256,4.78351,2.449551
theta0_R0main,1924,0.155965,0.348664,1.212747,0.361406,0.43155,0.964743,3.355633,2.051012
theta0_R0main,1925,0.155421,0.346738,1.520117,0.353155,0.440092,0.98183,4.304385,2.280406
theta0_R0main,1926,0.148998,0.334722,1.186009,0.329324,0.452435,1.01639,3.601343,2.074418
theta0_R0main,1927,0.142205,0.376318,1.467631,0.336923,0.422068,1.116924,4.355983,2.334139
theta0_R0main,1928,0.149052,0.384807,1.552777,0.34112,0.43695,1.128071,4.552002,2.343504
theta0_R0main,1929,0.133797,0.344545,1.999617,0.359486,0.37219,0.958439,5.562433,2.704387
theta0_R0main,1930,0.146187,0.346041,1.632403,0.356863,0.409644,0.969674,4.57431,2.412923
theta0_R0main,1931,0.150379,0.363783,1.718582,0.342668,0.438848,1.061618,5.01529,2.436093
theta0_R0main,1932,0.147461,0.359542,1.620314,0.352475,0.418359,1.020048,4.596959,2.396811
theta0_R0main,1933,0.130552,0.35844,1.714627,0.332267,0.392913,1.07877,5.160385,2.575179
theta0_R0main,1934,0.137177,0.373903,1.583159,0.360919,0.380077,1.035976,4.386468,2.445905
theta0_R0main,1935,0.129874,0.348591,1.311279,0.356305,0.364502,0.978349,3.68021,2.312193
theta0_R0main,1936,0.137187,0.327848,1.32518,0.335482,0.408923,0.977242,3.950073,2.267961
theta0_R0main,1937,0.137694,0.347998,1.384136,0.342385,0.40216,1.016394,4.042629,2.3078
theta0_R0main,1938,0.144226,0.352614,1.341173,0.338088,0.426595,1.042965,3.966938,2.229915
theta0_R0main,1939,0.137286,0.372019,1.25809,0.335971,0.408624,1.107294,3.744632,2.215284
theta0_R0main,1940,0.150865,0.343969,1.762015,0.353713,0.426517,0.972453,4.981483,2.457831
theta0_R0main,1941,0.135421,0.33595,1.412317,0.342256,0.39567,0.981574,4.126488,2.3446
theta0_R0main,1942,0.159069,0.370696,1.656278,0.362595,0.438695,1.022342,4.567847,2.342992
theta0_R0main,1943,0.154651,0.345758,1.403389,0.379211,0.407822,0.911782,3.70081,2.205477
theta0_R0main,1944,0.141257,0.362983,1.36299,0.351812,0.401512,1.031754,3.874199,2.266857
theta0_R0main,1945,0.13961,0.335961,1.278643,0.32604,0.428201,1.03043,3.921736,2.214698
theta0_R0main,1946,0.13843,0.330563,1.853357,0.329789,0.419752,1.002346,5.61982,2.59439
theta0_R0main,1947,0.146842,0.358287,1.504792,0.367738,0.399311,0.974298,4.092016,2.327051
theta0_R0main,1948,0.13708,0.34617,1.528564,0.347541,0.394428,0.996057,4.398228,2.41152
theta0_R0main,1949,0.155855,0.401234,1.665486,0.348154,0.44766,1.152463,4.783768,2.368949
theta0_R0main,1950,0.149586,0.344184,1.236282,0.348025,0.429814,0.988964,3.552281,2.111993
theta0_R0main,1951,0.142061,0.356782,1.420365,0.351603,0.404038,1.014731,4.039687,2.302413
theta0_R0main,1952,0.160622,0.335733,1.213841,0.33752,0.475888,0.994704,3.59635,2.022492
theta0_R0main,1953,0.13139,0.331339,1.118335,0.33666,0.390274,0.984194,3.321856,2.14143
theta0_R0main,1954,0.135808,0.361111,1.804292,0.34839,0.389816,1.036512,5.178936,2.58668
theta0_R0main,1955,0.155174,0.385339,1.31264,0.383751,0.40436,1.004136,3.42055,2.13525
theta0_R0main,1956,0.139689,0.391029,1.77419,0.350998,0.397978,1.114049,5.054702,2.541678
theta0_R0main,1957,0.132858,0.343086,1.458061,0.338356,0.392657,1.013978,4.309251,2.395583
theta0_R0main,1958,0.138132,0.330295,1.496324,0.360849,0.382796,0.915328,4.146675,2.382559
theta0_R0main,1959,0.148058,0.365388,1.435388,0.359003,0.412413,1.017783,3.998257,2.271588
theta0_R0main,1960,0.137973,0.326544,1.1625,0.338608,0.407472,0.964374,3.433176,2.131269
theta0_R0main,1961,0.146702,0.35865,1.267387,0.354082,0.414318,1.012902,3.579365,2.156307
theta0_R0main,1962,0.132606,0.324622,1.581759,0.31607,0.419547,1.027057,5.004453,2.478908
theta0_R0main,1963,0.152416,0.310892,1.562765,0.337787,0.451218,0.920379,4.626483,2.327601
theta0_R0main,1964,0.156282,0.33737,1.251653,0.328108,0.476311,1.028228,3.814759,2.080562
theta0_R0main,1965,0.14148,0.345114,1.14621,0.321851,0.439582,1.072279,3.561305,2.092057
theta0_R0main,1966,0.142608,0.358869,1.185788,0.331017,0.430817,1.08414,3.582255,2.118064
theta0_R0main,1967,0.14662,0.37205,1.294959,0.348871,0.420269,1.06644,3.711851,2.178392
theta0_R0main,1968,0.149179,0.319331,1.010336,0.334544,0.445918,0.954528,3.020044,1.912892
theta0_R0main,1969,0.13809,0.340122,1.284803,0.339176,0.407133,1.002789,3.788014,2.230457
theta0_R0main,1970,0.136751,0.362788,1.30723,0.33344,0.410122,1.088015,3.92043,2.257502
theta0_R0main,1971,0.133669,0.359885,1.527461,0.354035,0.377559,1.016525,4.314437,2.435996
theta0_R0main,1972,0.128647,0.346472,1.26423,0.312941,0.411089,1.107148,4.03983,2.285147
theta0_R0main,1973,0.151625,0.362802,1.422673,0.340381,0.445458,1.065871,4.179652,2.238881
theta0_R0main,1974,0.130223,0.344601,1.331535,0.319839,0.407153,1.077419,4.163138,2.324836
theta0_R0main,1975,0.131218,0.373801,1.5147,0.351851,0.372937,1.062384,4.304944,2.446109
theta0_R0main,1976,0.141179,0.346779,1.270137,0.337521,0.418283,1.027429,3.763133,2.196848
theta0_R0main,1977,0.152697,0.365198,1.711781,0.354639,0.430571,1.029775,4.826826,2.416832
theta0_R0main,1978,0.127884,0.383943,1.885675,0.362851,0.352443,1.058131,5.196837,2.690915
theta0_R0main,1979,0.147472,0.343437,1.58368,0.323792,0.455453,1.060669,4.891034,2.373867
theta0_R0main,1980,0.144704,0.333344,1.47098,0.347996,0.415821,0.957898,4.227008,2.318994
theta0_R0main,1981,0.147953,0.360371,1.893058,0.359198,0.411898,1.003265,5.270231,2.549054
theta0_R0main,1982,0.140992,0.374831,1.671922,0.357418,0.394474,1.048718,4.677778,2.473025
theta0_R0main,1983,0.143713,0.360257,1.411183,0.359757,0.399473,1.001389,3.9226,2.284365
theta0_R0main,1984,0.153697,0.34809,1.377819,0.350301,0.438758,0.993689,3.933242,2.193271
theta0_R0main,1985,0.153379,0.326319,1.457943,0.357554,0.428968,0.912642,4.077547,2.25187
theta0_R0main,1986,0.148407,0.302616,1.576047,0.341724,0.434289,0.885555,4.612041,2.362716
theta0_R0main,1987,0.144511,0.329695,1.364721,0.339546,0.425602,0.97099,4.019257,2.245347
theta0_R0main,1988,0.144479,0.348435,1.975493,0.376269,0.383978,0.926025,5.250209,2.615439
theta0_R0main,1989,0.141815,0.35054,1.201329,0.340494,0.416499,1.029506,3.528198,2.136657
theta0_R0main,1990,0.136394,0.363704,1.526805,0.352261,0.387194,1.032483,4.334297,2.415388
theta0_R0main,1991,0.169216,0.314383,1.175135,0.358375,0.472176,0.877246,3.279068,1.937963
theta0_R0main,1992,0.139606,0.365949,1.507312,0.352085,0.396513,1.039377,4.281102,2.379257
theta0_R0main,1993,0.149358,0.384251,1.391303,0.373926,0.399431,1.027611,3.720792,2.231652
theta0_R0main,1994,0.131481,0.334373,1.685502,0.339689,0.387062,0.98435,4.961898,2.550958
theta0_R0main,1995,0.133492,0.351774,1.496096,0.340752,0.391757,1.032345,4.390567,2.416573
theta0_R0main,1996,0.147337,0.328772,1.204707,0.322084,0.457449,1.020767,3.740354,2.101269
theta0_R0main,1997,0.157004,0.354483,1.498235,0.334915,0.468789,1.058428,4.473486,2.255769
theta0_R0main,1998,0.141248,0.341385,1.449586,0.34407,0.41052,0.992196,4.213054,2.328518
theta0_R0main,1999,0.136187,0.37979,1.449231,0.330373,0.412224,1.14958,4.386655,2.364756
theta05_R0main,0,0.384045,0.560496,1.153504,0.503343,0.762987,1.113546,2.291683,1.0998
theta05_R0main,1,0.353161,0.533393,1.046251,0.498576,0.708339,1.069834,2.09848,1.086046
theta05_R0main,2,0.333907,0.558812,1.068119,0.469845,0.710675,1.189353,2.273342,1.162792
theta05_R0main,3,0.298429,0.634778,1.164263,0.49393,0.604193,1.285157,2.357143,1.361312
theta05_R0main,4,0.301336,0.607362,1.085194,0.493055,0.611162,1.231835,2.200961,1.281288
theta05_R0main,5,0.446835,0.460682,0.950568,0.490614,0.910766,0.938992,1.937507,0.754871
theta05_R0main,6,0.353,0.639064,1.158082,0.540223,0.653433,1.182964,2.14371,1.188053
theta05_R0main,7,0.431118,0.536431,1.100716,0.524922,0.8213,1.021926,2.096916,0.937334
theta05_R0main,8,0.275369,0.580982,0.969945,0.474162,0.580748,1.225282,2.045598,1.259129
theta05_R0main,9,0.405818,0.557056,1.079205,0.530189,0.765422,1.050674,2.03551,0.978074
theta05_R0main,10,0.334815,0.489362,1.046722,0.462972,0.723186,1.057001,2.260875,1.139841
theta05_R0main,11,0.327524,0.467087,1.142805,0.470314,0.696393,0.993138,2.429875,1.24968
theta05_R0main,12,0.332364,0.510749,1.374347,0.476381,0.697686,1.072144,2.884976,1.419503
theta05_R0main,13,0.371368,0.577699,1.259268,0.524318,0.708287,1.10181,2.401725,1.221093
theta05_R0main,14,0.351009,0.571282,1.551947,0.545802,0.643107,1.046685,2.843425,1.486454
theta05_R0main,15,0.308764,0.587432,1.098793,0.479595,0.643803,1.224852,2.291087,1.269389
theta05_R0main,16,0.290923,0.545019,1.028077,0.478749,0.607673,1.138422,2.147422,1.262387
theta05_R0main,17,0.310045,0.61296,1.24304,0.511702,0.605909,1.197885,2.429227,1.388599
theta05_R0main,18,0.407959,0.6349,1.153342,0.573375,0.711505,1.107304,2.011498,1.039252
theta05_R0main,19,0.324767,0.431334,1.165127,0.437996,0.741483,0.984788,2.660131,1.277478
theta05_R0main,20,0.360874,0.490012,1.208661,0.481713,0.749148,1.017228,2.509087,1.208738
theta05_R0main,21,0.317552,0.492607,0.842765,0.426641,0.744306,1.154616,1.97535,0.976048
theta05_R0main,22,0.330094,0.574076,1.327093,0.496785,0.664461,1.155582,2.671362,1.391368
theta05_R0main,23,0.306379,0.50126,1.185804,0.47564,0.644142,1.053865,2.493073,1.353353
theta05_R0main,24,0.368714,0.611987,0.906263,0.515049,0.715882,1.18821,1.759566,0.899308
theta05_R0main,25,0.359777,0.515674,1.139496,0.501946,0.716765,1.02735,2.270157,1.152857
theta05_R0main,26,0.319779,0.478848,1.013318,0.451898,0.707636,1.059639,2.242362,1.153355
theta05_R0main,27,0.328573,0.523799,0.919366,0.457818,0.717693,1.14412,2.008147,1.028926
theta05_R0main,28,0.352596,0.614559,1.200304,0.550765,0.640194,1.115829,2.179341,1.225006
theta05_R0main,29,0.275626,0.611844,1.274872,0.503033,0.547929,1.21631,2.53437,1.531554
theta05_R0main,30,0.32018,0.61902,0.923258,0.494113,0.64799,1.252791,1.868516,1.059024
theta05_R0main,31,0.299725,0.621039,0.970353,0.491157,0.610244,1.264442,1.975648,1.174793
theta05_R0main,32,0.302958,0.615548,1.047486,0.501289,0.604358,1.227932,2.089587,1.240555
theta05_R0main,33,0.296956,0.507194,0.989687,0.450507,0.65916,1.12583,2.19683,1.203805
theta05_R0main,34,0.39138,0.514048,1.296244,0.516686,0.75748,0.994894,2.508765,1.197548
theta05_R0main,35,0.320136,0.512249,1.294908,0.46349,0.690707,1.1052,2.793822,1.39745
theta05_R0main,36,0.313131,0.55596,0.987221,0.490726,0.638098,1.132934,2.011756,1.148271
theta05_R0main,37,0.377455,0.534771,1.170559,0.517517,0.729358,1.033339,2.261873,1.131784
theta05_R0main,38,0.300022,0.524404,1.275041,0.485923,0.617428,1.079192,2.623959,1.446876
theta05_R0main,39,0.284371,0.612293,1.424461,0.510634,0.556899,1.199084,2.789592,1.611267
theta05_R0main,40,0.325011,0.515999,1.21515,0.488333,0.665553,1.056655,2.488364,1.318762
theta05_R0main,41,0.300657,0.557473,1.085036,0.469922,0.639801,1.186308,2.308969,1.283399
theta05_R0main,42,0.372134,0.523069,1.400712,0.521245,0.713934,1.003499,2.687242,1.325481
theta05_R0main,43,0.312638,0.586151,0.973942,0.481639,0.649112,1.216991,2.022141,1.136306
theta05_R0main,44,0.329782,0.575157,1.37956,0.50191,0.657055,1.145938,2.748622,1.431087
theta05_R0main,45,0.323002,0.462925,1.280545,0.453511,0.712224,1.020756,2.823623,1.377384
theta05_R0main,46,0.386551,0.540921,1.110319,0.507117,0.762252,1.066658,2.189471,1.055138
theta05_R0main,47,0.336537,0.57861,1.148507,0.505563,0.665667,1.144486,2.271737,1.22751
theta05_R0main,48,0.3368,0.487737,0.948554,0.469064,0.718026,1.039809,2.022229,1.03545
theta05_R0main,49,0.343683,0.561213,1.414972,0.52185,0.658586,1.07543,2.711451,1.415145
theta05_R0main,50,0.337332,0.609838,1.021416,0.498826,0.676252,1.222547,2.047639,1.107876
theta05_R0main,51,0.333144,0.538347,1.474628,0.501795,0.663904,1.072843,2.938704,1.487586
theta05_R0main,52,0.36732,0.530491,1.021878,0.484467,0.758193,1.094999,2.109281,1.023164
theta05_R0main,53,0.289133,0.534529,1.462882,0.489609,0.590537,1.091746,2.987855,1.621278
theta05_R0main,54,0.314772,0.672764,1.165579,0.516755,0.609132,1.301902,2.255575,1.309125
theta05_R0main,55,0.371162,0.488814,1.136351,0.496296,0.747864,0.984924,2.289663,1.118939
theta05_R0main,56,0.388261,0.519838,1.19848,0.522363,0.743279,0.995167,2.294345,1.127131
theta05_R0main,57,0.281231,0.553884,1.156532,0.447066,0.629059,1.23893,2.586936,1.414004
theta05_R0main,58,0.386381,0.525356,1.07921,0.516837,0.747586,1.016482,2.088103,1.027161
theta05_R0main,59,0.328102,0.559807,1.415602,0.512485,0.640218,1.092337,2.762229,1.461984
theta05_R0main,60,0.25828,0.537385,1.085263,0.45414,0.568722,1.183303,2.389709,1.435535
theta05_R0main,61,0.318365,0.534656,1.381984,0.499474,0.6374,1.070438,2.766878,1.468077
theta05_R0main,62,0.370215,0.559969,1.22292,0.526649,0.702965,1.063267,2.322079,1.194912
theta05_R0main,63,0.321002,0.482916,1.210636,0.482157,0.665763,1.001575,2.510876,1.327453
theta05_R0main,64,0.337356,0.637061,0.988296,0.529441,0.637192,1.203271,1.866677,1.074844
theta05_R0main,65,0.361389,0.542723,0.921946,0.483597,0.747293,1.122263,1.906435,0.936533
theta05_R0main,66,0.339279,0.56056,1.123619,0.495952,0.684096,1.130271,2.265581,1.197488
theta05_R0main,67,0.333167,0.496397,0.899331,0.446762,0.745736,1.111099,2.012995,0.993008
theta05_R0main,68,0.33719,0.570572,1.231317,0.495676,0.680264,1.151099,2.484119,1.295192
theta05_R0main,69,0.29894,0.482996,1.146054,0.475748,0.628359,1.015237,2.408954,1.343837
theta05_R0main,70,0.288901,0.414066,0.852874,0.409787,0.705002,1.010442,2.08126,1.082528
theta05_R0main,71,0.288889,0.534158,1.382646,0.464051,0.622538,1.151076,2.979515,1.565712
theta05_R0main,72,0.288882,0.587519,1.075796,0.469861,0.614825,1.250411,2.289606,1.314798
theta05_R0main,73,0.333496,0.637883,0.936496,0.511247,0.652318,1.247699,1.831786,1.032514
theta05_R0main,74,0.330935,0.529218,1.034397,0.481025,0.687978,1.100188,2.150399,1.139652
theta05_R0main,75,0.372156,0.532422,1.039673,0.510842,0.728514,1.042245,2.035216,1.02735
theta05_R0main,76,0.300486,0.547951,1.131103,0.495479,0.606457,1.105902,2.282848,1.325546
theta05_R0main,77,0.44172,0.529922,1.304076,0.545698,0.80946,0.971089,2.389739,1.082573
theta05_R0main,78,0.351306,0.641424,1.206916,0.518493,0.677552,1.237092,2.327737,1.234166
theta05_R0main,79,0.352147,0.547754,1.213266,0.486472,0.723879,1.125973,2.494012,1.237023
theta05_R0main,80,0.282192,0.533704,1.367123,0.481823,0.585676,1.107677,2.837398,1.577876
theta05_R0main,81,0.377491,0.604307,1.114409,0.536496,0.703623,1.126397,2.077201,1.082533
theta05_R0main,82,0.339295,0.587714,1.107673,0.514127,0.659944,1.14313,2.154473,1.183146
theta05_R0main,83,0.266004,0.484504,0.965615,0.411426,0.646541,1.17762,2.346995,1.289255
theta05_R0main,84,0.307642,0.554666,1.16851,0.477693,0.644015,1.161134,2.446151,1.334549
theta05_R0main,85,0.299707,0.606956,1.216823,0.505199,0.593245,1.201421,2.408603,1.401194
theta05_R0main,86,0.310772,0.516652,1.30224,0.470554,0.660439,1.097966,2.767463,1.432782
theta05_R0main,87,0.312982,0.709704,1.13993,0.548862,0.570238,1.293047,2.076899,1.292577
theta05_R0main,88,0.331822,0.505317,1.031871,0.46298,0.71671,1.091445,2.228762,1.13453
theta05_R0main,89,0.309385,0.51544,1.197315,0.452619,0.683544,1.138793,2.645303,1.35325
theta05_R0main,90,0.291945,0.447455,1.346391,0.438209,0.666224,1.0211,3.072488,1.528616
theta05_R0main,91,0.347817,0.653726,1.090218,0.508101,0.684543,1.286606,2.145671,1.142456
theta05_R0main,92,0.280485,0.530759,1.060999,0.453738,0.618166,1.169748,2.338354,1.330445
theta05_R0main,93,0.378763,0.596517,1.267172,0.553718,0.684036,1.077293,2.288478,1.207631
theta05_R0main,94,0.318144,0.559512,1.078267,0.474788,0.670076,1.178446,2.271047,1.220605
theta05_R0main,95,0.324955,0.641533,1.213197,0.507229,0.640648,1.26478,2.391815,1.317328
theta05_R0main,96,0.326737,0.557507,1.124964,0.49027,0.666443,1.137141,2.294579,1.236351
theta05_R0main,97,0.332096,0.508691,1.073769,0.459973,0.721991,1.105916,2.334418,1.173506
theta05_R0main,98,0.366326,0.481843,1.154909,0.473625,0.77345,1.017351,2.438444,1.148254
theta05_R0main,99,0.304167,0.629549,1.286856,0.523155,0.581409,1.203371,2.459799,1.442381
theta05_R0main,100,0.344017,0.578963,1.265541,0.526712,0.65314,1.099203,2.402719,1.302564
theta05_R0main,101,0.327973,0.556107,1.137375,0.468916,0.699429,1.185941,2.425541,1.243546
theta05_R0main,102,0.320724,0.519023,1.118362,0.484471,0.662009,1.071319,2.30842,1.24904
theta05_R0main,103,0.299513,0.58555,1.037755,0.489339,0.612077,1.196615,2.120728,1.242656
theta05_R0main,104,0.360354,0.538121,1.265718,0.519571,0.693562,1.035703,2.436085,1.256307
theta05_R0main,105,0.328192,0.596128,1.119791,0.502901,0.652597,1.185378,2.226662,1.227299
theta05_R0main,106,0.385971,0.572136,1.158494,0.52518,0.734932,1.08941,2.2059,1.099113
theta05_R0main,107,0.338837,0.610981,0.976265,0.520311,0.65122,1.174261,1.87631,1.058214
theta05_R0main,108,0.359548,0.569761,1.253665,0.508589,0.706953,1.120278,2.464986,1.248977
theta05_R0main,109,0.332249,0.603747,1.219264,0.514756,0.64545,1.172881,2.368625,1.300117
theta05_R0main,110,0.304758,0.607239,0.982828,0.488642,0.623683,1.242707,2.011348,1.170918
theta05_R0main,111,0.339994,0.571496,1.410237,0.511423,0.6648,1.117462,2.757474,1.422584
theta05_R0main,112,0.288841,0.514555,1.280937,0.472819,0.610892,1.08827,2.709149,1.48947
theta05_R0main,113,0.321031,0.476543,1.193322,0.467081,0.687314,1.020258,2.55485,1.312957
theta05_R0main,114,0.327078,0.590408,1.041392,0.507815,0.644089,1.162643,2.050731,1.158115
theta05_R0main,115,0.35859,0.60761,1.28524,0.531747,0.674362,1.142669,2.417015,1.276522
theta05_R0main,116,0.3464,0.595207,1.106202,0.542239,0.638832,1.097682,2.040062,1.161094
theta05_R0main,117,0.342523,0.568493,1.511554,0.512193,0.668738,1.10992,2.951142,1.484555
theta05_R0main,118,0.275187,0.503047,1.356701,0.471093,0.584147,1.06783,2.879902,1.595359
theta05_R0main,119,0.315112,0.609275,1.102549,0.509546,0.618417,1.19572,2.163787,1.252452
theta05_R0main,120,0.338953,0.580314,1.384042,0.512985,0.660746,1.131249,2.698015,1.406902
theta05_R0main,121,0.276124,0.579278,1.097485,0.467625,0.590481,1.238766,2.346932,1.379927
theta05_R0main,122,0.313747,0.581147,1.265076,0.531702,0.59008,1.092993,2.379296,1.394301
theta05_R0main,123,0.339957,0.517792,1.296731,0.47541,0.715082,1.089149,2.727605,1.338783
theta05_R0main,124,0.288084,0.590602,0.956142,0.474647,0.606945,1.244297,2.014429,1.199653
theta05_R0main,125,0.303828,0.508549,1.122898,0.453515,0.66994,1.12135,2.475986,1.307206
theta05_R0main,126,0.34489,0.495477,0.967519,0.459893,0.749936,1.077373,2.10379,1.031508
theta05_R0main,127,0.354897,0.528804,1.197931,0.499298,0.710792,1.059096,2.399232,1.216524
theta05_R0main,128,0.333443,0.555103,0.944717,0.479317,0.695664,1.158114,1.970965,1.041412
theta05_R0main,129,0.347106,0.512121,1.199673,0.505646,0.68646,1.012806,2.372557,1.240176
theta05_R0main,130,0.306134,0.56004,1.279493,0.469195,0.652467,1.19362,2.726995,1.430196
theta05_R0main,131,0.326035,0.598389,1.254948,0.519977,0.627018,1.150799,2.413468,1.347845
theta05_R0main,132,0.341422,0.562043,0.987154,0.492758,0.692879,1.140606,2.003323,1.061708
theta05_R0main,133,0.345787,0.552823,1.013574,0.480315,0.719918,1.150958,2.110227,1.075414
theta05_R0main,134,0.402535,0.520169,1.164871,0.535291,0.751992,0.97175,2.176145,1.062585
theta05_R0main,135,0.365309,0.61087,0.994095,0.522169,0.699599,1.16987,1.903781,1.00109
theta05_R0main,136,0.307808,0.493166,0.952462,0.462407,0.665666,1.06652,2.059792,1.129572
theta05_R0main,137,0.370934,0.57418,1.083226,0.535364,0.692863,1.072505,2.023345,1.071676
theta05_R0main,138,0.346643,0.551767,0.965877,0.482807,0.717974,1.142832,2.000548,1.024742
theta05_R0main,139,0.330897,0.444875,1.095696,0.460944,0.717867,0.965138,2.377069,1.197339
theta05_R0main,140,0.362466,0.589077,0.904737,0.504717,0.718158,1.167143,1.792564,0.914712
theta05_R0main,141,0.287923,0.5321,1.240145,0.483853,0.595063,1.099714,2.563061,1.460291
theta05_R0main,142,0.422406,0.597153,1.172924,0.548307,0.770383,1.089086,2.139176,1.021288
theta05_R0main,143,0.29494,0.593839,1.067103,0.484562,0.608672,1.225516,2.202199,1.285932
theta05_R0main,144,0.316679,0.514354,1.080841,0.476895,0.664042,1.078548,2.266412,1.227608
theta05_R0main,145,0.34459,0.545185,1.274951,0.513931,0.670498,1.060813,2.480782,1.308308
theta05_R0main,146,0.336973,0.564703,1.195305,0.491297,0.685885,1.149413,2.432957,1.266153
theta05_R0main,147,0.322909,0.610871,1.005019,0.528066,0.611493,1.156808,1.903207,1.135392
theta05_R0main,148,0.310367,0.60417,1.370213,0.497491,0.623863,1.214434,2.754246,1.484968
theta05_R0main,149,0.338385,0.539604,1.14984,0.488992,0.692004,1.103502,2.351449,1.223195
theta05_R0main,150,0.358213,0.616372,1.030986,0.528439,0.677869,1.166402,1.951003,1.057145
theta05_R0main,151,0.318078,0.5563,1.015974,0.492713,0.645565,1.129056,2.062001,1.161307
theta05_R0main,152,0.353753,0.554334,0.96606,0.48422,0.730564,1.144798,1.995087,1.004627
theta05_R0main,153,0.298694,0.601512,0.817984,0.463378,0.644602,1.298104,1.765263,1.007421
theta05_R0main,154,0.314965,0.597753,1.073183,0.490724,0.641838,1.218106,2.18694,1.225923
theta05_R0main,155,0.298831,0.549984,0.986176,0.429,0.696575,1.282012,2.298776,1.193957
theta05_R0main,156,0.350689,0.554055,1.487122,0.517783,0.67729,1.070053,2.872096,1.444697
theta05_R0main,157,0.306588,0.555062,1.041521,0.485011,0.632127,1.144432,2.14742,1.222932
theta05_R0main,158,0.319888,0.596217,1.034002,0.502124,0.637068,1.187389,2.059256,1.173223
theta05_R0main,159,0.384865,0.571131,0.971426,0.501299,0.767735,1.1393,1.937816,0.925872
theta05_R0main,160,0.30826,0.61808,1.242689,0.518076,0.595008,1.193028,2.39866,1.39409
theta05_R0main,161,0.295364,0.505449,1.079303,0.470467,0.62781,1.074356,2.294108,1.295861
theta05_R0main,162,0.320712,0.562097,1.226977,0.500138,0.641248,1.123884,2.453276,1.341764
theta05_R0main,163,0.320374,0.558577,1.269303,0.484968,0.66061,1.151782,2.617294,1.376733
theta05_R0main,164,0.318763,0.522508,1.104954,0.488772,0.652171,1.069022,2.260673,1.24311
theta05_R0main,165,0.330342,0.51199,1.080265,0.485541,0.68036,1.054474,2.22487,1.184832
theta05_R0main,166,0.297948,0.634173,1.356718,0.517171,0.576112,1.226234,2.623343,1.515903
theta05_R0main,167,0.421732,0.620561,1.199613,0.560821,0.75199,1.106522,2.139031,1.045385
theta05_R0main,168,0.356716,0.500499,1.258374,0.487903,0.73112,1.025816,2.579146,1.260636
theta05_R0main,169,0.307501,0.538024,1.177396,0.47857,0.642542,1.124232,2.460239,1.342582
theta05_R0main,170,0.322215,0.647826,0.89675,0.501564,0.64242,1.291611,1.787905,1.023558
theta05_R0main,171,0.273883,0.526086,1.082434,0.440007,0.622451,1.195629,2.460038,1.374268
theta05_R0main,172,0.403511,0.560472,1.332368,0.564489,0.714825,0.992884,2.360306,1.19451
theta05_R0main,173,0.29931,0.507497,1.000752,0.454423,0.65866,1.116795,2.202247,1.207027
theta05_R0main,174,0.331494,0.571198,1.089049,0.499848,0.663188,1.142742,2.178757,1.189451
theta05_R0main,175,0.338073,0.569078,1.065056,0.495825,0.68184,1.14774,2.14805,1.14752
theta05_R0main,176,0.336706,0.583107,0.925979,0.50007,0.673319,1.166051,1.851701,1.011641
theta05_R0main,177,0.31129,0.486783,1.074665,0.462172,0.673538,1.053252,2.325249,1.239038
theta05_R0main,178,0.31162,0.502412,1.165689,0.470081,0.662905,1.068776,2.47976,1.319285
theta05_R0main,179,0.415021,0.542839,1.197902,0.538157,0.77119,1.0087,2.225933,1.059997
theta05_R0main,180,0.268927,0.588572,1.166561,0.485512,0.553904,1.212271,2.402744,1.467375
theta05_R0main,181,0.272346,0.63786,1.024682,0.505845,0.538398,1.26098,2.025685,1.325065
theta05_R0main,182,0.356435,0.510593,1.051651,0.487684,0.730873,1.046976,2.15642,1.081965
theta05_R0main,183,0.29729,0.643,1.164519,0.51222,0.580395,1.25532,2.273475,1.365356
theta05_R0main,184,0.340872,0.508523,1.284744,0.491371,0.693717,1.034907,2.614613,1.326808
theta05_R0main,185,0.407879,0.540451,0.917153,0.519875,0.784572,1.03958,1.764181,0.810304
theta05_R0main,186,0.360528,0.579616,1.058267,0.525039,0.686669,1.10395,2.015597,1.076819
theta05_R0main,187,0.323488,0.637103,1.305116,0.502198,0.644144,1.268629,2.598805,1.394884
theta05_R0main,188,0.39588,0.603518,1.16665,0.529537,0.747596,1.139708,2.20315,1.080781
theta05_R0main,189,0.331324,0.557883,1.017102,0.493793,0.670978,1.129792,2.059773,1.121615
theta05_R0main,190,0.377431,0.489628,1.338567,0.509803,0.740347,0.960427,2.625657,1.265968
theta05_R0main,191,0.314955,0.565382,1.022035,0.482731,0.652444,1.171217,2.117196,1.177122
theta05_R0main,192,0.350196,0.577355,1.072059,0.496866,0.70481,1.161993,2.157642,1.118843
theta05_R0main,193,0.278189,0.531165,1.019891,0.452467,0.614826,1.173932,2.254066,1.299151
theta05_R0main,194,0.339133,0.589254,1.250989,0.512072,0.662277,1.150726,2.442996,1.305296
theta05_R0main,195,0.292597,0.529603,1.223544,0.490548,0.59647,1.079617,2.494242,1.430711
theta05_R0main,196,0.337033,0.594917,1.222958,0.530112,0.635777,1.122248,2.306983,1.288848
theta05_R0main,197,0.332019,0.502454,1.118469,0.461538,0.719374,1.088651,2.423351,1.214525
theta05_R0main,198,0.275406,0.542019,1.106671,0.470654,0.585156,1.15163,2.351347,1.390865
theta05_R0main,199,0.289755,0.617264,1.048232,0.51268,0.565177,1.203996,2.044614,1.285826
theta05_R0main,200,0.422168,0.595441,1.334822,0.583752,0.723199,1.020025,2.286627,1.151149
theta05_R0main,201,0.357675,0.549269,1.023112,0.507791,0.704375,1.081684,2.01483,1.050979
theta05_R0main,202,0.320575,0.64714,1.198204,0.531468,0.603187,1.217644,2.254515,1.318464
theta05_R0main,203,0.320642,0.638524,1.355449,0.504488,0.635578,1.265687,2.686781,1.441564
theta05_R0main,204,0.352751,0.57743,0.940059,0.495478,0.711941,1.165399,1.897277,0.980179
theta05_R0main,205,0.400851,0.658246,1.393085,0.565645,0.708662,1.163708,2.462826,1.245686
theta05_R0main,206,0.298641,0.65366,1.140966,0.532795,0.560517,1.226851,2.141471,1.340389
theta05_R0main,207,0.358702,0.554825,1.016441,0.507411,0.706926,1.093444,2.003191,1.041571
theta05_R0main,208,0.299299,0.595562,1.177205,0.472939,0.63285,1.259279,2.489127,1.369454
theta05_R0main,209,0.363202,0.570159,1.288422,0.515349,0.704769,1.106355,2.500097,1.266215
theta05_R0main,210,0.384184,0.61658,1.405827,0.544531,0.705531,1.132313,2.58172,1.29726
theta05_R0main,211,0.327942,0.566075,1.095576,0.504487,0.650051,1.122079,2.171663,1.206198
theta05_R0main,212,0.287402,0.599271,1.251324,0.492116,0.584014,1.217744,2.542743,1.471075
theta05_R0main,213,0.342253,0.523022,1.016986,0.470421,0.727546,1.111817,2.161865,1.08905
theta05_R0main,214,0.393626,0.545185,1.120605,0.546645,0.720075,0.997329,2.049967,1.046223
theta05_R0main,215,0.30784,0.630551,0.988939,0.489912,0.628357,1.28707,2.018607,1.167054
theta05_R0main,216,0.328404,0.42062,1.096968,0.43931,0.747544,0.957456,2.497022,1.206061
theta05_R0main,217,0.297848,0.554857,1.019021,0.479158,0.621608,1.157985,2.126693,1.230014
theta05_R0main,218,0.325029,0.589235,1.246952,0.518983,0.62628,1.135364,2.402683,1.344544
theta05_R0main,219,0.365046,0.599127,1.366008,0.535555,0.681623,1.118704,2.55064,1.319623
theta05_R0main,220,0.348504,0.627684,1.192581,0.54422,0.640373,1.153365,2.191358,1.230225
theta05_R0main,221,0.301727,0.549073,1.240392,0.497259,0.606781,1.104198,2.494457,1.413659
theta05_R0main,222,0.308287,0.619909,1.148201,0.498384,0.618573,1.243838,2.303849,1.314921
theta05_R0main,223,0.358882,0.529248,1.255293,0.510388,0.703154,1.036953,2.459487,1.252132
theta05_R0main,224,0.289771,0.512336,0.949397,0.433677,0.668172,1.181377,2.189181,1.186738
theta05_R0main,225,0.344012,0.537376,1.018879,0.496756,0.692516,1.08177,2.051063,1.085782
theta05_R0main,226,0.372864,0.50002,0.953598,0.488912,0.76264,1.022721,1.950451,0.939029
theta05_R0main,227,0.307324,0.551234,1.074666,0.465037,0.66086,1.185355,2.310925,1.251861
theta05_R0main,228,0.302407,0.627589,1.115937,0.504585,0.599317,1.243773,2.211594,1.305677
theta05_R0main,229,0.324119,0.599599,1.05375,0.510935,0.634364,1.173534,2.062396,1.179001
theta05_R0main,230,0.324641,0.514324,0.934331,0.455263,0.713084,1.129728,2.052288,1.057112
theta05_R0main,231,0.34429,0.516581,1.15303,0.484769,0.710215,1.065622,2.378513,1.208664
theta05_R0main,232,0.324255,0.575713,1.113853,0.509293,0.636678,1.130417,2.187057,1.234049
theta05_R0main,233,0.29588,0.529433,1.211374,0.483251,0.61227,1.095564,2.506717,1.409555
theta05_R0main,234,0.365305,0.582802,1.050346,0.507628,0.719632,1.148089,2.069128,1.056143
theta05_R0main,235,0.356757,0.57191,1.281748,0.531028,0.671823,1.076987,2.413711,1.278926
theta05_R0main,236,0.316194,0.550772,1.145382,0.487598,0.648472,1.129561,2.349031,1.287139
theta05_R0main,237,0.369452,0.603743,1.370309,0.516286,0.715595,1.169395,2.654166,1.310771
theta05_R0main,238,0.348304,0.537896,0.881271,0.486881,0.715378,1.10478,1.810034,0.928289
theta05_R0main,239,0.289262,0.562476,1.049237,0.440927,0.65603,1.275668,2.379616,1.288487
theta05_R0main,240,0.32876,0.552096,1.010372,0.48426,0.678892,1.140081,2.086423,1.122745
theta05_R0main,241,0.373345,0.528471,1.025616,0.504788,0.739607,1.046917,2.031775,1.010546
theta05_R0main,242,0.327742,0.570507,1.144006,0.504792,0.649261,1.130183,2.266292,1.250066
theta05_R0main,243,0.31614,0.617797,0.942186,0.484359,0.652699,1.275494,1.945223,1.092016
theta05_R0main,244,0.364507,0.610227,1.386697,0.550816,0.661757,1.10786,2.517532,1.336135
theta05_R0main,245,0.320922,0.467729,1.118247,0.483462,0.663801,0.967457,2.313001,1.248319
theta05_R0main,246,0.402515,0.534521,1.122556,0.518248,0.776684,1.031401,2.166061,1.025632
theta05_R0main,247,0.324872,0.64855,1.291783,0.57159,0.568365,1.134643,2.259982,1.380348
theta05_R0main,248,0.310755,0.565782,1.140896,0.497411,0.624744,1.137453,2.293668,1.300565
theta05_R0main,249,0.334965,0.587919,0.943827,0.484495,0.691369,1.213468,1.948063,1.035917
theta05_R0main,250,0.30683,0.600458,1.359606,0.514006,0.596938,1.168192,2.645117,1.488656
theta05_R0main,251,0.378476,0.628226,1.132002,0.545391,0.693954,1.151882,2.075578,1.095589
theta05_R0main,252,0.310519,0.5288,1.126788,0.479115,0.648108,1.1037,2.35181,1.288883
theta05_R0main,253,0.294252,0.526298,1.040495,0.45544,0.646083,1.15558,2.284591,1.263015
theta05_R0main,254,0.294632,0.539271,1.152911,0.477223,0.617389,1.130018,2.415872,1.364317
theta05_R0main,255,0.347217,0.582058,1.110319,0.505716,0.686585,1.150957,2.195539,1.162453
theta05_R0main,256,0.375906,0.550876,1.217517,0.512478,0.733507,1.074928,2.375748,1.17523
theta05_R0main,257,0.393704,0.478605,1.093836,0.503006,0.782701,0.951489,2.174595,1.021847
theta05_R0main,258,0.280389,0.558375,1.029628,0.454487,0.616935,1.228584,2.265474,1.300777
theta05_R0main,259,0.335267,0.598719,1.055382,0.533403,0.628544,1.122452,1.978585,1.146732
theta05_R0main,260,0.289956,0.566799,1.257441,0.496446,0.584064,1.141714,2.532886,1.467104
theta05_R0main,261,0.319888,0.604637,1.268413,0.525386,0.608862,1.150843,2.414248,1.377551
theta05_R0main,262,0.357286,0.541799,1.03848,0.495784,0.72065,1.092814,2.094623,1.066976
theta05_R0main,263,0.341993,0.575756,1.281328,0.521401,0.655912,1.104249,2.457472,1.320862
theta05_R0main,264,0.323641,0.589376,1.161205,0.515209,0.628173,1.143955,2.253852,1.277581
theta05_R0main,265,0.295683,0.540137,1.002456,0.4684,0.631262,1.153152,2.14017,1.220919
theta05_R0main,266,0.346801,0.61142,1.341778,0.548111,0.63272,1.115504,2.448004,1.353
theta05_R0main,267,0.319712,0.495262,0.929522,0.443643,0.720652,1.116353,2.095203,1.067249
theta05_R0main,268,0.355538,0.517416,1.32927,0.485176,0.732802,1.06645,2.739769,1.318754
theta05_R0main,269,0.328367,0.570125,1.09941,0.504634,0.650704,1.129781,2.17863,1.208397
theta05_R0main,270,0.262483,0.548624,0.944466,0.427915,0.6134,1.282085,2.207132,1.280431
theta05_R0main,271,0.304251,0.591992,1.129288,0.476284,0.638802,1.24294,2.37104,1.311489
theta05_R0main,272,0.433263,0.563243,0.981863,0.54857,0.789805,1.026748,1.78986,0.818107
theta05_R0main,273,0.328647,0.494386,0.972739,0.472053,0.696208,1.047311,2.060656,1.085132
theta05_R0main,274,0.333145,0.555948,1.16317,0.501126,0.664793,1.109397,2.321111,1.250326
theta05_R0main,275,0.320096,0.627793,1.137721,0.512111,0.625052,1.225891,2.221628,1.26816
theta05_R0main,276,0.338887,0.545605,1.298961,0.502212,0.674788,1.086403,2.58648,1.343654
theta05_R0main,277,0.357907,0.672074,1.160916,0.548107,0.652986,1.226172,2.118046,1.176693
theta05_R0main,278,0.360383,0.647689,1.076798,0.541286,0.66579,1.196574,1.989334,1.09458
theta05_R0main,279,0.29411,0.463609,1.091458,0.445093,0.660783,1.041601,2.452201,1.311316
theta05_R0main,280,0.308247,0.524489,1.457314,0.487267,0.632603,1.076389,2.990788,1.553449
theta05_R0main,281,0.354045,0.470335,0.94715,0.463514,0.763829,1.014716,2.043413,0.984032
theta05_R0main,282,0.306159,0.539144,1.073876,0.467917,0.654302,1.152221,2.295014,1.254926
theta05_R0main,283,0.323993,0.623662,1.094925,0.50808,0.63768,1.227489,2.155027,1.217721
theta05_R0main,284,0.343783,0.508969,0.973116,0.480335,0.715714,1.059613,2.02591,1.040493
theta05_R0main,285,0.3327,0.571128,1.115746,0.501761,0.663064,1.138246,2.223661,1.210039
theta05_R0main,286,0.312923,0.493841,1.150065,0.479686,0.652349,1.029508,2.397537,1.301618
theta05_R0main,287,0.327293,0.566215,1.151883,0.496204,0.659594,1.141094,2.321393,1.258298
theta05_R0main,288,0.366496,0.528012,1.19244,0.487101,0.752403,1.083989,2.448034,1.179769
theta05_R0main,289,0.3118,0.650622,1.01248,0.499062,0.624772,1.303689,2.028766,1.177796
theta05_R0main,290,0.303949,0.51612,1.167387,0.46185,0.658111,1.117508,2.527634,1.345665
theta05_R0main,291,0.329777,0.501475,0.964453,0.444241,0.742339,1.128836,2.171014,1.073143
theta05_R0main,292,0.306488,0.556188,1.058785,0.472064,0.649251,1.178207,2.242887,1.2397
theta05_R0main,293,0.282483,0.512289,1.183339,0.449681,0.628187,1.139229,2.63151,1.432476
theta05_R0main,294,0.306553,0.550489,1.154236,0.466654,0.656917,1.179652,2.47343,1.325803
theta05_R0main,295,0.35696,0.571046,1.349442,0.515005,0.69312,1.108816,2.620248,1.329821
theta05_R0main,296,0.295054,0.5,0.859188,0.431657,0.683537,1.158326,1.990439,1.06883
theta05_R0main,297,0.36018,0.494687,1.059575,0.479391,0.751329,1.031907,2.210251,1.079018
theta05_R0main,298,0.317296,0.605275,1.032614,0.506158,0.626871,1.195822,2.040101,1.180014
theta05_R0main,299,0.262097,0.560324,1.232857,0.479681,0.546399,1.168118,2.570161,1.548374
theta05_R0main,300,0.280236,0.523968,1.149085,0.465867,0.601536,1.124716,2.466553,1.41109
theta05_R0main,301,0.36127,0.495531,1.138976,0.503396,0.717666,0.984375,2.262584,1.148258
theta05_R0main,302,0.312768,0.564717,1.082946,0.496127,0.630418,1.138251,2.182798,1.24198
theta05_R0main,303,0.310012,0.592497,1.210277,0.491772,0.630397,1.204822,2.461055,1.361995
theta05_R0main,304,0.356961,0.546483,1.170141,0.512589,0.696388,1.066123,2.282803,1.187253
theta05_R0main,305,0.363156,0.559669,0.980356,0.510265,0.711701,1.096822,1.92127,0.993084
theta05_R0main,306,0.332005,0.622556,1.254211,0.511185,0.649481,1.217869,2.453536,1.329112
theta05_R0main,307,0.302121,0.565771,1.339188,0.498729,0.605783,1.134426,2.685203,1.48899
theta05_R0main,308,0.273332,0.575614,0.982036,0.452031,0.604677,1.273396,2.172499,1.27894
theta05_R0main,309,0.291275,0.584637,1.245626,0.507598,0.573829,1.151772,2.453962,1.453127
theta05_R0main,310,0.348621,0.537056,1.130367,0.507519,0.686912,1.058199,2.227242,1.176313
theta05_R0main,311,0.313746,0.539734,1.0963,0.472152,0.664502,1.143136,2.321922,1.251113
theta05_R0main,312,0.301178,0.535481,1.356433,0.507389,0.593584,1.055366,2.673359,1.504912
theta05_R0main,313,0.281894,0.580987,1.206215,0.482826,0.583841,1.203304,2.498237,1.453712
theta05_R0main,314,0.299294,0.569543,1.530583,0.501835,0.596399,1.13492,3.04997,1.631977
theta05_R0main,315,0.374202,0.528611,0.986865,0.497055,0.752838,1.063485,1.985423,0.969738
theta05_R0main,316,0.325042,0.479397,1.071322,0.448756,0.724316,1.068279,2.387313,1.192695
theta05_R0main,317,0.317952,0.519271,1.051176,0.461042,0.689639,1.126298,2.28,1.195763
theta05_R0main,318,0.338877,0.621861,1.139377,0.53188,0.637131,1.169177,2.14217,1.212599
theta05_R0main,319,0.31368,0.585741,1.069698,0.484223,0.6478,1.209651,2.2091,1.226759
theta05_R0main,320,0.30197,0.559101,1.161692,0.478962,0.630468,1.167318,2.425438,1.347305
theta05_R0main,321,0.368228,0.546081,1.135413,0.508948,0.723509,1.072961,2.230903,1.126049
theta05_R0main,322,0.330439,0.554077,1.049259,0.480179,0.688157,1.153896,2.18514,1.155418
theta05_R0main,323,0.336548,0.545807,1.048784,0.493473,0.681998,1.106052,2.12531,1.136647
theta05_R0main,324,0.308053,0.561531,1.487958,0.489498,0.629325,1.147157,3.039762,1.574887
theta05_R0main,325,0.381099,0.511435,1.309244,0.512164,0.744097,0.998578,2.556299,1.234145
theta05_R0main,326,0.315897,0.58458,1.4172,0.500872,0.630695,1.167126,2.829466,1.501021
theta05_R0main,327,0.330156,0.637078,1.356771,0.527905,0.625408,1.206804,2.570104,1.413297
theta05_R0main,328,0.33814,0.536933,1.236419,0.513157,0.65894,1.046332,2.409434,1.296515
theta05_R0main,329,0.37263,0.533294,1.238466,0.510408,0.730063,1.044838,2.426423,1.201043
theta05_R0main,330,0.284492,0.578063,1.188435,0.486954,0.584227,1.187102,2.44055,1.429688
theta05_R0main,331,0.309167,0.652804,1.161183,0.490729,0.630016,1.330275,2.366242,1.323313
theta05_R0main,332,0.396761,0.565634,1.38849,0.558001,0.711039,1.013678,2.488327,1.252639
theta05_R0main,333,0.369497,0.522177,1.08159,0.481655,0.767142,1.084131,2.245571,1.074044
theta05_R0main,334,0.297178,0.536442,1.063438,0.472422,0.629052,1.135513,2.251032,1.27493
theta05_R0main,335,0.343468,0.527338,1.201366,0.501958,0.684257,1.050562,2.393357,1.252119
theta05_R0main,336,0.305554,0.586947,1.42881,0.505893,0.603989,1.160218,2.82433,1.54247
theta05_R0main,337,0.351394,0.571689,1.36834,0.519176,0.676831,1.101146,2.635599,1.359444
theta05_R0main,338,0.342257,0.58241,1.026194,0.480059,0.712948,1.213206,2.137642,1.098051
theta05_R0main,339,0.292673,0.540506,1.166994,0.468579,0.624597,1.1535,2.490493,1.38313
theta05_R0main,340,0.342053,0.584102,1.394117,0.544566,0.62812,1.0726,2.56005,1.405051
theta05_R0main,341,0.302773,0.593681,1.018993,0.487273,0.621362,1.218377,2.091217,1.213588
theta05_R0main,342,0.335508,0.543003,1.050895,0.491563,0.682532,1.104645,2.137865,1.141753
theta05_R0main,343,0.300155,0.594897,1.273357,0.509039,0.589651,1.168666,2.501491,1.445112
theta05_R0main,344,0.395812,0.521398,0.935511,0.507817,0.779437,1.026744,1.84222,0.860155
theta05_R0main,345,0.277324,0.542644,1.195077,0.447947,0.619101,1.211401,2.667898,1.460778
theta05_R0main,346,0.375736,0.631601,1.248161,0.539033,0.697056,1.17173,2.315558,1.200541
theta05_R0main,347,0.387439,0.653335,1.153235,0.574364,0.674553,1.137493,2.007845,1.090768
theta05_R0main,348,0.338063,0.549347,0.905182,0.485617,0.696151,1.131236,1.863985,0.984905
theta05_R0main,349,0.323188,0.579471,1.141974,0.5056,0.639216,1.146105,2.25865,1.26228
theta05_R0main,350,0.306363,0.587413,1.117885,0.497303,0.616049,1.181198,2.247894,1.294422
theta05_R0main,351,0.283563,0.628089,1.25526,0.484465,0.585311,1.29646,2.591024,1.487664
theta05_R0main,352,0.323263,0.532674,1.344328,0.50217,0.643732,1.060745,2.677035,1.425182
theta05_R0main,353,0.35731,0.602335,1.199672,0.521258,0.685477,1.155541,2.301495,1.211199
theta05_R0main,354,0.33089,0.577817,1.065224,0.511693,0.646658,1.129227,2.081764,1.169154
theta05_R0main,355,0.337418,0.58676,0.98829,0.500581,0.674052,1.172158,1.974285,1.074654
theta05_R0main,356,0.359126,0.513711,1.008195,0.488688,0.734878,1.051204,2.063066,1.032244
theta05_R0main,357,0.290723,0.539925,1.150785,0.486825,0.597181,1.109075,2.363857,1.375829
theta05_R0main,358,0.301692,0.51947,0.994406,0.451181,0.668673,1.151356,2.204008,1.192738
theta05_R0main,359,0.327603,0.615238,1.148942,0.517142,0.633487,1.18969,2.221716,1.254796
theta05_R0main,360,0.362603,0.514578,1.197474,0.506462,0.715953,1.016025,2.364389,1.19466
theta05_R0main,361,0.337486,0.576972,1.103584,0.49653,0.679688,1.162009,2.222593,1.184795
theta05_R0main,362,0.312567,0.561317,1.219522,0.471532,0.662876,1.190413,2.586299,1.361394
theta05_R0main,363,0.279886,0.558158,1.173744,0.489715,0.571529,1.139762,2.396792,1.433571
theta05_R0main,364,0.343063,0.472049,0.961476,0.480352,0.714191,0.982717,2.001608,1.030555
theta05_R0main,365,0.294538,0.547161,1.23976,0.48075,0.612663,1.138141,2.578805,1.437267
theta05_R0main,366,0.290796,0.577393,1.269376,0.473811,0.613738,1.218615,2.679078,1.47366
theta05_R0main,367,0.355029,0.547159,1.07254,0.489624,0.725106,1.117508,2.19054,1.105585
theta05_R0main,368,0.302367,0.470732,1.03929,0.42832,0.705937,1.099018,2.426431,1.234651
theta05_R0main,369,0.346888,0.56852,1.079736,0.509663,0.680623,1.115484,2.118532,1.13547
theta05_R0main,370,0.359028,0.544804,0.974106,0.488486,0.734981,1.115291,1.994133,0.998121
theta05_R0main,371,0.354036,0.548592,1.051511,0.474545,0.746055,1.156038,2.215833,1.088584
theta05_R0main,372,0.372766,0.583852,1.155814,0.528874,0.70483,1.103952,2.185424,1.131608
theta05_R0main,373,0.312997,0.487878,1.05889,0.44773,0.699075,1.089669,2.365018,1.218783
theta05_R0main,374,0.385767,0.532538,1.209604,0.519847,0.742079,1.024414,2.326846,1.142814
theta05_R0main,375,0.329095,0.593829,1.359192,0.503874,0.65313,1.178528,2.697486,1.418299
theta05_R0main,376,0.276754,0.557466,1.299376,0.454955,0.608311,1.225322,2.856057,1.546511
theta05_R0main,377,0.280455,0.579793,1.311767,0.498817,0.562239,1.162336,2.629755,1.542719
theta05_R0main,378,0.290614,0.551638,1.107455,0.462111,0.628884,1.193736,2.396514,1.337824
theta05_R0main,379,0.300744,0.490014,1.261211,0.447635,0.671852,1.094673,2.817497,1.433567
theta05_R0main,380,0.317367,0.554585,1.030472,0.476737,0.665707,1.163295,2.161512,1.177714
theta05_R0main,381,0.366272,0.628419,0.997892,0.524044,0.698934,1.199172,1.904214,1.002269
theta05_R0main,382,0.309937,0.47675,1.140224,0.445075,0.696371,1.071167,2.561868,1.30261
theta05_R0main,383,0.341249,0.515406,1.093979,0.470932,0.724626,1.094438,2.323009,1.164963
theta05_R0main,384,0.259941,0.69116,1.296333,0.515505,0.504245,1.340745,2.514688,1.606842
theta05_R0main,385,0.275535,0.528418,1.318832,0.484823,0.568321,1.08992,2.720237,1.565788
theta05_R0main,386,0.341332,0.48194,0.924584,0.461858,0.739041,1.04348,2.001877,0.996487
theta05_R0main,387,0.33164,0.564814,1.079301,0.495655,0.669095,1.13953,2.177524,1.180018
theta05_R0main,388,0.334985,0.575019,1.046214,0.496296,0.674969,1.15862,2.108044,1.138849
theta05_R0main,389,0.317653,0.6043,1.466073,0.522855,0.607535,1.15577,2.803976,1.529383
theta05_R0main,390,0.33454,0.548178,1.201557,0.481843,0.694293,1.137669,2.493667,1.278616
theta05_R0main,391,0.338436,0.527706,1.161555,0.479829,0.705326,1.09978,2.42077,1.233181
theta05_R0main,392,0.346219,0.592902,1.09015,0.527963,0.655764,1.122999,2.064823,1.146999
theta05_R0main,393,0.405912,0.543436,1.000343,0.534921,0.758827,1.015919,1.870076,0.901961
theta05_R0main,394,0.377927,0.554052,0.901049,0.488268,0.774015,1.134729,1.845399,0.868859
theta05_R0main,395,0.344222,0.565029,1.229168,0.517748,0.664844,1.091321,2.374068,1.272807
theta05_R0main,396,0.315893,0.579092,1.103179,0.467849,0.675204,1.237777,2.357981,1.250546
theta05_R0main,397,0.387636,0.512183,1.03269,0.490193,0.790781,1.04486,2.1067,0.979857
theta05_R0main,398,0.36878,0.533743,0.987756,0.486287,0.758359,1.097589,2.031221,0.985235
theta05_R0main,399,0.360994,0.508117,1.1794,0.495144,0.729069,1.0262,2.381934,1.183899
theta05_R0main,400,0.383512,0.501297,1.558532,0.520508,0.736803,0.963093,2.994252,1.402129
theta05_R0main,401,0.3921,0.623348,1.222204,0.540081,0.726003,1.154176,2.263003,1.136893
theta05_R0main,402,0.353328,0.543468,1.393745,0.504187,0.700787,1.07791,2.764342,1.372354
theta05_R0main,403,0.355963,0.577001,0.925925,0.496379,0.717119,1.162422,1.865361,0.955968
theta05_R0main,404,0.311104,0.519658,1.018829,0.457058,0.680666,1.136963,2.2291,1.186282
theta05_R0main,405,0.287799,0.535425,1.260559,0.493703,0.582939,1.084507,2.553272,1.477048
theta05_R0main,406,0.322159,0.582162,1.026627,0.492825,0.653699,1.181275,2.083146,1.158988
theta05_R0main,407,0.295616,0.488032,1.020504,0.431144,0.685654,1.131947,2.36697,1.238993
theta05_R0main,408,0.273547,0.520372,1.061509,0.450928,0.60663,1.154003,2.354053,1.355974
theta05_R0main,409,0.365661,0.556074,1.147925,0.505464,0.723416,1.100126,2.271031,1.144004
theta05_R0main,410,0.290544,0.59073,1.081041,0.481597,0.603292,1.226608,2.244702,1.313926
theta05_R0main,411,0.304026,0.583378,1.204695,0.512228,0.593536,1.138901,2.351872,1.376868
theta05_R0main,412,0.335882,0.453788,1.061533,0.452723,0.741916,1.002351,2.344773,1.150708
theta05_R0main,413,0.375156,0.637316,1.229276,0.544066,0.689541,1.171395,2.259426,1.186839
theta05_R0main,414,0.330792,0.473652,1.27219,0.449095,0.736575,1.054681,2.832785,1.347005
theta05_R0main,415,0.334799,0.562281,1.015575,0.493032,0.67906,1.140455,2.059856,1.109681
theta05_R0main,416,0.303092,0.567998,1.005644,0.484416,0.625685,1.17254,2.075991,1.199347
theta05_R0main,417,0.30676,0.57015,1.102702,0.483656,0.634251,1.178833,2.279928,1.279454
theta05_R0main,418,0.29637,0.584601,1.488019,0.508515,0.582814,1.149624,2.926203,1.613592
theta05_R0main,419,0.358951,0.515716,0.968932,0.478363,0.750373,1.078086,2.025517,0.993009
theta05_R0main,420,0.311906,0.626342,1.186631,0.53387,0.584236,1.173211,2.222697,1.336171
theta05_R0main,421,0.346182,0.656637,1.235151,0.537534,0.644019,1.221573,2.29781,1.271983
theta05_R0main,422,0.269043,0.578889,1.104405,0.44289,0.607471,1.30707,2.493631,1.412191
theta05_R0main,423,0.335746,0.492534,1.158368,0.452083,0.742664,1.089477,2.562288,1.238412
theta05_R0main,424,0.311472,0.609473,1.145314,0.483942,0.643614,1.259391,2.366634,1.302126
theta05_R0main,425,0.343919,0.582234,1.247638,0.495875,0.693559,1.174155,2.516035,1.288603
theta05_R0main,426,0.312997,0.562218,1.168982,0.490939,0.637548,1.145191,2.381118,1.317696
theta05_R0main,427,0.375346,0.632863,0.936706,0.537229,0.698671,1.178013,1.743589,0.91452
theta05_R0main,428,0.352997,0.570656,1.057892,0.507595,0.69543,1.124235,2.084127,1.097575
theta05_R0main,429,0.356947,0.623479,1.085258,0.53131,0.671825,1.173476,2.042609,1.111985
theta05_R0main,430,0.298547,0.534924,1.286059,0.477305,0.625484,1.120718,2.694417,1.460411
theta05_R0main,431,0.354445,0.548968,1.032825,0.500725,0.707862,1.096345,2.062659,1.069501
theta05_R0main,432,0.337547,0.608804,1.039271,0.481113,0.701596,1.265408,2.16014,1.12457
theta05_R0main,433,0.310352,0.479955,1.039582,0.447737,0.693156,1.071955,2.321857,1.208868
theta05_R0main,434,0.279097,0.646481,1.099047,0.510168,0.54707,1.267193,2.154286,1.370638
theta05_R0main,435,0.299937,0.585892,1.271873,0.508291,0.590089,1.152671,2.502255,1.444674
theta05_R0main,436,0.367189,0.560493,1.234434,0.521464,0.70415,1.074846,2.367247,1.212491
theta05_R0main,437,0.311011,0.580254,1.037578,0.490036,0.634668,1.184103,2.117348,1.204817
theta05_R0main,438,0.261495,0.642474,0.928716,0.462739,0.565103,1.388417,2.006999,1.267388
theta05_R0main,439,0.286956,0.513729,1.373224,0.485293,0.591305,1.058595,2.829678,1.565587
theta05_R0main,440,0.308464,0.571736,0.980402,0.476764,0.646995,1.199203,2.056369,1.156358
theta05_R0main,441,0.319115,0.559979,1.361343,0.521678,0.611708,1.073419,2.609547,1.450676
theta05_R0main,442,0.294254,0.508283,0.902043,0.439585,0.669391,1.15628,2.052032,1.120218
theta05_R0main,443,0.353047,0.48329,1.080338,0.480885,0.734162,1.005002,2.246564,1.118428
theta05_R0main,444,0.414247,0.579007,1.022463,0.526136,0.787338,1.100488,1.943342,0.903506
theta05_R0main,445,0.34419,0.579197,1.218997,0.504064,0.682829,1.149054,2.418337,1.26459
theta05_R0main,446,0.274157,0.574023,1.077185,0.466876,0.587216,1.229499,2.307219,1.368405
theta05_R0main,447,0.309304,0.588542,1.122447,0.480185,0.644135,1.225657,2.337532,1.288942
theta05_R0main,448,0.272555,0.513237,0.981238,0.440205,0.619155,1.165906,2.229051,1.280975
theta05_R0main,449,0.348707,0.585242,1.011986,0.513248,0.679413,1.140272,1.971728,1.065436
theta05_R0main,450,0.293424,0.497722,0.998316,0.421774,0.695691,1.180067,2.366946,1.22445
theta05_R0main,451,0.3971,0.537134,0.921898,0.501881,0.791224,1.070243,1.836887,0.842246
theta05_R0main,452,0.381476,0.643268,1.170008,0.536838,0.710598,1.198253,2.179442,1.120717
theta05_R0main,453,0.402361,0.528705,1.170438,0.505899,0.795339,1.04508,2.31358,1.067783
theta05_R0main,454,0.293075,0.477226,1.037859,0.44277,0.661911,1.077819,2.344011,1.264487
theta05_R0main,455,0.349879,0.584184,1.152069,0.529443,0.660844,1.103393,2.176001,1.191727
theta05_R0main,456,0.370259,0.573128,1.147852,0.529377,0.699423,1.082646,2.168308,1.131446
theta05_R0main,457,0.36189,0.596484,1.093064,0.505347,0.716123,1.180347,2.162999,1.105399
theta05_R0main,458,0.406609,0.552957,1.018387,0.526938,0.771644,1.049378,1.932649,0.918123
theta05_R0main,459,0.370453,0.5004,1.095242,0.489451,0.756875,1.022371,2.237696,1.084004
theta05_R0main,460,0.306116,0.617186,1.198593,0.513882,0.595695,1.201027,2.332429,1.364938
theta05_R0main,461,0.383215,0.570061,1.152058,0.508984,0.752902,1.119999,2.263449,1.10071
theta05_R0main,462,0.379456,0.495567,1.038317,0.508623,0.746046,0.974332,2.041429,1.006617
theta05_R0main,463,0.344102,0.654151,1.267818,0.56347,0.610684,1.160934,2.250021,1.304115
theta05_R0main,464,0.378336,0.592969,1.341708,0.539755,0.70094,1.098589,2.485771,1.265916
theta05_R0main,465,0.316488,0.544882,1.099835,0.48975,0.646223,1.112571,2.245706,1.24563
theta05_R0main,466,0.33095,0.529405,1.044919,0.476039,0.695217,1.112105,2.195028,1.149726
theta05_R0main,467,0.341563,0.623147,1.138681,0.528024,0.64687,1.180149,2.156496,1.204094
theta05_R0main,468,0.339937,0.552578,1.470668,0.53915,0.630505,1.024905,2.727751,1.464712
theta05_R0main,469,0.32238,0.499689,1.112013,0.47027,0.685522,1.062557,2.364626,1.238195
theta05_R0main,470,0.326035,0.623551,0.932383,0.490612,0.664549,1.270967,1.900451,1.050738
theta05_R0main,471,0.306118,0.629117,1.11703,0.52498,0.583103,1.198363,2.127757,1.29446
theta05_R0main,472,0.314955,0.537477,1.012029,0.477398,0.659732,1.125846,2.119883,1.167282
theta05_R0main,473,0.327475,0.609407,1.197939,0.523367,0.625709,1.164397,2.288908,1.296945
theta05_R0main,474,0.361312,0.523906,1.240513,0.508476,0.710577,1.030345,2.439669,1.23354
theta05_R0main,475,0.321957,0.580573,1.199306,0.504908,0.637655,1.149858,2.375294,1.315079
theta05_R0main,476,0.291444,0.505806,0.994635,0.4427,0.658334,1.142547,2.246746,1.227527
theta05_R0main,477,0.301679,0.568047,1.256521,0.490901,0.614542,1.157151,2.559621,1.426738
theta05_R0main,478,0.375671,0.604337,1.238405,0.547651,0.685968,1.103507,2.261304,1.192865
theta05_R0main,479,0.31773,0.539134,1.305465,0.476435,0.666891,1.131602,2.74007,1.413113
theta05_R0main,480,0.326683,0.589922,1.205821,0.536158,0.609304,1.100278,2.249004,1.305925
theta05_R0main,481,0.27514,0.586506,0.918407,0.469264,0.586323,1.249842,1.957125,1.205361
theta05_R0main,482,0.333189,0.566982,1.237539,0.507852,0.656075,1.116431,2.436811,1.31217
theta05_R0main,483,0.323013,0.527677,1.080969,0.463779,0.69648,1.137776,2.330786,1.207921
theta05_R0main,484,0.332302,0.547063,1.061565,0.479214,0.693431,1.141584,2.215221,1.161456
theta05_R0main,485,0.273915,0.544699,1.107407,0.456975,0.599409,1.191965,2.42334,1.396958
theta05_R0main,486,0.308308,0.5472,1.270374,0.491503,0.627275,1.113319,2.584669,1.415968
theta05_R0main,487,0.294989,0.521675,1.181941,0.482549,0.611315,1.081082,2.449372,1.387975
theta05_R0main,488,0.294929,0.54932,1.248002,0.472747,0.623862,1.161975,2.639894,1.442565
theta05_R0main,489,0.368662,0.473442,1.088487,0.464173,0.794235,1.019969,2.345005,1.082663
theta05_R0main,490,0.321368,0.518754,1.210368,0.477376,0.673197,1.086677,2.535458,1.326092
theta05_R0main,491,0.327492,0.588446,1.291288,0.521991,0.627391,1.127311,2.473774,1.371931
theta05_R0main,492,0.366438,0.520891,1.313402,0.486566,0.75311,1.070546,2.69933,1.276547
theta05_R0main,493,0.315741,0.562442,1.297107,0.492246,0.641428,1.142602,2.635079,1.412971
theta05_R0main,494,0.278617,0.573325,1.030526,0.460358,0.60522,1.245392,2.238535,1.307986
theta05_R0main,495,0.330094,0.506073,1.131754,0.468021,0.705297,1.081304,2.41817,1.232147
theta05_R0main,496,0.317612,0.569542,1.369949,0.51373,0.618246,1.108641,2.66667,1.4617
theta05_R0main,497,0.323794,0.618302,1.417954,0.524611,0.617208,1.178592,2.702869,1.476863
theta05_R0main,498,0.373316,0.597688,1.037212,0.522592,0.714354,1.1437,1.984747,1.021868
theta05_R0main,499,0.339594,0.516716,1.177183,0.492126,0.690056,1.049967,2.392035,1.243127
theta05_R0main,500,0.359499,0.552481,1.147759,0.497791,0.722189,1.109865,2.305705,1.160855
theta05_R0main,501,0.369053,0.600457,1.151387,0.531847,0.693908,1.129005,2.164885,1.137783
theta05_R0main,502,0.245659,0.522783,1.276292,0.45594,0.538797,1.146606,2.799258,1.64777
theta05_R0main,503,0.312736,0.529622,1.02496,0.465242,0.6722,1.138378,2.203067,1.18705
theta05_R0main,504,0.32156,0.654689,1.080468,0.539074,0.596505,1.214469,2.004303,1.211965
theta05_R0main,505,0.296889,0.688647,1.041228,0.52782,0.56248,1.304699,1.972694,1.254799
theta05_R0main,506,0.397791,0.525706,1.202713,0.531865,0.747916,0.98842,2.261312,1.106409
theta05_R0main,507,0.29158,0.529472,0.968175,0.463667,0.628857,1.141924,2.088083,1.200098
theta05_R0main,508,0.314051,0.660231,1.065582,0.524945,0.598255,1.257715,2.029893,1.22172
theta05_R0main,509,0.34001,0.640878,1.193627,0.522937,0.650193,1.225535,2.282545,1.255778
theta05_R0main,510,0.313436,0.615741,0.994596,0.488032,0.642245,1.261682,2.037974,1.154741
theta05_R0main,511,0.32658,0.526399,0.931821,0.453933,0.719446,1.159639,2.052772,1.048465
theta05_R0main,512,0.303543,0.560839,1.232153,0.498727,0.608636,1.12454,2.470595,1.400995
theta05_R0main,513,0.303919,0.522323,0.945219,0.42937,0.707826,1.216486,2.201409,1.134655
theta05_R0main,514,0.269587,0.522067,1.2888,0.463557,0.581561,1.12622,2.780243,1.564577
theta05_R0main,515,0.333193,0.616666,1.203366,0.521629,0.638754,1.182192,2.306938,1.284156
theta05_R0main,516,0.331536,0.608593,0.951746,0.501085,0.661635,1.21455,1.899369,1.054563
theta05_R0main,517,0.331075,0.594056,0.92001,0.490207,0.675377,1.211848,1.876778,1.02204
theta05_R0main,518,0.389096,0.588428,0.883908,0.511457,0.76076,1.150494,1.728218,0.820528
theta05_R0main,519,0.342304,0.593376,1.13646,0.509292,0.672117,1.1651,2.231452,1.199975
theta05_R0main,520,0.31689,0.582428,1.180188,0.482988,0.656103,1.205884,2.443512,1.314873
theta05_R0main,521,0.320442,0.542226,1.015259,0.474688,0.675058,1.142279,2.138792,1.153198
theta05_R0main,522,0.35247,0.588901,1.140546,0.50137,0.703014,1.174583,2.27486,1.174297
theta05_R0main,523,0.360757,0.606956,1.097666,0.518334,0.695993,1.170976,2.117683,1.112738
theta05_R0main,524,0.311811,0.572464,1.354814,0.4843,0.643839,1.182044,2.797469,1.469022
theta05_R0main,525,0.356436,0.602998,1.197202,0.500645,0.711953,1.204442,2.391318,1.211589
theta05_R0main,526,0.361084,0.545287,0.951962,0.494697,0.729909,1.102265,1.924333,0.969415
theta05_R0main,527,0.369384,0.530821,1.01092,0.508682,0.726159,1.043521,1.987331,1.00678
theta05_R0main,528,0.334318,0.512736,1.073744,0.467291,0.715438,1.097251,2.297806,1.166815
theta05_R0main,529,0.32367,0.550693,1.135591,0.483975,0.668774,1.137854,2.346383,1.255184
theta05_R0main,530,0.301314,0.542834,1.205254,0.467715,0.644224,1.160607,2.576897,1.386294
theta05_R0main,531,0.327404,0.589613,1.127069,0.497011,0.658746,1.186319,2.267695,1.236181
theta05_R0main,532,0.270548,0.528178,1.238459,0.48122,0.562211,1.09758,2.573579,1.521175
theta05_R0main,533,0.308464,0.464283,1.270131,0.457141,0.674768,1.015623,2.778422,1.41527
theta05_R0main,534,0.414139,0.564817,1.343192,0.559196,0.740597,1.010052,2.402005,1.176603
theta05_R0main,535,0.364444,0.538123,0.989708,0.501157,0.727205,1.073761,1.974845,0.999037
theta05_R0main,536,0.327146,0.629187,1.078279,0.493371,0.663085,1.275284,2.185537,1.192714
theta05_R0main,537,0.337829,0.604536,1.310127,0.522184,0.646953,1.157707,2.508937,1.35534
theta05_R0main,538,0.377542,0.544449,0.991902,0.508828,0.741984,1.070006,1.949387,0.965942
theta05_R0main,539,0.345585,0.571956,1.052331,0.503876,0.685853,1.135112,2.088472,1.113524
theta05_R0main,540,0.361312,0.608135,1.24229,0.515293,0.701179,1.180175,2.410843,1.234968
theta05_R0main,541,0.270456,0.555858,0.9131,0.465997,0.580382,1.192836,1.959453,1.216734
theta05_R0main,542,0.336547,0.531893,1.022206,0.472256,0.712636,1.126281,2.164518,1.110981
theta05_R0main,543,0.40963,0.569086,1.166764,0.549153,0.745932,1.036298,2.124663,1.046734
theta05_R0main,544,0.350857,0.554196,0.978175,0.515618,0.68046,1.07482,1.897092,1.025309
theta05_R0main,545,0.360695,0.652719,1.050536,0.542156,0.665297,1.203933,1.937702,1.069024
theta05_R0main,546,0.287805,0.429233,1.118274,0.417559,0.689256,1.027958,2.678122,1.357258
theta05_R0main,547,0.303862,0.600693,1.215748,0.520795,0.583459,1.153416,2.334409,1.38654
theta05_R0main,548,0.360522,0.544747,1.327789,0.522151,0.690455,1.043276,2.542924,1.303719
theta05_R0main,549,0.317132,0.565313,1.201414,0.493899,0.642099,1.144591,2.432509,1.331936
theta05_R0main,550,0.331234,0.541172,1.175586,0.497016,0.666445,1.088843,2.365288,1.266697
theta05_R0main,551,0.401636,0.585286,1.049381,0.532392,0.7544,1.099352,1.97107,0.960409
theta05_R0main,552,0.326642,0.591091,1.114533,0.497041,0.657173,1.189219,2.242336,1.227327
theta05_R0main,553,0.320691,0.690836,1.210677,0.546371,0.586947,1.264409,2.215853,1.328458
theta05_R0main,554,0.350961,0.498119,1.48395,0.476947,0.735848,1.044389,3.111349,1.441789
theta05_R0main,555,0.301424,0.534576,1.000229,0.44377,0.679235,1.204622,2.253934,1.199465
theta05_R0main,556,0.338988,0.583774,1.075377,0.512127,0.661923,1.139902,2.099826,1.154461
theta05_R0main,557,0.344697,0.523936,1.129221,0.507376,0.679372,1.032639,2.225611,1.186619
theta05_R0main,558,0.391756,0.526986,1.334837,0.528263,0.741592,0.997582,2.526839,1.225926
theta05_R0main,559,0.345875,0.552385,1.206385,0.509593,0.678728,1.083971,2.367348,1.249305
theta05_R0main,560,0.389261,0.495839,1.120245,0.497926,0.781764,0.995807,2.24982,1.057052
theta05_R0main,561,0.360846,0.619991,1.300316,0.550833,0.655091,1.125551,2.360634,1.281911
theta05_R0main,562,0.324883,0.563648,1.272501,0.497055,0.653616,1.133975,2.560079,1.365273
theta05_R0main,563,0.34178,0.586676,1.020156,0.495674,0.689526,1.183592,2.058117,1.093543
theta05_R0main,564,0.330776,0.586709,1.225765,0.518991,0.637345,1.13048,2.361824,1.309878
theta05_R0main,565,0.314938,0.611966,1.03834,0.512646,0.614338,1.193739,2.025451,1.193002
theta05_R0main,566,0.292533,0.604748,1.381758,0.50036,0.584645,1.208625,2.761527,1.552534
theta05_R0main,567,0.317311,0.576111,1.212197,0.493402,0.643109,1.167629,2.456811,1.340306
theta05_R0main,568,0.272831,0.599752,0.927172,0.462722,0.589622,1.296139,2.003736,1.223287
theta05_R0main,569,0.300552,0.525629,1.046583,0.48202,0.623526,1.090471,2.171244,1.247665
theta05_R0main,570,0.370308,0.608312,1.024036,0.513111,0.721691,1.185537,1.995738,1.017172
theta05_R0main,571,0.336,0.537155,1.016993,0.481216,0.69823,1.116244,2.11338,1.107495
theta05_R0main,572,0.297416,0.575191,1.145931,0.473194,0.628528,1.21555,2.421693,1.348842
theta05_R0main,573,0.342894,0.505939,0.954997,0.470422,0.728907,1.075501,2.030087,1.024288
theta05_R0main,574,0.323489,0.494161,1.331877,0.488815,0.661781,1.010936,2.724703,1.415179
theta05_R0main,575,0.312779,0.611099,1.164721,0.507388,0.61645,1.204402,2.295524,1.31474
theta05_R0main,576,0.364793,0.54852,1.15695,0.497367,0.733449,1.102848,2.326152,1.154213
theta05_R0main,577,0.316431,0.556176,1.133057,0.497425,0.636138,1.118111,2.277845,1.275569
theta05_R0main,578,0.333088,0.581919,1.124227,0.509714,0.653481,1.141659,2.205606,1.216444
theta05_R0main,579,0.335633,0.554462,1.024207,0.48576,0.690944,1.141431,2.108461,1.115655
theta05_R0main,580,0.349287,0.540126,1.159842,0.509661,0.685333,1.059775,2.275712,1.200144
theta05_R0main,581,0.34992,0.489041,0.930129,0.460114,0.760508,1.062871,2.021521,0.977619
theta05_R0main,582,0.313346,0.58712,1.020742,0.505461,0.619921,1.161553,2.019428,1.180977
theta05_R0main,583,0.32904,0.646832,1.170135,0.528975,0.622033,1.222804,2.212082,1.268696
theta05_R0main,584,0.349174,0.536275,1.098299,0.488275,0.715117,1.098306,2.249347,1.145949
theta05_R0main,585,0.274487,0.543782,1.024188,0.439802,0.624117,1.236426,2.328749,1.316749
theta05_R0main,586,0.301221,0.598921,1.146148,0.482418,0.624399,1.241497,2.375839,1.336317
theta05_R0main,587,0.379201,0.638701,1.19785,0.569647,0.665676,1.121222,2.102792,1.150218
theta05_R0main,588,0.301824,0.573097,1.053538,0.491644,0.613908,1.165676,2.142889,1.250066
theta05_R0main,589,0.289093,0.561429,1.077145,0.484903,0.596187,1.157817,2.22136,1.315321
theta05_R0main,590,0.343906,0.629455,1.290304,0.532107,0.64631,1.182948,2.424893,1.322264
theta05_R0main,591,0.358393,0.58747,1.003046,0.497684,0.720121,1.180409,2.015428,1.029167
theta05_R0main,592,0.375396,0.593265,1.201823,0.513768,0.730673,1.154733,2.339235,1.163613
theta05_R0main,593,0.288175,0.498305,0.951166,0.433395,0.664925,1.14977,2.194685,1.194119
theta05_R0main,594,0.277807,0.538571,1.051529,0.462885,0.600163,1.163508,2.271684,1.331075
theta05_R0main,595,0.279345,0.581099,1.130365,0.487299,0.573251,1.192489,2.319653,1.39785
theta05_R0main,596,0.342409,0.551357,1.074627,0.490077,0.698683,1.12504,2.19277,1.143723
theta05_R0main,597,0.310654,0.512918,1.254105,0.486479,0.638578,1.054348,2.577924,1.395496
theta05_R0main,598,0.303971,0.588822,1.091936,0.473984,0.64131,1.242282,2.303739,1.278775
theta05_R0main,599,0.336288,0.615194,1.297323,0.521332,0.645055,1.180044,2.488478,1.350091
theta05_R0main,600,0.30708,0.597122,1.197063,0.496841,0.618065,1.201838,2.409349,1.360518
theta05_R0main,601,0.36205,0.485903,1.004907,0.465539,0.7777,1.043743,2.158587,1.020868
theta05_R0main,602,0.297858,0.577031,1.096803,0.459091,0.648799,1.256899,2.389075,1.303539
theta05_R0main,603,0.347921,0.555156,1.481357,0.490618,0.709148,1.131545,3.019371,1.44874
theta05_R0main,604,0.345909,0.530604,1.004746,0.488571,0.708002,1.086032,2.056499,1.066313
theta05_R0main,605,0.277128,0.574739,1.0588,0.461281,0.600779,1.245962,2.295346,1.340412
theta05_R0main,606,0.342834,0.639283,1.270891,0.539239,0.635772,1.185528,2.356821,1.310228
theta05_R0main,607,0.319183,0.598872,1.16842,0.5334,0.598393,1.122744,2.190511,1.297643
theta05_R0main,608,0.292859,0.580673,1.181951,0.503442,0.581714,1.153407,2.347742,1.39523
theta05_R0main,609,0.380509,0.580077,1.249491,0.547985,0.694379,1.058565,2.280157,1.188981
theta05_R0main,610,0.335774,0.562531,1.389514,0.501478,0.66957,1.121747,2.77084,1.42027
theta05_R0main,611,0.317058,0.513216,1.046891,0.469276,0.675631,1.093632,2.230863,1.194496
theta05_R0main,612,0.27771,0.513252,1.327872,0.452046,0.614341,1.135398,2.937471,1.564754
theta05_R0main,613,0.335118,0.49074,1.064873,0.46192,0.72549,1.062392,2.305321,1.156128
theta05_R0main,614,0.308282,0.602855,1.052042,0.467356,0.65963,1.289928,2.251053,1.227475
theta05_R0main,615,0.351188,0.554208,1.164858,0.517091,0.679161,1.071779,2.252713,1.199032
theta05_R0main,616,0.379076,0.642027,0.882948,0.526007,0.720667,1.220567,1.678586,0.845529
theta05_R0main,617,0.302643,0.514541,1.019287,0.446856,0.677272,1.151468,2.281018,1.214304
theta05_R0main,618,0.325638,0.58009,1.202175,0.489819,0.664813,1.184295,2.454324,1.306101
theta05_R0main,619,0.383412,0.491103,1.025691,0.488355,0.78511,1.005626,2.100298,0.984011
theta05_R0main,620,0.287972,0.549563,1.070987,0.461251,0.624329,1.191462,2.32192,1.313473
theta05_R0main,621,0.309905,0.658559,1.225634,0.518549,0.597638,1.270004,2.363583,1.374949
theta05_R0main,622,0.367241,0.623897,1.135883,0.535202,0.686173,1.165722,2.122346,1.129148
theta05_R0main,623,0.305124,0.582315,1.248409,0.490706,0.621807,1.186688,2.544106,1.408905
theta05_R0main,624,0.34379,0.630038,1.058477,0.531583,0.646729,1.185211,1.991179,1.124555
theta05_R0main,625,0.374595,0.666779,1.259773,0.552763,0.677678,1.206267,2.279048,1.212841
theta05_R0main,626,0.344978,0.52627,0.965101,0.485145,0.711082,1.084768,1.989305,1.028753
theta05_R0main,627,0.32373,0.532721,1.135249,0.478473,0.67659,1.113377,2.372647,1.254697
theta05_R0main,628,0.309147,0.554556,1.655663,0.499595,0.618794,1.110011,3.314009,1.678141
theta05_R0main,629,0.347212,0.556961,1.335219,0.512898,0.676961,1.085911,2.603283,1.346915
theta05_R0main,630,0.315517,0.564744,1.161996,0.484241,0.651571,1.166247,2.399625,1.303682
theta05_R0main,631,0.332034,0.577316,1.112717,0.504317,0.658382,1.144747,2.206382,1.209324
theta05_R0main,632,0.306195,0.62501,0.97864,0.507121,0.603791,1.232467,1.929795,1.161941
theta05_R0main,633,0.342833,0.554922,1.115323,0.508725,0.673905,1.090809,2.192388,1.179657
theta05_R0main,634,0.310648,0.584501,1.110244,0.492281,0.631038,1.187331,2.255305,1.273674
theta05_R0main,635,0.283909,0.561651,0.959328,0.460992,0.615864,1.218352,2.081008,1.217581
theta05_R0main,636,0.279746,0.544787,1.01225,0.455259,0.614476,1.196652,2.223458,1.286049
theta05_R0main,637,0.275834,0.570947,1.042503,0.44718,0.61683,1.276773,2.331284,1.329581
theta05_R0main,638,0.357031,0.487463,0.97026,0.464433,0.768747,1.049589,2.089129,0.99974
theta05_R0main,639,0.342687,0.506206,1.223205,0.48006,0.713843,1.054464,2.548027,1.272412
theta05_R0main,640,0.256497,0.55536,1.176509,0.488123,0.525476,1.137745,2.410272,1.523191
theta05_R0main,641,0.319975,0.579284,1.052807,0.501543,0.63798,1.155003,2.099135,1.190974
theta05_R0main,642,0.358428,0.548217,1.125678,0.500015,0.716834,1.096401,2.25129,1.144414
theta05_R0main,643,0.315934,0.57057,1.125218,0.493652,0.639993,1.155813,2.279373,1.270198
theta05_R0main,644,0.335043,0.561442,1.035816,0.496518,0.674784,1.130758,2.086158,1.128687
theta05_R0main,645,0.33514,0.556793,1.520791,0.512229,0.654277,1.087,2.968966,1.512438
theta05_R0main,646,0.405878,0.513415,0.982846,0.513956,0.789714,0.998947,1.912316,0.884399
theta05_R0main,647,0.329187,0.547583,0.932026,0.469621,0.700962,1.166009,1.984632,1.040735
theta05_R0main,648,0.354054,0.620639,1.234122,0.541012,0.654429,1.14718,2.281135,1.248665
theta05_R0main,649,0.360832,0.533768,1.216672,0.513086,0.703259,1.040311,2.371284,1.215462
theta05_R0main,650,0.361802,0.618476,1.082542,0.540363,0.669553,1.144556,2.003361,1.095971
theta05_R0main,651,0.370235,0.57606,1.059364,0.515818,0.717762,1.11679,2.053756,1.051287
theta05_R0main,652,0.381725,0.56132,1.178883,0.545787,0.699403,1.02846,2.159969,1.127623
theta05_R0main,653,0.333421,0.582262,1.206228,0.519419,0.641912,1.120987,2.322265,1.285847
theta05_R0main,654,0.313241,0.490405,0.916801,0.44734,0.700231,1.09627,2.049452,1.073918
theta05_R0main,655,0.28632,0.559393,1.042296,0.467799,0.612059,1.195799,2.228087,1.292069
theta05_R0main,656,0.346345,0.66169,1.103004,0.539777,0.641645,1.225859,2.043446,1.158357
theta05_R0main,657,0.348835,0.508655,1.125045,0.501252,0.695929,1.014769,2.244471,1.170978
theta05_R0main,658,0.311281,0.533353,0.963021,0.463167,0.67207,1.151535,2.079209,1.129379
theta05_R0main,659,0.381847,0.482266,1.384264,0.503807,0.757923,0.957243,2.74761,1.287905
theta05_R0main,660,0.280335,0.5532,1.279338,0.452447,0.619598,1.222685,2.827601,1.518112
theta05_R0main,661,0.313544,0.52282,0.964198,0.476566,0.657924,1.097056,2.023219,1.123356
theta05_R0main,662,0.314273,0.516368,1.241883,0.470935,0.667339,1.096473,2.637056,1.374121
theta05_R0main,663,0.339986,0.558347,1.413467,0.529545,0.642035,1.05439,2.669211,1.424895
theta05_R0main,664,0.305276,0.659399,1.042615,0.526646,0.579661,1.252073,1.979729,1.228272
theta05_R0main,665,0.355963,0.561346,1.159858,0.520677,0.683655,1.078109,2.227598,1.181226
theta05_R0main,666,0.323045,0.565826,1.075169,0.48266,0.669303,1.172309,2.227593,1.20244
theta05_R0main,667,0.302604,0.55857,1.313403,0.493091,0.613689,1.132794,2.663614,1.467951
theta05_R0main,668,0.344176,0.526464,1.088928,0.479899,0.717184,1.097031,2.269077,1.151796
theta05_R0main,669,0.33436,0.485917,1.040917,0.465636,0.718073,1.043556,2.235475,1.135638
theta05_R0main,670,0.324121,0.511283,1.196011,0.471884,0.686865,1.083492,2.534544,1.305632
theta05_R0main,671,0.289703,0.495311,1.060917,0.463586,0.624918,1.068433,2.288499,1.298031
theta05_R0main,672,0.353951,0.587967,0.970322,0.51011,0.693871,1.152628,1.902181,1.00847
theta05_R0main,673,0.29067,0.566687,0.962936,0.466577,0.622985,1.214564,2.063833,1.197798
theta05_R0main,674,0.310558,0.621215,1.229662,0.512862,0.60554,1.211271,2.397647,1.376123
theta05_R0main,675,0.312828,0.487565,1.071895,0.440421,0.710292,1.107042,2.433795,1.23153
theta05_R0main,676,0.313433,0.61401,1.059007,0.511874,0.612325,1.199535,2.068883,1.217501
theta05_R0main,677,0.333388,0.571783,1.045281,0.509221,0.654701,1.122856,2.052704,1.142734
theta05_R0main,678,0.304413,0.525992,1.331595,0.473653,0.642692,1.110501,2.811331,1.475747
theta05_R0main,679,0.370216,0.561423,1.089016,0.529553,0.699111,1.060182,2.05648,1.078942
theta05_R0main,680,0.323968,0.5854,0.942056,0.490158,0.660945,1.194309,1.921943,1.067421
theta05_R0main,681,0.292199,0.513308,1.336974,0.483651,0.604152,1.061318,2.764335,1.52073
theta05_R0main,682,0.320701,0.600412,1.290507,0.51502,0.622695,1.165802,2.50574,1.392283
theta05_R0main,683,0.296731,0.5707,1.065278,0.493943,0.60074,1.155397,2.156682,1.278164
theta05_R0main,684,0.311576,0.561412,0.994368,0.486253,0.64077,1.154568,2.044963,1.160464
theta05_R0main,685,0.286835,0.550914,1.140892,0.451887,0.63475,1.219141,2.524727,1.380657
theta05_R0main,686,0.307286,0.484176,1.059064,0.46581,0.659681,1.039428,2.273595,1.237361
theta05_R0main,687,0.324275,0.550009,1.258101,0.492528,0.658389,1.116707,2.554374,1.355767
theta05_R0main,688,0.338668,0.575779,1.423314,0.504836,0.670847,1.140526,2.819356,1.435723
theta05_R0main,689,0.296865,0.542166,1.016819,0.461507,0.64325,1.174773,2.203258,1.231158
theta05_R0main,690,0.326332,0.572677,1.06841,0.4962,0.657662,1.154125,2.153186,1.186012
theta05_R0main,691,0.341167,0.584799,0.982965,0.483289,0.705928,1.210041,2.033908,1.058202
theta05_R0main,692,0.329585,0.56837,1.319774,0.517821,0.636484,1.097619,2.548708,1.387382
theta05_R0main,693,0.352777,0.557783,1.127537,0.50392,0.700065,1.106889,2.237532,1.161955
theta05_R0main,694,0.321767,0.533623,1.039955,0.473191,0.679993,1.127712,2.197748,1.173106
theta05_R0main,695,0.279054,0.583061,1.144906,0.487233,0.572734,1.196679,2.349813,1.411671
theta05_R0main,696,0.340097,0.594193,1.044223,0.503674,0.675233,1.179716,2.07321,1.121796
theta05_R0main,697,0.30842,0.562623,1.154249,0.473141,0.651856,1.189122,2.439544,1.319743
theta05_R0main,698,0.313735,0.557745,1.227268,0.509503,0.615766,1.094686,2.408758,1.363999
theta05_R0main,699,0.366511,0.55567,1.426591,0.496916,0.737571,1.118236,2.870888,1.359014
theta05_R0main,700,0.342669,0.589609,1.320152,0.526741,0.650545,1.119353,2.506263,1.348738
theta05_R0main,701,0.27909,0.595921,1.27244,0.489027,0.570704,1.218584,2.601982,1.517158
theta05_R0main,702,0.417843,0.575893,1.168283,0.54656,0.764496,1.053668,2.137519,1.028185
theta05_R0main,703,0.336392,0.51873,1.076253,0.481858,0.698116,1.076521,2.233549,1.162962
theta05_R0main,704,0.315204,0.546243,1.168829,0.486117,0.648412,1.123686,2.404418,1.310537
theta05_R0main,705,0.296474,0.635593,1.014093,0.494092,0.600038,1.286387,2.05244,1.229791
theta05_R0main,706,0.342565,0.598622,1.211621,0.50094,0.683845,1.194998,2.418696,1.263253
theta05_R0main,707,0.373367,0.509732,0.857506,0.480668,0.776767,1.060467,1.78399,0.831468
theta05_R0main,708,0.295741,0.580288,1.128734,0.479822,0.616357,1.209383,2.352404,1.339367
theta05_R0main,709,0.272837,0.595528,0.955558,0.456364,0.597849,1.304943,2.093852,1.253422
theta05_R0main,710,0.262241,0.520135,1.13768,0.45206,0.580101,1.150589,2.516658,1.467484
theta05_R0main,711,0.320872,0.544412,1.147095,0.489886,0.654993,1.111305,2.341557,1.273946
theta05_R0main,712,0.345499,0.691312,1.147934,0.538607,0.641469,1.283519,2.131303,1.200728
theta05_R0main,713,0.332735,0.554678,1.273241,0.495354,0.671712,1.119761,2.570368,1.341974
theta05_R0main,714,0.297419,0.677632,1.038864,0.544251,0.546474,1.245073,1.908798,1.250742
theta05_R0main,715,0.289918,0.631861,1.022984,0.475121,0.610198,1.329894,2.153101,1.26088
theta05_R0main,716,0.382113,0.511481,1.269562,0.512229,0.745981,0.99854,2.478503,1.200709
theta05_R0main,717,0.305259,0.54771,1.021348,0.472147,0.646534,1.160041,2.1632,1.207718
theta05_R0main,718,0.350743,0.525063,1.348771,0.499737,0.701856,1.05068,2.698964,1.346895
theta05_R0main,719,0.30137,0.518551,1.068652,0.468508,0.643255,1.106815,2.280972,1.265815
theta05_R0main,720,0.315658,0.598267,1.268457,0.512331,0.61612,1.167735,2.475853,1.390898
theta05_R0main,721,0.340535,0.532301,1.221119,0.497708,0.684207,1.069505,2.453487,1.277005
theta05_R0main,722,0.307736,0.516726,1.068635,0.442357,0.695675,1.168122,2.415778,1.244895
theta05_R0main,723,0.417633,0.531903,1.245157,0.537314,0.77726,0.989929,2.317372,1.092413
theta05_R0main,724,0.292967,0.641018,1.165867,0.517346,0.566288,1.239051,2.253555,1.381162
theta05_R0main,725,0.315546,0.562682,1.047334,0.486267,0.648915,1.157146,2.153826,1.1997
theta05_R0main,726,0.330629,0.546649,1.271866,0.500546,0.660536,1.092106,2.54096,1.347245
theta05_R0main,727,0.363084,0.550901,1.327713,0.502124,0.723096,1.097141,2.644192,1.296579
theta05_R0main,728,0.372489,0.578887,1.010485,0.509601,0.730943,1.135962,1.982893,0.997977
theta05_R0main,729,0.345045,0.610219,1.028281,0.517129,0.667232,1.180012,1.98844,1.091968
theta05_R0main,730,0.349022,0.648312,1.149019,0.549453,0.635217,1.179923,2.091205,1.191529
theta05_R0main,731,0.359504,0.588209,1.136521,0.507125,0.708906,1.159891,2.241108,1.151003
theta05_R0main,732,0.352244,0.547568,0.929989,0.47194,0.746375,1.160249,1.970568,0.970849
theta05_R0main,733,0.325366,0.53165,1.12489,0.504483,0.64495,1.053852,2.229788,1.240489
theta05_R0main,734,0.34764,0.630618,1.459127,0.523202,0.664446,1.205305,2.788841,1.434428
theta05_R0main,735,0.32845,0.591992,1.021488,0.515985,0.636551,1.147306,1.979687,1.13463
theta05_R0main,736,0.308455,0.539822,1.05535,0.469574,0.656882,1.149599,2.247462,1.230052
theta05_R0main,737,0.362359,0.53678,1.198336,0.519886,0.696998,1.032496,2.304999,1.196053
theta05_R0main,738,0.321267,0.482188,1.018406,0.444976,0.721988,1.083628,2.288675,1.153721
theta05_R0main,739,0.38588,0.554609,1.395387,0.534097,0.722491,1.038405,2.612609,1.2854
theta05_R0main,740,0.305472,0.479533,1.117455,0.457042,0.668367,1.049209,2.444972,1.296951
theta05_R0main,741,0.31852,0.606772,1.011534,0.482453,0.660209,1.257683,2.09665,1.15554
theta05_R0main,742,0.343547,0.546946,1.009657,0.49608,0.692523,1.102537,2.035273,1.078044
theta05_R0main,743,0.320136,0.596556,1.227568,0.515567,0.62094,1.157086,2.381005,1.344043
theta05_R0main,744,0.28029,0.727464,1.265365,0.547707,0.511752,1.328201,2.310298,1.507291
theta05_R0main,745,0.293737,0.654127,1.174609,0.513985,0.571489,1.272659,2.285299,1.386007
theta05_R0main,746,0.353112,0.5335,1.221107,0.500502,0.705515,1.065931,2.439766,1.240729
theta05_R0main,747,0.311744,0.567149,0.995493,0.475339,0.655835,1.193146,2.09428,1.161056
theta05_R0main,748,0.350328,0.553103,1.412403,0.510026,0.686882,1.084462,2.769279,1.394179
theta05_R0main,749,0.358637,0.489747,0.939903,0.46965,0.763625,1.04279,2.001283,0.963467
theta05_R0main,750,0.318293,0.605518,0.862482,0.491098,0.648125,1.232987,1.756229,0.996841
theta05_R0main,751,0.330411,0.553712,0.993057,0.487295,0.67805,1.136297,2.037896,1.100452
theta05_R0main,752,0.302182,0.558305,1.163893,0.48661,0.620993,1.147335,2.391838,1.348497
theta05_R0main,753,0.3536,0.528999,1.362353,0.508616,0.69522,1.040076,2.678549,1.348802
theta05_R0main,754,0.341591,0.504174,1.207412,0.482159,0.708461,1.045659,2.504177,1.26262
theta05_R0main,755,0.347915,0.562858,1.243215,0.524833,0.662906,1.072452,2.368784,1.273499
theta05_R0main,756,0.285674,0.546303,1.242714,0.46481,0.614604,1.175327,2.673597,1.470202
theta05_R0main,757,0.332603,0.546224,1.100457,0.481002,0.69148,1.135597,2.287843,1.19653
theta05_R0main,758,0.317574,0.50246,1.155126,0.449708,0.706179,1.117303,2.568614,1.291254
theta05_R0main,759,0.307608,0.666105,1.086937,0.517606,0.594289,1.286896,2.09993,1.262294
theta05_R0main,760,0.426788,0.583405,1.081685,0.535674,0.79673,1.089103,2.019296,0.929988
theta05_R0main,761,0.355322,0.516395,1.070808,0.489926,0.725257,1.054028,2.185655,1.103144
theta05_R0main,762,0.286202,0.502801,1.1208,0.444201,0.644308,1.131922,2.523183,1.365099
theta05_R0main,763,0.374512,0.504703,1.154217,0.49862,0.751097,1.012199,2.314823,1.125553
theta05_R0main,764,0.313274,0.535279,1.220881,0.466097,0.672122,1.14843,2.619373,1.360251
theta05_R0main,765,0.323607,0.579527,1.078585,0.503992,0.642087,1.149873,2.140082,1.203876
theta05_R0main,766,0.272826,0.600799,0.966495,0.480532,0.567758,1.250279,2.011302,1.264842
theta05_R0main,767,0.335145,0.537372,1.533024,0.500332,0.669845,1.074031,3.064013,1.520434
theta05_R0main,768,0.304336,0.575132,1.182041,0.510569,0.596072,1.126453,2.315145,1.356867
theta05_R0main,769,0.354422,0.566492,0.858757,0.485025,0.73073,1.167965,1.770544,0.884999
theta05_R0main,770,0.295612,0.549569,1.113803,0.452779,0.652884,1.213769,2.459927,1.326487
theta05_R0main,771,0.322313,0.47279,1.418844,0.466255,0.69128,1.014017,3.043065,1.482075
theta05_R0main,772,0.262554,0.556855,1.288853,0.440809,0.595618,1.263257,2.923836,1.591052
theta05_R0main,773,0.45188,0.546375,1.218336,0.55885,0.808589,0.977677,2.180075,0.991824
theta05_R0main,774,0.335809,0.551597,0.979678,0.480533,0.698828,1.147888,2.038733,1.07068
theta05_R0main,775,0.310618,0.534772,1.41427,0.47285,0.656907,1.130956,2.99095,1.515804
theta05_R0main,776,0.347115,0.53699,1.121744,0.501671,0.691917,1.070402,2.236014,1.172985
theta05_R0main,777,0.323641,0.559548,0.919853,0.468656,0.690572,1.19394,1.962744,1.044579
theta05_R0main,778,0.356442,0.590476,1.230308,0.520881,0.684306,1.13361,2.361977,1.238848
theta05_R0main,779,0.347312,0.572511,1.366014,0.511585,0.678894,1.119092,2.670161,1.369429
theta05_R0main,780,0.301236,0.617027,1.077946,0.497105,0.605981,1.241241,2.168447,1.274918
theta05_R0main,781,0.328807,0.568353,1.028788,0.493659,0.666061,1.151308,2.084006,1.140667
theta05_R0main,782,0.315486,0.545377,1.081131,0.48445,0.651224,1.125764,2.231666,1.231649
theta05_R0main,783,0.308054,0.528016,1.25326,0.482003,0.639113,1.095461,2.600107,1.403227
theta05_R0main,784,0.280454,0.512768,1.05719,0.433714,0.646633,1.182272,2.437526,1.32696
theta05_R0main,785,0.339841,0.593006,1.299793,0.532817,0.637821,1.112964,2.439475,1.341481
theta05_R0main,786,0.321937,0.532341,1.158385,0.487618,0.660223,1.091717,2.375598,1.280427
theta05_R0main,787,0.330588,0.556843,1.465448,0.516045,0.640619,1.079058,2.839767,1.489043
theta05_R0main,788,0.358124,0.494751,1.11779,0.485274,0.737984,1.019529,2.303422,1.138228
theta05_R0main,789,0.318305,0.534528,0.901678,0.481759,0.660715,1.109533,1.871636,1.041246
theta05_R0main,790,0.400199,0.522909,0.980797,0.502375,0.796614,1.040873,1.952318,0.896402
theta05_R0main,791,0.322003,0.640381,1.203746,0.546303,0.589422,1.172207,2.203439,1.318633
theta05_R0main,792,0.34296,0.511259,1.059996,0.462121,0.742144,1.106332,2.293764,1.128406
theta05_R0main,793,0.308289,0.512709,1.473873,0.477414,0.645747,1.073929,3.087201,1.564612
theta05_R0main,794,0.287559,0.539059,1.039997,0.468352,0.613979,1.150969,2.220543,1.285547
theta05_R0main,795,0.369456,0.516166,1.154616,0.504977,0.731628,1.022156,2.286471,1.139493
theta05_R0main,796,0.270332,0.635848,1.024428,0.482192,0.560632,1.318662,2.124525,1.332238
theta05_R0main,797,0.338561,0.593376,1.229347,0.534239,0.633726,1.110694,2.301119,1.289535
theta05_R0main,798,0.382904,0.524862,0.975533,0.502286,0.762324,1.044947,1.942186,0.935198
theta05_R0main,799,0.308323,0.562056,1.060996,0.464986,0.663081,1.20876,2.281779,1.235814
theta05_R0main,800,0.270068,0.670923,1.111602,0.51034,0.529192,1.314658,2.178158,1.414884
theta05_R0main,801,0.342935,0.615204,1.206514,0.528024,0.649469,1.165107,2.284961,1.257949
theta05_R0main,802,0.371335,0.557465,0.945849,0.494915,0.750301,1.126386,1.911136,0.934979
theta05_R0main,803,0.325024,0.556789,1.46862,0.497505,0.653307,1.119162,2.951969,1.508181
theta05_R0main,804,0.321965,0.55254,1.098359,0.46226,0.696501,1.195301,2.376063,1.227131
theta05_R0main,805,0.295269,0.663913,1.353931,0.512248,0.576419,1.296078,2.643118,1.522879
theta05_R0main,806,0.340208,0.474111,1.196654,0.470608,0.722913,1.007445,2.542785,1.257727
theta05_R0main,807,0.271024,0.549535,1.141292,0.476727,0.56851,1.152724,2.394015,1.437708
theta05_R0main,808,0.373242,0.489773,0.967554,0.471863,0.790996,1.037955,2.050495,0.952543
theta05_R0main,809,0.333633,0.508742,1.139777,0.487836,0.683903,1.042854,2.336392,1.228547
theta05_R0main,810,0.346575,0.568682,1.117241,0.498856,0.694739,1.139974,2.239608,1.170519
theta05_R0main,811,0.294413,0.688647,1.500262,0.551511,0.533829,1.248654,2.720274,1.628413
theta05_R0main,812,0.306382,0.542156,1.295906,0.483204,0.634064,1.122002,2.681903,1.442133
theta05_R0main,813,0.376865,0.628326,1.420368,0.553477,0.680905,1.135234,2.566265,1.326784
theta05_R0main,814,0.349173,0.608566,1.077555,0.518856,0.672967,1.172899,2.07679,1.126883
theta05_R0main,815,0.358909,0.646889,1.188139,0.551866,0.650355,1.172185,2.152948,1.197075
theta05_R0main,816,0.329674,0.551804,1.081842,0.486406,0.677776,1.134453,2.224157,1.188316
theta05_R0main,817,0.380472,0.629129,1.219017,0.544505,0.698749,1.155415,2.238764,1.164388
theta05_R0main,818,0.314425,0.564613,1.029282,0.49322,0.637494,1.144749,2.08686,1.18587
theta05_R0main,819,0.307642,0.623225,0.941746,0.512597,0.600163,1.215818,1.837204,1.118799
theta05_R0main,820,0.344304,0.521026,0.972138,0.468024,0.735655,1.113247,2.077112,1.037972
theta05_R0main,821,0.294799,0.618085,1.099217,0.502386,0.586798,1.230301,2.187996,1.316061
theta05_R0main,822,0.356429,0.642612,0.995766,0.535676,0.665382,1.199628,1.858894,1.027375
theta05_R0main,823,0.313876,0.59511,1.055088,0.500473,0.627158,1.189095,2.108181,1.212382
theta05_R0main,824,0.329522,0.541482,1.251656,0.494919,0.665809,1.094081,2.52901,1.33458
theta05_R0main,825,0.34136,0.634039,1.296422,0.537181,0.635467,1.180309,2.413381,1.334425
theta05_R0main,826,0.340991,0.526936,1.139021,0.491407,0.693907,1.072301,2.317878,1.20607
theta05_R0main,827,0.372333,0.63493,1.257283,0.566487,0.657267,1.12082,2.21944,1.216919
theta05_R0main,828,0.336749,0.491089,1.236934,0.465377,0.723605,1.055251,2.657919,1.301053
theta05_R0main,829,0.317136,0.548831,1.292898,0.48905,0.648474,1.12224,2.643694,1.40531
theta05_R0main,830,0.320823,0.505772,0.869634,0.450831,0.711626,1.121867,1.92896,0.997184
theta05_R0main,831,0.348665,0.547765,1.268993,0.501306,0.695514,1.092677,2.531376,1.291867
theta05_R0main,832,0.288034,0.541568,1.425002,0.509478,0.56535,1.062984,2.796982,1.598851
theta05_R0main,833,0.349415,0.4717,1.069555,0.476699,0.73299,0.989513,2.243672,1.118737
theta05_R0main,834,0.297558,0.558109,1.455975,0.483781,0.615068,1.15364,3.009574,1.587822
theta05_R0main,835,0.325426,0.610536,0.975263,0.509799,0.638343,1.197601,1.913033,1.09757
theta05_R0main,836,0.263574,0.506717,1.226245,0.462283,0.570158,1.09612,2.652587,1.537377
theta05_R0main,837,0.294509,0.591655,1.068785,0.488202,0.603252,1.211907,2.189228,1.288969
theta05_R0main,838,0.304615,0.588025,1.211379,0.503316,0.605216,1.168301,2.406794,1.380466
theta05_R0main,839,0.301464,0.584326,0.912433,0.483161,0.62394,1.209382,1.888465,1.107465
theta05_R0main,840,0.294272,0.546353,0.981446,0.466017,0.631461,1.172389,2.106032,1.204524
theta05_R0main,841,0.324581,0.609757,1.100194,0.495371,0.655229,1.230911,2.220952,1.220706
theta05_R0main,842,0.357205,0.578678,1.18649,0.497349,0.718218,1.163525,2.385628,1.200445
theta05_R0main,843,0.339623,0.534314,1.085725,0.49238,0.689757,1.085165,2.205053,1.162167
theta05_R0main,844,0.321685,0.633906,1.22591,0.527601,0.609713,1.201488,2.323556,1.337866
theta05_R0main,845,0.350288,0.57744,1.133338,0.501742,0.698145,1.150871,2.258807,1.174166
theta05_R0main,846,0.281397,0.562081,0.857469,0.45117,0.623705,1.24583,1.900546,1.114219
theta05_R0main,847,0.37659,0.594471,1.558623,0.543819,0.692491,1.093141,2.866068,1.420401
theta05_R0main,848,0.351238,0.487776,1.12419,0.479208,0.732954,1.017879,2.345932,1.163355
theta05_R0main,849,0.314094,0.624555,1.140924,0.508275,0.617961,1.228776,2.2447,1.289902
theta05_R0main,850,0.33446,0.612025,1.144847,0.502921,0.665035,1.216942,2.276397,1.23051
theta05_R0main,851,0.307863,0.548028,1.1055,0.47565,0.647247,1.152168,2.324191,1.278399
theta05_R0main,852,0.376244,0.535882,1.117799,0.495689,0.759033,1.081085,2.255043,1.088879
theta05_R0main,853,0.347587,0.552588,1.100107,0.508382,0.683712,1.086954,2.163936,1.152147
theta05_R0main,854,0.354432,0.592473,1.119509,0.513475,0.69026,1.153849,2.180259,1.15013
theta05_R0main,855,0.309287,0.536176,1.232428,0.48001,0.644334,1.117009,2.567505,1.382472
theta05_R0main,856,0.3111,0.604667,1.217243,0.505632,0.615269,1.195863,2.407371,1.36423
theta05_R0main,857,0.358452,0.696192,1.184356,0.564894,0.634548,1.232431,2.0966,1.19516
theta05_R0main,858,0.352473,0.591149,1.14086,0.517243,0.681445,1.142884,2.205654,1.174564
theta05_R0main,859,0.367668,0.58895,1.127641,0.528601,0.695548,1.114167,2.133253,1.120703
theta05_R0main,860,0.271371,0.55069,1.07273,0.452996,0.599058,1.215662,2.36808,1.374477
theta05_R0main,861,0.292777,0.587248,1.163075,0.490238,0.597214,1.197885,2.372472,1.379412
theta05_R0main,862,0.261012,0.51662,1.20092,0.443779,0.588158,1.16414,2.706124,1.526277
theta05_R0main,863,0.327232,0.577005,0.965767,0.488468,0.669915,1.181255,1.977136,1.082254
theta05_R0main,864,0.322443,0.541454,1.140685,0.47741,0.6754,1.134149,2.389318,1.263458
theta05_R0main,865,0.367205,0.506927,1.084873,0.499456,0.735209,1.014958,2.172108,1.083299
theta05_R0main,866,0.349728,0.509058,1.098557,0.476049,0.734646,1.069339,2.307656,1.144598
theta05_R0main,867,0.287963,0.491132,1.001827,0.436321,0.659979,1.125622,2.296079,1.24675
theta05_R0main,868,0.315987,0.534178,0.969507,0.468983,0.673771,1.139014,2.067255,1.121086
theta05_R0main,869,0.305709,0.504795,1.223148,0.459742,0.664957,1.097997,2.66051,1.38655
theta05_R0main,870,0.370107,0.580433,1.009434,0.517147,0.71567,1.122375,1.951927,1.003353
theta05_R0main,871,0.308456,0.568696,1.322756,0.508273,0.60687,1.118878,2.602451,1.455894
theta05_R0main,872,0.352201,0.55301,1.063477,0.498849,0.706027,1.108571,2.13186,1.105097
theta05_R0main,873,0.366183,0.574301,1.172745,0.505683,0.724135,1.135692,2.319128,1.163969
theta05_R0main,874,0.355344,0.583206,1.057244,0.508183,0.699244,1.14763,2.080439,1.090335
theta05_R0main,875,0.281547,0.534179,1.157864,0.460917,0.61084,1.158948,2.512088,1.414034
theta05_R0main,876,0.333406,0.63999,1.385782,0.534446,0.623835,1.197484,2.592933,1.424659
theta05_R0main,877,0.327231,0.624607,1.248513,0.536641,0.609776,1.16392,2.326534,1.339043
theta05_R0main,878,0.315344,0.63628,1.528757,0.532533,0.592159,1.19482,2.87073,1.578547
theta05_R0main,879,0.28925,0.558618,1.196682,0.450583,0.641947,1.239767,2.655852,1.420016
theta05_R0main,880,0.358977,0.605692,1.102765,0.531802,0.675021,1.138941,2.073636,1.122316
theta05_R0main,881,0.327338,0.533337,0.946367,0.462812,0.70728,1.152383,2.044818,1.061638
theta05_R0main,882,0.313891,0.59372,1.214781,0.493562,0.635971,1.202928,2.461253,1.353273
theta05_R0main,883,0.313909,0.530623,1.281665,0.506505,0.619754,1.047616,2.530408,1.406812
theta05_R0main,884,0.262365,0.530527,0.957533,0.451909,0.580571,1.173969,2.118862,1.294622
theta05_R0main,885,0.378891,0.523206,1.136935,0.50398,0.751798,1.038149,2.255912,1.098842
theta05_R0main,886,0.346272,0.586392,0.938191,0.484132,0.715242,1.211223,1.937882,0.99673
theta05_R0main,887,0.357792,0.516419,0.955332,0.4813,0.743387,1.072966,1.984897,0.982106
theta05_R0main,888,0.350164,0.633195,1.108233,0.521676,0.67123,1.213772,2.124373,1.152121
theta05_R0main,889,0.313767,0.533571,1.149592,0.482332,0.650521,1.106231,2.383404,1.298512
theta05_R0main,890,0.347079,0.550418,1.026749,0.482281,0.71966,1.141281,2.128942,1.084602
theta05_R0main,891,0.351689,0.543689,1.157868,0.477964,0.735807,1.13751,2.422501,1.191587
theta05_R0main,892,0.328391,0.638051,1.092482,0.500575,0.656029,1.274638,2.182457,1.202002
theta05_R0main,893,0.289376,0.526627,1.013328,0.448048,0.64586,1.17538,2.261651,1.253267
theta05_R0main,894,0.320724,0.637991,1.246226,0.519307,0.617599,1.228543,2.399784,1.357295
theta05_R0main,895,0.306557,0.570066,1.142098,0.504814,0.607268,1.12926,2.262413,1.315218
theta05_R0main,896,0.264135,0.500608,0.902769,0.428057,0.617057,1.16949,2.108993,1.229005
theta05_R0main,897,0.312862,0.485494,1.121875,0.445249,0.702667,1.090388,2.519657,1.276995
theta05_R0main,898,0.304742,0.538105,1.033947,0.463244,0.657844,1.161601,2.231972,1.221673
theta05_R0main,899,0.39555,0.659662,1.248326,0.584958,0.676203,1.127708,2.134043,1.149281
theta05_R0main,900,0.318274,0.512123,1.165034,0.46451,0.685182,1.102502,2.508091,1.297593
theta05_R0main,901,0.289094,0.525161,1.219568,0.488589,0.591691,1.074852,2.496105,1.439502
theta05_R0main,902,0.333558,0.576965,1.129177,0.507756,0.656926,1.136304,2.223856,1.219426
theta05_R0main,903,0.342457,0.53189,1.158854,0.514146,0.66607,1.034512,2.25394,1.21904
theta05_R0main,904,0.338516,0.55744,1.316541,0.526959,0.642395,1.057843,2.498376,1.358193
theta05_R0main,905,0.327143,0.548472,1.263477,0.501013,0.652963,1.094725,2.521843,1.351224
theta05_R0main,906,0.332278,0.620043,1.000933,0.50265,0.661052,1.233547,1.991311,1.102715
theta05_R0main,907,0.358977,0.687364,1.409248,0.570958,0.628728,1.203878,2.468216,1.367553
theta05_R0main,908,0.363727,0.544501,1.106136,0.490255,0.741914,1.110649,2.256247,1.112224
theta05_R0main,909,0.401623,0.56425,1.110955,0.527864,0.760845,1.068931,2.104624,1.017463
theta05_R0main,910,0.416736,0.561691,1.178124,0.53517,0.778698,1.049555,2.201402,1.039227
theta05_R0main,911,0.299205,0.476143,1.241358,0.487821,0.613351,0.976062,2.544702,1.422832
theta05_R0main,912,0.335253,0.571524,1.211387,0.508713,0.659022,1.12347,2.381279,1.284636
theta05_R0main,913,0.349518,0.549595,1.212736,0.493546,0.708176,1.113564,2.457188,1.24408
theta05_R0main,914,0.392815,0.45949,1.030733,0.475774,0.825635,0.965775,2.166437,0.964686
theta05_R0main,915,0.231112,0.538919,1.231527,0.45,0.513582,1.197597,2.736726,1.673107
theta05_R0main,916,0.310775,0.539618,1.096759,0.476393,0.65235,1.132715,2.302214,1.261046
theta05_R0main,917,0.29438,0.522759,0.916833,0.44734,0.658068,1.168596,2.049524,1.136055
theta05_R0main,918,0.345667,0.475417,1.296854,0.484468,0.713498,0.981318,2.676861,1.322221
theta05_R0main,919,0.368439,0.60331,1.077832,0.535578,0.687929,1.126465,2.012465,1.073431
theta05_R0main,920,0.332969,0.540187,1.091948,0.462719,0.719591,1.167418,2.359849,1.187669
theta05_R0main,921,0.353065,0.51754,1.28137,0.52682,0.670181,0.982384,2.432273,1.289033
theta05_R0main,922,0.341485,0.522406,1.238705,0.494476,0.6906,1.056485,2.505088,1.288519
theta05_R0main,923,0.368235,0.498658,1.032383,0.481202,0.765239,1.036276,2.145423,1.030904
theta05_R0main,924,0.338298,0.548699,0.948484,0.480809,0.703601,1.1412,1.972684,1.030939
theta05_R0main,925,0.367094,0.510447,1.303469,0.494519,0.742327,1.032209,2.635835,1.267166
theta05_R0main,926,0.236839,0.485558,1.21208,0.417231,0.567645,1.163762,2.905056,1.632713
theta05_R0main,927,0.358451,0.515417,0.992673,0.473033,0.757772,1.089601,2.098529,1.01861
theta05_R0main,928,0.355402,0.538866,1.345889,0.527894,0.673244,1.020784,2.549544,1.331561
theta05_R0main,929,0.348145,0.592486,1.149064,0.516124,0.674538,1.147952,2.226333,1.194084
theta05_R0main,930,0.316017,0.546353,0.939661,0.479009,0.659731,1.140589,1.961674,1.089722
theta05_R0main,931,0.320261,0.551678,0.85134,0.464735,0.689127,1.187083,1.831885,0.977676
theta05_R0main,932,0.340452,0.585402,1.048348,0.511259,0.66591,1.145022,2.050525,1.124697
theta05_R0main,933,0.301005,0.52042,1.318725,0.467388,0.644017,1.113466,2.821481,1.477292
theta05_R0main,934,0.360218,0.515716,1.049325,0.487902,0.738301,1.057007,2.150688,1.069192
theta05_R0main,935,0.307818,0.469905,1.107506,0.488885,0.629632,0.961177,2.265372,1.280358
theta05_R0main,936,0.368732,0.576117,1.252493,0.519945,0.709175,1.108035,2.408896,1.222821
theta05_R0main,937,0.275049,0.546742,1.365677,0.480876,0.571976,1.136972,2.839979,1.602455
theta05_R0main,938,0.324304,0.478516,1.444729,0.471497,0.687817,1.014887,3.064134,1.493997
theta05_R0main,939,0.322737,0.566264,1.42866,0.5131,0.628994,1.103613,2.78437,1.487655
theta05_R0main,940,0.384664,0.556074,1.196491,0.518895,0.741314,1.07165,2.305845,1.134779
theta05_R0main,941,0.382884,0.556963,1.127479,0.515338,0.742976,1.080773,2.187846,1.080009
theta05_R0main,942,0.380331,0.624799,1.533823,0.579642,0.656148,1.077905,2.646157,1.394478
theta05_R0main,943,0.385187,0.524047,1.0947,0.508538,0.757441,1.030497,2.152642,1.044505
theta05_R0main,944,0.330056,0.56762,1.188114,0.497027,0.664062,1.142031,2.390443,1.280859
theta05_R0main,945,0.342337,0.568449,1.021589,0.484793,0.706151,1.172562,2.10727,1.093319
theta05_R0main,946,0.314151,0.473313,1.021054,0.440361,0.713395,1.07483,2.318674,1.178716
theta05_R0main,947,0.276453,0.497911,1.334603,0.465424,0.593981,1.069803,2.867503,1.574349
theta05_R0main,948,0.370321,0.492293,1.170773,0.499387,0.741551,0.985794,2.34442,1.15105
theta05_R0main,949,0.283241,0.654686,1.166741,0.508398,0.557125,1.287743,2.294937,1.41567
theta05_R0main,950,0.327035,0.566637,0.929894,0.4854,0.673743,1.16736,1.915726,1.045003
theta05_R0main,951,0.29653,0.483006,1.259552,0.464802,0.63797,1.039167,2.709871,1.446364
theta05_R0main,952,0.404506,0.576828,1.112792,0.542211,0.74603,1.063843,2.052321,1.01196
theta05_R0main,953,0.370324,0.657615,1.09927,0.545153,0.679303,1.206296,2.016444,1.088023
theta05_R0main,954,0.323709,0.539491,1.138567,0.486589,0.665261,1.108721,2.339893,1.257681
theta05_R0main,955,0.280767,0.540825,1.036045,0.463588,0.605639,1.166608,2.234842,1.305642
theta05_R0main,956,0.336231,0.571065,1.104288,0.492084,0.683279,1.160503,2.244104,1.189158
theta05_R0main,957,0.345517,0.613511,1.375885,0.52141,0.662659,1.176638,2.638777,1.38181
theta05_R0main,958,0.36915,0.555685,0.998107,0.519764,0.710225,1.069109,1.920307,0.994658
theta05_R0main,959,0.315732,0.500524,1.474508,0.491833,0.641949,1.017671,2.997983,1.541186
theta05_R0main,960,0.289864,0.544405,1.252985,0.493324,0.587574,1.103544,2.53988,1.46387
theta05_R0main,961,0.308877,0.586726,1.175704,0.50486,0.611808,1.162156,2.328774,1.336679
theta05_R0main,962,0.363096,0.513141,1.047572,0.483899,0.750355,1.06043,2.164856,1.059562
theta05_R0main,963,0.352867,0.568104,1.096053,0.484305,0.728605,1.173028,2.263146,1.13338
theta05_R0main,964,0.369293,0.558165,1.013733,0.501,0.737112,1.114102,2.02342,1.009805
theta05_R0main,965,0.253026,0.529947,0.955501,0.432525,0.584996,1.225239,2.209122,1.328745
theta05_R0main,966,0.273873,0.56715,1.05475,0.453405,0.604037,1.25087,2.326288,1.348393
theta05_R0main,967,0.35671,0.618285,1.137043,0.522175,0.683124,1.184057,2.177513,1.159263
theta05_R0main,968,0.328832,0.563894,1.02237,0.486898,0.675361,1.158136,2.099763,1.134333
theta05_R0main,969,0.309634,0.511033,1.094394,0.488161,0.634287,1.046855,2.241872,1.262565
theta05_R0main,970,0.316304,0.498775,1.088562,0.450563,0.702019,1.107005,2.416005,1.23591
theta05_R0main,971,0.310956,0.546561,1.251338,0.473874,0.6562,1.153389,2.640658,1.392318
theta05_R0main,972,0.275292,0.529816,1.22211,0.443486,0.620747,1.194664,2.755692,1.4905
theta05_R0main,973,0.290601,0.576989,0.958973,0.480837,0.604365,1.19997,1.994384,1.193912
theta05_R0main,974,0.368395,0.550163,1.285798,0.504989,0.729509,1.089455,2.546189,1.249981
theta05_R0main,975,0.406574,0.576383,1.137361,0.542552,0.749373,1.062356,2.096317,1.028701
theta05_R0main,976,0.322243,0.540419,1.406724,0.497785,0.647353,1.085647,2.825965,1.473713
theta05_R0main,977,0.310164,0.602192,1.13949,0.505812,0.6132,1.190544,2.252792,1.301235
theta05_R0main,978,0.312001,0.541395,1.278124,0.474812,0.657103,1.140229,2.691853,1.410144
theta05_R0main,979,0.286875,0.56461,0.970543,0.447108,0.641623,1.262805,2.170711,1.218809
theta05_R0main,980,0.417323,0.543541,1.184829,0.530578,0.786544,1.024431,2.233091,1.043493
theta05_R0main,981,0.299998,0.540588,1.023043,0.462538,0.648591,1.168743,2.211805,1.226762
theta05_R0main,982,0.368384,0.526867,1.32781,0.519807,0.708693,1.013582,2.55443,1.282162
theta05_R0main,983,0.321967,0.512893,1.363176,0.467459,0.68876,1.097194,2.916143,1.443125
theta05_R0main,984,0.333048,0.572623,1.158107,0.513186,0.648982,1.11582,2.2567,1.246254
theta05_R0main,985,0.323808,0.643186,1.11923,0.506271,0.639593,1.270437,2.210732,1.240246
theta05_R0main,986,0.333401,0.664003,1.004095,0.503313,0.662413,1.319265,1.994973,1.102496
theta05_R0main,987,0.316614,0.619786,1.135747,0.496736,0.637389,1.247717,2.286419,1.277362
theta05_R0main,988,0.405584,0.574223,1.345141,0.547374,0.740962,1.04905,2.457442,1.198927
theta05_R0main,989,0.349975,0.57592,1.213604,0.534751,0.654463,1.076988,2.269476,1.243488
theta05_R0main,990,0.325676,0.517167,1.235849,0.489994,0.664652,1.055456,2.52217,1.333611
theta05_R0main,991,0.341527,0.550226,1.229049,0.483395,0.706518,1.138253,2.542537,1.280569
theta05_R0main,992,0.324759,0.488808,1.253254,0.462765,0.70178,1.056277,2.708186,1.350414
theta05_R0main,993,0.340092,0.564441,1.214038,0.50518,0.673209,1.117307,2.403178,1.272491
theta05_R0main,994,0.321175,0.63024,1.221394,0.539409,0.59542,1.168391,2.26432,1.335763
theta05_R0main,995,0.324442,0.611883,1.310262,0.51959,0.624419,1.177627,2.521724,1.395877
theta05_R0main,996,0.342021,0.545643,1.128205,0.490948,0.696656,1.111407,2.298014,1.193509
theta05_R0main,997,0.342916,0.609662,1.202593,0.537893,0.637517,1.133427,2.235749,1.254751
theta05_R0main,998,0.319055,0.653383,1.18841,0.515324,0.619135,1.267908,2.306144,1.315009
theta05_R0main,999,0.253433,0.567471,1.055808,0.455478,0.55641,1.24588,2.31802,1.426962
theta05_R0main,1000,0.339493,0.506662,1.089041,0.494643,0.686339,1.024298,2.201669,1.165599
theta05_R0main,1001,0.297109,0.519738,1.193136,0.452307,0.656875,1.149082,2.637889,1.39024
theta05_R0main,1002,0.348432,0.501584,1.203354,0.493562,0.705952,1.016253,2.438098,1.239426
theta05_R0main,1003,0.387658,0.580326,1.019738,0.542281,0.714867,1.070158,1.880462,0.967177
theta05_R0main,1004,0.328411,0.604718,1.322282,0.511594,0.641937,1.182027,2.584633,1.392848
theta05_R0main,1005,0.330639,0.573205,1.141769,0.487864,0.677729,1.174928,2.340343,1.239306
theta05_R0main,1006,0.328259,0.579487,1.611487,0.55573,0.590681,1.04275,2.899768,1.59111
theta05_R0main,1007,0.31686,0.546779,1.25016,0.486279,0.651601,1.124415,2.570869,1.372567
theta05_R0main,1008,0.337116,0.518195,1.010006,0.48135,0.700355,1.076546,2.098279,1.097285
theta05_R0main,1009,0.321033,0.539891,1.010183,0.468427,0.685342,1.152563,2.156543,1.146344
theta05_R0main,1010,0.297948,0.500834,1.085493,0.452654,0.658224,1.106438,2.398064,1.292872
theta05_R0main,1011,0.329808,0.588554,0.944621,0.486292,0.67821,1.21029,1.942497,1.052273
theta05_R0main,1012,0.29182,0.52098,0.976044,0.457571,0.637759,1.138577,2.133099,1.207371
theta05_R0main,1013,0.304534,0.549709,1.346255,0.476315,0.639353,1.154086,2.826393,1.486299
theta05_R0main,1014,0.390328,0.577418,1.163975,0.537909,0.72564,1.073448,2.163887,1.092608
theta05_R0main,1015,0.303664,0.472174,1.094778,0.448017,0.677796,1.053919,2.443609,1.282384
theta05_R0main,1016,0.334396,0.700673,1.028938,0.539685,0.619614,1.2983,1.906553,1.123956
theta05_R0main,1017,0.305339,0.525146,1.168907,0.455438,0.670429,1.153057,2.566555,1.342402
theta05_R0main,1018,0.360727,0.530039,1.15763,0.49543,0.728109,1.069856,2.336616,1.166008
theta05_R0main,1019,0.384597,0.581079,1.288064,0.532094,0.722799,1.09206,2.420744,1.208699
theta05_R0main,1020,0.298546,0.565866,1.117811,0.491018,0.608015,1.152434,2.276517,1.320202
theta05_R0main,1021,0.299554,0.543939,0.969447,0.459026,0.652585,1.184984,2.111964,1.174432
theta05_R0main,1022,0.289871,0.560772,0.953232,0.460292,0.629755,1.218296,2.070929,1.190422
theta05_R0main,1023,0.258755,0.543213,1.035197,0.432811,0.597847,1.255082,2.391801,1.386467
theta05_R0main,1024,0.310757,0.537698,0.948005,0.459698,0.676002,1.169677,2.062234,1.115349
theta05_R0main,1025,0.368674,0.558539,1.482443,0.54373,0.678045,1.027235,2.72643,1.391534
theta05_R0main,1026,0.354614,0.590626,1.0247,0.503665,0.704067,1.172657,2.034487,1.061125
theta05_R0main,1027,0.370459,0.512342,1.23606,0.523984,0.707004,0.977782,2.358965,1.204942
theta05_R0main,1028,0.301675,0.522045,1.109357,0.482101,0.625752,1.082854,2.301089,1.302184
theta05_R0main,1029,0.339624,0.627651,1.195808,0.514049,0.660685,1.220995,2.326254,1.258737
theta05_R0main,1030,0.378339,0.530542,1.118656,0.504946,0.749266,1.050691,2.215396,1.084093
theta05_R0main,1031,0.320908,0.43974,1.029526,0.435382,0.737072,1.01001,2.36465,1.1657
theta05_R0main,1032,0.329939,0.533275,1.234291,0.484734,0.680659,1.100138,2.546323,1.319344
theta05_R0main,1033,0.363172,0.607386,1.260073,0.53629,0.677193,1.132571,2.349611,1.244049
theta05_R0main,1034,0.279405,0.481034,1.181112,0.446059,0.626387,1.078411,2.647885,1.441548
theta05_R0main,1035,0.337452,0.490261,1.094622,0.48319,0.698384,1.014635,2.26541,1.176741
theta05_R0main,1036,0.270712,0.525259,0.918824,0.457899,0.591204,1.147108,2.00661,1.222041
theta05_R0main,1037,0.327075,0.595655,1.215916,0.531776,0.615063,1.120124,2.28652,1.313062
theta05_R0main,1038,0.360622,0.530478,0.881568,0.477729,0.754867,1.110415,1.845329,0.893871
theta05_R0main,1039,0.357182,0.548409,0.976445,0.501068,0.712841,1.09448,1.948729,1.005674
theta05_R0main,1040,0.329512,0.534778,1.188223,0.493531,0.667661,1.083573,2.407594,1.282603
theta05_R0main,1041,0.326713,0.55007,1.074507,0.472826,0.69098,1.163369,2.272522,1.190535
theta05_R0main,1042,0.291094,0.590691,1.139831,0.480285,0.606085,1.229878,2.373241,1.364991
theta05_R0main,1043,0.317687,0.495883,0.948373,0.448685,0.708041,1.105192,2.113673,1.093681
theta05_R0main,1044,0.32365,0.552139,1.256936,0.470297,0.688182,1.174023,2.672644,1.35677
theta05_R0main,1045,0.337823,0.561301,1.013911,0.478045,0.706676,1.17416,2.120953,1.099048
theta05_R0main,1046,0.333674,0.545096,1.10022,0.471993,0.706947,1.154882,2.331012,1.193102
theta05_R0main,1047,0.318557,0.502852,1.243321,0.477891,0.666589,1.052233,2.601684,1.361741
theta05_R0main,1048,0.300836,0.526368,1.087897,0.457145,0.658075,1.151424,2.379762,1.285438
theta05_R0main,1049,0.359261,0.482751,1.23751,0.479591,0.749097,1.006588,2.580341,1.236808
theta05_R0main,1050,0.301249,0.512277,1.006245,0.46049,0.654193,1.11246,2.185159,1.206042
theta05_R0main,1051,0.341104,0.491151,1.119123,0.448695,0.760214,1.094621,2.494172,1.188113
theta05_R0main,1052,0.372744,0.534276,1.348987,0.529455,0.704014,1.009106,2.54788,1.286219
theta05_R0main,1053,0.307913,0.54475,1.314121,0.492339,0.625408,1.106454,2.669138,1.451107
theta05_R0main,1054,0.313502,0.473788,0.976855,0.426271,0.735453,1.111473,2.29163,1.136532
theta05_R0main,1055,0.336619,0.520041,1.24607,0.483512,0.696196,1.07555,2.577123,1.308798
theta05_R0main,1056,0.328526,0.583845,1.00055,0.487069,0.674495,1.198691,2.054227,1.113691
theta05_R0main,1057,0.346403,0.501759,1.154397,0.479238,0.72282,1.046993,2.408817,1.203731
theta05_R0main,1058,0.305594,0.552142,1.080452,0.481989,0.634027,1.145549,2.241652,1.262877
theta05_R0main,1059,0.358242,0.519903,0.971439,0.464548,0.771162,1.119159,2.091149,0.997571
theta05_R0main,1060,0.30172,0.599042,1.225966,0.488726,0.61736,1.225721,2.508493,1.401985
theta05_R0main,1061,0.321223,0.563093,1.280001,0.485496,0.661639,1.159831,2.636483,1.382481
theta05_R0main,1062,0.261094,0.559038,1.075342,0.438591,0.595302,1.274623,2.451812,1.415513
theta05_R0main,1063,0.286359,0.496475,1.103245,0.451037,0.63489,1.100741,2.44602,1.348766
theta05_R0main,1064,0.368505,0.604223,1.280329,0.526376,0.700079,1.147892,2.432346,1.245418
theta05_R0main,1065,0.283049,0.536647,1.339861,0.452994,0.624842,1.184667,2.957792,1.5547
theta05_R0main,1066,0.330824,0.578895,1.127773,0.510453,0.648099,1.134082,2.20936,1.226415
theta05_R0main,1067,0.327858,0.478937,1.244612,0.469747,0.697946,1.019565,2.649537,1.333998
theta05_R0main,1068,0.33988,0.523014,1.422225,0.496662,0.684328,1.053058,2.863566,1.431385
theta05_R0main,1069,0.315874,0.546567,0.877324,0.478216,0.660526,1.14293,1.834578,1.021534
theta05_R0main,1070,0.297462,0.600051,1.059431,0.503469,0.590824,1.191832,2.104262,1.270202
theta05_R0main,1071,0.343087,0.573582,1.147398,0.501048,0.684738,1.144764,2.289997,1.207269
theta05_R0main,1072,0.309071,0.547582,1.298,0.49378,0.625929,1.108961,2.628703,1.435009
theta05_R0main,1073,0.361997,0.52724,1.132824,0.509731,0.710173,1.034351,2.222397,1.140833
theta05_R0main,1074,0.337657,0.622753,1.018429,0.489875,0.689273,1.271249,2.078957,1.103985
theta05_R0main,1075,0.335272,0.505371,1.522525,0.535581,0.625996,0.943593,2.842753,1.513184
theta05_R0main,1076,0.362247,0.632681,1.169243,0.545562,0.663989,1.159687,2.143191,1.171786
theta05_R0main,1077,0.350854,0.563757,1.227397,0.507036,0.691971,1.111867,2.420729,1.25228
theta05_R0main,1078,0.310637,0.585556,1.138647,0.479596,0.647706,1.220934,2.374177,1.298969
theta05_R0main,1079,0.331848,0.588692,1.145083,0.504407,0.657897,1.167096,2.270155,1.238555
theta05_R0main,1080,0.365667,0.534422,0.925263,0.487763,0.74968,1.095658,1.89695,0.928355
theta05_R0main,1081,0.365723,0.533982,1.145852,0.512803,0.713185,1.0413,2.234486,1.142026
theta05_R0main,1082,0.271319,0.569704,1.226685,0.471881,0.574974,1.207303,2.599564,1.508774
theta05_R0main,1083,0.324103,0.505113,1.104351,0.473433,0.68458,1.066915,2.332642,1.225952
theta05_R0main,1084,0.344233,0.577,1.088444,0.521033,0.660674,1.107416,2.089013,1.151186
theta05_R0main,1085,0.347203,0.539032,1.129354,0.484553,0.716543,1.112432,2.330714,1.179492
theta05_R0main,1086,0.276287,0.561752,1.272463,0.473147,0.583935,1.187266,2.689358,1.527269
theta05_R0main,1087,0.34776,0.575751,1.065621,0.505532,0.687909,1.138901,2.107922,1.119802
theta05_R0main,1088,0.289563,0.539791,1.151736,0.456504,0.634305,1.182445,2.522946,1.380652
theta05_R0main,1089,0.33074,0.577094,1.313938,0.516082,0.640866,1.118222,2.545986,1.379452
theta05_R0main,1090,0.324288,0.530616,0.94292,0.469265,0.691054,1.130739,2.009355,1.06735
theta05_R0main,1091,0.288629,0.540881,1.296924,0.476506,0.60572,1.135098,2.721739,1.502609
theta05_R0main,1092,0.302851,0.596515,1.291349,0.521473,0.580761,1.143904,2.47635,1.450202
theta05_R0main,1093,0.28219,0.44776,1.168991,0.413533,0.682388,1.082767,2.826841,1.421317
theta05_R0main,1094,0.297126,0.478311,1.242601,0.440348,0.674754,1.086212,2.821864,1.430805
theta05_R0main,1095,0.309789,0.559028,1.288724,0.512169,0.604857,1.09149,2.516207,1.425516
theta05_R0main,1096,0.326706,0.43858,1.303228,0.460661,0.709211,0.952065,2.829037,1.383538
theta05_R0main,1097,0.379902,0.561708,1.08159,0.526834,0.721104,1.066196,2.052999,1.046273
theta05_R0main,1098,0.359179,0.575302,1.114862,0.534703,0.671736,1.075927,2.08501,1.132664
theta05_R0main,1099,0.381952,0.530165,1.178116,0.51138,0.746904,1.036734,2.303799,1.126378
theta05_R0main,1100,0.316985,0.569477,0.962545,0.481026,0.658978,1.183881,2.001025,1.110725
theta05_R0main,1101,0.353927,0.546382,1.164468,0.502082,0.704919,1.088232,2.31928,1.190929
theta05_R0main,1102,0.303004,0.599653,1.18242,0.521318,0.581228,1.150264,2.268135,1.361571
theta05_R0main,1103,0.35277,0.541978,1.269986,0.495209,0.712367,1.094444,2.564548,1.280944
theta05_R0main,1104,0.285743,0.499138,1.033151,0.425154,0.672094,1.174016,2.430063,1.285275
theta05_R0main,1105,0.285182,0.604729,1.04836,0.469655,0.607216,1.287603,2.232193,1.301855
theta05_R0main,1106,0.282978,0.475381,1.111861,0.43194,0.655132,1.100572,2.57411,1.368423
theta05_R0main,1107,0.325403,0.498364,1.088879,0.466022,0.698255,1.069399,2.336539,1.207841
theta05_R0main,1108,0.35808,0.540764,1.201838,0.518597,0.690478,1.042745,2.317483,1.210853
theta05_R0main,1109,0.322234,0.553246,0.941311,0.477848,0.674344,1.157787,1.969897,1.071997
theta05_R0main,1110,0.371906,0.553161,1.00018,0.499757,0.744174,1.106861,2.001332,0.989294
theta05_R0main,1111,0.301176,0.525448,1.085942,0.475358,0.633578,1.105374,2.284471,1.282507
theta05_R0main,1112,0.303069,0.545706,1.184612,0.482459,0.628174,1.131092,2.455361,1.363212
theta05_R0main,1113,0.291653,0.543938,1.11114,0.479786,0.607882,1.13371,2.315907,1.337576
theta05_R0main,1114,0.39161,0.52161,1.223604,0.516056,0.758852,1.010762,2.371067,1.139289
theta05_R0main,1115,0.36635,0.521454,1.305294,0.515851,0.710186,1.010861,2.530368,1.270593
theta05_R0main,1116,0.270434,0.565534,1.110161,0.436552,0.619477,1.295457,2.543023,1.412234
theta05_R0main,1117,0.349199,0.609681,1.295086,0.508847,0.686255,1.198161,2.545139,1.310691
theta05_R0main,1118,0.310341,0.573752,0.947011,0.469215,0.661403,1.22279,2.018287,1.115641
theta05_R0main,1119,0.31244,0.596785,1.25777,0.496283,0.629561,1.202511,2.534381,1.392683
theta05_R0main,1120,0.289431,0.601431,1.169539,0.49952,0.579417,1.204018,2.341326,1.39645
theta05_R0main,1121,0.36462,0.590293,1.243167,0.512674,0.711213,1.151401,2.424869,1.226561
theta05_R0main,1122,0.281285,0.495679,1.220697,0.445564,0.631301,1.112476,2.739666,1.467808
theta05_R0main,1123,0.341995,0.592935,1.180965,0.496621,0.688645,1.19394,2.378001,1.23929
theta05_R0main,1124,0.335079,0.616805,1.078324,0.521798,0.642162,1.182078,2.066556,1.168798
theta05_R0main,1125,0.325589,0.580648,1.077119,0.488579,0.6664,1.188442,2.204593,1.196409
theta05_R0main,1126,0.371589,0.480938,1.361317,0.481097,0.77238,0.99967,2.829613,1.298419
theta05_R0main,1127,0.309318,0.580028,1.205576,0.48358,0.639642,1.199445,2.493023,1.360342
theta05_R0main,1128,0.297384,0.579632,1.297512,0.488385,0.608912,1.186834,2.656739,1.473181
theta05_R0main,1129,0.279623,0.546619,1.318305,0.46719,0.598521,1.170013,2.821772,1.550659
theta05_R0main,1130,0.352453,0.583023,1.22582,0.508386,0.693278,1.146812,2.411201,1.246449
theta05_R0main,1131,0.310521,0.51599,1.084707,0.44661,0.695286,1.15535,2.428758,1.250812
theta05_R0main,1132,0.293926,0.518318,0.928085,0.445562,0.659676,1.163292,2.082955,1.149794
theta05_R0main,1133,0.359011,0.53917,1.255405,0.514736,0.697465,1.047469,2.438927,1.251861
theta05_R0main,1134,0.406593,0.602528,1.268414,0.56329,0.721819,1.06966,2.251796,1.13771
theta05_R0main,1135,0.328665,0.54704,1.132574,0.486966,0.674925,1.123364,2.325777,1.237208
theta05_R0main,1136,0.412195,0.521123,0.903597,0.500001,0.824388,1.042244,1.807189,0.784886
theta05_R0main,1137,0.321171,0.553771,1.069475,0.466524,0.688434,1.187016,2.292433,1.202949
theta05_R0main,1138,0.31773,0.55257,1.094989,0.468878,0.677638,1.178494,2.335338,1.237299
theta05_R0main,1139,0.297029,0.58964,1.145482,0.478521,0.620724,1.232212,2.393795,1.349749
theta05_R0main,1140,0.356172,0.558126,1.136039,0.529231,0.673,1.054597,2.146584,1.159888
theta05_R0main,1141,0.356767,0.497043,1.044523,0.462904,0.770714,1.073751,2.256457,1.074234
theta05_R0main,1142,0.40268,0.562407,1.219427,0.529397,0.760639,1.062354,2.303427,1.107994
theta05_R0main,1143,0.343777,0.542708,1.233817,0.499546,0.688178,1.086403,2.469878,1.277876
theta05_R0main,1144,0.328926,0.577982,1.11468,0.501826,0.655458,1.151757,2.221247,1.22049
theta05_R0main,1145,0.306359,0.511559,0.979586,0.450882,0.679466,1.134573,2.172599,1.162373
theta05_R0main,1146,0.325867,0.590516,1.17247,0.478203,0.681441,1.234866,2.451827,1.28038
theta05_R0main,1147,0.453678,0.694013,1.085334,0.609057,0.744887,1.139489,1.781992,0.872255
theta05_R0main,1148,0.330199,0.498407,1.004374,0.462051,0.714637,1.078684,2.173728,1.112424
theta05_R0main,1149,0.343507,0.57297,0.869848,0.498906,0.68852,1.148452,1.743508,0.92911
theta05_R0main,1150,0.307763,0.634156,1.134472,0.493881,0.623152,1.284026,2.297057,1.304593
theta05_R0main,1151,0.341247,0.509981,1.040167,0.491652,0.694082,1.037281,2.115658,1.114531
theta05_R0main,1152,0.346452,0.606466,1.057072,0.529991,0.653695,1.144296,1.99451,1.115512
theta05_R0main,1153,0.291988,0.595571,1.433284,0.516516,0.565303,1.153053,2.774905,1.59101
theta05_R0main,1154,0.30422,0.559369,0.89887,0.456374,0.666603,1.22568,1.969589,1.083386
theta05_R0main,1155,0.377465,0.548826,1.303565,0.517814,0.72896,1.059891,2.51744,1.239379
theta05_R0main,1156,0.362134,0.553742,1.321012,0.526389,0.687959,1.051963,2.509573,1.294139
theta05_R0main,1157,0.344237,0.56177,1.073004,0.492577,0.698849,1.14047,2.178346,1.136886
theta05_R0main,1158,0.347837,0.546158,1.19006,0.503559,0.690757,1.084597,2.3633,1.230026
theta05_R0main,1159,0.334708,0.593285,1.275725,0.533441,0.627451,1.112185,2.391503,1.338012
theta05_R0main,1160,0.388291,0.584779,1.000779,0.506528,0.766573,1.154486,1.975763,0.94678
theta05_R0main,1161,0.337484,0.500284,1.198356,0.479246,0.704197,1.043899,2.500503,1.267189
theta05_R0main,1162,0.381435,0.559191,1.098137,0.527533,0.723053,1.060011,2.081646,1.057431
theta05_R0main,1163,0.328321,0.623085,1.155549,0.517277,0.63471,1.204549,2.233908,1.258339
theta05_R0main,1164,0.335815,0.561184,1.479282,0.547806,0.613018,1.024421,2.700375,1.482751
theta05_R0main,1165,0.368099,0.56699,1.183837,0.504185,0.730086,1.124567,2.34802,1.168165
theta05_R0main,1166,0.29848,0.586381,1.010482,0.502094,0.594471,1.167871,2.012536,1.21948
theta05_R0main,1167,0.355758,0.545352,1.002085,0.485246,0.73315,1.123867,2.065107,1.035586
theta05_R0main,1168,0.294022,0.516565,1.098678,0.453345,0.648561,1.139453,2.423493,1.318209
theta05_R0main,1169,0.322723,0.562219,1.164971,0.504352,0.639877,1.114736,2.309836,1.283656
theta05_R0main,1170,0.314813,0.525848,1.153734,0.475723,0.661757,1.105365,2.425222,1.29878
theta05_R0main,1171,0.318715,0.520554,1.14671,0.475109,0.670826,1.095651,2.413573,1.280355
theta05_R0main,1172,0.324381,0.561771,1.109565,0.492728,0.658336,1.140123,2.25188,1.229806
theta05_R0main,1173,0.299507,0.580271,0.92288,0.466921,0.64145,1.242759,1.976521,1.125362
theta05_R0main,1174,0.394045,0.564027,1.268846,0.533922,0.73802,1.056383,2.376462,1.169397
theta05_R0main,1175,0.330781,0.623712,1.320625,0.532249,0.621478,1.171843,2.481217,1.384404
theta05_R0main,1176,0.299286,0.58982,1.158564,0.469852,0.63698,1.255333,2.465807,1.353536
theta05_R0main,1177,0.324229,0.517903,1.32915,0.46355,0.699449,1.117253,2.867329,1.410844
theta05_R0main,1178,0.346768,0.553741,1.128674,0.511467,0.677986,1.082652,2.206737,1.180144
theta05_R0main,1179,0.360454,0.475546,1.041835,0.474762,0.75923,1.001651,2.194435,1.061375
theta05_R0main,1180,0.339044,0.494773,1.157528,0.467157,0.72576,1.059115,2.477813,1.227913
theta05_R0main,1181,0.306604,0.576051,1.053273,0.49905,0.614376,1.154296,2.110558,1.2341
theta05_R0main,1182,0.373108,0.522767,1.190073,0.49805,0.749137,1.049626,2.389464,1.159902
theta05_R0main,1183,0.360501,0.524033,1.093928,0.486497,0.741013,1.077156,2.248582,1.110037
theta05_R0main,1184,0.358801,0.542803,1.028082,0.496877,0.722113,1.092429,2.069087,1.052682
theta05_R0main,1185,0.296318,0.52084,1.070653,0.470056,0.630389,1.108039,2.277714,1.28459
theta05_R0main,1186,0.356812,0.533831,0.973203,0.488018,0.731145,1.093877,1.994197,1.003385
theta05_R0main,1187,0.321097,0.545088,1.024096,0.473059,0.678769,1.152263,2.164839,1.159821
theta05_R0main,1188,0.35912,0.571457,1.274174,0.525371,0.683555,1.087721,2.425285,1.266397
theta05_R0main,1189,0.397702,0.598217,1.35973,0.543807,0.731329,1.100055,2.500393,1.229339
theta05_R0main,1190,0.304766,0.531651,1.11316,0.46167,0.660139,1.151582,2.411162,1.295413
theta05_R0main,1191,0.274726,0.481994,1.193604,0.44118,0.622707,1.09251,2.70548,1.468958
theta05_R0main,1192,0.340969,0.623424,0.947447,0.500753,0.680913,1.244975,1.892047,1.021979
theta05_R0main,1193,0.299437,0.514955,1.131169,0.459843,0.651172,1.119849,2.4599,1.329102
theta05_R0main,1194,0.319386,0.60664,1.229891,0.513041,0.622535,1.182439,2.397256,1.348279
theta05_R0main,1195,0.288395,0.646451,1.19881,0.495517,0.582008,1.304599,2.419313,1.424754
theta05_R0main,1196,0.341588,0.559607,1.196568,0.520448,0.656334,1.07524,2.299109,1.253608
theta05_R0main,1197,0.29407,0.507011,1.316449,0.483955,0.60764,1.04764,2.720187,1.498874
theta05_R0main,1198,0.300856,0.57031,1.136993,0.49722,0.605076,1.146997,2.286701,1.329511
theta05_R0main,1199,0.307913,0.50533,0.915673,0.446847,0.689079,1.13088,2.049186,1.089842
theta05_R0main,1200,0.326056,0.700081,1.169506,0.536139,0.608155,1.305784,2.18135,1.277269
theta05_R0main,1201,0.349909,0.616835,1.424267,0.537054,0.651534,1.148551,2.651997,1.403739
theta05_R0main,1202,0.352977,0.574286,1.177356,0.522892,0.675046,1.098287,2.251622,1.204624
theta05_R0main,1203,0.290051,0.527168,1.024391,0.460615,0.629705,1.144489,2.223966,1.261796
theta05_R0main,1204,0.321955,0.595069,1.26012,0.51168,0.629212,1.162972,2.462712,1.36455
theta05_R0main,1205,0.349485,0.565544,1.507895,0.542245,0.644515,1.042968,2.780836,1.462009
theta05_R0main,1206,0.326708,0.517924,0.936555,0.461498,0.70793,1.122268,2.029383,1.053141
theta05_R0main,1207,0.326483,0.562581,1.017845,0.481867,0.677538,1.167502,2.112295,1.137065
theta05_R0main,1208,0.343989,0.705385,1.066569,0.537983,0.639405,1.311167,1.982534,1.131593
theta05_R0main,1209,0.363617,0.557938,1.104726,0.506858,0.717394,1.100778,2.179559,1.111253
theta05_R0main,1210,0.334558,0.500183,1.013008,0.46799,0.714882,1.06879,2.164592,1.10787
theta05_R0main,1211,0.316084,0.588663,1.30629,0.506398,0.624182,1.162451,2.579573,1.418937
theta05_R0main,1212,0.365261,0.591645,1.358353,0.538108,0.678789,1.099492,2.524315,1.313415
theta05_R0main,1213,0.307282,0.640992,0.964892,0.504668,0.608879,1.270125,1.911933,1.14425
theta05_R0main,1214,0.317492,0.547199,1.268284,0.487456,0.651325,1.122559,2.60184,1.384966
theta05_R0main,1215,0.368531,0.501513,1.091734,0.49009,0.751966,1.023309,2.227621,1.085999
theta05_R0main,1216,0.316012,0.562382,1.092339,0.502328,0.629095,1.119552,2.174555,1.240298
theta05_R0main,1217,0.327822,0.706183,1.016386,0.526985,0.622071,1.340043,1.928679,1.131537
theta05_R0main,1218,0.348789,0.574767,1.066112,0.49743,0.701182,1.155473,2.143242,1.117307
theta05_R0main,1219,0.367233,0.528413,0.953223,0.471984,0.778063,1.119559,2.01961,0.953852
theta05_R0main,1220,0.267471,0.522127,1.117897,0.441204,0.606231,1.183415,2.533744,1.430192
theta05_R0main,1221,0.316402,0.532482,1.133233,0.496919,0.636726,1.071566,2.280518,1.275818
theta05_R0main,1222,0.410006,0.510973,1.183841,0.528874,0.775243,0.966154,2.23842,1.060349
theta05_R0main,1223,0.317441,0.624795,1.135462,0.490695,0.64692,1.273286,2.313987,1.274504
theta05_R0main,1224,0.396384,0.454832,1.145317,0.506484,0.782619,0.898018,2.261308,1.061053
theta05_R0main,1225,0.261222,0.559677,1.048339,0.439108,0.594891,1.274576,2.387428,1.389593
theta05_R0main,1226,0.328172,0.589396,1.269048,0.503678,0.651552,1.170185,2.519562,1.352484
theta05_R0main,1227,0.311492,0.56485,1.178172,0.486338,0.640485,1.161436,2.42254,1.330346
theta05_R0main,1228,0.351644,0.596079,1.093553,0.510753,0.688481,1.16706,2.141059,1.134569
theta05_R0main,1229,0.303823,0.598751,1.174721,0.495925,0.61264,1.207343,2.368748,1.35234
theta05_R0main,1230,0.3701,0.536734,1.130422,0.511942,0.722933,1.048429,2.208107,1.116574
theta05_R0main,1231,0.305619,0.573836,0.97946,0.480212,0.636425,1.194964,2.039642,1.164663
theta05_R0main,1232,0.365084,0.587365,1.105938,0.513397,0.711114,1.144075,2.154157,1.108322
theta05_R0main,1233,0.323636,0.49861,1.049636,0.468052,0.691454,1.065287,2.242562,1.176578
theta05_R0main,1234,0.357163,0.584408,0.946962,0.517266,0.690483,1.129802,1.830708,0.975066
theta05_R0main,1235,0.369544,0.573999,1.181193,0.528452,0.699296,1.086191,2.235196,1.16201
theta05_R0main,1236,0.303474,0.519885,1.121521,0.448553,0.676563,1.159028,2.500311,1.307145
theta05_R0main,1237,0.325544,0.522249,1.182172,0.481148,0.676598,1.085423,2.456983,1.289611
theta05_R0main,1238,0.327041,0.593795,1.215693,0.516264,0.633476,1.150178,2.35479,1.312985
theta05_R0main,1239,0.33921,0.517966,1.313639,0.482306,0.703308,1.073936,2.723663,1.353938
theta05_R0main,1240,0.350796,0.576479,1.287956,0.516264,0.67949,1.116637,2.494764,1.300606
theta05_R0main,1241,0.353528,0.56073,1.393534,0.504455,0.700812,1.111556,2.762453,1.371635
theta05_R0main,1242,0.359721,0.54262,1.143171,0.504699,0.712745,1.075138,2.265056,1.156231
theta05_R0main,1243,0.311131,0.578675,1.169065,0.518142,0.600475,1.116828,2.256266,1.323746
theta05_R0main,1244,0.330701,0.53164,1.126982,0.47632,0.694283,1.11614,2.366019,1.226084
theta05_R0main,1245,0.381698,0.507695,1.264349,0.521887,0.73138,0.972806,2.422649,1.197684
theta05_R0main,1246,0.332122,0.622723,1.08864,0.498611,0.666095,1.248917,2.183346,1.187181
theta05_R0main,1247,0.347588,0.51081,1.003675,0.477193,0.728402,1.070449,2.103292,1.060406
theta05_R0main,1248,0.336519,0.495772,1.053038,0.455497,0.738795,1.08842,2.311846,1.140782
theta05_R0main,1249,0.427153,0.579301,1.295728,0.562845,0.758917,1.029237,2.302103,1.109686
theta05_R0main,1250,0.257667,0.515275,1.265185,0.447263,0.576098,1.152064,2.82873,1.591305
theta05_R0main,1251,0.342841,0.592691,1.13662,0.498018,0.688409,1.190099,2.282285,1.198549
theta05_R0main,1252,0.350837,0.540553,1.140541,0.499798,0.701958,1.081545,2.282005,1.178937
theta05_R0main,1253,0.346258,0.647102,1.063176,0.51921,0.666895,1.246322,2.047681,1.12183
theta05_R0main,1254,0.33457,0.543183,1.067693,0.475036,0.704303,1.143455,2.247603,1.160411
theta05_R0main,1255,0.324462,0.511254,1.143688,0.461763,0.702659,1.107179,2.476788,1.259847
theta05_R0main,1256,0.281666,0.572416,1.286906,0.494456,0.569648,1.157669,2.60267,1.519275
theta05_R0main,1257,0.302371,0.556762,1.062745,0.473743,0.63826,1.17524,2.243292,1.256954
theta05_R0main,1258,0.374379,0.541795,1.215608,0.509698,0.734511,1.062972,2.384956,1.177731
theta05_R0main,1259,0.355517,0.49089,1.161391,0.481704,0.73804,1.019069,2.411005,1.183801
theta05_R0main,1260,0.312474,0.569661,1.36086,0.494917,0.631366,1.151024,2.749673,1.471352
theta05_R0main,1261,0.31765,0.504975,1.032119,0.467748,0.679105,1.079587,2.206571,1.178419
theta05_R0main,1262,0.364449,0.608383,1.340114,0.542363,0.671965,1.121726,2.470881,1.302124
theta05_R0main,1263,0.316035,0.580026,1.037113,0.477709,0.661564,1.214182,2.171013,1.188342
theta05_R0main,1264,0.334378,0.616416,1.005884,0.51983,0.643245,1.185802,1.935023,1.101349
theta05_R0main,1265,0.352658,0.441813,1.114298,0.457159,0.771412,0.966432,2.43744,1.150481
theta05_R0main,1266,0.351874,0.519567,1.230484,0.484157,0.726775,1.073137,2.541496,1.251891
theta05_R0main,1267,0.32468,0.479181,1.181745,0.446262,0.727555,1.073766,2.648095,1.291906
theta05_R0main,1268,0.326976,0.573199,1.288973,0.492969,0.663279,1.162749,2.614716,1.371715
theta05_R0main,1269,0.302853,0.574029,0.996874,0.473012,0.640264,1.213561,2.107501,1.191377
theta05_R0main,1270,0.31356,0.540766,1.389513,0.497339,0.630476,1.087318,2.793896,1.488718
theta05_R0main,1271,0.35227,0.616649,1.175832,0.529009,0.665905,1.165667,2.222706,1.205333
theta05_R0main,1272,0.285347,0.595103,0.967755,0.462206,0.61736,1.287526,2.093773,1.221271
theta05_R0main,1273,0.261783,0.554246,1.058478,0.437661,0.598142,1.266383,2.418488,1.397071
theta05_R0main,1274,0.348295,0.48125,0.903442,0.449846,0.774254,1.06981,2.008335,0.953161
theta05_R0main,1275,0.312701,0.531185,1.087461,0.473182,0.660848,1.122582,2.298187,1.246352
theta05_R0main,1276,0.33036,0.529994,1.171839,0.490211,0.673914,1.081156,2.39048,1.266147
theta05_R0main,1277,0.360063,0.54485,1.071633,0.507699,0.709206,1.073176,2.110766,1.09066
theta05_R0main,1278,0.319951,0.59309,0.966918,0.502484,0.63674,1.180318,1.924278,1.105945
theta05_R0main,1279,0.373637,0.570746,1.011802,0.532059,0.702247,1.072712,1.901672,0.996204
theta05_R0main,1280,0.392792,0.619658,1.004922,0.531519,0.738999,1.165825,1.890662,0.939386
theta05_R0main,1281,0.344163,0.529672,0.99508,0.474226,0.725735,1.116918,2.098323,1.061709
theta05_R0main,1282,0.326043,0.499438,1.422309,0.495485,0.658029,1.007979,2.87054,1.473006
theta05_R0main,1283,0.305263,0.535446,1.074098,0.460354,0.663104,1.163116,2.333198,1.258064
theta05_R0main,1284,0.348181,0.546911,1.076369,0.508566,0.684633,1.075399,2.11648,1.128627
theta05_R0main,1285,0.308631,0.499655,1.156535,0.460864,0.66968,1.084171,2.509491,1.321036
theta05_R0main,1286,0.35712,0.576101,1.272856,0.536624,0.665493,1.073564,2.371969,1.270947
theta05_R0main,1287,0.264417,0.602641,1.101962,0.459919,0.574922,1.31032,2.395994,1.427319
theta05_R0main,1288,0.29519,0.602549,1.153134,0.497148,0.593767,1.212012,2.3195,1.36262
theta05_R0main,1289,0.290015,0.511865,1.297948,0.451532,0.642291,1.13362,2.874545,1.498608
theta05_R0main,1290,0.301167,0.557278,1.15563,0.514965,0.58483,1.082168,2.244096,1.344737
theta05_R0main,1291,0.367439,0.570651,1.040619,0.504314,0.728592,1.131538,2.063434,1.041013
theta05_R0main,1292,0.37837,0.58408,1.048672,0.526794,0.718251,1.108745,1.990669,1.019407
theta05_R0main,1293,0.281565,0.640391,1.231426,0.522369,0.539015,1.225935,2.357386,1.475564
theta05_R0main,1294,0.297176,0.505073,1.252196,0.456649,0.650775,1.106042,2.74214,1.438331
theta05_R0main,1295,0.415224,0.643844,1.314314,0.569587,0.728992,1.130371,2.307485,1.152251
theta05_R0main,1296,0.321128,0.564375,0.982406,0.496329,0.647006,1.137098,1.979343,1.118164
theta05_R0main,1297,0.291688,0.593659,1.117601,0.480809,0.606661,1.234708,2.324418,1.343255
theta05_R0main,1298,0.371964,0.652109,1.276299,0.533442,0.697291,1.222456,2.392574,1.232922
theta05_R0main,1299,0.406865,0.488168,1.236152,0.51298,0.793139,0.951632,2.409746,1.111278
theta05_R0main,1300,0.375767,0.604958,1.125089,0.542485,0.692677,1.115161,2.073955,1.096649
theta05_R0main,1301,0.327497,0.592796,1.24233,0.530289,0.617582,1.117873,2.342739,1.333264
theta05_R0main,1302,0.367393,0.560736,1.426337,0.520696,0.705582,1.076898,2.739291,1.356432
theta05_R0main,1303,0.306343,0.602507,1.112403,0.492936,0.621466,1.222283,2.256689,1.289572
theta05_R0main,1304,0.369313,0.548717,1.102191,0.514885,0.717274,1.06571,2.140657,1.093411
theta05_R0main,1305,0.328085,0.563798,0.968994,0.459739,0.713634,1.226344,2.107705,1.082985
theta05_R0main,1306,0.347392,0.629147,0.963419,0.508102,0.683705,1.238228,1.896113,1.020035
theta05_R0main,1307,0.375277,0.562782,1.372478,0.535935,0.700228,1.050093,2.560905,1.29671
theta05_R0main,1308,0.324811,0.485869,1.156358,0.434917,0.746833,1.117153,2.658801,1.269789
theta05_R0main,1309,0.327491,0.524964,0.978057,0.478228,0.684802,1.097728,2.04517,1.094106
theta05_R0main,1310,0.33059,0.645453,1.061674,0.49714,0.664985,1.298334,2.135566,1.166722
theta05_R0main,1311,0.399201,0.638054,1.320696,0.55697,0.716737,1.145581,2.371217,1.196449
theta05_R0main,1312,0.37451,0.530625,1.108641,0.497438,0.752879,1.066717,2.228702,1.08527
theta05_R0main,1313,0.385813,0.561112,1.024221,0.522409,0.738527,1.074085,1.960571,0.976334
theta05_R0main,1314,0.342417,0.596642,0.987319,0.49193,0.696069,1.21286,2.007032,1.058963
theta05_R0main,1315,0.38021,0.591538,1.222319,0.544433,0.698359,1.08652,2.245122,1.167782
theta05_R0main,1316,0.279918,0.599855,1.113173,0.490195,0.571035,1.223707,2.270878,1.380472
theta05_R0main,1317,0.352742,0.551781,1.183221,0.506931,0.695838,1.088474,2.334087,1.210259
theta05_R0main,1318,0.3678,0.51109,1.054993,0.49743,0.739401,1.027461,2.12089,1.053751
theta05_R0main,1319,0.361735,0.582137,0.854935,0.493585,0.732873,1.179405,1.732092,0.860112
theta05_R0main,1320,0.299019,0.64162,1.334109,0.530084,0.564098,1.210413,2.516789,1.495512
theta05_R0main,1321,0.325205,0.633711,1.115756,0.514443,0.632149,1.231839,2.168862,1.232833
theta05_R0main,1322,0.298875,0.646491,1.162184,0.523208,0.571236,1.23563,2.221268,1.35803
theta05_R0main,1323,0.32904,0.567462,0.885514,0.487242,0.675312,1.164642,1.817402,0.989989
theta05_R0main,1324,0.307791,0.560069,1.107104,0.494442,0.622502,1.13273,2.2391,1.280082
theta05_R0main,1325,0.349929,0.603859,0.981003,0.517763,0.675849,1.166285,1.894696,1.030844
theta05_R0main,1326,0.331209,0.687338,1.101442,0.556655,0.595,1.234765,1.978681,1.201625
theta05_R0main,1327,0.378585,0.56,0.929855,0.504245,0.750796,1.110571,1.844054,0.898588
theta05_R0main,1328,0.298722,0.543959,1.106378,0.476146,0.627374,1.14242,2.323612,1.309335
theta05_R0main,1329,0.39612,0.578276,1.14739,0.530096,0.74726,1.090889,2.164494,1.063528
theta05_R0main,1330,0.291487,0.575969,1.041935,0.456104,0.639079,1.262801,2.284423,1.273841
theta05_R0main,1331,0.299145,0.525544,1.075991,0.464294,0.644301,1.131921,2.317478,1.280069
theta05_R0main,1332,0.296829,0.590177,1.190148,0.497122,0.597095,1.187188,2.394077,1.388677
theta05_R0main,1333,0.38824,0.568942,1.216628,0.51587,0.752592,1.102879,2.3584,1.142215
theta05_R0main,1334,0.392445,0.556527,1.430483,0.542072,0.723972,1.026667,2.638918,1.293372
theta05_R0main,1335,0.344679,0.512172,1.075999,0.473717,0.727605,1.081176,2.271396,1.138392
theta05_R0main,1336,0.39837,0.582756,1.833829,0.597633,0.666579,0.975107,3.068486,1.526781
theta05_R0main,1337,0.332045,0.599324,1.206226,0.505995,0.656222,1.184446,2.383868,1.289981
theta05_R0main,1338,0.309994,0.602322,1.036112,0.492222,0.629784,1.223679,2.10497,1.206679
theta05_R0main,1339,0.341199,0.638021,1.028484,0.542285,0.629187,1.176541,1.896575,1.103377
theta05_R0main,1340,0.356344,0.557126,1.160826,0.496284,0.718024,1.122595,2.339032,1.18099
theta05_R0main,1341,0.328714,0.527982,1.209559,0.483235,0.680236,1.0926,2.503046,1.302824
theta05_R0main,1342,0.33477,0.534185,1.232414,0.486235,0.688495,1.098617,2.534607,1.303286
theta05_R0main,1343,0.33539,0.583477,1.383915,0.539005,0.622239,1.082509,2.567538,1.417378
theta05_R0main,1344,0.332512,0.640174,1.310132,0.533658,0.623079,1.199595,2.455001,1.371209
theta05_R0main,1345,0.301947,0.560675,1.047531,0.481038,0.627699,1.165553,2.177646,1.243939
theta05_R0main,1346,0.266791,0.475758,1.198217,0.430644,0.619516,1.104759,2.782384,1.502125
theta05_R0main,1347,0.300931,0.555916,0.943887,0.482798,0.623307,1.151445,1.955035,1.143124
theta05_R0main,1348,0.321663,0.64503,1.106441,0.534612,0.601677,1.20654,2.069617,1.235399
theta05_R0main,1349,0.319848,0.513445,1.231091,0.499983,0.639718,1.026926,2.462266,1.347811
theta05_R0main,1350,0.383324,0.63808,1.013415,0.541149,0.708352,1.17912,1.872709,0.9722
theta05_R0main,1351,0.330657,0.671878,1.010165,0.522109,0.633311,1.286854,1.93478,1.116787
theta05_R0main,1352,0.358367,0.540643,1.053219,0.497234,0.720722,1.087301,2.118157,1.078048
theta05_R0main,1353,0.334013,0.499069,0.853154,0.469601,0.71127,1.06275,1.816762,0.937759
theta05_R0main,1354,0.364422,0.602678,1.272353,0.557499,0.653673,1.081039,2.282249,1.250309
theta05_R0main,1355,0.356548,0.684087,1.222988,0.559874,0.636837,1.221859,2.184398,1.232582
theta05_R0main,1356,0.318238,0.500199,1.180697,0.466628,0.681995,1.071944,2.530273,1.31106
theta05_R0main,1357,0.354819,0.562023,1.288399,0.506018,0.701199,1.110678,2.546152,1.289547
theta05_R0main,1358,0.280127,0.531158,1.193369,0.455595,0.614859,1.165855,2.619365,1.449294
theta05_R0main,1359,0.315199,0.542142,1.253227,0.49476,0.637074,1.095767,2.532997,1.380272
theta05_R0main,1360,0.352291,0.633431,1.319219,0.54073,0.651509,1.171437,2.439697,1.320338
theta05_R0main,1361,0.36528,0.585966,1.150042,0.536597,0.680733,1.092004,2.143213,1.146891
theta05_R0main,1362,0.386029,0.479808,1.129548,0.497126,0.776523,0.965165,2.272158,1.073659
theta05_R0main,1363,0.268377,0.577742,1.225715,0.485014,0.553339,1.191186,2.527175,1.518886
theta05_R0main,1364,0.315332,0.54923,1.102629,0.497754,0.63351,1.103416,2.215209,1.251827
theta05_R0main,1365,0.32206,0.570427,1.048873,0.469943,0.685316,1.21382,2.231913,1.180735
theta05_R0main,1366,0.318964,0.613199,1.161564,0.48162,0.662273,1.273201,2.411785,1.292444
theta05_R0main,1367,0.385419,0.560281,0.981083,0.516921,0.745605,1.083881,1.897936,0.934327
theta05_R0main,1368,0.327483,0.558707,1.169708,0.492543,0.664881,1.134331,2.374832,1.273073
theta05_R0main,1369,0.297028,0.577745,1.047134,0.489075,0.607327,1.181302,2.141053,1.259985
theta05_R0main,1370,0.308958,0.618408,0.954507,0.508064,0.608109,1.217186,1.878716,1.12799
theta05_R0main,1371,0.380646,0.663279,1.043728,0.567199,0.671099,1.169393,1.840144,1.008683
theta05_R0main,1372,0.381195,0.570288,0.906662,0.499703,0.762843,1.141254,1.8144,0.866458
theta05_R0main,1373,0.378599,0.592858,1.19357,0.522093,0.725156,1.13554,2.286124,1.148226
theta05_R0main,1374,0.319034,0.560743,1.085953,0.496191,0.642966,1.130096,2.18858,1.224916
theta05_R0main,1375,0.32332,0.445347,1.068883,0.448244,0.721303,0.993536,2.384599,1.195726
theta05_R0main,1376,0.311344,0.476826,1.207169,0.461453,0.674702,1.033314,2.616015,1.355136
theta05_R0main,1377,0.360133,0.552236,1.036656,0.499835,0.720504,1.104836,2.073996,1.057282
theta05_R0main,1378,0.329808,0.543369,1.173553,0.47442,0.695183,1.145335,2.473661,1.26928
theta05_R0main,1379,0.329478,0.571785,1.248207,0.490249,0.672064,1.166316,2.54607,1.331953
theta05_R0main,1380,0.342768,0.507543,1.337498,0.491063,0.698012,1.03356,2.72368,1.361503
theta05_R0main,1381,0.340888,0.56396,1.554968,0.507609,0.671556,1.111011,3.063316,1.517656
theta05_R0main,1382,0.312263,0.52531,1.192174,0.477648,0.653751,1.099785,2.495926,1.339688
theta05_R0main,1383,0.365311,0.601869,1.127053,0.511226,0.714579,1.177306,2.204609,1.126612
theta05_R0main,1384,0.328567,0.598136,1.385276,0.503798,0.65218,1.187255,2.749668,1.438915
theta05_R0main,1385,0.28913,0.535334,1.138849,0.473022,0.61124,1.131733,2.407604,1.370898
theta05_R0main,1386,0.364856,0.538716,1.123457,0.500217,0.729395,1.076965,2.24594,1.124664
theta05_R0main,1387,0.313101,0.598682,1.01551,0.50095,0.625014,1.195093,2.027169,1.176621
theta05_R0main,1388,0.370099,0.625078,1.23082,0.545869,0.678,1.145106,2.254792,1.201666
theta05_R0main,1389,0.361222,0.523497,1.008476,0.508962,0.709724,1.028559,1.981437,1.026702
theta05_R0main,1390,0.292757,0.657977,1.282109,0.513246,0.570403,1.281992,2.498039,1.476918
theta05_R0main,1391,0.342135,0.57668,1.128459,0.507255,0.674483,1.136866,2.224641,1.193405
theta05_R0main,1392,0.324259,0.609017,1.250196,0.545365,0.594574,1.116716,2.292404,1.349512
theta05_R0main,1393,0.298647,0.529551,0.89084,0.453487,0.658557,1.167732,1.964422,1.092902
theta05_R0main,1394,0.331751,0.511981,1.186264,0.461107,0.719466,1.11033,2.572645,1.274181
theta05_R0main,1395,0.334728,0.67278,1.182757,0.52186,0.641413,1.289197,2.266426,1.262286
theta05_R0main,1396,0.313271,0.636948,0.970903,0.515778,0.607376,1.234927,1.882404,1.131158
theta05_R0main,1397,0.340892,0.51471,1.1715,0.474538,0.718365,1.084655,2.468716,1.234475
theta05_R0main,1398,0.329642,0.609083,0.976489,0.510955,0.645148,1.192047,1.911104,1.085957
theta05_R0main,1399,0.360185,0.57956,1.068542,0.504023,0.71462,1.149867,2.120025,1.087433
theta05_R0main,1400,0.318829,0.58687,1.01177,0.474043,0.672574,1.238012,2.134344,1.154802
theta05_R0main,1401,0.311596,0.51316,1.042586,0.449338,0.693456,1.142036,2.320272,1.207752
theta05_R0main,1402,0.325303,0.546765,1.150288,0.488629,0.665746,1.118976,2.354111,1.26301
theta05_R0main,1403,0.293936,0.519743,1.198138,0.491753,0.59773,1.056919,2.436461,1.405162
theta05_R0main,1404,0.360377,0.494574,1.253864,0.494617,0.728598,0.999912,2.535018,1.246834
theta05_R0main,1405,0.315206,0.625247,1.510595,0.526211,0.599011,1.188207,2.870702,1.567032
theta05_R0main,1406,0.331865,0.593742,1.328344,0.523403,0.634053,1.13439,2.537902,1.386961
theta05_R0main,1407,0.339465,0.473212,1.322,0.492819,0.688823,0.960214,2.682527,1.359531
theta05_R0main,1408,0.308002,0.505937,1.100825,0.462295,0.666246,1.094405,2.381219,1.273709
theta05_R0main,1409,0.321625,0.485181,1.031939,0.452024,0.711523,1.073352,2.282929,1.165807
theta05_R0main,1410,0.310327,0.535443,0.895158,0.463095,0.670116,1.156229,1.93299,1.059373
theta05_R0main,1411,0.321339,0.537892,1.032395,0.472343,0.680307,1.138772,2.185687,1.167141
theta05_R0main,1412,0.347265,0.490013,1.187207,0.486969,0.713116,1.006253,2.437953,1.22927
theta05_R0main,1413,0.306565,0.561521,1.348731,0.49452,0.619924,1.135486,2.727351,1.48149
theta05_R0main,1414,0.376175,0.524179,1.212664,0.516813,0.727873,1.014252,2.346425,1.170521
theta05_R0main,1415,0.343277,0.54238,1.156593,0.501428,0.684599,1.081671,2.306596,1.214695
theta05_R0main,1416,0.344271,0.626906,0.992338,0.522237,0.659222,1.200423,1.900166,1.058636
theta05_R0main,1417,0.291401,0.505468,1.209265,0.437625,0.66587,1.155026,2.763244,1.423066
theta05_R0main,1418,0.30444,0.576568,1.133546,0.473231,0.643322,1.218364,2.395332,1.314632
theta05_R0main,1419,0.346407,0.633182,1.079025,0.540862,0.640473,1.170692,1.995011,1.136198
theta05_R0main,1420,0.332474,0.589834,0.907417,0.473833,0.701669,1.244813,1.915055,1.00404
theta05_R0main,1421,0.36851,0.506886,1.311549,0.484314,0.760889,1.046606,2.708052,1.269497
theta05_R0main,1422,0.380214,0.579361,1.095544,0.52286,0.727181,1.108062,2.095291,1.058273
theta05_R0main,1423,0.351539,0.601891,1.037166,0.509006,0.69064,1.182485,2.037631,1.081925
theta05_R0main,1424,0.306498,0.493543,1.25849,0.477705,0.641606,1.033154,2.634451,1.412456
theta05_R0main,1425,0.293227,0.572673,1.044806,0.483476,0.606499,1.184491,2.161031,1.270638
theta05_R0main,1426,0.348295,0.542734,1.125104,0.481386,0.723525,1.127441,2.337219,1.172582
theta05_R0main,1427,0.363653,0.555659,1.1436,0.522897,0.695457,1.062653,2.187045,1.145737
theta05_R0main,1428,0.305634,0.56694,1.068114,0.466706,0.654875,1.214771,2.288625,1.251262
theta05_R0main,1429,0.360498,0.525775,1.09631,0.506723,0.711429,1.037599,2.163528,1.11222
theta05_R0main,1430,0.341967,0.527034,1.382844,0.499854,0.684134,1.054377,2.766496,1.397182
theta05_R0main,1431,0.333513,0.569212,1.212754,0.497452,0.670443,1.144254,2.43793,1.290966
theta05_R0main,1432,0.323582,0.694104,1.039148,0.550652,0.587635,1.260514,1.887122,1.166702
theta05_R0main,1433,0.370285,0.549517,1.238259,0.518731,0.71383,1.059349,2.387094,1.207188
theta05_R0main,1434,0.322124,0.555754,1.205836,0.492126,0.654556,1.129292,2.450257,1.31999
theta05_R0main,1435,0.325839,0.547536,1.096417,0.465848,0.699455,1.175355,2.353596,1.213398
theta05_R0main,1436,0.321049,0.527002,1.170906,0.465522,0.689654,1.132069,2.515256,1.293939
theta05_R0main,1437,0.349075,0.587492,0.944972,0.510112,0.68431,1.151692,1.85248,0.995869
theta05_R0main,1438,0.322845,0.557721,1.092418,0.49208,0.656082,1.133394,2.219999,1.218977
theta05_R0main,1439,0.320524,0.489874,1.209927,0.463057,0.692192,1.057913,2.61291,1.328357
theta05_R0main,1440,0.365187,0.640207,0.999713,0.522052,0.699522,1.226327,1.914967,1.007058
theta05_R0main,1441,0.366014,0.622243,1.398179,0.558367,0.655507,1.114398,2.504048,1.340255
theta05_R0main,1442,0.258149,0.633482,1.123494,0.489128,0.527773,1.295124,2.296932,1.470663
theta05_R0main,1443,0.315337,0.585307,1.200974,0.514165,0.613299,1.138364,2.335776,1.337247
theta05_R0main,1444,0.353422,0.558612,1.150592,0.490237,0.720921,1.139473,2.347011,1.180369
theta05_R0main,1445,0.292085,0.505216,1.463745,0.497315,0.587324,1.015888,2.943297,1.61171
theta05_R0main,1446,0.319291,0.516417,1.043922,0.478478,0.667306,1.07929,2.181755,1.184636
theta05_R0main,1447,0.321932,0.519169,0.967321,0.461941,0.696911,1.123886,2.094038,1.100192
theta05_R0main,1448,0.355698,0.617137,1.155418,0.557317,0.638233,1.107336,2.07318,1.178135
theta05_R0main,1449,0.35331,0.471691,1.136465,0.483781,0.73031,0.975011,2.349132,1.168332
theta05_R0main,1450,0.317715,0.657356,0.956265,0.524968,0.605207,1.252183,1.821568,1.101882
theta05_R0main,1451,0.327331,0.60908,0.927928,0.490991,0.666674,1.240512,1.889907,1.041982
theta05_R0main,1452,0.3097,0.594146,1.206017,0.494265,0.626586,1.202078,2.440019,1.359475
theta05_R0main,1453,0.342783,0.536343,0.917301,0.461241,0.743174,1.162825,1.988767,0.984339
theta05_R0main,1454,0.372763,0.517025,0.990377,0.484195,0.769862,1.067804,2.045412,0.977143
theta05_R0main,1455,0.311361,0.603043,1.219648,0.522077,0.596389,1.155084,2.336145,1.365363
theta05_R0main,1456,0.332797,0.524064,1.21349,0.491794,0.6767,1.065617,2.467478,1.293723
theta05_R0main,1457,0.381128,0.62967,1.217453,0.566878,0.672329,1.110768,2.147647,1.161381
theta05_R0main,1458,0.370504,0.555852,0.996874,0.495635,0.747534,1.121495,2.011307,0.98976
theta05_R0main,1459,0.293959,0.593418,0.978804,0.476873,0.61643,1.244395,2.052547,1.202892
theta05_R0main,1460,0.329172,0.538262,1.08513,0.509734,0.645773,1.055965,2.128816,1.192874
theta05_R0main,1461,0.313982,0.573752,1.070399,0.491614,0.638675,1.167077,2.177315,1.226452
theta05_R0main,1462,0.368131,0.496811,1.166973,0.494859,0.743912,1.003944,2.358192,1.153728
theta05_R0main,1463,0.292927,0.537337,0.880726,0.446738,0.655703,1.202801,1.97146,1.100821
theta05_R0main,1464,0.330133,0.504307,0.960939,0.454251,0.726762,1.110195,2.115435,1.068417
theta05_R0main,1465,0.280126,0.542426,1.089355,0.449701,0.622916,1.206194,2.422401,1.358103
theta05_R0main,1466,0.316332,0.48873,1.292926,0.451327,0.700894,1.082874,2.864721,1.407869
theta05_R0main,1467,0.38575,0.588665,1.040883,0.518938,0.743345,1.134366,2.005794,0.992636
theta05_R0main,1468,0.323704,0.628069,1.103989,0.488402,0.662781,1.285968,2.26041,1.226857
theta05_R0main,1469,0.309117,0.679343,1.074558,0.503759,0.613622,1.348548,2.133079,1.245943
theta05_R0main,1470,0.345763,0.523017,1.164906,0.499411,0.692342,1.047266,2.332557,1.214641
theta05_R0main,1471,0.314058,0.572695,1.126445,0.491749,0.638656,1.164609,2.290693,1.277243
theta05_R0main,1472,0.346839,0.55544,1.124078,0.506636,0.684591,1.096329,2.218708,1.175859
theta05_R0main,1473,0.32736,0.498197,1.091039,0.467201,0.700684,1.066344,2.335267,1.203825
theta05_R0main,1474,0.329417,0.641706,1.426432,0.5652,0.582832,1.135361,2.523764,1.465608
theta05_R0main,1475,0.291008,0.599355,1.053315,0.484179,0.601034,1.237878,2.175465,1.286346
theta05_R0main,1476,0.383982,0.607032,1.11904,0.539165,0.712178,1.125873,2.075504,1.069632
theta05_R0main,1477,0.300294,0.539433,1.194412,0.487516,0.615968,1.106493,2.449996,1.380646
theta05_R0main,1478,0.340994,0.637507,1.040801,0.52804,0.645773,1.207308,1.971063,1.115881
theta05_R0main,1479,0.317347,0.640739,1.098869,0.524492,0.605055,1.221637,2.095109,1.242042
theta05_R0main,1480,0.36705,0.53639,1.232641,0.519583,0.706432,1.032347,2.372364,1.211416
theta05_R0main,1481,0.304305,0.627014,1.185663,0.512576,0.593678,1.22326,2.313146,1.360026
theta05_R0main,1482,0.33058,0.561542,1.287269,0.511761,0.645966,1.097275,2.515374,1.35943
theta05_R0main,1483,0.345836,0.577743,0.901766,0.478752,0.722371,1.206769,1.883576,0.958389
theta05_R0main,1484,0.316431,0.568727,1.1659,0.480592,0.658419,1.183388,2.425966,1.304144
theta05_R0main,1485,0.263893,0.549071,1.19455,0.449704,0.586816,1.220961,2.656304,1.509979
theta05_R0main,1486,0.295672,0.590445,1.207576,0.496848,0.595096,1.188382,2.430474,1.40712
theta05_R0main,1487,0.358976,0.58214,1.037452,0.497847,0.721056,1.169316,2.083878,1.061269
theta05_R0main,1488,0.291731,0.430984,0.903707,0.398187,0.732648,1.082365,2.269551,1.130672
theta05_R0main,1489,0.34325,0.553662,0.948781,0.479996,0.71511,1.153472,1.976646,1.01672
theta05_R0main,1490,0.316973,0.500652,0.929416,0.459326,0.690082,1.089971,2.023434,1.075741
theta05_R0main,1491,0.2526,0.609912,1.13466,0.486694,0.519012,1.253173,2.331361,1.502281
theta05_R0main,1492,0.28286,0.555898,1.117595,0.459387,0.615734,1.210087,2.432797,1.373982
theta05_R0main,1493,0.356691,0.504612,1.079062,0.485316,0.734965,1.039759,2.22342,1.106978
theta05_R0main,1494,0.362903,0.591344,1.164662,0.522912,0.694003,1.130867,2.227262,1.166052
theta05_R0main,1495,0.344721,0.57232,1.180727,0.504559,0.683213,1.134298,2.340118,1.23115
theta05_R0main,1496,0.351444,0.567653,1.219472,0.525344,0.668978,1.080536,2.321284,1.244124
theta05_R0main,1497,0.331233,0.530716,1.136242,0.484364,0.683851,1.095696,2.345844,1.23266
theta05_R0main,1498,0.317672,0.457854,0.968368,0.430522,0.737876,1.063487,2.249289,1.114593
theta05_R0main,1499,0.324193,0.674832,1.246099,0.548684,0.590856,1.229911,2.271069,1.346434
theta05_R0main,1500,0.299859,0.548853,1.057404,0.47167,0.635738,1.163637,2.241828,1.26026
theta05_R0main,1501,0.311606,0.599677,1.103463,0.490702,0.635022,1.222081,2.248744,1.264468
theta05_R0main,1502,0.358661,0.542466,0.97675,0.493743,0.726413,1.09868,1.978255,1.001852
theta05_R0main,1503,0.317524,0.585132,1.082078,0.495481,0.640839,1.180939,2.183895,1.226087
theta05_R0main,1504,0.299211,0.559021,1.310567,0.486161,0.615458,1.149868,2.695747,1.477064
theta05_R0main,1505,0.274282,0.549319,1.014994,0.466166,0.588378,1.178376,2.177322,1.308482
theta05_R0main,1506,0.327001,0.542914,1.469072,0.49279,0.663571,1.101715,2.981133,1.502422
theta05_R0main,1507,0.268668,0.491911,1.138367,0.440571,0.609817,1.11653,2.583842,1.443873
theta05_R0main,1508,0.301273,0.489258,1.134419,0.44135,0.682617,1.108547,2.570336,1.325858
theta05_R0main,1509,0.315776,0.555142,1.029107,0.476395,0.662843,1.165296,2.160196,1.181415
theta05_R0main,1510,0.34891,0.535107,1.309395,0.509808,0.684394,1.049624,2.568407,1.322507
theta05_R0main,1511,0.359809,0.524836,1.381055,0.514294,0.699617,1.020498,2.685342,1.34503
theta05_R0main,1512,0.345728,0.506016,1.180981,0.492119,0.702529,1.028239,2.399789,1.22845
theta05_R0main,1513,0.376173,0.586714,1.032097,0.534068,0.704355,1.098575,1.93252,1.009298
theta05_R0main,1514,0.348396,0.556529,1.304578,0.517361,0.67341,1.075707,2.5216,1.320295
theta05_R0main,1515,0.394333,0.535449,0.948658,0.509178,0.77445,1.051595,1.863119,0.877854
theta05_R0main,1516,0.343846,0.590399,1.276242,0.505067,0.680794,1.168952,2.526879,1.31148
theta05_R0main,1517,0.376246,0.556742,1.109565,0.518826,0.725187,1.07308,2.138608,1.081481
theta05_R0main,1518,0.274883,0.59953,1.020439,0.47477,0.578982,1.262779,2.149334,1.311642
theta05_R0main,1519,0.324381,0.575362,1.217706,0.510269,0.635705,1.127564,2.386398,1.322806
theta05_R0main,1520,0.305957,0.544263,1.082326,0.461969,0.662289,1.178138,2.342856,1.263423
theta05_R0main,1521,0.346912,0.508239,0.983863,0.46923,0.739321,1.083134,2.096759,1.042416
theta05_R0main,1522,0.337358,0.544814,1.08798,0.479584,0.703438,1.136014,2.268591,1.170934
theta05_R0main,1523,0.360142,0.522995,0.988561,0.486952,0.739584,1.074017,2.030101,1.009752
theta05_R0main,1524,0.312733,0.518713,0.973577,0.442844,0.706193,1.171324,2.198466,1.135626
theta05_R0main,1525,0.321213,0.507704,1.062853,0.460258,0.697897,1.103086,2.309255,1.196609
theta05_R0main,1526,0.336335,0.579005,0.969541,0.493962,0.680893,1.172165,1.962784,1.058715
theta05_R0main,1527,0.418562,0.573687,1.076793,0.539384,0.776001,1.063597,1.99634,0.944917
theta05_R0main,1528,0.283825,0.550913,1.249708,0.478011,0.593762,1.152509,2.61439,1.482307
theta05_R0main,1529,0.35937,0.581669,1.162674,0.512799,0.700802,1.134303,2.26731,1.174124
theta05_R0main,1530,0.305547,0.582996,1.175443,0.519861,0.587748,1.121447,2.261074,1.347296
theta05_R0main,1531,0.279471,0.565568,1.594586,0.476537,0.586461,1.186829,3.346193,1.741473
theta05_R0main,1532,0.284619,0.590362,1.117091,0.472949,0.601797,1.248258,2.361972,1.367331
theta05_R0main,1533,0.346361,0.532914,0.978933,0.484217,0.7153,1.100568,2.021683,1.038983
theta05_R0main,1534,0.321972,0.559715,1.068595,0.470289,0.684626,1.190151,2.27221,1.199635
theta05_R0main,1535,0.29892,0.625826,1.345027,0.518217,0.576823,1.207652,2.595491,1.503995
theta05_R0main,1536,0.315071,0.552337,1.207205,0.479434,0.657172,1.152061,2.51798,1.343266
theta05_R0main,1537,0.355168,0.550837,1.195486,0.494341,0.718468,1.114285,2.418343,1.213717
theta05_R0main,1538,0.302254,0.54034,1.264373,0.469871,0.64327,1.149974,2.690893,1.431063
theta05_R0main,1539,0.363152,0.590778,1.1816,0.527361,0.688621,1.120253,2.24059,1.179804
theta05_R0main,1540,0.337483,0.47736,0.916483,0.460433,0.73297,1.036765,1.990483,0.999028
theta05_R0main,1541,0.292904,0.541442,0.978343,0.475646,0.615803,1.138331,2.056875,1.206017
theta05_R0main,1542,0.289519,0.522622,0.914059,0.439041,0.659435,1.190371,2.081944,1.149673
theta05_R0main,1543,0.320593,0.565469,1.463461,0.538266,0.595603,1.050538,2.718843,1.518387
theta05_R0main,1544,0.331165,0.563519,1.433926,0.532164,0.6223,1.058921,2.694521,1.465553
theta05_R0main,1545,0.381539,0.604379,0.996791,0.505501,0.754774,1.195603,1.971885,0.960327
theta05_R0main,1546,0.388635,0.530421,0.894252,0.492402,0.789263,1.077211,1.816103,0.833348
theta05_R0main,1547,0.322402,0.506899,1.105712,0.481864,0.669072,1.051954,2.294657,1.232447
theta05_R0main,1548,0.391019,0.577445,1.453658,0.542377,0.720937,1.064657,2.680163,1.313081
theta05_R0main,1549,0.370988,0.541838,0.997891,0.512625,0.723704,1.056989,1.946631,0.989473
theta05_R0main,1550,0.357563,0.64493,0.965927,0.521506,0.685635,1.236667,1.852187,0.993777
theta05_R0main,1551,0.297856,0.572983,1.211414,0.478693,0.622228,1.196975,2.53067,1.402933
theta05_R0main,1552,0.308896,0.559967,1.338666,0.489021,0.631661,1.145078,2.737441,1.466426
theta05_R0main,1553,0.294511,0.510786,1.062723,0.456313,0.645414,1.119376,2.328932,1.283273
theta05_R0main,1554,0.303993,0.552529,1.256131,0.467176,0.650703,1.182698,2.688772,1.418786
theta05_R0main,1555,0.300756,0.56217,1.157174,0.470144,0.63971,1.195741,2.461317,1.347436
theta05_R0main,1556,0.322663,0.613302,1.198389,0.494687,0.652256,1.239777,2.422519,1.312126
theta05_R0main,1557,0.267325,0.579488,1.194021,0.49262,0.54266,1.176338,2.423815,1.496616
theta05_R0main,1558,0.286731,0.513692,1.038286,0.442345,0.648208,1.161294,2.347232,1.286781
theta05_R0main,1559,0.299588,0.588675,1.257443,0.475669,0.629824,1.237571,2.643524,1.434428
theta05_R0main,1560,0.301348,0.545777,0.887435,0.465837,0.646896,1.171605,1.905033,1.080068
theta05_R0main,1561,0.369997,0.527254,1.030783,0.493073,0.750391,1.069322,2.090529,1.024579
theta05_R0main,1562,0.393547,0.543607,1.136895,0.51139,0.769564,1.062999,2.223147,1.060856
theta05_R0main,1563,0.336879,0.496841,0.928293,0.449475,0.749494,1.105383,2.065285,1.013625
theta05_R0main,1564,0.384166,0.56095,1.142917,0.525292,0.731338,1.067882,2.175775,1.090264
theta05_R0main,1565,0.349481,0.618202,0.793865,0.487525,0.716848,1.268041,1.628358,0.820464
theta05_R0main,1566,0.35088,0.49608,1.191821,0.492644,0.712239,1.006975,2.419234,1.222792
theta05_R0main,1567,0.269835,0.637894,1.088594,0.508809,0.530327,1.253701,2.139494,1.394831
theta05_R0main,1568,0.326481,0.497312,1.360458,0.529887,0.616133,0.938524,2.567448,1.427205
theta05_R0main,1569,0.290991,0.598473,1.386763,0.495905,0.586788,1.206829,2.796427,1.561434
theta05_R0main,1570,0.33936,0.578808,1.204943,0.502768,0.674984,1.151242,2.396618,1.267125
theta05_R0main,1571,0.319822,0.62062,1.44981,0.536135,0.596532,1.157581,2.704187,1.511424
theta05_R0main,1572,0.340101,0.502886,1.211811,0.490046,0.694019,1.026202,2.472852,1.270628
theta05_R0main,1573,0.29834,0.500027,1.108281,0.45301,0.658572,1.103788,2.44648,1.312332
theta05_R0main,1574,0.319065,0.498816,1.111648,0.465334,0.685669,1.071953,2.388927,1.248204
theta05_R0main,1575,0.346543,0.615328,1.194387,0.521463,0.66456,1.180004,2.290456,1.237381
theta05_R0main,1576,0.334887,0.624498,1.222974,0.528755,0.63335,1.181072,2.31293,1.295247
theta05_R0main,1577,0.318466,0.50489,1.330523,0.476966,0.66769,1.058544,2.789554,1.429813
theta05_R0main,1578,0.379095,0.535001,1.417489,0.517047,0.733194,1.034725,2.741511,1.318854
theta05_R0main,1579,0.276794,0.583512,1.042781,0.482953,0.573128,1.208218,2.159179,1.326375
theta05_R0main,1580,0.35213,0.590603,1.188294,0.526527,0.66878,1.121697,2.256855,1.216273
theta05_R0main,1581,0.329663,0.537696,1.244264,0.487686,0.675973,1.102545,2.551364,1.32823
theta05_R0main,1582,0.284601,0.521487,1.097216,0.452286,0.62925,1.153004,2.425935,1.349444
theta05_R0main,1583,0.377406,0.566878,1.329103,0.540254,0.698573,1.049281,2.460146,1.258937
theta05_R0main,1584,0.301245,0.557185,1.244137,0.481474,0.625673,1.15725,2.58402,1.418274
theta05_R0main,1585,0.321775,0.63138,1.125513,0.525522,0.612297,1.201434,2.141704,1.25214
theta05_R0main,1586,0.355767,0.559344,1.085698,0.497262,0.715451,1.124848,2.183351,1.115703
theta05_R0main,1587,0.326145,0.582676,1.07216,0.478012,0.682294,1.218956,2.242956,1.190089
theta05_R0main,1588,0.327914,0.632903,1.034882,0.504231,0.650325,1.255186,2.052397,1.149292
theta05_R0main,1589,0.308746,0.608444,1.122038,0.50507,0.611293,1.204672,2.221549,1.290383
theta05_R0main,1590,0.314122,0.538139,1.075062,0.472172,0.66527,1.139709,2.276843,1.230351
theta05_R0main,1591,0.331493,0.524357,1.241881,0.481346,0.68868,1.089356,2.580017,1.320775
theta05_R0main,1592,0.320027,0.580412,1.075974,0.47934,0.667641,1.210856,2.244699,1.212576
theta05_R0main,1593,0.304068,0.548809,1.124292,0.481516,0.631481,1.139752,2.334902,1.307657
theta05_R0main,1594,0.316528,0.515957,1.168227,0.480088,0.659313,1.074714,2.43336,1.30583
theta05_R0main,1595,0.329278,0.594639,1.170803,0.496242,0.663543,1.198283,2.359336,1.268541
theta05_R0main,1596,0.302699,0.533997,1.228325,0.479075,0.631842,1.114643,2.563953,1.400666
theta05_R0main,1597,0.332521,0.582678,1.405894,0.518892,0.640829,1.122928,2.709418,1.441726
theta05_R0main,1598,0.312227,0.641439,1.324347,0.509468,0.612849,1.259037,2.59947,1.444944
theta05_R0main,1599,0.331499,0.516292,1.31967,0.47825,0.69315,1.079542,2.759369,1.381511
theta05_R0main,1600,0.369138,0.507578,1.138421,0.498499,0.740498,1.018211,2.283695,1.126227
theta05_R0main,1601,0.323387,0.534807,1.288147,0.48885,0.661525,1.09401,2.635055,1.382111
theta05_R0main,1602,0.327692,0.522526,1.04559,0.467932,0.700298,1.11667,2.234491,1.160262
theta05_R0main,1603,0.3417,0.547475,1.063012,0.486542,0.702304,1.125238,2.184832,1.134928
theta05_R0main,1604,0.374749,0.562674,1.05236,0.509325,0.735776,1.104744,2.066184,1.032533
theta05_R0main,1605,0.30023,0.602068,1.162337,0.50209,0.597961,1.199123,2.314997,1.353638
theta05_R0main,1606,0.325479,0.526603,1.185867,0.474102,0.686518,1.110739,2.501293,1.292931
theta05_R0main,1607,0.285996,0.656564,1.544804,0.528582,0.541063,1.242122,2.922541,1.686674
theta05_R0main,1608,0.334908,0.518317,0.938956,0.472396,0.708955,1.097209,1.987644,1.030913
theta05_R0main,1609,0.304045,0.606842,1.22886,0.492513,0.617335,1.232133,2.495081,1.396665
theta05_R0main,1610,0.327338,0.501719,1.019564,0.45198,0.724231,1.110047,2.255772,1.136137
theta05_R0main,1611,0.346139,0.633299,1.358937,0.527688,0.655954,1.200139,2.575268,1.367618
theta05_R0main,1612,0.326689,0.534279,1.252328,0.502201,0.650515,1.063874,2.493677,1.34375
theta05_R0main,1613,0.352569,0.61447,1.416656,0.526266,0.669945,1.167604,2.691899,1.390807
theta05_R0main,1614,0.349647,0.518559,1.2191,0.513729,0.680607,1.009403,2.373042,1.248943
theta05_R0main,1615,0.348154,0.510652,1.074153,0.462789,0.752296,1.103424,2.321045,1.126643
theta05_R0main,1616,0.284512,0.560551,1.043369,0.463971,0.61321,1.208159,2.248778,1.299435
theta05_R0main,1617,0.335101,0.569219,1.211467,0.498297,0.672492,1.142329,2.431215,1.285156
theta05_R0main,1618,0.392996,0.603573,1.247414,0.556376,0.70635,1.08483,2.242035,1.155028
theta05_R0main,1619,0.278882,0.48178,1.313938,0.457043,0.610188,1.054123,2.874865,1.549994
theta05_R0main,1620,0.303583,0.564974,1.060762,0.472121,0.643019,1.196671,2.246801,1.251088
theta05_R0main,1621,0.295738,0.595573,0.988353,0.481577,0.614105,1.236715,2.052327,1.206564
theta05_R0main,1622,0.356338,0.631974,1.35215,0.535287,0.665695,1.180626,2.526028,1.333572
theta05_R0main,1623,0.35681,0.499985,1.13305,0.489419,0.729049,1.021589,2.315093,1.155465
theta05_R0main,1624,0.302216,0.554592,0.961052,0.466294,0.648122,1.18936,2.061041,1.156887
theta05_R0main,1625,0.365398,0.54086,0.867814,0.480755,0.760049,1.125022,1.805106,0.864991
theta05_R0main,1626,0.337617,0.499278,1.003964,0.478254,0.705936,1.04396,2.099227,1.0898
theta05_R0main,1627,0.365277,0.527676,1.075569,0.494848,0.738159,1.066339,2.173533,1.079949
theta05_R0main,1628,0.383806,0.496051,1.140875,0.49728,0.771809,0.997528,2.294229,1.089415
theta05_R0main,1629,0.375374,0.556888,1.259719,0.524164,0.716138,1.06243,2.40329,1.210721
theta05_R0main,1630,0.319603,0.525473,0.998807,0.478517,0.667904,1.098128,2.087298,1.139482
theta05_R0main,1631,0.375354,0.650197,1.065828,0.516367,0.726913,1.259175,2.064089,1.043637
theta05_R0main,1632,0.272261,0.476447,0.845102,0.399887,0.680844,1.191452,2.11335,1.132697
theta05_R0main,1633,0.350876,0.543797,1.134374,0.510958,0.686701,1.064269,2.220091,1.173404
theta05_R0main,1634,0.342754,0.51164,1.082578,0.478042,0.716995,1.070284,2.26461,1.150088
theta05_R0main,1635,0.294042,0.523083,1.149547,0.443542,0.662942,1.179333,2.591746,1.3634
theta05_R0main,1636,0.311867,0.547679,1.145344,0.483055,0.645614,1.13378,2.371042,1.300882
theta05_R0main,1637,0.342997,0.631434,0.933966,0.500212,0.685705,1.262334,1.867141,1.001717
theta05_R0main,1638,0.371239,0.617597,1.289319,0.555595,0.668183,1.111595,2.320609,1.245023
theta05_R0main,1639,0.335043,0.582705,1.287371,0.519307,0.645174,1.122084,2.47902,1.346098
theta05_R0main,1640,0.297028,0.632371,1.139571,0.495137,0.59989,1.277166,2.301529,1.344583
theta05_R0main,1641,0.358929,0.590747,1.223697,0.534224,0.671871,1.105805,2.290608,1.226506
theta05_R0main,1642,0.317747,0.564955,1.138251,0.50738,0.62625,1.113475,2.243389,1.275994
theta05_R0main,1643,0.306507,0.532905,1.338713,0.476892,0.642718,1.117454,2.80716,1.474222
theta05_R0main,1644,0.310656,0.574946,0.911647,0.477782,0.650205,1.203365,1.908083,1.076566
theta05_R0main,1645,0.314367,0.50537,1.150236,0.48641,0.646301,1.03898,2.364749,1.297162
theta05_R0main,1646,0.2709,0.505295,1.0588,0.450342,0.601543,1.122024,2.351101,1.363141
theta05_R0main,1647,0.305694,0.464602,1.054552,0.437895,0.698098,1.06099,2.408229,1.238288
theta05_R0main,1648,0.314767,0.561285,0.999309,0.478595,0.657691,1.172776,2.088006,1.15523
theta05_R0main,1649,0.364027,0.55179,1.070805,0.494718,0.735827,1.115363,2.164476,1.078938
theta05_R0main,1650,0.3048,0.670117,0.926589,0.501437,0.607853,1.336393,1.847866,1.111854
theta05_R0main,1651,0.389168,0.560761,1.177034,0.528886,0.735825,1.060267,2.225495,1.106743
theta05_R0main,1652,0.318767,0.491395,1.208242,0.455422,0.699938,1.07899,2.653019,1.332463
theta05_R0main,1653,0.281536,0.50268,1.114449,0.457812,0.61496,1.098005,2.434292,1.375855
theta05_R0main,1654,0.271615,0.559671,1.020342,0.471227,0.5764,1.187689,2.16529,1.323507
theta05_R0main,1655,0.343705,0.51775,1.273171,0.490947,0.700086,1.054596,2.593298,1.309482
theta05_R0main,1656,0.34189,0.485167,1.016129,0.458969,0.744909,1.05708,2.213938,1.089266
theta05_R0main,1657,0.31584,0.507274,1.263682,0.467758,0.675221,1.08448,2.701575,1.38655
theta05_R0main,1658,0.338642,0.516086,1.090214,0.465235,0.727893,1.1093,2.343359,1.169186
theta05_R0main,1659,0.343838,0.510775,0.996922,0.454769,0.756072,1.123152,2.192152,1.064503
theta05_R0main,1660,0.421967,0.617193,1.077179,0.54452,0.774934,1.133462,1.978219,0.937174
theta05_R0main,1661,0.290206,0.447971,1.106168,0.439382,0.660486,1.019547,2.517554,1.338067
theta05_R0main,1662,0.330872,0.543744,1.219761,0.48944,0.676022,1.110953,2.492157,1.304678
theta05_R0main,1663,0.371714,0.534986,1.134868,0.512372,0.725478,1.044136,2.214931,1.116145
theta05_R0main,1664,0.316646,0.57108,1.012567,0.491154,0.644698,1.162731,2.061607,1.162459
theta05_R0main,1665,0.30212,0.612867,1.335721,0.496845,0.608077,1.233516,2.688404,1.486401
theta05_R0main,1666,0.336892,0.551852,1.288702,0.505507,0.666444,1.091682,2.549327,1.341628
theta05_R0main,1667,0.283825,0.57793,1.231905,0.475359,0.597076,1.215776,2.591526,1.467957
theta05_R0main,1668,0.346933,0.580894,1.160196,0.49871,0.695661,1.164794,2.326393,1.207211
theta05_R0main,1669,0.267186,0.564624,1.169954,0.489102,0.54628,1.15441,2.392047,1.476774
theta05_R0main,1670,0.301485,0.512733,1.050859,0.44499,0.67751,1.152235,2.361531,1.248641
theta05_R0main,1671,0.323381,0.51418,1.275426,0.474081,0.682123,1.084583,2.690314,1.372204
theta05_R0main,1672,0.305956,0.611132,0.942599,0.487912,0.627073,1.252545,1.931903,1.125198
theta05_R0main,1673,0.386522,0.527364,1.15581,0.492085,0.785479,1.071693,2.348803,1.095367
theta05_R0main,1674,0.379129,0.586745,0.986816,0.52626,0.720422,1.114934,1.87515,0.956607
theta05_R0main,1675,0.334045,0.546231,1.360384,0.500568,0.667333,1.091222,2.717679,1.404245
theta05_R0main,1676,0.293539,0.504326,1.011389,0.464323,0.632188,1.086154,2.178201,1.237069
theta05_R0main,1677,0.300485,0.599328,0.88838,0.459604,0.653792,1.304009,1.932925,1.084001
theta05_R0main,1678,0.29536,0.606731,1.263413,0.509669,0.579514,1.19044,2.478889,1.453377
theta05_R0main,1679,0.316203,0.515882,1.256817,0.464685,0.680468,1.110175,2.704665,1.379952
theta05_R0main,1680,0.324456,0.489183,0.9796,0.46421,0.698941,1.053797,2.110249,1.104995
theta05_R0main,1681,0.343849,0.631328,0.991136,0.531109,0.647416,1.188698,1.866163,1.058651
theta05_R0main,1682,0.263208,0.619497,1.083516,0.472304,0.557285,1.311649,2.294108,1.415022
theta05_R0main,1683,0.374925,0.557954,1.282517,0.515321,0.727556,1.082731,2.488772,1.229854
theta05_R0main,1684,0.305559,0.579348,1.308651,0.514192,0.594251,1.126717,2.545066,1.454611
theta05_R0main,1685,0.359912,0.5436,1.093823,0.492976,0.73008,1.10269,2.218815,1.111575
theta05_R0main,1686,0.348838,0.530007,1.148105,0.500993,0.696294,1.057914,2.291658,1.191259
theta05_R0main,1687,0.357956,0.490898,1.138988,0.488674,0.732506,1.004552,2.330773,1.157484
theta05_R0main,1688,0.360739,0.534561,0.95112,0.486523,0.741464,1.098737,1.954933,0.969485
theta05_R0main,1689,0.321444,0.534941,1.07123,0.482872,0.665692,1.107832,2.218457,1.20374
theta05_R0main,1690,0.312613,0.544431,1.135053,0.469794,0.665426,1.158871,2.416064,1.289468
theta05_R0main,1691,0.35808,0.573912,1.008131,0.507686,0.705317,1.130447,1.985736,1.035098
theta05_R0main,1692,0.293124,0.589748,0.819597,0.470282,0.623293,1.25403,1.742777,1.028219
theta05_R0main,1693,0.341457,0.531448,1.264216,0.531085,0.642943,1.000683,2.380441,1.308984
theta05_R0main,1694,0.272912,0.584669,1.147528,0.493323,0.55321,1.185165,2.326118,1.436217
theta05_R0main,1695,0.38129,0.574542,1.330938,0.543479,0.701573,1.057156,2.448922,1.250078
theta05_R0main,1696,0.275323,0.566647,1.190421,0.469883,0.585939,1.205931,2.53344,1.464117
theta05_R0main,1697,0.360069,0.512694,1.109248,0.484728,0.742826,1.057693,2.28839,1.125143
theta05_R0main,1698,0.307203,0.452108,0.899232,0.420642,0.73032,1.074805,2.137761,1.074031
theta05_R0main,1699,0.355525,0.494274,1.181239,0.486286,0.731103,1.016426,2.429103,1.200723
theta05_R0main,1700,0.31461,0.641785,1.262335,0.529233,0.594465,1.212669,2.385216,1.389384
theta05_R0main,1701,0.360879,0.496441,1.236446,0.513699,0.702511,0.966404,2.406947,1.231454
theta05_R0main,1702,0.296138,0.598738,1.030517,0.491001,0.603132,1.219423,2.098807,1.246989
theta05_R0main,1703,0.343754,0.510841,1.167391,0.496585,0.692236,1.028708,2.350837,1.2226
theta05_R0main,1704,0.331306,0.644834,1.381736,0.53438,0.619981,1.206694,2.585678,1.428053
theta05_R0main,1705,0.359816,0.528907,0.856357,0.473743,0.759517,1.116444,1.807641,0.867095
theta05_R0main,1706,0.292256,0.563254,1.139199,0.475151,0.615081,1.18542,2.397551,1.360449
theta05_R0main,1707,0.330913,0.547397,0.934986,0.475479,0.695956,1.151253,1.966408,1.038677
theta05_R0main,1708,0.377059,0.576389,1.358323,0.540279,0.697896,1.066835,2.514113,1.281605
theta05_R0main,1709,0.296223,0.580439,0.966776,0.497712,0.59517,1.166214,1.942439,1.182853
theta05_R0main,1710,0.289988,0.578088,1.05387,0.473695,0.612183,1.220381,2.224789,1.290386
theta05_R0main,1711,0.300532,0.56592,1.070946,0.467208,0.643251,1.211281,2.292226,1.270744
theta05_R0main,1712,0.33059,0.561901,1.213298,0.506811,0.652293,1.108699,2.393984,1.30022
theta05_R0main,1713,0.299318,0.719693,1.452437,0.554617,0.539684,1.29764,2.618812,1.579492
theta05_R0main,1714,0.294257,0.535416,1.281662,0.492181,0.597864,1.087843,2.604047,1.471459
theta05_R0main,1715,0.333551,0.477131,1.112492,0.442576,0.753659,1.078078,2.513677,1.204562
theta05_R0main,1716,0.318912,0.602026,1.204803,0.515902,0.618163,1.166939,2.335334,1.329157
theta05_R0main,1717,0.292245,0.587886,1.135782,0.474536,0.615855,1.238864,2.393455,1.357482
theta05_R0main,1718,0.358602,0.484175,1.08726,0.476936,0.751886,1.015177,2.279675,1.109204
theta05_R0main,1719,0.379827,0.634201,1.101935,0.548335,0.692691,1.156594,2.009602,1.065108
theta05_R0main,1720,0.36707,0.579903,0.97557,0.507993,0.72259,1.141558,1.920441,0.977468
theta05_R0main,1721,0.347576,0.551603,1.201172,0.509379,0.682353,1.082892,2.35811,1.240068
theta05_R0main,1722,0.298039,0.569377,0.977391,0.448936,0.663877,1.26828,2.177125,1.187663
theta05_R0main,1723,0.316026,0.582629,1.068095,0.494885,0.638585,1.177304,2.158271,1.217807
theta05_R0main,1724,0.327087,0.581195,1.243301,0.501763,0.651875,1.158306,2.477866,1.3353
theta05_R0main,1725,0.266517,0.584052,0.974407,0.471725,0.564985,1.23812,2.065627,1.29639
theta05_R0main,1726,0.345234,0.599643,1.089483,0.505243,0.683303,1.186841,2.156353,1.149235
theta05_R0main,1727,0.31278,0.550597,1.237008,0.471592,0.663243,1.16753,2.623047,1.37495
theta05_R0main,1728,0.324973,0.582934,1.11907,0.485768,0.668989,1.200026,2.303714,1.23651
theta05_R0main,1729,0.343133,0.574002,1.196473,0.515882,0.665138,1.112661,2.319276,1.249015
theta05_R0main,1730,0.312285,0.574647,1.132055,0.486767,0.641549,1.180537,2.325661,1.287874
theta05_R0main,1731,0.320942,0.605464,1.086605,0.494536,0.648976,1.224307,2.197223,1.219554
theta05_R0main,1732,0.292705,0.608012,1.256215,0.496538,0.589491,1.224503,2.529949,1.456694
theta05_R0main,1733,0.379149,0.618806,1.358726,0.54524,0.695381,1.134924,2.49198,1.276373
theta05_R0main,1734,0.303148,0.522229,0.958984,0.466653,0.649623,1.119095,2.055026,1.151652
theta05_R0main,1735,0.351058,0.595378,1.206132,0.518242,0.677402,1.14884,2.327352,1.234221
theta05_R0main,1736,0.282803,0.541465,1.028283,0.450043,0.62839,1.20314,2.284853,1.290896
theta05_R0main,1737,0.371287,0.537437,1.124236,0.498219,0.745228,1.078716,2.256508,1.107883
theta05_R0main,1738,0.311679,0.539826,1.097348,0.494527,0.630257,1.091602,2.218986,1.258678
theta05_R0main,1739,0.320312,0.592065,1.290195,0.552097,0.580174,1.072394,2.3369,1.393253
theta05_R0main,1740,0.372598,0.550091,1.319626,0.526196,0.708097,1.045411,2.507861,1.264605
theta05_R0main,1741,0.307506,0.523942,1.228827,0.470244,0.653928,1.114192,2.613167,1.385321
theta05_R0main,1742,0.376125,0.545359,1.254641,0.519909,0.723444,1.048951,2.413195,1.204684
theta05_R0main,1743,0.315627,0.494436,0.975248,0.447274,0.705669,1.105444,2.180428,1.128131
theta05_R0main,1744,0.30606,0.570016,1.340638,0.48806,0.627094,1.167922,2.746871,1.477121
theta05_R0main,1745,0.313767,0.606558,1.179928,0.497184,0.631089,1.219987,2.373224,1.324558
theta05_R0main,1746,0.342902,0.558552,1.162333,0.508994,0.673685,1.097363,2.283586,1.22074
theta05_R0main,1747,0.353118,0.517751,1.071956,0.494416,0.714211,1.047197,2.168125,1.110439
theta05_R0main,1748,0.384143,0.592122,1.195916,0.555908,0.691018,1.065144,2.151284,1.135654
theta05_R0main,1749,0.269331,0.56988,1.118419,0.471787,0.570874,1.207917,2.370602,1.423731
theta05_R0main,1750,0.323907,0.589796,1.08181,0.515809,0.62796,1.14344,2.097307,1.205934
theta05_R0main,1751,0.34638,0.552609,1.090726,0.503646,0.687744,1.097217,2.165659,1.147063
theta05_R0main,1752,0.387815,0.520212,1.345451,0.543001,0.714207,0.958032,2.477807,1.243957
theta05_R0main,1753,0.298821,0.605602,1.026764,0.479755,0.622862,1.262317,2.140186,1.234324
theta05_R0main,1754,0.339826,0.600601,1.039098,0.505913,0.671709,1.187163,2.053906,1.117673
theta05_R0main,1755,0.344577,0.580867,1.096006,0.511503,0.673656,1.135607,2.142717,1.15711
theta05_R0main,1756,0.433397,0.545174,1.21995,0.542768,0.798495,1.004433,2.247645,1.03491
theta05_R0main,1757,0.299558,0.583619,1.170305,0.487291,0.614741,1.197682,2.401657,1.362713
theta05_R0main,1758,0.315138,0.627815,1.275979,0.507478,0.620989,1.237129,2.514356,1.398459
theta05_R0main,1759,0.286148,0.547825,1.195382,0.471217,0.607254,1.162576,2.536799,1.429711
theta05_R0main,1760,0.332355,0.551928,1.044102,0.495157,0.671211,1.114651,2.108626,1.144708
theta05_R0main,1761,0.307228,0.518728,1.285301,0.48405,0.634703,1.071643,2.655308,1.431158
theta05_R0main,1762,0.324929,0.564246,1.112465,0.473853,0.685718,1.190763,2.347702,1.230726
theta05_R0main,1763,0.313991,0.525871,0.86711,0.44692,0.702566,1.176654,1.940189,1.015801
theta05_R0main,1764,0.350385,0.56848,1.385974,0.535316,0.654539,1.061953,2.589077,1.375125
theta05_R0main,1765,0.359191,0.586134,1.149646,0.511784,0.701841,1.145276,2.246351,1.163356
theta05_R0main,1766,0.298166,0.510645,1.093898,0.460641,0.647285,1.108552,2.374728,1.299851
theta05_R0main,1767,0.366613,0.625875,0.848509,0.512134,0.715855,1.222094,1.656812,0.839173
theta05_R0main,1768,0.325855,0.546285,0.975455,0.475429,0.685392,1.149035,2.051736,1.09645
theta05_R0main,1769,0.32663,0.528617,1.080603,0.473211,0.690242,1.117085,2.283555,1.196446
theta05_R0main,1770,0.337505,0.53318,1.01128,0.489146,0.689988,1.090021,2.067439,1.097391
theta05_R0main,1771,0.33601,0.594782,1.108306,0.517236,0.649625,1.149922,2.142745,1.193448
theta05_R0main,1772,0.325386,0.606016,1.129615,0.511263,0.636435,1.185329,2.209458,1.24462
theta05_R0main,1773,0.320026,0.493821,1.2431,0.464273,0.689305,1.063644,2.677522,1.356963
theta05_R0main,1774,0.328259,0.589933,1.394126,0.528637,0.620954,1.11595,2.637207,1.446219
theta05_R0main,1775,0.336771,0.535355,1.303021,0.513231,0.656179,1.043106,2.538857,1.353036
theta05_R0main,1776,0.317209,0.480653,1.28903,0.464186,0.683366,1.035473,2.776966,1.402083
theta05_R0main,1777,0.387718,0.57714,1.33922,0.566557,0.68434,1.018679,2.363785,1.239565
theta05_R0main,1778,0.350396,0.615366,1.158551,0.509127,0.688229,1.208668,2.275564,1.195861
theta05_R0main,1779,0.318141,0.545891,1.261255,0.493184,0.645075,1.106871,2.55737,1.377369
theta05_R0main,1780,0.298964,0.543341,1.245141,0.469352,0.636972,1.157641,2.652895,1.42668
theta05_R0main,1781,0.348663,0.59839,1.080015,0.504076,0.691687,1.187104,2.142565,1.130625
theta05_R0main,1782,0.362672,0.604869,1.022329,0.515558,0.703456,1.173232,1.982957,1.036339
theta05_R0main,1783,0.269605,0.57759,1.215983,0.484053,0.556974,1.193238,2.512086,1.50635
theta05_R0main,1784,0.323318,0.504402,1.138961,0.479437,0.67437,1.052071,2.375621,1.259235
theta05_R0main,1785,0.319243,0.577936,1.081649,0.48072,0.664094,1.202231,2.250061,1.220289
theta05_R0main,1786,0.305301,0.551298,0.92785,0.473205,0.645177,1.165031,1.96078,1.111573
theta05_R0main,1787,0.283323,0.508022,1.068603,0.445943,0.635335,1.139207,2.396274,1.327518
theta05_R0main,1788,0.332354,0.506104,1.138669,0.473047,0.70258,1.06988,2.407094,1.231416
theta05_R0main,1789,0.373109,0.539891,1.01362,0.498999,0.747716,1.081949,2.031308,0.999412
theta05_R0main,1790,0.334124,0.607558,1.28712,0.518825,0.644002,1.171026,2.480835,1.348649
theta05_R0main,1791,0.337104,0.563343,1.124768,0.491205,0.68628,1.146861,2.289815,1.204941
theta05_R0main,1792,0.334656,0.561296,1.083777,0.492456,0.679566,1.139789,2.200761,1.175104
theta05_R0main,1793,0.322591,0.513235,1.054138,0.445079,0.724795,1.153131,2.368429,1.184093
theta05_R0main,1794,0.297868,0.510164,1.033475,0.472593,0.630285,1.079501,2.18682,1.244032
theta05_R0main,1795,0.34777,0.5211,1.268105,0.512458,0.67863,1.016864,2.474552,1.293738
theta05_R0main,1796,0.33627,0.556639,1.131473,0.506196,0.664308,1.099651,2.235247,1.213361
theta05_R0main,1797,0.355513,0.594059,1.099605,0.517279,0.687276,1.14843,2.125748,1.129143
theta05_R0main,1798,0.365985,0.560696,1.202425,0.514343,0.711559,1.090122,2.33779,1.189503
theta05_R0main,1799,0.334926,0.544345,1.186242,0.497519,0.673193,1.094119,2.384313,1.264635
theta05_R0main,1800,0.370613,0.592503,1.008035,0.504994,0.733896,1.173288,1.996133,1.000599
theta05_R0main,1801,0.315582,0.557502,1.095186,0.472659,0.667673,1.179501,2.317072,1.244261
theta05_R0main,1802,0.277814,0.616078,1.044769,0.482243,0.576086,1.277524,2.166477,1.3246
theta05_R0main,1803,0.314154,0.531681,1.293304,0.500763,0.627351,1.061742,2.582667,1.415072
theta05_R0main,1804,0.360218,0.545958,1.401843,0.53448,0.673959,1.021474,2.622816,1.358835
theta05_R0main,1805,0.350994,0.552421,1.210343,0.508126,0.690762,1.087173,2.381975,1.23789
theta05_R0main,1806,0.374895,0.564613,1.170306,0.541368,0.692495,1.042937,2.161757,1.138376
theta05_R0main,1807,0.356636,0.504649,1.075479,0.464415,0.767926,1.086635,2.315773,1.103806
theta05_R0main,1808,0.420026,0.505374,1.06665,0.504564,0.832454,1.001607,2.114004,0.93196
theta05_R0main,1809,0.338448,0.496214,1.429992,0.49165,0.688393,1.009282,2.908556,1.441052
theta05_R0main,1810,0.373305,0.610944,1.097007,0.528701,0.70608,1.155557,2.074909,1.077945
theta05_R0main,1811,0.312961,0.557236,1.371044,0.479749,0.652344,1.161515,2.857835,1.477248
theta05_R0main,1812,0.289335,0.511253,1.090454,0.470851,0.614494,1.085806,2.315921,1.326763
theta05_R0main,1813,0.313066,0.612921,1.273689,0.518025,0.604345,1.183188,2.458741,1.40326
theta05_R0main,1814,0.292906,0.503258,1.097014,0.481118,0.608802,1.046018,2.280136,1.320497
theta05_R0main,1815,0.362579,0.53337,1.044896,0.513742,0.705762,1.038207,2.033895,1.05843
theta05_R0main,1816,0.318021,0.563836,1.059957,0.480139,0.662352,1.174318,2.207604,1.203865
theta05_R0main,1817,0.339076,0.573844,1.026795,0.494246,0.686048,1.161049,2.077498,1.107973
theta05_R0main,1818,0.378055,0.494346,1.086146,0.49298,0.766877,1.00277,2.203224,1.05535
theta05_R0main,1819,0.290116,0.514686,1.121869,0.47621,0.609218,1.080798,2.35583,1.352472
theta05_R0main,1820,0.366858,0.456502,1.362024,0.489774,0.749035,0.932066,2.780922,1.311752
theta05_R0main,1821,0.364494,0.576961,1.117153,0.533414,0.683322,1.081638,2.094346,1.12003
theta05_R0main,1822,0.307304,0.52904,0.964708,0.43668,0.703729,1.211504,2.209188,1.143988
theta05_R0main,1823,0.378577,0.530957,1.019097,0.502906,0.752779,1.055779,2.026417,0.990253
theta05_R0main,1824,0.354133,0.559742,1.216872,0.519085,0.682226,1.078323,2.344262,1.234365
theta05_R0main,1825,0.38657,0.681739,1.157776,0.570532,0.67756,1.194919,2.029292,1.096944
theta05_R0main,1826,0.289525,0.535951,0.969105,0.458514,0.631442,1.168887,2.113578,1.208131
theta05_R0main,1827,0.391254,0.520897,0.886649,0.484611,0.807355,1.074876,1.829608,0.818093
theta05_R0main,1828,0.359622,0.53249,1.351567,0.513039,0.700965,1.037913,2.634433,1.323966
theta05_R0main,1829,0.372002,0.615074,1.302084,0.528015,0.704529,1.164879,2.465998,1.252823
theta05_R0main,1830,0.333467,0.557449,0.926651,0.472062,0.706405,1.180882,1.962987,1.022034
theta05_R0main,1831,0.346271,0.528411,1.155369,0.484448,0.714774,1.090748,2.38492,1.204955
theta05_R0main,1832,0.307486,0.555056,1.141638,0.490266,0.627182,1.132153,2.328606,1.311789
theta05_R0main,1833,0.348754,0.455501,1.089968,0.492753,0.707767,0.924399,2.211996,1.139536
theta05_R0main,1834,0.292571,0.563518,1.321015,0.482018,0.60697,1.169081,2.740592,1.507449
theta05_R0main,1835,0.3083,0.556253,1.373843,0.48015,0.642091,1.158499,2.86128,1.494293
theta05_R0main,1836,0.34997,0.507972,1.188911,0.482471,0.72537,1.052854,2.46421,1.222944
theta05_R0main,1837,0.370533,0.589492,1.262157,0.517439,0.716092,1.139251,2.43924,1.225634
theta05_R0main,1838,0.323143,0.557882,1.304422,0.501245,0.644681,1.112994,2.602367,1.395421
theta05_R0main,1839,0.328688,0.506421,1.030464,0.466007,0.705329,1.086725,2.211266,1.142656
theta05_R0main,1840,0.348492,0.604063,1.012905,0.51591,0.675489,1.170867,1.963335,1.066964
theta05_R0main,1841,0.32746,0.52216,1.152561,0.478349,0.684563,1.091587,2.409454,1.258374
theta05_R0main,1842,0.327622,0.585506,1.197201,0.495445,0.661268,1.181779,2.416418,1.295882
theta05_R0main,1843,0.33451,0.522618,1.118596,0.467899,0.71492,1.116947,2.390679,1.207163
theta05_R0main,1844,0.334029,0.58054,1.003662,0.477918,0.698926,1.214727,2.100072,1.100182
theta05_R0main,1845,0.333245,0.51114,1.006614,0.479016,0.695687,1.067062,2.101421,1.105469
theta05_R0main,1846,0.317847,0.551543,0.995915,0.475565,0.668358,1.159766,2.094173,1.14209
theta05_R0main,1847,0.355923,0.529548,1.130086,0.499315,0.712823,1.060549,2.263272,1.155334
theta05_R0main,1848,0.328366,0.55124,1.13012,0.480859,0.682875,1.146365,2.350211,1.235949
theta05_R0main,1849,0.398552,0.576238,1.009903,0.51591,0.772523,1.116935,1.957517,0.929771
theta05_R0main,1850,0.399826,0.540048,1.06982,0.506878,0.788802,1.06544,2.110608,0.984216
theta05_R0main,1851,0.34537,0.562091,1.027781,0.501118,0.689198,1.121674,2.050975,1.090542
theta05_R0main,1852,0.337769,0.559017,0.976799,0.503488,0.670858,1.110288,1.940063,1.061919
theta05_R0main,1853,0.309605,0.563088,1.338566,0.488424,0.633885,1.152867,2.740583,1.464058
theta05_R0main,1854,0.34168,0.579801,0.980764,0.49191,0.694599,1.178673,1.993785,1.054456
theta05_R0main,1855,0.292208,0.603161,1.5132,0.491861,0.594087,1.226284,3.076482,1.644516
theta05_R0main,1856,0.380417,0.570811,1.162661,0.521023,0.730136,1.095558,2.231497,1.117198
theta05_R0main,1857,0.323169,0.590646,1.1323,0.509289,0.63455,1.159747,2.223296,1.25383
theta05_R0main,1858,0.289462,0.549295,1.220295,0.484383,0.59759,1.13401,2.519279,1.438823
theta05_R0main,1859,0.308479,0.463769,1.145347,0.447933,0.688673,1.035355,2.556961,1.311809
theta05_R0main,1860,0.259818,0.550245,0.864041,0.428796,0.605924,1.283231,2.015038,1.201638
theta05_R0main,1861,0.359997,0.596835,1.150984,0.528654,0.680969,1.128972,2.177197,1.162276
theta05_R0main,1862,0.314783,0.691918,1.134301,0.528871,0.595199,1.308294,2.144761,1.281888
theta05_R0main,1863,0.361298,0.543762,1.081182,0.500138,0.722397,1.087223,2.161766,1.096107
theta05_R0main,1864,0.363185,0.500354,1.265361,0.51861,0.700304,0.964798,2.439908,1.248201
theta05_R0main,1865,0.354489,0.540832,1.336887,0.511134,0.693535,1.058103,2.615531,1.327421
theta05_R0main,1866,0.346434,0.555106,0.846137,0.480054,0.721656,1.156342,1.762588,0.892989
theta05_R0main,1867,0.339031,0.671628,1.247203,0.569236,0.595589,1.179875,2.19101,1.302567
theta05_R0main,1868,0.423875,0.634733,1.360012,0.580541,0.730138,1.093348,2.342664,1.16581
theta05_R0main,1869,0.297653,0.578346,1.114718,0.495025,0.601287,1.168315,2.25184,1.32043
theta05_R0main,1870,0.302365,0.519907,1.44579,0.464536,0.650897,1.119198,3.112335,1.564777
theta05_R0main,1871,0.309136,0.583033,1.062905,0.4778,0.646999,1.220245,2.224581,1.23498
theta05_R0main,1872,0.296687,0.572875,1.381901,0.496098,0.59804,1.154762,2.78554,1.538539
theta05_R0main,1873,0.350698,0.542758,1.093083,0.482202,0.727284,1.125581,2.266855,1.136832
theta05_R0main,1874,0.394379,0.495491,1.325162,0.509199,0.774509,0.97308,2.602447,1.211978
theta05_R0main,1875,0.317337,0.568326,1.332451,0.506436,0.626608,1.122206,2.631036,1.434811
theta05_R0main,1876,0.304799,0.582896,1.083285,0.485389,0.627948,1.200884,2.231788,1.268101
theta05_R0main,1877,0.27571,0.514737,1.173892,0.454451,0.606688,1.132657,2.583099,1.44873
theta05_R0main,1878,0.313086,0.586884,1.081723,0.502195,0.623435,1.168638,2.153992,1.239834
theta05_R0main,1879,0.332728,0.515839,1.020897,0.499891,0.665601,1.031902,2.042237,1.121111
theta05_R0main,1880,0.302209,0.620523,1.079647,0.502402,0.601529,1.235113,2.148972,1.27327
theta05_R0main,1881,0.358365,0.527013,1.067595,0.497457,0.720394,1.059414,2.146104,1.09161
theta05_R0main,1882,0.328666,0.531927,0.85653,0.460986,0.712962,1.15389,1.85804,0.957849
theta05_R0main,1883,0.365051,0.534828,1.219774,0.500216,0.729787,1.069193,2.438494,1.206383
theta05_R0main,1884,0.313896,0.517988,0.972885,0.46552,0.67429,1.112708,2.089889,1.131205
theta05_R0main,1885,0.333935,0.503356,1.168642,0.480145,0.695489,1.048343,2.433937,1.25265
theta05_R0main,1886,0.334572,0.556304,0.955334,0.479497,0.697757,1.160183,1.992367,1.049207
theta05_R0main,1887,0.314627,0.630529,1.107948,0.506996,0.620571,1.243655,2.185317,1.258876
theta05_R0main,1888,0.327339,0.682738,1.313123,0.556647,0.588054,1.226519,2.358987,1.389168
theta05_R0main,1889,0.329909,0.55477,1.047944,0.48533,0.679762,1.143078,2.159242,1.15577
theta05_R0main,1890,0.290617,0.486909,0.976266,0.432639,0.671731,1.12544,2.256537,1.211729
theta05_R0main,1891,0.289767,0.538472,1.16393,0.473382,0.612122,1.137501,2.458755,1.39048
theta05_R0main,1892,0.353941,0.557013,1.037789,0.497072,0.712052,1.120588,2.087805,1.075717
theta05_R0main,1893,0.294118,0.582305,1.2378,0.487332,0.603527,1.194885,2.539955,1.437111
theta05_R0main,1894,0.328726,0.648185,1.175971,0.538034,0.610975,1.204727,2.185681,1.274626
theta05_R0main,1895,0.280605,0.581162,1.380665,0.495182,0.566671,1.173633,2.788195,1.593371
theta05_R0main,1896,0.335136,0.52144,0.992384,0.474175,0.706778,1.099678,2.092865,1.085573
theta05_R0main,1897,0.334018,0.603159,1.446423,0.512539,0.651692,1.176806,2.822075,1.465655
theta05_R0main,1898,0.355608,0.532623,1.35814,0.504603,0.704729,1.05553,2.691502,1.340041
theta05_R0main,1899,0.391287,0.574137,1.171532,0.538501,0.726624,1.066178,2.175545,1.096626
theta05_R0main,1900,0.377894,0.502832,1.089911,0.494821,0.763699,1.01619,2.202639,1.059238
theta05_R0main,1901,0.327454,0.560707,0.991846,0.483808,0.676825,1.158946,2.050082,1.108222
theta05_R0main,1902,0.364406,0.505546,0.947383,0.477862,0.762576,1.057934,1.982548,0.955435
theta05_R0main,1903,0.321492,0.560044,1.100488,0.498861,0.644452,1.122644,2.205999,1.230535
theta05_R0main,1904,0.383835,0.564397,1.259211,0.524062,0.732422,1.076966,2.402788,1.188029
theta05_R0main,1905,0.27052,0.577976,1.123072,0.46434,0.582591,1.244725,2.418641,1.423476
theta05_R0main,1906,0.306579,0.521556,0.938193,0.443445,0.691357,1.176146,2.115694,1.118482
theta05_R0main,1907,0.362576,0.472012,0.920067,0.453148,0.800127,1.041629,2.03039,0.931213
theta05_R0main,1908,0.346801,0.545447,0.881079,0.475573,0.729229,1.146927,1.852669,0.932395
theta05_R0main,1909,0.323385,0.602285,1.151302,0.511933,0.631695,1.176492,2.24893,1.269804
theta05_R0main,1910,0.287633,0.565187,1.347877,0.471411,0.610152,1.198926,2.859237,1.544602
theta05_R0main,1911,0.311558,0.631613,0.914795,0.502516,0.619996,1.256901,1.82043,1.077114
theta05_R0main,1912,0.316499,0.632366,0.959316,0.504415,0.627457,1.253662,1.90184,1.108902
theta05_R0main,1913,0.291638,0.599865,1.321318,0.50182,0.581161,1.195377,2.633051,1.510871
theta05_R0main,1914,0.344253,0.617027,1.162696,0.52517,0.655509,1.17491,2.213944,1.217119
theta05_R0main,1915,0.303977,0.480993,0.946084,0.445597,0.682178,1.079435,2.123181,1.135379
theta05_R0main,1916,0.360811,0.508978,1.204554,0.495552,0.728099,1.027092,2.430731,1.20551
theta05_R0main,1917,0.291493,0.582275,1.245437,0.48502,0.60099,1.200516,2.567802,1.452227
theta05_R0main,1918,0.339845,0.523406,1.006358,0.477739,0.71136,1.095589,2.106501,1.085605
theta05_R0main,1919,0.316273,0.535159,1.347521,0.484568,0.652689,1.104403,2.780868,1.449417
theta05_R0main,1920,0.372982,0.536302,1.174743,0.524358,0.711311,1.022777,2.240344,1.147275
theta05_R0main,1921,0.365345,0.515781,0.888128,0.477009,0.765908,1.081282,1.861869,0.888275
theta05_R0main,1922,0.346312,0.59004,0.911591,0.496031,0.698167,1.189524,1.837772,0.967851
theta05_R0main,1923,0.28522,0.567987,1.328627,0.47713,0.597783,1.190423,2.784622,1.53864
theta05_R0main,1924,0.357946,0.534584,1.017692,0.507602,0.705171,1.053156,2.004903,1.044911
theta05_R0main,1925,0.365541,0.5375,1.193396,0.51044,0.71613,1.053014,2.337976,1.183179
theta05_R0main,1926,0.305109,0.491313,1.01618,0.452589,0.674141,1.08556,2.245258,1.203137
theta05_R0main,1927,0.342261,0.566057,1.127364,0.489315,0.699471,1.156836,2.303965,1.192062
theta05_R0main,1928,0.379202,0.567828,1.060916,0.501324,0.756402,1.132658,2.116229,1.028819
theta05_R0main,1929,0.281667,0.529904,1.317376,0.456933,0.616429,1.159697,2.883081,1.542672
theta05_R0main,1930,0.328498,0.585154,1.267721,0.514679,0.638257,1.136928,2.463127,1.350446
theta05_R0main,1931,0.338064,0.518258,1.248119,0.473983,0.713241,1.09341,2.633257,1.306158
theta05_R0main,1932,0.342317,0.533995,1.051523,0.477937,0.716238,1.117291,2.200128,1.122259
theta05_R0main,1933,0.292899,0.583083,1.239921,0.476928,0.614138,1.222581,2.599808,1.442974
theta05_R0main,1934,0.31154,0.583348,1.411715,0.520834,0.598157,1.120028,2.710491,1.511031
theta05_R0main,1935,0.319203,0.488442,1.088842,0.477267,0.668815,1.023416,2.281413,1.227043
theta05_R0main,1936,0.351005,0.509532,1.035007,0.482371,0.727666,1.056306,2.145663,1.081362
theta05_R0main,1937,0.404246,0.493514,1.066035,0.504318,0.801569,0.978578,2.113814,0.969679
theta05_R0main,1938,0.436001,0.578997,1.050569,0.554192,0.786732,1.044759,1.895677,0.879444
theta05_R0main,1939,0.315824,0.675494,0.869246,0.505152,0.625207,1.33721,1.720763,1.01244
theta05_R0main,1940,0.318392,0.481385,1.418289,0.467805,0.680607,1.029028,3.031793,1.493924
theta05_R0main,1941,0.35532,0.54365,1.034176,0.49843,0.712878,1.090726,2.074869,1.068343
theta05_R0main,1942,0.351351,0.541018,1.06146,0.486218,0.72262,1.112706,2.183095,1.105616
theta05_R0main,1943,0.300671,0.557879,1.269548,0.521185,0.576898,1.070406,2.435888,1.440401
theta05_R0main,1944,0.294407,0.54569,0.99641,0.465506,0.632446,1.172251,2.140489,1.219195
theta05_R0main,1945,0.277172,0.524261,0.943137,0.437392,0.633694,1.198608,2.156276,1.224572
theta05_R0main,1946,0.311434,0.529146,1.237052,0.453377,0.686919,1.16712,2.728525,1.3793
theta05_R0main,1947,0.33758,0.54173,1.030891,0.491152,0.687324,1.10298,2.098927,1.116376
theta05_R0main,1948,0.30384,0.549022,1.067788,0.467427,0.650027,1.174561,2.284395,1.256843
theta05_R0main,1949,0.358589,0.573215,1.189707,0.495298,0.723988,1.157315,2.402004,1.199285
theta05_R0main,1950,0.401046,0.502687,1.036008,0.511937,0.78339,0.981932,2.023701,0.949052
theta05_R0main,1951,0.338976,0.566589,1.095415,0.502898,0.674046,1.126649,2.178205,1.172958
theta05_R0main,1952,0.345182,0.562843,0.888666,0.486565,0.709427,1.156769,1.826408,0.945648
theta05_R0main,1953,0.292846,0.607891,1.022648,0.51051,0.573635,1.190753,2.003191,1.250503
theta05_R0main,1954,0.273552,0.566862,1.288009,0.462411,0.591578,1.225885,2.785422,1.549361
theta05_R0main,1955,0.334172,0.73981,1.283864,0.592437,0.564063,1.248758,2.167091,1.345974
theta05_R0main,1956,0.346407,0.613676,1.334611,0.516829,0.670255,1.187387,2.582308,1.348781
theta05_R0main,1957,0.326096,0.522268,1.100449,0.474675,0.686988,1.100263,2.31832,1.216282
theta05_R0main,1958,0.28304,0.546192,1.147706,0.482976,0.586032,1.130888,2.376318,1.399933
theta05_R0main,1959,0.351326,0.53699,1.162184,0.50239,0.69931,1.068869,2.313309,1.19634
theta05_R0main,1960,0.284273,0.542621,1.023477,0.475107,0.598335,1.142103,2.154203,1.281025
theta05_R0main,1961,0.321733,0.545097,0.980518,0.485295,0.662963,1.12323,2.020459,1.11436
theta05_R0main,1962,0.311558,0.522489,1.143817,0.456895,0.681902,1.143565,2.503455,1.300541
theta05_R0main,1963,0.315172,0.496363,1.277837,0.46936,0.671495,1.057532,2.722512,1.399804
theta05_R0main,1964,0.361347,0.588999,1.000482,0.509326,0.709461,1.156429,1.964327,1.0184
theta05_R0main,1965,0.305265,0.532255,1.037464,0.468315,0.651838,1.136533,2.215314,1.223353
theta05_R0main,1966,0.283481,0.584814,0.901402,0.456016,0.621647,1.282441,1.97669,1.156807
theta05_R0main,1967,0.381985,0.528442,1.016392,0.501661,0.761439,1.053384,2.026053,0.978634
theta05_R0main,1968,0.35046,0.548895,0.947311,0.509471,0.68789,1.077382,1.859402,0.994382
theta05_R0main,1969,0.310853,0.631788,1.101131,0.522374,0.595078,1.209454,2.107935,1.264772
theta05_R0main,1970,0.323025,0.505935,1.156823,0.471015,0.685806,1.074139,2.456024,1.275704
theta05_R0main,1971,0.334251,0.562329,1.43486,0.52801,0.633038,1.064996,2.717485,1.456931
theta05_R0main,1972,0.312361,0.545059,1.053146,0.471547,0.662418,1.155897,2.233387,1.215379
theta05_R0main,1973,0.305967,0.657036,0.984355,0.494357,0.618918,1.329071,1.991181,1.16851
theta05_R0main,1974,0.26457,0.484643,1.040856,0.418336,0.632434,1.158501,2.488084,1.369692
theta05_R0main,1975,0.310201,0.547915,1.145981,0.47944,0.647006,1.142821,2.390248,1.306797
theta05_R0main,1976,0.303929,0.578612,1.019787,0.477956,0.635893,1.210598,2.133642,1.210555
theta05_R0main,1977,0.381822,0.604615,1.227787,0.53219,0.717455,1.13609,2.307048,1.168014
theta05_R0main,1978,0.287365,0.610577,1.295851,0.492612,0.583349,1.239468,2.63057,1.506171
theta05_R0main,1979,0.307476,0.540371,1.079821,0.452185,0.679979,1.195022,2.388008,1.256153
theta05_R0main,1980,0.360529,0.510889,1.138261,0.49588,0.72705,1.030267,2.295438,1.149684
theta05_R0main,1981,0.314935,0.621962,1.268566,0.508275,0.619615,1.223672,2.495823,1.393275
theta05_R0main,1982,0.301175,0.613566,1.216535,0.505196,0.596156,1.214512,2.408047,1.396069
theta05_R0main,1983,0.334571,0.542986,1.585126,0.547428,0.611168,0.991885,2.895587,1.555571
theta05_R0main,1984,0.348586,0.516543,1.209078,0.498559,0.699186,1.036072,2.425144,1.243729
theta05_R0main,1985,0.310939,0.485321,1.219071,0.478199,0.650231,1.014895,2.549296,1.366246
theta05_R0main,1986,0.316813,0.504566,1.268761,0.481062,0.658571,1.048859,2.637419,1.387484
theta05_R0main,1987,0.362293,0.506691,1.023797,0.489219,0.740554,1.035714,2.092716,1.03882
theta05_R0main,1988,0.317056,0.530785,1.232927,0.47677,0.665008,1.113293,2.586,1.358068
theta05_R0main,1989,0.316681,0.567093,1.244868,0.518381,0.610903,1.093968,2.401452,1.36889
theta05_R0main,1990,0.336322,0.590498,1.180289,0.513739,0.654655,1.149412,2.297447,1.255445
theta05_R0main,1991,0.356536,0.524611,0.942171,0.498888,0.714661,1.05156,1.888541,0.971752
theta05_R0main,1992,0.338003,0.622444,1.105836,0.524184,0.644817,1.187454,2.109633,1.185302
theta05_R0main,1993,0.341486,0.607336,1.262577,0.545873,0.625578,1.112597,2.312951,1.307604
theta05_R0main,1994,0.307442,0.527407,1.450855,0.485498,0.633251,1.086321,2.988385,1.551622
theta05_R0main,1995,0.327878,0.555915,1.054925,0.480544,0.682306,1.156846,2.195273,1.168584
theta05_R0main,1996,0.297665,0.521939,0.95053,0.449676,0.661954,1.1607,2.113809,1.161051
theta05_R0main,1997,0.347537,0.534303,1.143779,0.481596,0.721636,1.109441,2.374976,1.191222
theta05_R0main,1998,0.30037,0.543569,1.040433,0.474074,0.633594,1.146591,2.194664,1.242376
theta05_R0main,1999,0.343829,0.525701,1.272182,0.48475,0.70929,1.084478,2.624407,1.308345
theta0_R0gauge,0,0.119126,0.282972,1.186454,0.256836,0.463821,1.101764,4.619507,2.298545
theta0_R0gauge,1,0.114609,0.273437,0.994543,0.267006,0.429239,1.024084,3.724794,2.160754
theta0_R0gauge,2,0.12925,0.303192,1.312112,0.279705,0.462093,1.08397,4.691056,2.317646
theta0_R0gauge,3,0.11306,0.303242,1.291878,0.281991,0.400934,1.075362,4.581281,2.435937
theta0_R0gauge,4,0.114248,0.341639,1.379872,0.316653,0.360799,1.078909,4.357683,2.491376
theta0_R0gauge,5,0.130997,0.276031,1.296684,0.269667,0.485772,1.0236,4.808457,2.292392
theta0_R0gauge,6,0.116503,0.283257,1.388202,0.28897,0.403169,0.980229,4.803973,2.477844
theta0_R0gauge,7,0.128821,0.296625,1.333613,0.288277,0.446865,1.02896,4.626153,2.337224
theta0_R0gauge,8,0.109972,0.293935,1.171678,0.299548,0.367128,0.981262,3.911487,2.365963
theta0_R0gauge,9,0.110461,0.302199,1.144804,0.287043,0.384823,1.0528,3.988263,2.338326
theta0_R0gauge,10,0.122327,0.289362,1.09183,0.280431,0.436211,1.031848,3.893401,2.188913
theta0_R0gauge,11,0.110331,0.274784,1.160112,0.286514,0.385079,0.959059,4.049053,2.352789
theta0_R0gauge,12,0.139608,0.284163,1.511624,0.29123,0.479372,0.975731,5.190473,2.382103
theta0_R0gauge,13,0.127194,0.31062,1.019786,0.274012,0.464193,1.133601,3.72169,2.081633
theta0_R0gauge,14,0.120117,0.311109,1.324692,0.302938,0.396508,1.026974,4.372815,2.400465
theta0_R0gauge,15,0.10785,0.333799,1.259448,0.28625,0.376769,1.166111,4.399823,2.457688
theta0_R0gauge,16,0.117802,0.292658,1.094328,0.298979,0.394015,0.978859,3.660217,2.228888
theta0_R0gauge,17,0.124047,0.295481,1.184682,0.280188,0.442727,1.054581,4.22817,2.256571
theta0_R0gauge,18,0.121281,0.308747,1.237335,0.307267,0.39471,1.004817,4.026902,2.322602
theta0_R0gauge,19,0.110306,0.274581,1.225205,0.270161,0.408298,1.016362,4.535097,2.407604
theta0_R0gauge,20,0.117575,0.279358,1.167754,0.267866,0.438934,1.042903,4.359473,2.295757
theta0_R0gauge,21,0.11785,0.310013,1.115126,0.275184,0.42826,1.126568,4.052294,2.247308
theta0_R0gauge,22,0.110484,0.29025,1.678976,0.292838,0.377288,0.991162,5.733459,2.721066
theta0_R0gauge,23,0.116364,0.253122,1.210825,0.278696,0.417529,0.908235,4.344603,2.342335
theta0_R0gauge,24,0.131343,0.293872,1.1165,0.289511,0.453673,1.015062,3.8565,2.140139
theta0_R0gauge,25,0.119271,0.297005,1.1528,0.296353,0.402461,1.002201,3.889956,2.268554
theta0_R0gauge,26,0.114087,0.279884,0.931736,0.259907,0.438955,1.076865,3.584887,2.100085
theta0_R0gauge,27,0.108119,0.28951,1.071866,0.266552,0.405623,1.086133,4.021235,2.293921
theta0_R0gauge,28,0.119675,0.293616,1.11261,0.296019,0.40428,0.991881,3.758575,2.229687
theta0_R0gauge,29,0.110858,0.282882,1.280941,0.291012,0.380939,0.972063,4.401679,2.447103
theta0_R0gauge,30,0.117708,0.285779,0.991778,0.267989,0.439228,1.066385,3.700823,2.131291
theta0_R0gauge,31,0.117267,0.260011,1.189067,0.26359,0.444884,0.98642,4.511045,2.31647
theta0_R0gauge,32,0.123943,0.303034,1.045927,0.287581,0.430984,1.053737,3.636987,2.132841
theta0_R0gauge,33,0.109135,0.269812,1.085089,0.270123,0.40402,0.998846,4.017012,2.29683
theta0_R0gauge,34,0.131635,0.293122,1.425723,0.305253,0.431231,0.960259,4.670623,2.382404
theta0_R0gauge,35,0.11937,0.326942,1.29017,0.281571,0.423941,1.161135,4.582037,2.380305
theta0_R0gauge,36,0.120622,0.289803,1.039911,0.295991,0.407519,0.979093,3.51332,2.15423
theta0_R0gauge,37,0.12702,0.302552,0.919149,0.274402,0.462896,1.102585,3.349644,1.979107
theta0_R0gauge,38,0.118996,0.290514,1.278055,0.303271,0.392376,0.957935,4.214235,2.374002
theta0_R0gauge,39,0.113293,0.313837,1.441964,0.308654,0.367054,1.016791,4.671776,2.543785
theta0_R0gauge,40,0.115309,0.282367,1.227995,0.290054,0.397545,0.9735,4.233685,2.365521
theta0_R0gauge,41,0.107741,0.293541,1.539067,0.289177,0.372577,1.01509,5.322225,2.659202
theta0_R0gauge,42,0.10739,0.295573,1.258539,0.282072,0.380719,1.047862,4.461766,2.461238
theta0_R0gauge,43,0.122872,0.276128,1.082843,0.273572,0.44914,1.009344,3.958168,2.176201
theta0_R0gauge,44,0.118823,0.314377,1.408344,0.295182,0.402542,1.065028,4.771102,2.472534
theta0_R0gauge,45,0.135646,0.307816,1.491789,0.308956,0.439045,0.99631,4.828481,2.397686
theta0_R0gauge,46,0.111408,0.264924,1.169274,0.262706,0.42408,1.008444,4.450891,2.350938
theta0_R0gauge,47,0.120987,0.332338,1.340143,0.315015,0.384068,1.054993,4.254222,2.404847
theta0_R0gauge,48,0.126007,0.26096,1.061379,0.281843,0.447083,0.925907,3.765857,2.130986
theta0_R0gauge,49,0.123308,0.284007,1.21973,0.279131,0.441756,1.017467,4.369739,2.2917
theta0_R0gauge,50,0.120905,0.277608,1.150374,0.274709,0.440121,1.01055,4.187604,2.252833
theta0_R0gauge,51,0.133586,0.322195,1.404169,0.304156,0.439203,1.059308,4.616603,2.352453
theta0_R0gauge,52,0.123234,0.32141,1.296529,0.296085,0.41621,1.085532,4.378903,2.353363
theta0_R0gauge,53,0.119228,0.302285,1.296378,0.296847,0.401649,1.018318,4.367152,2.386288
theta0_R0gauge,54,0.116831,0.325152,1.329446,0.288586,0.404839,1.126707,4.606757,2.43179
theta0_R0gauge,55,0.11041,0.305287,1.079698,0.285899,0.386186,1.067815,3.776506,2.280237
theta0_R0gauge,56,0.117744,0.296083,1.208833,0.298658,0.394245,0.991378,4.047552,2.328895
theta0_R0gauge,57,0.107983,0.307765,1.497832,0.279523,0.386313,1.101038,5.358535,2.629798
theta0_R0gauge,58,0.115193,0.282105,0.914331,0.268366,0.429239,1.051194,3.407027,2.07158
theta0_R0gauge,59,0.118497,0.281513,1.566861,0.305427,0.38797,0.921701,5.13006,2.581945
theta0_R0gauge,60,0.123226,0.288376,1.016843,0.27473,0.448534,1.049672,3.701251,2.110441
theta0_R0gauge,61,0.109219,0.287474,1.315713,0.286985,0.380574,1.001705,4.584606,2.488779
theta0_R0gauge,62,0.11777,0.268623,1.280235,0.284402,0.414095,0.94452,4.501496,2.386069
theta0_R0gauge,63,0.11694,0.296768,1.126641,0.296712,0.394121,1.000189,3.797085,2.265332
theta0_R0gauge,64,0.123066,0.308729,1.092853,0.305429,0.402928,1.010804,3.57809,2.183827
theta0_R0gauge,65,0.111926,0.274657,1.116609,0.264135,0.423745,1.039836,4.227415,2.300215
theta0_R0gauge,66,0.123852,0.279971,1.407283,0.296565,0.417621,0.944044,4.745274,2.430329
theta0_R0gauge,67,0.130987,0.271995,1.077173,0.266798,0.490959,1.019481,4.03741,2.106998
theta0_R0gauge,68,0.110855,0.28513,1.600295,0.286337,0.387148,0.995787,5.588857,2.669722
theta0_R0gauge,69,0.105649,0.292992,1.089776,0.300945,0.351056,0.973571,3.621174,2.333607
theta0_R0gauge,70,0.107835,0.268796,0.914331,0.273086,0.394874,0.984288,3.34814,2.137593
theta0_R0gauge,71,0.125639,0.29921,1.187699,0.27575,0.455628,1.085077,4.30716,2.246357
theta0_R0gauge,72,0.11954,0.304386,1.286497,0.29012,0.412035,1.049171,4.434363,2.376031
theta0_R0gauge,73,0.122075,0.308588,1.242302,0.293143,0.416434,1.052686,4.237868,2.320088
theta0_R0gauge,74,0.116629,0.287553,1.225309,0.292597,0.3986,0.98276,4.187701,2.351948
theta0_R0gauge,75,0.125061,0.292526,1.14234,0.306797,0.407636,0.953485,3.723445,2.21203
theta0_R0gauge,76,0.120882,0.2987,1.020361,0.297153,0.4068,1.005204,3.433788,2.133098
theta0_R0gauge,77,0.112193,0.265814,1.458031,0.280198,0.400405,0.948667,5.203581,2.564625
theta0_R0gauge,78,0.129864,0.333478,1.654681,0.295094,0.440078,1.130075,5.607308,2.544875
theta0_R0gauge,79,0.112259,0.318239,1.428663,0.282111,0.397926,1.128064,5.064194,2.543684
theta0_R0gauge,80,0.131941,0.306094,1.156458,0.297592,0.443361,1.028571,3.886055,2.170765
theta0_R0gauge,81,0.124277,0.318101,1.343084,0.309429,0.401632,1.028026,4.340528,2.380214
theta0_R0gauge,82,0.110978,0.282621,1.167882,0.281766,0.393866,1.003034,4.144866,2.353615
theta0_R0gauge,83,0.092026,0.275911,1.159587,0.254258,0.361941,1.085162,4.560671,2.533744
theta0_R0gauge,84,0.118439,0.279305,1.185147,0.273994,0.432269,1.019384,4.32545,2.303223
theta0_R0gauge,85,0.119125,0.301542,1.242345,0.298004,0.399745,1.011874,4.168893,2.34458
theta0_R0gauge,86,0.105286,0.296975,1.512303,0.29439,0.357643,1.008781,5.13708,2.664705
theta0_R0gauge,87,0.116299,0.334667,1.343844,0.301655,0.385535,1.109437,4.454907,2.447129
theta0_R0gauge,88,0.105738,0.286794,1.143764,0.269954,0.391688,1.062381,4.236888,2.38112
theta0_R0gauge,89,0.118463,0.291568,1.407615,0.283855,0.417337,1.027173,4.958921,2.47505
theta0_R0gauge,90,0.116548,0.295401,1.406558,0.290026,0.401854,1.018534,4.849771,2.490598
theta0_R0gauge,91,0.113208,0.312686,1.287494,0.269611,0.419894,1.159765,4.775369,2.431223
theta0_R0gauge,92,0.123244,0.29617,1.121585,0.285061,0.432342,1.038972,3.934546,2.208333
theta0_R0gauge,93,0.106339,0.323691,1.070814,0.289616,0.367174,1.117656,3.697363,2.309538
theta0_R0gauge,94,0.126201,0.315108,1.281613,0.29561,0.426916,1.065956,4.335479,2.318
theta0_R0gauge,95,0.127671,0.343972,1.786557,0.316056,0.40395,1.088327,5.652664,2.638592
theta0_R0gauge,96,0.109306,0.313527,1.254992,0.29089,0.375763,1.077817,4.314313,2.440734
theta0_R0gauge,97,0.119027,0.303503,1.140714,0.27008,0.440711,1.123755,4.223619,2.260058
theta0_R0gauge,98,0.141716,0.291014,1.485848,0.307258,0.461229,0.947133,4.835832,2.349914
theta0_R0gauge,99,0.114862,0.305902,1.181053,0.30123,0.381311,1.015508,3.920767,2.330426
theta0_R0gauge,100,0.116316,0.28525,1.028417,0.271817,0.427921,1.049418,3.783489,2.179464
theta0_R0gauge,101,0.123743,0.290411,1.396525,0.279212,0.443186,1.040109,5.001656,2.423535
theta0_R0gauge,102,0.11843,0.276409,0.989001,0.274778,0.431003,1.005938,3.599276,2.122372
theta0_R0gauge,103,0.12498,0.30313,1.149844,0.295911,0.422358,1.024395,3.885776,2.219226
theta0_R0gauge,104,0.123092,0.300887,1.319536,0.303454,0.405635,0.991539,4.348384,2.372107
theta0_R0gauge,105,0.111382,0.296735,1.37879,0.28369,0.392618,1.045984,4.860209,2.516
theta0_R0gauge,106,0.144808,0.27303,1.366126,0.299359,0.483727,0.912046,4.563497,2.244324
theta0_R0gauge,107,0.114047,0.307866,0.99359,0.296052,0.385227,1.039906,3.356129,2.16471
theta0_R0gauge,108,0.117207,0.303241,1.435221,0.280783,0.41743,1.079983,5.111497,2.505131
theta0_R0gauge,109,0.119011,0.320507,1.227494,0.29605,0.401996,1.082612,4.14624,2.333516
theta0_R0gauge,110,0.125172,0.328822,1.190539,0.305763,0.409376,1.075416,3.893664,2.252472
theta0_R0gauge,111,0.142793,0.332117,1.695491,0.335779,0.425259,0.989095,5.049429,2.474332
theta0_R0gauge,112,0.125045,0.276807,1.321424,0.301341,0.414963,0.918586,4.385146,2.35779
theta0_R0gauge,113,0.120081,0.264102,1.161658,0.273874,0.438452,0.964319,4.241579,2.26944
theta0_R0gauge,114,0.120836,0.267927,1.259688,0.296285,0.407837,0.904289,4.251617,2.344186
theta0_R0gauge,115,0.114839,0.304853,1.339874,0.290943,0.394714,1.047809,4.605281,2.456798
theta0_R0gauge,116,0.129144,0.289794,1.106383,0.308544,0.418561,0.939231,3.585818,2.14792
theta0_R0gauge,117,0.13779,0.337861,1.778485,0.330884,0.416431,1.021085,5.374941,2.557783
theta0_R0gauge,118,0.114507,0.304343,1.139409,0.289813,0.395107,1.050135,3.931526,2.297626
theta0_R0gauge,119,0.123382,0.286872,1.098256,0.285266,0.432514,1.00563,3.849939,2.186197
theta0_R0gauge,120,0.1113,0.318683,1.453741,0.290879,0.382634,1.095584,4.997746,2.569663
theta0_R0gauge,121,0.119147,0.290037,1.124945,0.267472,0.445454,1.084363,4.205835,2.245134
theta0_R0gauge,122,0.123437,0.271873,1.257992,0.308089,0.400655,0.882451,4.083214,2.32154
theta0_R0gauge,123,0.117641,0.320524,1.518086,0.284477,0.413534,1.126713,5.336415,2.557571
theta0_R0gauge,124,0.10505,0.286128,1.015162,0.267711,0.3924,1.068795,3.792011,2.268371
theta0_R0gauge,125,0.104694,0.271488,1.181369,0.26416,0.396327,1.027743,4.472176,2.42339
theta0_R0gauge,126,0.129178,0.316481,1.027201,0.284756,0.453643,1.111412,3.6073,2.073404
theta0_R0gauge,127,0.120542,0.307219,1.322591,0.302852,0.398022,1.014421,4.367122,2.395353
theta0_R0gauge,128,0.120888,0.281741,1.166208,0.28347,0.426459,0.993898,4.114041,2.266645
theta0_R0gauge,129,0.125072,0.288057,1.061076,0.2908,0.430096,0.990567,3.648817,2.13815
theta0_R0gauge,130,0.128283,0.322581,1.367185,0.291141,0.440623,1.10799,4.695963,2.366269
theta0_R0gauge,131,0.125667,0.321559,1.152783,0.303542,0.414002,1.059357,3.797775,2.2163
theta0_R0gauge,132,0.13397,0.262648,1.141146,0.2833,0.472889,0.927103,4.028045,2.142176
theta0_R0gauge,133,0.120272,0.325441,1.372415,0.306016,0.393025,1.063475,4.484778,2.434572
theta0_R0gauge,134,0.120553,0.268284,0.983047,0.27709,0.435067,0.96822,3.547753,2.09857
theta0_R0gauge,135,0.131977,0.311918,1.086644,0.29755,0.443545,1.04829,3.651975,2.108223
theta0_R0gauge,136,0.114372,0.289429,0.982084,0.292567,0.390927,0.989272,3.356781,2.150217
theta0_R0gauge,137,0.121846,0.290076,0.970122,0.292015,0.417258,0.993359,3.322166,2.074666
theta0_R0gauge,138,0.121934,0.265085,1.134075,0.275132,0.443184,0.963482,4.121925,2.230091
theta0_R0gauge,139,0.113102,0.282362,1.042139,0.28295,0.399723,0.997923,3.683115,2.220743
theta0_R0gauge,140,0.118837,0.300012,1.097603,0.280903,0.423053,1.06803,3.907414,2.223135
theta0_R0gauge,141,0.114414,0.286906,1.303594,0.302391,0.378364,0.948789,4.310947,2.433057
theta0_R0gauge,142,0.140103,0.313897,1.346975,0.30003,0.466961,1.046217,4.489464,2.263242
theta0_R0gauge,143,0.110736,0.301113,1.260248,0.294841,0.375578,1.021273,4.274337,2.431919
theta0_R0gauge,144,0.128116,0.293794,0.992125,0.291837,0.439,1.006707,3.399588,2.04691
theta0_R0gauge,145,0.134297,0.312138,1.249511,0.312458,0.429809,0.998977,3.998973,2.230451
theta0_R0gauge,146,0.119985,0.295425,1.247639,0.276809,0.433458,1.06725,4.507211,2.341638
theta0_R0gauge,147,0.110014,0.2486,1.070512,0.287721,0.382362,0.864033,3.720665,2.275289
theta0_R0gauge,148,0.120531,0.296007,1.493483,0.28362,0.424973,1.043673,5.265781,2.51696
theta0_R0gauge,149,0.109459,0.306176,1.351994,0.291586,0.375392,1.050036,4.636689,2.513784
theta0_R0gauge,150,0.127494,0.281587,1.135518,0.290973,0.438163,0.967742,3.902482,2.186776
theta0_R0gauge,151,0.119024,0.260196,1.145163,0.297967,0.399455,0.873237,3.843255,2.263974
theta0_R0gauge,152,0.128092,0.286704,1.052762,0.272453,0.470145,1.052309,3.864018,2.106422
theta0_R0gauge,153,0.10809,0.280492,1.052059,0.2632,0.410678,1.065699,3.997186,2.275536
theta0_R0gauge,154,0.130492,0.298975,1.195123,0.288337,0.452569,1.036894,4.144876,2.214689
theta0_R0gauge,155,0.12355,0.299118,1.347004,0.266531,0.463549,1.122262,5.053831,2.38899
theta0_R0gauge,156,0.116975,0.294754,1.428322,0.285671,0.409474,1.031796,4.999889,2.502297
theta0_R0gauge,157,0.134532,0.298619,1.022972,0.294105,0.457429,1.015348,3.478252,2.028663
theta0_R0gauge,158,0.131905,0.299354,1.225634,0.307692,0.428693,0.9729,3.983313,2.229129
theta0_R0gauge,159,0.130466,0.301913,1.227716,0.283354,0.460434,1.065496,4.332791,2.241798
theta0_R0gauge,160,0.128322,0.311526,1.191049,0.310987,0.412627,1.001731,3.829897,2.22805
theta0_R0gauge,161,0.112405,0.290026,1.129178,0.3035,0.370364,0.955604,3.720526,2.307134
theta0_R0gauge,162,0.112803,0.297977,1.221422,0.294249,0.38336,1.012672,4.150986,2.382127
theta0_R0gauge,163,0.130515,0.325384,1.317542,0.298562,0.437147,1.089836,4.412961,2.312033
theta0_R0gauge,164,0.101611,0.271491,1.148628,0.282125,0.360164,0.962306,4.071345,2.425168
theta0_R0gauge,165,0.117083,0.279621,1.104668,0.287716,0.406938,0.971862,3.839434,2.24442
theta0_R0gauge,166,0.126283,0.321577,1.518442,0.320309,0.394253,1.00396,4.740557,2.486918
theta0_R0gauge,167,0.125802,0.344825,1.380204,0.309711,0.406191,1.113378,4.456425,2.395278
theta0_R0gauge,168,0.125921,0.322287,1.445893,0.312161,0.403387,1.032439,4.631885,2.440823
theta0_R0gauge,169,0.115882,0.292673,1.219071,0.283601,0.408607,1.031989,4.298538,2.353276
theta0_R0gauge,170,0.110122,0.321545,1.102811,0.287118,0.383543,1.119905,3.84097,2.304028
theta0_R0gauge,171,0.099754,0.296777,1.17674,0.261811,0.381017,1.133554,4.494613,2.467791
theta0_R0gauge,172,0.104291,0.293761,0.980061,0.270799,0.385123,1.084793,3.619142,2.240429
theta0_R0gauge,173,0.114353,0.286446,1.090507,0.281334,0.406467,1.018168,3.876199,2.255108
theta0_R0gauge,174,0.121358,0.282526,1.10655,0.27674,0.438526,1.020906,3.998511,2.210259
theta0_R0gauge,175,0.115902,0.301852,1.200097,0.28681,0.404106,1.052446,4.184298,2.337417
theta0_R0gauge,176,0.136399,0.288519,1.162807,0.310223,0.43968,0.930038,3.748289,2.143007
theta0_R0gauge,177,0.115616,0.264431,1.003515,0.265921,0.434777,0.994399,3.773739,2.160987
theta0_R0gauge,178,0.118814,0.290493,1.190125,0.289067,0.411026,1.004932,4.117124,2.304254
theta0_R0gauge,179,0.126951,0.294854,1.429884,0.308819,0.411084,0.954781,4.630168,2.42155
theta0_R0gauge,180,0.115495,0.281878,0.960852,0.267488,0.431777,1.0538,3.592137,2.118593
theta0_R0gauge,181,0.107963,0.296657,0.948097,0.273133,0.395276,1.086125,3.471188,2.172668
theta0_R0gauge,182,0.128797,0.284582,1.191259,0.29689,0.43382,0.958541,4.012453,2.224528
theta0_R0gauge,183,0.129186,0.289645,1.297552,0.299082,0.431941,0.968447,4.338451,2.306984
theta0_R0gauge,184,0.128119,0.278291,1.136976,0.27905,0.459126,0.99728,4.074451,2.183166
theta0_R0gauge,185,0.119098,0.309222,0.948455,0.292063,0.407781,1.058753,3.247437,2.074892
theta0_R0gauge,186,0.133025,0.297264,1.186616,0.31036,0.428615,0.957805,3.823354,2.188324
theta0_R0gauge,187,0.114762,0.31762,1.53611,0.289562,0.396329,1.096895,5.304936,2.594147
theta0_R0gauge,188,0.134263,0.319928,1.417374,0.291796,0.460125,1.096411,4.857418,2.356764
theta0_R0gauge,189,0.110434,0.276896,1.137728,0.291672,0.378625,0.94934,3.900715,2.33237
theta0_R0gauge,190,0.119847,0.304652,1.34686,0.304312,0.393831,1.001117,4.425923,2.419312
theta0_R0gauge,191,0.112389,0.262698,0.998,0.263074,0.427216,0.998574,3.793615,2.183786
theta0_R0gauge,192,0.11662,0.309492,1.394488,0.288323,0.404476,1.073421,4.836549,2.481364
theta0_R0gauge,193,0.119206,0.272035,1.048377,0.280076,0.425621,0.971291,3.743193,2.174144
theta0_R0gauge,194,0.113753,0.292406,1.470004,0.289192,0.393349,1.011116,5.083148,2.558988
theta0_R0gauge,195,0.113238,0.293826,1.150251,0.30108,0.376105,0.975907,3.820413,2.318244
theta0_R0gauge,196,0.123096,0.319394,1.373155,0.32704,0.376393,0.976621,4.198738,2.411905
theta0_R0gauge,197,0.11648,0.309096,1.298109,0.287806,0.404717,1.073973,4.510356,2.410943
theta0_R0gauge,198,0.093772,0.266198,1.074515,0.263274,0.356176,1.011107,4.081361,2.438762
theta0_R0gauge,199,0.114423,0.288818,1.107257,0.294457,0.388589,0.980847,3.760334,2.26974
theta0_R0gauge,200,0.141463,0.292965,1.620257,0.346002,0.408849,0.846715,4.682795,2.438304
theta0_R0gauge,201,0.102931,0.302915,1.105598,0.288591,0.356668,1.049636,3.831021,2.374082
theta0_R0gauge,202,0.12422,0.297744,1.17163,0.288789,0.43014,1.031008,4.057038,2.244097
theta0_R0gauge,203,0.123846,0.33329,1.594416,0.30746,0.402803,1.084011,5.185768,2.555226
theta0_R0gauge,204,0.116703,0.304614,0.993297,0.272311,0.428564,1.118624,3.647655,2.141401
theta0_R0gauge,205,0.132111,0.316315,1.776651,0.314865,0.419582,1.004607,5.642587,2.59884
theta0_R0gauge,206,0.118553,0.302871,1.099006,0.287367,0.412548,1.053951,3.8244,2.226804
theta0_R0gauge,207,0.111427,0.294162,0.872599,0.266647,0.417882,1.103187,3.272486,2.058105
theta0_R0gauge,208,0.112509,0.276898,1.247263,0.267877,0.420001,1.033673,4.656098,2.405676
theta0_R0gauge,209,0.120383,0.309635,1.320112,0.289014,0.416532,1.071352,4.567647,2.394789
theta0_R0gauge,210,0.119546,0.320115,1.156281,0.269215,0.444053,1.189069,4.295008,2.269264
theta0_R0gauge,211,0.109455,0.285074,1.178821,0.297616,0.367773,0.957857,3.960873,2.376755
theta0_R0gauge,212,0.118367,0.336354,1.609902,0.326317,0.362735,1.030758,4.933551,2.610141
theta0_R0gauge,213,0.11922,0.296006,1.406597,0.299677,0.397828,0.987753,4.693717,2.467959
theta0_R0gauge,214,0.120532,0.282836,1.09966,0.308494,0.39071,0.916829,3.564606,2.210843
theta0_R0gauge,215,0.129135,0.317717,1.054735,0.27873,0.463297,1.139876,3.784081,2.100189
theta0_R0gauge,216,0.118955,0.297655,1.332619,0.306732,0.387816,0.970409,4.344576,2.416153
theta0_R0gauge,217,0.114499,0.320144,1.298001,0.318057,0.359994,1.006562,4.081028,2.428018
theta0_R0gauge,218,0.146382,0.325735,1.397676,0.328776,0.445233,0.990752,4.251153,2.256348
theta0_R0gauge,219,0.12698,0.319478,1.257162,0.290942,0.436443,1.098081,4.321005,2.292585
theta0_R0gauge,220,0.104216,0.304772,1.123353,0.292843,0.355877,1.040735,3.836022,2.377607
theta0_R0gauge,221,0.106343,0.305371,1.036234,0.278926,0.381259,1.09481,3.715082,2.276678
theta0_R0gauge,222,0.112412,0.307203,1.084167,0.280417,0.400874,1.095521,3.86627,2.266398
theta0_R0gauge,223,0.110305,0.258688,1.182293,0.272719,0.404463,0.948551,4.3352,2.371962
theta0_R0gauge,224,0.119909,0.263062,1.205413,0.272709,0.439694,0.964623,4.420137,2.307848
theta0_R0gauge,225,0.137455,0.299823,1.219765,0.323134,0.425382,0.927859,3.774798,2.183115
theta0_R0gauge,226,0.132879,0.251868,0.933623,0.272061,0.488417,0.925776,3.431668,1.949631
theta0_R0gauge,227,0.111413,0.294452,1.359667,0.287212,0.387912,1.025208,4.734013,2.501751
theta0_R0gauge,228,0.108204,0.324044,1.44905,0.304056,0.355869,1.065738,4.765728,2.594643
theta0_R0gauge,229,0.126578,0.313876,1.285288,0.317912,0.398153,0.987307,4.04291,2.317882
theta0_R0gauge,230,0.125569,0.321585,1.060816,0.288273,0.435591,1.115558,3.679906,2.133938
theta0_R0gauge,231,0.120104,0.279386,1.192397,0.280604,0.42802,0.995657,4.24939,2.295362
theta0_R0gauge,232,0.125584,0.291991,1.216329,0.304249,0.412768,0.959708,3.997802,2.270615
theta0_R0gauge,233,0.112462,0.256873,1.116293,0.274828,0.409208,0.93467,4.061791,2.295156
theta0_R0gauge,234,0.127735,0.28916,1.429759,0.289351,0.441453,0.999341,4.94126,2.415304
theta0_R0gauge,235,0.113905,0.312377,1.457407,0.316188,0.360243,0.987946,4.609298,2.549052
theta0_R0gauge,236,0.107558,0.276539,1.250659,0.282397,0.380873,0.979255,4.428723,2.4534
theta0_R0gauge,237,0.131207,0.33467,1.600964,0.291646,0.449886,1.147521,5.489403,2.501582
theta0_R0gauge,238,0.131273,0.272302,1.018976,0.294906,0.445134,0.923353,3.455254,2.049277
theta0_R0gauge,239,0.104468,0.302743,1.408825,0.268411,0.389208,1.127909,5.248764,2.601633
theta0_R0gauge,240,0.125616,0.290373,1.154154,0.290789,0.431985,0.99857,3.969045,2.217891
theta0_R0gauge,241,0.120203,0.284889,1.052351,0.283771,0.423593,1.003942,3.708455,2.169597
theta0_R0gauge,242,0.130858,0.307131,1.088704,0.298308,0.438668,1.029579,3.649602,2.11863
theta0_R0gauge,243,0.115624,0.296906,0.961534,0.267265,0.43262,1.110905,3.597677,2.118185
theta0_R0gauge,244,0.125024,0.285644,1.2948,0.287757,0.43448,0.99266,4.499636,2.337602
theta0_R0gauge,245,0.115343,0.282663,0.832461,0.274051,0.420882,1.031426,3.03762,1.976476
theta0_R0gauge,246,0.114786,0.302274,1.230598,0.286647,0.400444,1.054514,4.29307,2.372183
theta0_R0gauge,247,0.123658,0.289371,1.082585,0.303692,0.407183,0.952845,3.564749,2.169585
theta0_R0gauge,248,0.122055,0.314354,1.130941,0.302612,0.403339,1.038805,3.737271,2.226333
theta0_R0gauge,249,0.124393,0.297054,1.264499,0.29011,0.42878,1.023934,4.358691,2.318982
theta0_R0gauge,250,0.124967,0.287762,1.355735,0.296193,0.421909,0.971535,4.577196,2.384051
theta0_R0gauge,251,0.133808,0.297429,1.270692,0.307347,0.435366,0.967728,4.134389,2.250908
theta0_R0gauge,252,0.1227,0.291611,1.141514,0.296409,0.413954,0.983815,3.851146,2.230371
theta0_R0gauge,253,0.108604,0.278002,1.204745,0.280618,0.387018,0.99068,4.293192,2.406315
theta0_R0gauge,254,0.12208,0.288343,1.25411,0.289771,0.421297,0.99507,4.32793,2.329507
theta0_R0gauge,255,0.131279,0.311728,1.195686,0.292903,0.448198,1.064267,4.082185,2.209152
theta0_R0gauge,256,0.12179,0.316335,1.262452,0.290337,0.419477,1.089542,4.348221,2.338513
theta0_R0gauge,257,0.126879,0.287619,1.016111,0.283344,0.447792,1.015087,3.586135,2.080502
theta0_R0gauge,258,0.109048,0.298795,1.152518,0.277598,0.392828,1.076359,4.15175,2.357912
theta0_R0gauge,259,0.130895,0.288697,1.073394,0.30904,0.423554,0.934173,3.473318,2.104184
theta0_R0gauge,260,0.119046,0.293268,1.111881,0.289736,0.410879,1.01219,3.837566,2.234295
theta0_R0gauge,261,0.115915,0.289274,1.284811,0.296629,0.390773,0.975204,4.331371,2.405513
theta0_R0gauge,262,0.11177,0.295774,1.184021,0.291519,0.383406,1.014599,4.061562,2.360228
theta0_R0gauge,263,0.122648,0.295477,1.417084,0.30709,0.399388,0.962183,4.614557,2.447037
theta0_R0gauge,264,0.118634,0.28546,1.148385,0.29361,0.404052,0.972241,3.91126,2.27007
theta0_R0gauge,265,0.098591,0.27057,1.031314,0.275286,0.358139,0.98287,3.746343,2.347614
theta0_R0gauge,266,0.133712,0.324178,1.402747,0.326981,0.40893,0.991428,4.289998,2.350497
theta0_R0gauge,267,0.117836,0.283704,1.069668,0.272733,0.432055,1.040226,3.922037,2.205813
theta0_R0gauge,268,0.131056,0.326729,1.433861,0.297183,0.440996,1.099421,4.824843,2.392498
theta0_R0gauge,269,0.131302,0.29168,1.257612,0.313833,0.418383,0.929412,4.00727,2.259469
theta0_R0gauge,270,0.111475,0.313307,1.242645,0.278289,0.400572,1.125835,4.465308,2.411201
theta0_R0gauge,271,0.126625,0.334502,1.212034,0.293572,0.431325,1.13942,4.128574,2.258826
theta0_R0gauge,272,0.124215,0.274355,0.968028,0.282534,0.439646,0.971053,3.426241,2.053249
theta0_R0gauge,273,0.099985,0.245893,0.919152,0.258522,0.386755,0.951148,3.555409,2.218434
theta0_R0gauge,274,0.111279,0.278511,1.16413,0.279244,0.398502,0.997374,4.168859,2.347684
theta0_R0gauge,275,0.110167,0.273487,1.182602,0.268774,0.409887,1.017536,4.399986,2.373474
theta0_R0gauge,276,0.119768,0.286579,1.188995,0.277404,0.431747,1.033076,4.28615,2.295304
theta0_R0gauge,277,0.114612,0.29521,1.211074,0.288627,0.397094,1.022806,4.195974,2.357708
theta0_R0gauge,278,0.114691,0.303921,1.052895,0.278854,0.411294,1.089892,3.775788,2.217056
theta0_R0gauge,279,0.100711,0.254706,0.988033,0.256752,0.392251,0.992033,3.8482,2.283459
theta0_R0gauge,280,0.114296,0.283107,1.472513,0.293541,0.389368,0.964453,5.016373,2.555937
theta0_R0gauge,281,0.119079,0.277374,1.010477,0.276464,0.430722,1.003291,3.654997,2.138388
theta0_R0gauge,282,0.127716,0.30985,1.269343,0.303661,0.420588,1.020382,4.180133,2.296444
theta0_R0gauge,283,0.120463,0.28627,1.32669,0.292214,0.412242,0.979659,4.540127,2.399101
theta0_R0gauge,284,0.109784,0.288602,0.995914,0.28177,0.389624,1.024247,3.534498,2.205143
theta0_R0gauge,285,0.1332,0.309564,1.286659,0.314444,0.423605,0.984482,4.091854,2.267952
theta0_R0gauge,286,0.12352,0.269014,0.986062,0.278258,0.443906,0.966779,3.543695,2.077313
theta0_R0gauge,287,0.124798,0.304914,1.168144,0.284071,0.439319,1.073372,4.11215,2.236475
theta0_R0gauge,288,0.123542,0.299797,1.498961,0.285677,0.432452,1.049426,5.247046,2.49595
theta0_R0gauge,289,0.120101,0.317977,1.410107,0.310962,0.386226,1.02256,4.534665,2.463085
theta0_R0gauge,290,0.117293,0.277774,1.428502,0.287917,0.407386,0.964772,4.961513,2.499705
theta0_R0gauge,291,0.124287,0.293375,1.194476,0.275729,0.450759,1.063997,4.332062,2.262866
theta0_R0gauge,292,0.108449,0.285649,1.150204,0.269525,0.40237,1.059822,4.267518,2.361416
theta0_R0gauge,293,0.113966,0.313331,1.489129,0.308561,0.369347,1.015461,4.826049,2.570047
theta0_R0gauge,294,0.122518,0.309666,1.402858,0.293908,0.416858,1.053615,4.773122,2.438009
theta0_R0gauge,295,0.112124,0.286965,1.592296,0.29252,0.383305,0.98101,5.443378,2.653324
theta0_R0gauge,296,0.094661,0.298779,1.065064,0.272397,0.347512,1.096853,3.909975,2.420486
theta0_R0gauge,297,0.12197,0.302018,1.318242,0.305559,0.399171,0.988413,4.314198,2.380277
theta0_R0gauge,298,0.116175,0.31189,1.190122,0.299028,0.388507,1.043012,3.979966,2.326717
theta0_R0gauge,299,0.110002,0.279619,1.208052,0.277812,0.395959,1.006505,4.348456,2.396267
theta0_R0gauge,300,0.115015,0.284069,1.153944,0.287983,0.399382,0.98641,4.006988,2.305877
theta0_R0gauge,301,0.127997,0.293426,1.08704,0.30236,0.423328,0.970453,3.595192,2.139206
theta0_R0gauge,302,0.120886,0.287116,1.202761,0.302636,0.399444,0.948719,3.974289,2.297527
theta0_R0gauge,303,0.108151,0.315958,1.256631,0.287903,0.375651,1.097447,4.364777,2.452662
theta0_R0gauge,304,0.127887,0.305723,1.167685,0.301222,0.424562,1.014945,3.876499,2.211629
theta0_R0gauge,305,0.129622,0.269612,1.103527,0.297715,0.435391,0.905604,3.706661,2.141641
theta0_R0gauge,306,0.111928,0.29724,1.327331,0.267401,0.418577,1.111591,4.96383,2.473071
theta0_R0gauge,307,0.10798,0.301218,1.473753,0.297729,0.362678,1.011721,4.949985,2.613624
theta0_R0gauge,308,0.103818,0.321542,1.106916,0.276212,0.375865,1.164115,4.007486,2.36669
theta0_R0gauge,309,0.126466,0.270688,1.117236,0.27986,0.451889,0.967227,3.992117,2.17864
theta0_R0gauge,310,0.114544,0.306411,1.103639,0.29745,0.385088,1.030127,3.710338,2.265406
theta0_R0gauge,311,0.112043,0.302576,0.966857,0.2616,0.428298,1.156635,3.69594,2.155171
theta0_R0gauge,312,0.140532,0.287061,1.260526,0.319012,0.440523,0.899846,3.951349,2.193849
theta0_R0gauge,313,0.108884,0.31052,1.035378,0.274505,0.396658,1.131198,3.771801,2.252234
theta0_R0gauge,314,0.107973,0.305321,1.639072,0.30025,0.35961,1.016889,5.459023,2.720004
theta0_R0gauge,315,0.123364,0.284606,1.195019,0.294236,0.419269,0.967271,4.061432,2.270779
theta0_R0gauge,316,0.12391,0.288672,1.300124,0.285404,0.434158,1.011451,4.555382,2.350655
theta0_R0gauge,317,0.138697,0.312066,1.291876,0.299115,0.463692,1.043296,4.318988,2.231555
theta0_R0gauge,318,0.117542,0.297487,1.174606,0.290227,0.404999,1.025015,4.047201,2.301895
theta0_R0gauge,319,0.11111,0.274792,1.174635,0.266188,0.417412,1.032321,4.412798,2.358191
theta0_R0gauge,320,0.108087,0.294215,1.139907,0.26206,0.412452,1.122698,4.349787,2.355763
theta0_R0gauge,321,0.119286,0.250982,1.072666,0.261443,0.456263,0.959988,4.102876,2.196375
theta0_R0gauge,322,0.128928,0.294167,1.304061,0.289544,0.44528,1.015969,4.50385,2.313985
theta0_R0gauge,323,0.121175,0.288546,1.028954,0.280304,0.432297,1.029403,3.670844,2.139065
theta0_R0gauge,324,0.131251,0.302904,1.354854,0.288782,0.454496,1.048901,4.691608,2.334341
theta0_R0gauge,325,0.121102,0.317137,1.479171,0.313043,0.386853,1.013076,4.725133,2.502606
theta0_R0gauge,326,0.110243,0.29941,1.727752,0.294711,0.374074,1.015947,5.862538,2.751886
theta0_R0gauge,327,0.118822,0.309775,1.527866,0.299494,0.396742,1.034327,5.101495,2.554004
theta0_R0gauge,328,0.103964,0.292158,1.116409,0.286618,0.362726,1.01933,3.895117,2.37383
theta0_R0gauge,329,0.144319,0.304363,1.485227,0.325029,0.44402,0.936419,4.569524,2.331295
theta0_R0gauge,330,0.114834,0.286553,1.220642,0.290469,0.395341,0.986519,4.202319,2.363644
theta0_R0gauge,331,0.117094,0.331895,1.345089,0.283433,0.413127,1.170981,4.745699,2.441239
theta0_R0gauge,332,0.130609,0.277427,1.390734,0.306666,0.4259,0.904656,4.535016,2.36538
theta0_R0gauge,333,0.132086,0.281461,1.097418,0.264782,0.498848,1.06299,4.14461,2.117262
theta0_R0gauge,334,0.119943,0.301014,1.228009,0.304774,0.393549,0.987665,4.029245,2.326129
theta0_R0gauge,335,0.118996,0.283612,1.190231,0.292433,0.406918,0.969834,4.070097,2.302809
theta0_R0gauge,336,0.11493,0.326682,1.488615,0.309237,0.371657,1.056411,4.813827,2.561277
theta0_R0gauge,337,0.117296,0.316361,1.662974,0.320063,0.366479,0.988434,5.195769,2.65166
theta0_R0gauge,338,0.118871,0.284607,1.279723,0.259397,0.458258,1.097186,4.93346,2.376364
theta0_R0gauge,339,0.101891,0.291211,1.15647,0.270247,0.377031,1.077576,4.279309,2.429221
theta0_R0gauge,340,0.12726,0.306743,1.334329,0.319758,0.397989,0.959299,4.172935,2.34995
theta0_R0gauge,341,0.112295,0.292962,1.172503,0.276733,0.405789,1.058642,4.236938,2.345763
theta0_R0gauge,342,0.128239,0.297833,1.134069,0.296371,0.432697,1.004932,3.826514,2.179672
theta0_R0gauge,343,0.120132,0.291787,1.418077,0.303431,0.395911,0.961624,4.673467,2.468468
theta0_R0gauge,344,0.132777,0.2726,0.882566,0.272806,0.486708,0.999246,3.235144,1.894165
theta0_R0gauge,345,0.116609,0.280572,1.103314,0.256471,0.454667,1.093972,4.30191,2.247249
theta0_R0gauge,346,0.125898,0.318402,1.422661,0.295997,0.425336,1.075693,4.806338,2.424811
theta0_R0gauge,347,0.136945,0.317192,1.150653,0.318401,0.430101,0.996201,3.613844,2.128507
theta0_R0gauge,348,0.126835,0.261131,1.058867,0.284319,0.4461,0.918444,3.724221,2.122069
theta0_R0gauge,349,0.116012,0.315679,1.158296,0.295097,0.393131,1.069748,3.925139,2.301013
theta0_R0gauge,350,0.105433,0.321531,1.195622,0.29776,0.354087,1.079832,4.015388,2.428347
theta0_R0gauge,351,0.119046,0.324291,1.5682,0.306347,0.3886,1.058576,5.119036,2.57817
theta0_R0gauge,352,0.115865,0.286267,1.018762,0.26872,0.431173,1.0653,3.791169,2.173919
theta0_R0gauge,353,0.120986,0.330809,1.440398,0.312464,0.387201,1.058713,4.609809,2.476997
theta0_R0gauge,354,0.126402,0.304187,1.124713,0.307252,0.411396,0.990023,3.660554,2.185814
theta0_R0gauge,355,0.124422,0.283987,1.141248,0.289583,0.429658,0.980675,3.941001,2.216201
theta0_R0gauge,356,0.106899,0.259447,0.997187,0.26336,0.405903,0.985144,3.786407,2.233058
theta0_R0gauge,357,0.122452,0.316163,1.049484,0.30391,0.402922,1.040319,3.453275,2.148335
theta0_R0gauge,358,0.128772,0.31602,1.273512,0.317001,0.406221,0.996906,4.017376,2.291487
theta0_R0gauge,359,0.120081,0.280901,1.235939,0.284111,0.422654,0.988701,4.35019,2.33142
theta0_R0gauge,360,0.125137,0.277822,1.075331,0.281295,0.44486,0.987653,3.822781,2.150973
theta0_R0gauge,361,0.124694,0.31031,1.258758,0.285266,0.437116,1.08779,4.412574,2.312015
theta0_R0gauge,362,0.119976,0.297073,1.499652,0.285167,0.420723,1.041752,5.258853,2.525692
theta0_R0gauge,363,0.114193,0.276912,1.180863,0.297092,0.384369,0.932077,3.974746,2.336112
theta0_R0gauge,364,0.116468,0.269208,0.910465,0.287774,0.40472,0.935485,3.163819,2.056339
theta0_R0gauge,365,0.132134,0.298136,1.144977,0.291122,0.45388,1.024093,3.932985,2.15932
theta0_R0gauge,366,0.134179,0.33778,1.259047,0.293946,0.456476,1.149121,4.283258,2.238932
theta0_R0gauge,367,0.126758,0.30097,1.343058,0.295348,0.429181,1.019037,4.547377,2.360427
theta0_R0gauge,368,0.122998,0.275314,1.275069,0.279576,0.439943,0.984755,4.560718,2.338591
theta0_R0gauge,369,0.143158,0.301663,1.119439,0.308483,0.464072,0.977894,3.628858,2.056633
theta0_R0gauge,370,0.11846,0.266074,1.151178,0.275405,0.430129,0.966118,4.179943,2.273967
theta0_R0gauge,371,0.120288,0.294504,1.215722,0.269212,0.446813,1.09395,4.515856,2.313209
theta0_R0gauge,372,0.121206,0.30575,1.272811,0.300771,0.402984,1.016555,4.231823,2.351491
theta0_R0gauge,373,0.114876,0.277405,1.127318,0.268823,0.427328,1.031925,4.193537,2.283747
theta0_R0gauge,374,0.134828,0.27703,1.10616,0.281272,0.479352,0.984916,3.932704,2.104647
theta0_R0gauge,375,0.126802,0.306542,1.631682,0.299032,0.424042,1.025116,5.456545,2.554738
theta0_R0gauge,376,0.118432,0.333798,1.379287,0.295775,0.400415,1.128556,4.663306,2.454979
theta0_R0gauge,377,0.10051,0.26651,1.338653,0.276001,0.364166,0.965615,4.85018,2.589162
theta0_R0gauge,378,0.116059,0.31485,1.264088,0.297114,0.390622,1.059693,4.254553,2.388005
theta0_R0gauge,379,0.112439,0.299215,1.375296,0.282107,0.39857,1.060643,4.875093,2.504012
theta0_R0gauge,380,0.116024,0.286479,1.178099,0.280913,0.413026,1.019815,4.193822,2.317858
theta0_R0gauge,381,0.145109,0.310127,1.329072,0.299712,0.484163,1.03475,4.434502,2.21475
theta0_R0gauge,382,0.106839,0.302363,1.356509,0.287899,0.371099,1.050239,4.711748,2.541347
theta0_R0gauge,383,0.123306,0.271174,1.255926,0.274637,0.448978,0.987391,4.573039,2.320959
theta0_R0gauge,384,0.122122,0.322145,1.340564,0.306203,0.398827,1.052063,4.378027,2.395827
theta0_R0gauge,385,0.106053,0.265416,1.133515,0.275784,0.384549,0.962405,4.110149,2.369143
theta0_R0gauge,386,0.138123,0.285486,1.056717,0.299536,0.461123,0.953097,3.527852,2.03478
theta0_R0gauge,387,0.122504,0.306795,1.198182,0.2951,0.415127,1.03963,4.060258,2.280418
theta0_R0gauge,388,0.11748,0.288647,1.193634,0.287374,0.408806,1.004429,4.153592,2.318488
theta0_R0gauge,389,0.116982,0.320672,1.450979,0.305264,0.383216,1.050475,4.753195,2.517973
theta0_R0gauge,390,0.109116,0.297759,1.305732,0.268611,0.406223,1.10851,4.861042,2.482107
theta0_R0gauge,391,0.127593,0.287348,1.387266,0.2887,0.441957,0.995318,4.805218,2.386246
theta0_R0gauge,392,0.11853,0.308021,1.050211,0.300007,0.39509,1.026712,3.500621,2.181581
theta0_R0gauge,393,0.120061,0.281035,0.9836,0.29025,0.413648,0.968254,3.388807,2.103219
theta0_R0gauge,394,0.126037,0.3178,1.02028,0.28772,0.438054,1.104548,3.54609,2.091258
theta0_R0gauge,395,0.135776,0.279929,1.146966,0.291199,0.466266,0.961299,3.938775,2.13387
theta0_R0gauge,396,0.126752,0.317039,1.477465,0.284869,0.444948,1.11293,5.186476,2.455852
theta0_R0gauge,397,0.123712,0.2865,1.330961,0.286932,0.431154,0.998495,4.638595,2.375701
theta0_R0gauge,398,0.122821,0.289906,1.18567,0.285206,0.430639,1.016479,4.157238,2.267337
theta0_R0gauge,399,0.119744,0.292821,1.029514,0.272234,0.439859,1.075622,3.781729,2.151482
theta0_R0gauge,400,0.12561,0.304556,1.635859,0.311509,0.403231,0.97768,5.251395,2.56674
theta0_R0gauge,401,0.11034,0.294993,1.600961,0.285528,0.386441,1.033148,5.607013,2.674794
theta0_R0gauge,402,0.122424,0.321476,1.579181,0.30774,0.397815,1.044638,5.131549,2.557175
theta0_R0gauge,403,0.129916,0.308341,1.06062,0.285324,0.455328,1.080671,3.717252,2.099723
theta0_R0gauge,404,0.1146,0.294501,0.983275,0.267094,0.429061,1.10261,3.681379,2.149443
theta0_R0gauge,405,0.10596,0.279791,1.12325,0.285263,0.371448,0.980816,3.937588,2.360915
theta0_R0gauge,406,0.11315,0.298205,1.155647,0.284773,0.397333,1.047167,4.058134,2.323704
theta0_R0gauge,407,0.107546,0.27249,1.160044,0.255001,0.421748,1.068588,4.549182,2.378295
theta0_R0gauge,408,0.108744,0.264717,1.024209,0.266971,0.407324,0.991555,3.8364,2.24268
theta0_R0gauge,409,0.122944,0.309253,1.391453,0.306346,0.401325,1.009487,4.542093,2.426371
theta0_R0gauge,410,0.118508,0.304878,1.212913,0.296134,0.400185,1.029527,4.095824,2.325796
theta0_R0gauge,411,0.123379,0.303187,1.168364,0.304197,0.40559,0.996682,3.840818,2.248098
theta0_R0gauge,412,0.119587,0.253886,0.913622,0.249436,0.47943,1.01784,3.662752,2.033372
theta0_R0gauge,413,0.126308,0.30318,1.486344,0.308431,0.409517,0.982972,4.819042,2.465352
theta0_R0gauge,414,0.134409,0.315328,1.734627,0.308723,0.43537,1.021395,5.61871,2.557662
theta0_R0gauge,415,0.119824,0.297306,1.148093,0.29334,0.408482,1.01352,3.913868,2.259833
theta0_R0gauge,416,0.104131,0.307279,1.103741,0.282367,0.368779,1.088225,3.908891,2.360811
theta0_R0gauge,417,0.126834,0.300359,1.029972,0.280908,0.451514,1.069244,3.666579,2.094408
theta0_R0gauge,418,0.119597,0.32058,1.529635,0.308922,0.387142,1.037736,4.951517,2.548658
theta0_R0gauge,419,0.128067,0.316205,1.007828,0.287247,0.445842,1.100811,3.508575,2.063001
theta0_R0gauge,420,0.118568,0.28188,1.222265,0.301792,0.392881,0.934023,4.050029,2.332973
theta0_R0gauge,421,0.116976,0.325716,1.379566,0.29325,0.398896,1.110712,4.704409,2.467556
theta0_R0gauge,422,0.128691,0.312906,1.290874,0.288226,0.446493,1.08563,4.478695,2.305663
theta0_R0gauge,423,0.123771,0.296656,1.31753,0.273396,0.452717,1.085076,4.819123,2.36508
theta0_R0gauge,424,0.118558,0.292758,1.144927,0.26223,0.452116,1.116415,4.366111,2.26769
theta0_R0gauge,425,0.125616,0.303997,1.52893,0.290516,0.432389,1.046403,5.262798,2.499093
theta0_R0gauge,426,0.103802,0.298762,1.065041,0.269343,0.385389,1.109226,3.954219,2.328284
theta0_R0gauge,427,0.139141,0.275706,0.996232,0.294038,0.473208,0.937655,3.388107,1.968491
theta0_R0gauge,428,0.138288,0.305305,1.221756,0.304991,0.453416,1.001029,4.005871,2.178706
theta0_R0gauge,429,0.128072,0.308053,1.281453,0.30725,0.416832,1.002614,4.170719,2.30316
theta0_R0gauge,430,0.120815,0.309267,1.272379,0.294993,0.409551,1.048388,4.313245,2.354384
theta0_R0gauge,431,0.11505,0.293776,1.026606,0.280069,0.410792,1.048944,3.665551,2.188646
theta0_R0gauge,432,0.115692,0.286978,1.15136,0.251826,0.459413,1.139592,4.572054,2.297767
theta0_R0gauge,433,0.100928,0.258636,0.966084,0.24155,0.417833,1.070732,3.999515,2.258847
theta0_R0gauge,434,0.120732,0.296485,0.98715,0.275569,0.438118,1.075899,3.58222,2.10125
theta0_R0gauge,435,0.107217,0.295586,1.148898,0.28266,0.379314,1.045729,4.064589,2.371704
theta0_R0gauge,436,0.127381,0.323207,1.352925,0.313227,0.406674,1.031863,4.319307,2.362839
theta0_R0gauge,437,0.109605,0.302187,1.155474,0.290723,0.377008,1.039434,3.974485,2.355384
theta0_R0gauge,438,0.087594,0.289314,1.148788,0.250598,0.34954,1.154497,4.584193,2.57375
theta0_R0gauge,439,0.100615,0.29635,1.202134,0.288349,0.348934,1.027747,4.169023,2.480554
theta0_R0gauge,440,0.11125,0.275883,0.951236,0.258338,0.430637,1.067916,3.682143,2.145985
theta0_R0gauge,441,0.12122,0.301126,1.353204,0.31316,0.387085,0.961573,4.321126,2.412626
theta0_R0gauge,442,0.118984,0.285989,1.151027,0.290054,0.410211,0.985984,3.968318,2.269425
theta0_R0gauge,443,0.127168,0.280217,1.273255,0.299662,0.424371,0.935111,4.248975,2.303825
theta0_R0gauge,444,0.13403,0.288293,1.419813,0.290557,0.461286,0.992211,4.886527,2.360219
theta0_R0gauge,445,0.12218,0.306465,1.47251,0.301509,0.405229,1.016436,4.883798,2.489225
theta0_R0gauge,446,0.120334,0.296512,1.243872,0.285844,0.42098,1.03732,4.351577,2.335709
theta0_R0gauge,447,0.113949,0.322941,1.378189,0.295199,0.386007,1.093977,4.668675,2.492776
theta0_R0gauge,448,0.10289,0.267619,1.072763,0.268816,0.382754,0.995547,3.990697,2.34433
theta0_R0gauge,449,0.114855,0.313852,1.068054,0.300625,0.382054,1.044001,3.552782,2.229925
theta0_R0gauge,450,0.131535,0.311809,1.531149,0.306052,0.42978,1.018811,5.002901,2.454499
theta0_R0gauge,451,0.114703,0.291538,1.173941,0.278944,0.411203,1.045148,4.208514,2.325778
theta0_R0gauge,452,0.132553,0.31059,1.270468,0.282772,0.468761,1.098375,4.492901,2.26016
theta0_R0gauge,453,0.126269,0.298308,1.54607,0.291428,0.433277,1.023608,5.305162,2.505059
theta0_R0gauge,454,0.118013,0.303471,0.983409,0.279842,0.421713,1.084437,3.51416,2.12023
theta0_R0gauge,455,0.127321,0.286564,1.261095,0.30653,0.415362,0.934862,4.114094,2.293022
theta0_R0gauge,456,0.129197,0.297672,1.175482,0.301485,0.428536,0.98735,3.898967,2.208093
theta0_R0gauge,457,0.122652,0.303861,1.382635,0.28664,0.427894,1.060077,4.823588,2.422397
theta0_R0gauge,458,0.116961,0.290938,1.178438,0.290846,0.402139,1.000315,4.051757,2.310109
theta0_R0gauge,459,0.106318,0.31792,1.28824,0.300348,0.353985,1.058506,4.289163,2.494593
theta0_R0gauge,460,0.112274,0.31245,1.069742,0.285537,0.393202,1.094255,3.746422,2.254233
theta0_R0gauge,461,0.121653,0.310358,1.474322,0.291751,0.416974,1.063775,5.053355,2.494783
theta0_R0gauge,462,0.115899,0.269348,0.923758,0.278433,0.416253,0.967371,3.317701,2.075735
theta0_R0gauge,463,0.111569,0.295264,1.187593,0.303382,0.36775,0.973244,3.914521,2.365044
theta0_R0gauge,464,0.109766,0.332158,1.367163,0.299122,0.36696,1.110443,4.57058,2.522142
theta0_R0gauge,465,0.132217,0.287323,1.116337,0.297133,0.444976,0.966984,3.75703,2.133364
theta0_R0gauge,466,0.112594,0.265908,1.045629,0.259531,0.433835,1.024572,4.028914,2.228589
theta0_R0gauge,467,0.120054,0.303205,1.271888,0.306291,0.391959,0.989923,4.152544,2.360319
theta0_R0gauge,468,0.129507,0.277541,1.348888,0.312263,0.414737,0.888807,4.319718,2.343302
theta0_R0gauge,469,0.122232,0.277801,1.277979,0.299221,0.408499,0.928412,4.271014,2.347117
theta0_R0gauge,470,0.124678,0.314904,1.261734,0.295017,0.422612,1.067409,4.276814,2.31451
theta0_R0gauge,471,0.1221,0.307264,1.113745,0.311077,0.392508,0.987745,3.580293,2.210642
theta0_R0gauge,472,0.119381,0.270417,1.099049,0.278658,0.428413,0.970427,3.944078,2.219882
theta0_R0gauge,473,0.116988,0.312179,1.238795,0.307648,0.380267,1.014728,4.026662,2.35982
theta0_R0gauge,474,0.130408,0.330279,1.23561,0.315611,0.413192,1.046476,3.914982,2.248653
theta0_R0gauge,475,0.112772,0.298731,1.231335,0.285797,0.394589,1.045258,4.308432,2.390485
theta0_R0gauge,476,0.110948,0.287016,1.008894,0.267511,0.414742,1.072911,3.771409,2.207547
theta0_R0gauge,477,0.115028,0.279284,1.20702,0.274477,0.419082,1.017515,4.397531,2.350733
theta0_R0gauge,478,0.105292,0.29807,1.205842,0.293941,0.358208,1.014047,4.10233,2.438196
theta0_R0gauge,479,0.119474,0.333473,1.61578,0.313443,0.381167,1.063904,5.154947,2.604476
theta0_R0gauge,480,0.116604,0.309564,1.009023,0.297866,0.391464,1.039271,3.387501,2.157954
theta0_R0gauge,481,0.116167,0.311928,1.100166,0.29378,0.395423,1.061774,3.74486,2.248183
theta0_R0gauge,482,0.115981,0.285253,1.369644,0.286319,0.405075,0.996278,4.783623,2.468881
theta0_R0gauge,483,0.114909,0.310309,1.453217,0.296131,0.388033,1.047877,4.907343,2.537398
theta0_R0gauge,484,0.127537,0.316282,1.376754,0.306771,0.415741,1.031004,4.487886,2.379075
theta0_R0gauge,485,0.124408,0.297662,1.234505,0.302451,0.411332,0.984165,4.081663,2.294858
theta0_R0gauge,486,0.118477,0.2797,1.308034,0.29579,0.400545,0.945602,4.422168,2.40156
theta0_R0gauge,487,0.109254,0.316567,1.215445,0.309368,0.353151,1.02327,3.928796,2.409191
theta0_R0gauge,488,0.120874,0.275789,1.258238,0.28183,0.42889,0.978564,4.464524,2.342718
theta0_R0gauge,489,0.1359,0.294782,1.229927,0.280632,0.484266,1.050421,4.382706,2.202787
theta0_R0gauge,490,0.10166,0.285019,1.267287,0.274007,0.371012,1.040191,4.62502,2.523001
theta0_R0gauge,491,0.115828,0.271585,1.367137,0.298528,0.387996,0.909747,4.579587,2.468369
theta0_R0gauge,492,0.121015,0.314168,1.639385,0.292899,0.413161,1.072616,5.597093,2.606164
theta0_R0gauge,493,0.103918,0.30404,1.264705,0.276418,0.375945,1.099927,4.575329,2.49899
theta0_R0gauge,494,0.123302,0.296559,1.077245,0.276957,0.445201,1.070777,3.889577,2.167529
theta0_R0gauge,495,0.128809,0.271807,1.009752,0.263882,0.488132,1.030032,3.826528,2.059128
theta0_R0gauge,496,0.108065,0.322135,1.343493,0.308144,0.350697,1.045406,4.359958,2.520296
theta0_R0gauge,497,0.116067,0.30851,1.180949,0.277816,0.417785,1.110484,4.250836,2.319904
theta0_R0gauge,498,0.117186,0.295089,1.050902,0.274802,0.426438,1.073825,3.82422,2.193644
theta0_R0gauge,499,0.106413,0.26288,1.170688,0.270424,0.393503,0.972102,4.329085,2.398022
theta0_R0gauge,500,0.108537,0.287237,1.278963,0.2712,0.40021,1.059134,4.715934,2.466714
theta0_R0gauge,501,0.124633,0.312542,1.367344,0.313961,0.396968,0.995479,4.355136,2.395255
theta0_R0gauge,502,0.106856,0.277254,1.236745,0.28325,0.37725,0.978831,4.36627,2.448757
theta0_R0gauge,503,0.123176,0.304025,1.175462,0.293331,0.419922,1.036457,4.007288,2.2558
theta0_R0gauge,504,0.119048,0.29879,1.033046,0.293876,0.405097,1.016721,3.515244,2.160737
theta0_R0gauge,505,0.115488,0.31369,1.392265,0.30769,0.375338,1.019501,4.524899,2.489523
theta0_R0gauge,506,0.116223,0.278246,1.26408,0.299509,0.388047,0.929008,4.220512,2.386585
theta0_R0gauge,507,0.112182,0.304527,1.005453,0.288417,0.388956,1.055857,3.486105,2.193074
theta0_R0gauge,508,0.120006,0.302445,1.172735,0.297739,0.403057,1.015808,3.938808,2.279555
theta0_R0gauge,509,0.119547,0.31065,1.344477,0.293883,0.406785,1.057053,4.574875,2.420049
theta0_R0gauge,510,0.119745,0.308383,1.57886,0.291568,0.410695,1.057674,5.415074,2.579092
theta0_R0gauge,511,0.125237,0.327839,1.054971,0.285009,0.439416,1.150277,3.70154,2.131057
theta0_R0gauge,512,0.112965,0.298738,1.205996,0.29555,0.382218,1.010786,4.080513,2.367987
theta0_R0gauge,513,0.130066,0.287778,1.295972,0.26999,0.481745,1.065886,4.800077,2.298972
theta0_R0gauge,514,0.123284,0.29418,1.348836,0.297388,0.414556,0.989215,4.535617,2.392509
theta0_R0gauge,515,0.115978,0.317464,1.173365,0.292971,0.39587,1.0836,4.005054,2.314227
theta0_R0gauge,516,0.107672,0.308666,1.138553,0.287731,0.374211,1.07276,3.957008,2.358424
theta0_R0gauge,517,0.113505,0.284917,1.122433,0.280579,0.404537,1.015459,4.000411,2.29141
theta0_R0gauge,518,0.125557,0.304169,0.965248,0.275555,0.455649,1.10384,3.50292,2.03963
theta0_R0gauge,519,0.121474,0.291063,1.398625,0.297719,0.408017,0.977644,4.697808,2.443543
theta0_R0gauge,520,0.118984,0.289714,1.2732,0.272762,0.436218,1.062149,4.667812,2.370303
theta0_R0gauge,521,0.113247,0.299829,1.051408,0.280902,0.403154,1.067379,3.742975,2.228317
theta0_R0gauge,522,0.119515,0.314462,1.057131,0.266952,0.447703,1.17797,3.959999,2.179868
theta0_R0gauge,523,0.122163,0.322207,1.384327,0.302064,0.404427,1.066686,4.582896,2.427614
theta0_R0gauge,524,0.106761,0.307241,1.601338,0.287244,0.371674,1.069617,5.57483,2.708
theta0_R0gauge,525,0.114906,0.312583,1.318078,0.269577,0.426247,1.159529,4.88942,2.439811
theta0_R0gauge,526,0.099775,0.278898,0.991666,0.264517,0.377199,1.054369,3.748973,2.296465
theta0_R0gauge,527,0.123875,0.290839,1.062535,0.301809,0.410442,0.963654,3.520559,2.149141
theta0_R0gauge,528,0.109775,0.291718,1.204586,0.276423,0.397127,1.055334,4.357771,2.39546
theta0_R0gauge,529,0.122874,0.3006,1.344008,0.297051,0.413647,1.011946,4.524504,2.39225
theta0_R0gauge,530,0.123716,0.281158,1.242474,0.27242,0.454138,1.032073,4.560875,2.306869
theta0_R0gauge,531,0.124502,0.314528,1.3067,0.29625,0.420261,1.061697,4.410802,2.350936
theta0_R0gauge,532,0.104467,0.299451,1.059498,0.28924,0.361179,1.035306,3.663048,2.316678
theta0_R0gauge,533,0.118071,0.288116,1.448094,0.307644,0.38379,0.936524,4.707043,2.50672
theta0_R0gauge,534,0.12792,0.315409,1.307119,0.310648,0.411783,1.015327,4.20772,2.324179
theta0_R0gauge,535,0.129693,0.289637,1.142954,0.304256,0.426264,0.951954,3.756556,2.1762
theta0_R0gauge,536,0.117618,0.294883,1.455546,0.287381,0.409277,1.026106,5.064872,2.515692
theta0_R0gauge,537,0.137286,0.316845,1.393999,0.312772,0.438934,1.01302,4.45691,2.317863
theta0_R0gauge,538,0.097296,0.289444,1.012016,0.270749,0.359358,1.069048,3.737833,2.341943
theta0_R0gauge,539,0.111865,0.309039,1.119283,0.292285,0.382726,1.057322,3.829428,2.303151
theta0_R0gauge,540,0.140893,0.329017,1.446926,0.301628,0.467108,1.090803,4.797048,2.329196
theta0_R0gauge,541,0.116597,0.277234,0.921771,0.286388,0.407131,0.968035,3.218609,2.06757
theta0_R0gauge,542,0.117177,0.279678,1.227457,0.278898,0.420143,1.002795,4.401094,2.349013
theta0_R0gauge,543,0.134296,0.288221,1.163377,0.300732,0.446564,0.958399,3.868481,2.159035
theta0_R0gauge,544,0.118279,0.304286,0.923044,0.298687,0.395996,1.018746,3.090337,2.054632
theta0_R0gauge,545,0.123242,0.316804,1.023788,0.289594,0.42557,1.093959,3.535257,2.117112
theta0_R0gauge,546,0.107867,0.257196,1.208144,0.265102,0.406888,0.970179,4.557287,2.415945
theta0_R0gauge,547,0.115244,0.309956,1.189848,0.308425,0.373655,1.004965,3.857824,2.334527
theta0_R0gauge,548,0.120664,0.310471,1.262457,0.300219,0.40192,1.034151,4.205125,2.347807
theta0_R0gauge,549,0.124308,0.312361,1.312748,0.306562,0.405491,1.018918,4.282162,2.357114
theta0_R0gauge,550,0.115152,0.318197,1.167472,0.299232,0.384825,1.063376,3.901557,2.316341
theta0_R0gauge,551,0.104641,0.314538,1.151018,0.28066,0.372837,1.120707,4.101106,2.39787
theta0_R0gauge,552,0.123362,0.321692,1.093833,0.284302,0.43391,1.131512,3.847426,2.182322
theta0_R0gauge,553,0.112659,0.291501,1.094209,0.277628,0.405793,1.04997,3.941285,2.27342
theta0_R0gauge,554,0.120368,0.321992,1.859791,0.303367,0.396773,1.061396,6.130503,2.737669
theta0_R0gauge,555,0.120082,0.294871,1.148021,0.263307,0.456054,1.119873,4.360004,2.257617
theta0_R0gauge,556,0.132263,0.35227,1.212584,0.333837,0.396189,1.055215,3.632258,2.215718
theta0_R0gauge,557,0.112914,0.291232,1.02001,0.290006,0.38935,1.004229,3.517205,2.200943
theta0_R0gauge,558,0.127245,0.268942,1.112001,0.270578,0.470272,0.993952,4.109721,2.167799
theta0_R0gauge,559,0.126304,0.295319,1.310906,0.300061,0.420927,0.984197,4.368795,2.339783
theta0_R0gauge,560,0.125349,0.315072,1.380044,0.314531,0.398527,1.001722,4.387631,2.39877
theta0_R0gauge,561,0.132327,0.298196,1.231963,0.298587,0.443177,0.998692,4.12598,2.231089
theta0_R0gauge,562,0.122539,0.300068,1.21026,0.289262,0.423628,1.037357,4.183958,2.290158
theta0_R0gauge,563,0.122177,0.303864,1.260965,0.291701,0.418843,1.041696,4.322795,2.33416
theta0_R0gauge,564,0.144226,0.338934,1.30411,0.341676,0.422114,0.991974,3.816801,2.201893
theta0_R0gauge,565,0.127978,0.294607,1.127934,0.300197,0.426314,0.981381,3.757317,2.176285
theta0_R0gauge,566,0.108165,0.320916,1.346016,0.30251,0.357558,1.060845,4.449495,2.521247
theta0_R0gauge,567,0.113776,0.298844,1.316363,0.287348,0.395953,1.040007,4.581084,2.448395
theta0_R0gauge,568,0.117523,0.277931,1.07054,0.279323,0.420742,0.995017,3.832621,2.209285
theta0_R0gauge,569,0.117579,0.297047,1.039587,0.301477,0.390011,0.985308,3.448315,2.179467
theta0_R0gauge,570,0.144713,0.292526,1.274144,0.299603,0.483017,0.97638,4.252774,2.175276
theta0_R0gauge,571,0.121996,0.279408,1.117586,0.283762,0.429923,0.984658,3.938465,2.21494
theta0_R0gauge,572,0.111058,0.299631,1.313379,0.275882,0.402558,1.086083,4.760659,2.470302
theta0_R0gauge,573,0.115276,0.267986,1.167409,0.285652,0.403554,0.938156,4.086818,2.315212
theta0_R0gauge,574,0.112329,0.272728,1.21368,0.284442,0.394908,0.958818,4.26688,2.379984
theta0_R0gauge,575,0.104168,0.285873,1.230707,0.270798,0.384671,1.055669,4.544748,2.46934
theta0_R0gauge,576,0.114092,0.291797,1.473091,0.287268,0.397162,1.015765,5.127937,2.558115
theta0_R0gauge,577,0.11738,0.287302,1.109,0.288278,0.407176,0.996612,3.846974,2.245798
theta0_R0gauge,578,0.117709,0.303135,1.148126,0.290394,0.405345,1.043876,3.953688,2.277666
theta0_R0gauge,579,0.11633,0.284803,1.061128,0.269863,0.431071,1.055361,3.932096,2.210654
theta0_R0gauge,580,0.124407,0.30581,1.116932,0.300744,0.413665,1.016845,3.713897,2.19478
theta0_R0gauge,581,0.122835,0.290991,1.131223,0.282496,0.434818,1.030071,4.004378,2.220216
theta0_R0gauge,582,0.118754,0.287984,0.959,0.289066,0.41082,0.996256,3.317576,2.088836
theta0_R0gauge,583,0.124405,0.301305,1.255577,0.291439,0.426867,1.033855,4.308205,2.311805
theta0_R0gauge,584,0.130871,0.327305,1.308229,0.309046,0.423467,1.059081,4.233114,2.302217
theta0_R0gauge,585,0.123483,0.298072,1.167352,0.284787,0.433597,1.046649,4.099031,2.246389
theta0_R0gauge,586,0.115512,0.319626,1.354899,0.291897,0.395728,1.094995,4.641703,2.462109
theta0_R0gauge,587,0.122819,0.325387,1.054078,0.304192,0.403754,1.069676,3.465168,2.149712
theta0_R0gauge,588,0.127941,0.312362,1.017969,0.29603,0.432191,1.05517,3.438741,2.073992
theta0_R0gauge,589,0.113471,0.307054,1.179839,0.309349,0.366807,0.992583,3.813945,2.341585
theta0_R0gauge,590,0.107472,0.298612,1.267204,0.271321,0.396108,1.100587,4.670505,2.467335
theta0_R0gauge,591,0.120093,0.28789,1.278398,0.281567,0.426516,1.022456,4.540296,2.365097
theta0_R0gauge,592,0.124469,0.319026,1.296798,0.282977,0.439855,1.127391,4.58269,2.343596
theta0_R0gauge,593,0.11833,0.258647,1.301352,0.281626,0.420169,0.918406,4.620856,2.397679
theta0_R0gauge,594,0.12253,0.304431,1.11767,0.297087,0.412438,1.024721,3.762098,2.210647
theta0_R0gauge,595,0.123708,0.306291,1.142911,0.296651,0.417017,1.032499,3.852718,2.223407
theta0_R0gauge,596,0.12931,0.300594,1.136742,0.289099,0.447286,1.039761,3.932016,2.173709
theta0_R0gauge,597,0.113619,0.299497,1.402182,0.311568,0.364667,0.961256,4.500399,2.512936
theta0_R0gauge,598,0.126923,0.310992,1.286055,0.286518,0.442984,1.085417,4.488558,2.315754
theta0_R0gauge,599,0.102188,0.321603,1.272767,0.287426,0.355528,1.118908,4.428155,2.522133
theta0_R0gauge,600,0.107493,0.298357,1.162202,0.274251,0.391953,1.087899,4.237737,2.380644
theta0_R0gauge,601,0.116342,0.273406,1.14794,0.267122,0.435538,1.023523,4.297436,2.289192
theta0_R0gauge,602,0.119054,0.33488,1.358612,0.283503,0.419939,1.181225,4.792235,2.434644
theta0_R0gauge,603,0.113337,0.313166,1.947095,0.28629,0.395881,1.093875,6.801127,2.84373
theta0_R0gauge,604,0.128445,0.292732,1.009213,0.286839,0.447793,1.020546,3.518397,2.06143
theta0_R0gauge,605,0.110431,0.28476,1.236867,0.276696,0.399105,1.029142,4.470125,2.415948
theta0_R0gauge,606,0.11695,0.300678,1.404618,0.299739,0.390172,1.003131,4.686129,2.485776
theta0_R0gauge,607,0.115425,0.272716,1.012459,0.284798,0.405288,0.957578,3.555009,2.171516
theta0_R0gauge,608,0.121344,0.292539,1.182172,0.304062,0.399076,0.962103,3.887934,2.276481
theta0_R0gauge,609,0.12761,0.311517,1.053808,0.293828,0.434303,1.060203,3.58648,2.111184
theta0_R0gauge,610,0.111653,0.301277,1.352012,0.281695,0.396362,1.069512,4.799552,2.493951
theta0_R0gauge,611,0.112386,0.28198,1.130641,0.284615,0.39487,0.990743,3.972536,2.308604
theta0_R0gauge,612,0.123334,0.292847,1.424321,0.286285,0.430809,1.022922,4.975193,2.446555
theta0_R0gauge,613,0.122731,0.283046,1.273368,0.291295,0.421329,0.971683,4.371406,2.339427
theta0_R0gauge,614,0.119557,0.303193,1.23122,0.263072,0.454465,1.152509,4.680165,2.331967
theta0_R0gauge,615,0.129654,0.288212,1.08768,0.292473,0.443304,0.985429,3.718908,2.12693
theta0_R0gauge,616,0.125394,0.334145,1.217271,0.303775,0.412786,1.099975,4.007145,2.272905
theta0_R0gauge,617,0.114687,0.279359,1.01098,0.258288,0.444027,1.08158,3.914164,2.176471
theta0_R0gauge,618,0.120165,0.345534,1.189349,0.289801,0.414647,1.192316,4.104023,2.292296
theta0_R0gauge,619,0.120501,0.283317,1.163908,0.283396,0.425205,0.999722,4.107006,2.267878
theta0_R0gauge,620,0.120675,0.30697,1.204605,0.294141,0.410262,1.043614,4.095326,2.300807
theta0_R0gauge,621,0.115958,0.309956,1.409292,0.297353,0.389968,1.042385,4.739458,2.497613
theta0_R0gauge,622,0.126086,0.305622,1.360425,0.311581,0.404664,0.980875,4.366202,2.378591
theta0_R0gauge,623,0.12127,0.329659,1.41785,0.308543,0.39304,1.068436,4.595304,2.458878
theta0_R0gauge,624,0.104939,0.315908,1.193665,0.292827,0.358364,1.07882,4.076347,2.431406
theta0_R0gauge,625,0.128204,0.332814,1.497666,0.302701,0.423532,1.099481,4.947675,2.458043
theta0_R0gauge,626,0.126488,0.317535,1.013844,0.301017,0.420201,1.054875,3.36806,2.081359
theta0_R0gauge,627,0.115435,0.266791,1.247402,0.274476,0.420566,0.972002,4.544669,2.38011
theta0_R0gauge,628,0.115808,0.316148,1.923264,0.316631,0.365751,0.998473,6.07415,2.809846
theta0_R0gauge,629,0.112527,0.302652,1.441664,0.300358,0.374643,1.007637,4.799822,2.55036
theta0_R0gauge,630,0.12242,0.295228,1.432075,0.295572,0.414179,0.998835,4.845092,2.459423
theta0_R0gauge,631,0.142473,0.301494,1.121163,0.301926,0.47188,0.998568,3.713371,2.06297
theta0_R0gauge,632,0.126282,0.291961,1.112411,0.296351,0.426124,0.985189,3.753699,2.175766
theta0_R0gauge,633,0.123055,0.297052,1.377023,0.321204,0.383106,0.92481,4.287073,2.415049
theta0_R0gauge,634,0.121198,0.2817,1.042873,0.273963,0.442387,1.028239,3.806617,2.152312
theta0_R0gauge,635,0.116979,0.271654,1.160357,0.268281,0.436032,1.012574,4.325158,2.294488
theta0_R0gauge,636,0.115955,0.290237,0.909652,0.264093,0.439067,1.098997,3.444438,2.059864
theta0_R0gauge,637,0.10403,0.300273,1.261151,0.265821,0.391353,1.129606,4.744367,2.495102
theta0_R0gauge,638,0.121938,0.273979,1.102813,0.271585,0.448988,1.008815,4.060656,2.202104
theta0_R0gauge,639,0.125472,0.287706,1.343364,0.29101,0.431159,0.988646,4.616206,2.370852
theta0_R0gauge,640,0.123271,0.277322,1.167257,0.301766,0.408498,0.918996,3.86809,2.248029
theta0_R0gauge,641,0.12073,0.287255,1.064434,0.2814,0.429034,1.020805,3.782631,2.176639
theta0_R0gauge,642,0.108109,0.293745,1.316627,0.286431,0.377436,1.025537,4.596668,2.499687
theta0_R0gauge,643,0.109169,0.285758,1.214982,0.282529,0.386398,1.01143,4.300387,2.409591
theta0_R0gauge,644,0.120472,0.283446,1.145549,0.292219,0.412268,0.96998,3.920179,2.252219
theta0_R0gauge,645,0.126709,0.316517,1.506843,0.307691,0.411807,1.028684,4.897255,2.475875
theta0_R0gauge,646,0.116041,0.278902,1.065211,0.287538,0.403569,0.969966,3.704597,2.216982
theta0_R0gauge,647,0.125267,0.282655,1.122089,0.280673,0.446309,1.007059,3.997846,2.1925
theta0_R0gauge,648,0.118374,0.301283,1.283764,0.296099,0.399777,1.017509,4.33559,2.383707
theta0_R0gauge,649,0.133767,0.30633,1.237285,0.301611,0.443509,1.015643,4.102249,2.224572
theta0_R0gauge,650,0.127995,0.316656,1.197883,0.315556,0.405618,1.003485,3.796106,2.236318
theta0_R0gauge,651,0.128627,0.318391,1.118467,0.297035,0.433036,1.071896,3.765438,2.162799
theta0_R0gauge,652,0.122545,0.298935,1.122901,0.309337,0.396154,0.966374,3.63003,2.215193
theta0_R0gauge,653,0.117171,0.28347,1.073325,0.281373,0.416428,1.007454,3.814602,2.214879
theta0_R0gauge,654,0.11794,0.297604,1.191455,0.300291,0.39275,0.991052,3.967665,2.312759
theta0_R0gauge,655,0.112603,0.300712,1.457494,0.311099,0.361951,0.966613,4.684982,2.560608
theta0_R0gauge,656,0.122399,0.311752,1.080535,0.281303,0.435115,1.108241,3.841175,2.177923
theta0_R0gauge,657,0.126496,0.284747,1.001817,0.289471,0.436989,0.983682,3.460856,2.069363
theta0_R0gauge,658,0.117312,0.281057,0.96337,0.269736,0.434912,1.041968,3.571526,2.105605
theta0_R0gauge,659,0.128832,0.280972,1.318684,0.285244,0.451654,0.985022,4.623002,2.325884
theta0_R0gauge,660,0.116068,0.325878,1.55719,0.293001,0.396137,1.112209,5.314629,2.596459
theta0_R0gauge,661,0.10404,0.270448,1.136628,0.305007,0.341107,0.886695,3.726566,2.391045
theta0_R0gauge,662,0.124492,0.288725,1.469298,0.292165,0.426102,0.988226,5.029,2.468297
theta0_R0gauge,663,0.126339,0.295987,1.227083,0.298681,0.42299,0.990981,4.10834,2.273426
theta0_R0gauge,664,0.11711,0.307434,1.215502,0.308683,0.379385,0.995952,3.937702,2.3398
theta0_R0gauge,665,0.126999,0.316104,1.169665,0.302824,0.419381,1.043853,3.862522,2.220297
theta0_R0gauge,666,0.115414,0.286153,1.46683,0.292973,0.393941,0.976718,5.006698,2.542331
theta0_R0gauge,667,0.121143,0.294524,1.387561,0.294399,0.411494,1.000426,4.713202,2.438329
theta0_R0gauge,668,0.120237,0.315437,1.291048,0.297561,0.404074,1.060078,4.338774,2.373748
theta0_R0gauge,669,0.118078,0.261066,1.078574,0.270127,0.43712,0.966457,3.992837,2.21205
theta0_R0gauge,670,0.120684,0.278193,1.316266,0.280809,0.429772,0.990684,4.687398,2.389379
theta0_R0gauge,671,0.115279,0.276678,1.060071,0.289481,0.398226,0.955773,3.661972,2.218737
theta0_R0gauge,672,0.114892,0.293986,1.045411,0.283333,0.405502,1.037601,3.689694,2.208174
theta0_R0gauge,673,0.113765,0.295003,1.136405,0.291603,0.390137,1.011659,3.897095,2.301489
theta0_R0gauge,674,0.132608,0.318192,1.4027,0.305919,0.433475,1.040117,4.585199,2.358754
theta0_R0gauge,675,0.113219,0.277847,1.137599,0.259539,0.436229,1.070537,4.383144,2.307355
theta0_R0gauge,676,0.132443,0.297664,1.32959,0.319652,0.414336,0.931214,4.159489,2.30647
theta0_R0gauge,677,0.133639,0.303986,1.029465,0.305355,0.437653,0.995518,3.371371,2.041649
theta0_R0gauge,678,0.116507,0.289482,1.479722,0.296472,0.392978,0.976421,4.991098,2.541656
theta0_R0gauge,679,0.12911,0.269235,1.028569,0.288809,0.447044,0.932225,3.561421,2.075258
theta0_R0gauge,680,0.128323,0.27941,1.01051,0.278887,0.460124,1.001876,3.62337,2.063663
theta0_R0gauge,681,0.128112,0.273719,1.211109,0.297821,0.430163,0.919071,4.06656,2.246389
theta0_R0gauge,682,0.141053,0.284714,1.211049,0.293607,0.480415,0.969712,4.124727,2.150104
theta0_R0gauge,683,0.115573,0.280633,1.196516,0.302897,0.38156,0.926497,3.950245,2.337265
theta0_R0gauge,684,0.119648,0.285812,1.234136,0.298855,0.400355,0.956356,4.129542,2.333571
theta0_R0gauge,685,0.111982,0.305217,1.277727,0.274438,0.40804,1.11215,4.65579,2.434503
theta0_R0gauge,686,0.112666,0.273583,1.052419,0.285001,0.395318,0.959938,3.69269,2.234419
theta0_R0gauge,687,0.111937,0.283349,1.313688,0.281573,0.397543,1.006307,4.66553,2.462653
theta0_R0gauge,688,0.126168,0.333409,1.573128,0.305555,0.412914,1.091159,5.148422,2.523206
theta0_R0gauge,689,0.103283,0.294125,1.060781,0.269997,0.382533,1.089364,3.928868,2.329291
theta0_R0gauge,690,0.131853,0.314574,1.011313,0.295022,0.446926,1.066274,3.427928,2.037319
theta0_R0gauge,691,0.117774,0.325883,1.093737,0.282456,0.416966,1.153748,3.872244,2.228584
theta0_R0gauge,692,0.118119,0.282902,1.054105,0.271148,0.435625,1.043349,3.887564,2.188756
theta0_R0gauge,693,0.134465,0.315417,1.322177,0.313551,0.428846,1.005952,4.216791,2.285731
theta0_R0gauge,694,0.123693,0.284637,1.150188,0.288858,0.428215,0.985386,3.981844,2.229875
theta0_R0gauge,695,0.112725,0.303549,0.977913,0.275543,0.409103,1.101638,3.549039,2.160466
theta0_R0gauge,696,0.122417,0.316192,1.161801,0.294308,0.415948,1.074359,3.947575,2.250296
theta0_R0gauge,697,0.114334,0.307429,1.21367,0.269124,0.424837,1.142329,4.509699,2.362279
theta0_R0gauge,698,0.108197,0.264417,1.182754,0.285426,0.379071,0.926394,4.143825,2.391651
theta0_R0gauge,699,0.12669,0.347414,1.724992,0.302158,0.419282,1.149776,5.708899,2.611237
theta0_R0gauge,700,0.130116,0.31333,1.42038,0.315363,0.412592,0.993551,4.503947,2.39025
theta0_R0gauge,701,0.122806,0.318194,1.255191,0.29505,0.416223,1.078442,4.254172,2.324435
theta0_R0gauge,702,0.115802,0.315383,1.257562,0.305727,0.378776,1.031583,4.113343,2.385048
theta0_R0gauge,703,0.123494,0.266955,1.112646,0.274377,0.450087,0.972949,4.055172,2.198307
theta0_R0gauge,704,0.126297,0.295691,1.27535,0.302837,0.417047,0.976401,4.211336,2.312336
theta0_R0gauge,705,0.130948,0.28933,1.149655,0.289411,0.452464,0.999723,3.972399,2.172418
theta0_R0gauge,706,0.131186,0.302034,1.441967,0.291414,0.45017,1.036445,4.948179,2.397149
theta0_R0gauge,707,0.125949,0.265636,1.019093,0.274979,0.458031,0.966022,3.706069,2.09079
theta0_R0gauge,708,0.112845,0.294118,1.285643,0.276578,0.408005,1.063418,4.648386,2.432997
theta0_R0gauge,709,0.106578,0.282585,1.102965,0.261424,0.407682,1.080946,4.219064,2.33688
theta0_R0gauge,710,0.108299,0.274168,1.139078,0.275427,0.393203,0.995429,4.135678,2.35308
theta0_R0gauge,711,0.115311,0.290152,1.131626,0.284879,0.404771,1.018511,3.972309,2.28378
theta0_R0gauge,712,0.136003,0.288741,1.240787,0.283268,0.480122,1.019322,4.380261,2.210824
theta0_R0gauge,713,0.116791,0.290657,1.54414,0.297393,0.392718,0.97735,5.19226,2.581834
theta0_R0gauge,714,0.108173,0.321797,1.131967,0.3105,0.348384,1.036381,3.645624,2.347978
theta0_R0gauge,715,0.111515,0.299054,1.15739,0.27576,0.404392,1.084471,4.197093,2.339763
theta0_R0gauge,716,0.115196,0.285539,1.237192,0.282405,0.407909,1.011095,4.38091,2.373967
theta0_R0gauge,717,0.101231,0.263418,1.206297,0.273192,0.370549,0.964224,4.415563,2.477904
theta0_R0gauge,718,0.120264,0.289256,1.477272,0.296685,0.405361,0.974959,4.979266,2.50826
theta0_R0gauge,719,0.113137,0.305829,1.142249,0.299598,0.377628,1.020799,3.812611,2.312159
theta0_R0gauge,720,0.129107,0.301975,1.404462,0.302492,0.426809,0.998289,4.64297,2.386772
theta0_R0gauge,721,0.109011,0.28934,1.239751,0.279376,0.390194,1.035666,4.437578,2.431219
theta0_R0gauge,722,0.12489,0.299411,1.20162,0.272613,0.458121,1.098299,4.407785,2.263995
theta0_R0gauge,723,0.112281,0.27528,1.364305,0.289757,0.3875,0.950037,4.708439,2.497397
theta0_R0gauge,724,0.126837,0.293286,1.161727,0.299587,0.423372,0.978968,3.877761,2.214762
theta0_R0gauge,725,0.130259,0.269521,1.104499,0.281388,0.462917,0.957826,3.925178,2.13762
theta0_R0gauge,726,0.117695,0.29661,1.157411,0.283233,0.415541,1.047229,4.086419,2.285843
theta0_R0gauge,727,0.146165,0.316989,1.637138,0.311484,0.469253,1.017674,5.255934,2.41597
theta0_R0gauge,728,0.129339,0.266189,1.160808,0.279302,0.463081,0.953051,4.156104,2.194432
theta0_R0gauge,729,0.12367,0.321757,1.196028,0.308233,0.401223,1.043875,3.880273,2.269143
theta0_R0gauge,730,0.119877,0.305107,0.934122,0.276457,0.433617,1.10363,3.3789,2.053143
theta0_R0gauge,731,0.128379,0.281219,1.061033,0.265776,0.483035,1.058106,3.992205,2.11201
theta0_R0gauge,732,0.109209,0.28609,1.121296,0.259978,0.420069,1.100441,4.313046,2.328981
theta0_R0gauge,733,0.109176,0.275737,0.946316,0.276527,0.394809,0.997141,3.422141,2.15962
theta0_R0gauge,734,0.133134,0.333212,1.707096,0.305071,0.436403,1.092245,5.595735,2.551194
theta0_R0gauge,735,0.137192,0.297373,1.147783,0.311028,0.441091,0.956097,3.690286,2.124207
theta0_R0gauge,736,0.107638,0.26884,1.400082,0.283743,0.37935,0.947475,4.93433,2.565514
theta0_R0gauge,737,0.128789,0.305787,1.086383,0.301713,0.42686,1.0135,3.600711,2.13243
theta0_R0gauge,738,0.112585,0.303565,1.051398,0.269615,0.417578,1.125921,3.899632,2.234167
theta0_R0gauge,739,0.124161,0.309248,1.375019,0.299452,0.414625,1.032713,4.591775,2.404647
theta0_R0gauge,740,0.094903,0.262736,1.005694,0.253152,0.374884,1.037859,3.972688,2.360583
theta0_R0gauge,741,0.115984,0.309841,1.218976,0.28426,0.40802,1.089993,4.288249,2.352317
theta0_R0gauge,742,0.121033,0.284665,1.198311,0.296926,0.407619,0.958707,4.035726,2.292608
theta0_R0gauge,743,0.116725,0.300248,1.397376,0.303607,0.384462,0.988935,4.602581,2.482526
theta0_R0gauge,744,0.121917,0.352946,1.48336,0.350909,0.347432,1.005802,4.227187,2.498723
theta0_R0gauge,745,0.127837,0.30842,1.247788,0.301154,0.42449,1.024127,4.143354,2.278372
theta0_R0gauge,746,0.123373,0.295741,1.291285,0.294087,0.419513,1.005624,4.390822,2.348177
theta0_R0gauge,747,0.105812,0.299138,1.230528,0.283911,0.372694,1.053635,4.334209,2.453538
theta0_R0gauge,748,0.12135,0.31514,1.75462,0.318613,0.380871,0.989102,5.507063,2.671327
theta0_R0gauge,749,0.129788,0.269647,1.137674,0.286279,0.453362,0.941902,3.974003,2.170837
theta0_R0gauge,750,0.114884,0.325104,0.973979,0.299804,0.383197,1.08439,3.248723,2.137469
theta0_R0gauge,751,0.123179,0.269255,1.006733,0.270013,0.456198,0.997191,3.728457,2.100824
theta0_R0gauge,752,0.121983,0.343075,1.319315,0.330068,0.369571,1.039408,3.997103,2.380983
theta0_R0gauge,753,0.115295,0.305437,1.307936,0.292503,0.394169,1.044221,4.471538,2.428708
theta0_R0gauge,754,0.119476,0.298723,1.242227,0.289347,0.412916,1.032402,4.293206,2.341544
theta0_R0gauge,755,0.126604,0.282963,1.189337,0.299019,0.423397,0.946302,3.977459,2.240087
theta0_R0gauge,756,0.117237,0.300803,1.2837,0.286106,0.40977,1.051369,4.486805,2.393301
theta0_R0gauge,757,0.117934,0.27679,1.087071,0.26655,0.442444,1.038414,4.078291,2.221118
theta0_R0gauge,758,0.126435,0.308986,1.554072,0.302429,0.418064,1.021682,5.138635,2.508908
theta0_R0gauge,759,0.1074,0.279808,1.133328,0.272357,0.394337,1.027358,4.161184,2.356349
theta0_R0gauge,760,0.131643,0.316887,1.187255,0.281813,0.46713,1.124461,4.212923,2.199304
theta0_R0gauge,761,0.120467,0.299231,1.207822,0.298236,0.40393,1.003334,4.04988,2.305201
theta0_R0gauge,762,0.121644,0.293285,1.215359,0.283635,0.428877,1.034023,4.28494,2.301692
theta0_R0gauge,763,0.126081,0.294243,1.176356,0.287005,0.439299,1.025218,4.098728,2.233251
theta0_R0gauge,764,0.110688,0.266154,1.232889,0.255154,0.433809,1.043114,4.831945,2.4104
theta0_R0gauge,765,0.108919,0.285693,1.123164,0.284753,0.382504,1.003299,3.944342,2.333299
theta0_R0gauge,766,0.108823,0.266303,1.020926,0.280759,0.387603,0.948509,3.636302,2.238742
theta0_R0gauge,767,0.129993,0.321977,1.820907,0.328962,0.39516,0.978766,5.535311,2.639611
theta0_R0gauge,768,0.113167,0.296639,1.288961,0.307331,0.368227,0.96521,4.194053,2.432723
theta0_R0gauge,769,0.116882,0.288684,1.184487,0.284098,0.411414,1.016141,4.169294,2.315903
theta0_R0gauge,770,0.123155,0.32016,1.450813,0.295098,0.417337,1.084926,4.916373,2.466433
theta0_R0gauge,771,0.116842,0.308659,1.508692,0.299874,0.389637,1.029296,5.031091,2.558176
theta0_R0gauge,772,0.104404,0.294231,1.444427,0.270344,0.386188,1.088356,5.342914,2.627201
theta0_R0gauge,773,0.129644,0.270768,1.242103,0.28566,0.453841,0.947867,4.348179,2.259765
theta0_R0gauge,774,0.104753,0.320915,1.180546,0.290956,0.360032,1.10297,4.057478,2.422125
theta0_R0gauge,775,0.122126,0.295538,1.525506,0.282381,0.432487,1.046591,5.402292,2.525025
theta0_R0gauge,776,0.115763,0.279704,0.991039,0.272749,0.42443,1.025499,3.633523,2.14721
theta0_R0gauge,777,0.09637,0.298405,1.023842,0.260165,0.370418,1.146983,3.935357,2.363125
theta0_R0gauge,778,0.127301,0.311273,1.088375,0.277792,0.45826,1.120525,3.917953,2.145888
theta0_R0gauge,779,0.130558,0.332228,1.61358,0.326305,0.40011,1.018151,4.944997,2.514392
theta0_R0gauge,780,0.122131,0.323097,1.262541,0.305519,0.39975,1.057533,4.13244,2.335785
theta0_R0gauge,781,0.122078,0.290047,1.203335,0.289849,0.421178,1.000684,4.151592,2.288192
theta0_R0gauge,782,0.117551,0.284465,1.084898,0.287546,0.408809,0.989283,3.772952,2.222366
theta0_R0gauge,783,0.124986,0.288674,1.434096,0.301996,0.413867,0.955886,4.748719,2.440085
theta0_R0gauge,784,0.118704,0.309399,1.056469,0.271635,0.436998,1.139023,3.889291,2.186053
theta0_R0gauge,785,0.123831,0.308814,1.26953,0.312013,0.396877,0.989746,4.068836,2.327486
theta0_R0gauge,786,0.105227,0.311313,1.237031,0.307621,0.342068,1.011999,4.021276,2.464346
theta0_R0gauge,787,0.12609,0.302765,1.221878,0.289558,0.435458,1.045614,4.219809,2.271147
theta0_R0gauge,788,0.125677,0.256263,1.090181,0.272305,0.46153,0.941088,4.003527,2.160385
theta0_R0gauge,789,0.114891,0.280195,0.947292,0.293077,0.392017,0.956047,3.232232,2.109623
theta0_R0gauge,790,0.120378,0.271103,1.206529,0.273443,0.440229,0.991441,4.412358,2.304869
theta0_R0gauge,791,0.11927,0.30838,1.141775,0.312228,0.381996,0.987677,3.656868,2.258951
theta0_R0gauge,792,0.1169,0.301415,1.461244,0.282516,0.41378,1.066896,5.172254,2.525728
theta0_R0gauge,793,0.119577,0.272439,1.457772,0.282282,0.423607,0.96513,5.164242,2.500707
theta0_R0gauge,794,0.118625,0.291875,1.145326,0.295022,0.402088,0.989335,3.882178,2.267481
theta0_R0gauge,795,0.120261,0.276385,1.162572,0.283822,0.42372,0.973799,4.096131,2.268725
theta0_R0gauge,796,0.093298,0.306708,1.301044,0.289142,0.322674,1.060754,4.499673,2.635119
theta0_R0gauge,797,0.128029,0.307529,1.160491,0.309296,0.413938,0.994286,3.752039,2.204338
theta0_R0gauge,798,0.131072,0.270149,1.035981,0.281524,0.465579,0.959593,3.679899,2.067358
theta0_R0gauge,799,0.114956,0.316662,1.363199,0.287266,0.400173,1.102331,4.745433,2.47304
theta0_R0gauge,800,0.116583,0.314693,1.141134,0.29099,0.400642,1.081453,3.92155,2.281174
theta0_R0gauge,801,0.120636,0.289786,1.127199,0.278617,0.432982,1.040087,4.045696,2.234713
theta0_R0gauge,802,0.128017,0.307593,1.107272,0.28637,0.447035,1.07411,3.866585,2.157491
theta0_R0gauge,803,0.116344,0.344936,1.4074,0.299985,0.387832,1.149846,4.69157,2.492951
theta0_R0gauge,804,0.112853,0.306026,1.14935,0.263888,0.427655,1.159681,4.355447,2.320866
theta0_R0gauge,805,0.118456,0.303007,1.668019,0.30337,0.390467,0.998801,5.498292,2.644849
theta0_R0gauge,806,0.125428,0.275593,1.230295,0.283984,0.441673,0.970454,4.332268,2.283277
theta0_R0gauge,807,0.123556,0.313385,1.204319,0.317163,0.389567,0.988087,3.797156,2.276971
theta0_R0gauge,808,0.113303,0.283456,1.259692,0.280575,0.403824,1.01027,4.489683,2.408558
theta0_R0gauge,809,0.113187,0.2824,1.172071,0.293073,0.386208,0.963581,3.999243,2.337485
theta0_R0gauge,810,0.122696,0.275629,1.056928,0.264732,0.463473,1.041161,3.992445,2.153411
theta0_R0gauge,811,0.121066,0.32222,1.543914,0.310913,0.389389,1.036368,4.965748,2.545739
theta0_R0gauge,812,0.119517,0.307748,1.246086,0.28882,0.413813,1.065537,4.314404,2.344301
theta0_R0gauge,813,0.119911,0.316804,1.678114,0.318278,0.376748,0.99537,5.272482,2.638679
theta0_R0gauge,814,0.123855,0.314047,1.234425,0.30934,0.400384,1.015216,3.990506,2.299248
theta0_R0gauge,815,0.130123,0.282362,1.102868,0.290047,0.448628,0.973505,3.802378,2.137187
theta0_R0gauge,816,0.12057,0.296023,1.27625,0.302535,0.398531,0.978475,4.218517,2.359453
theta0_R0gauge,817,0.132172,0.301105,1.31609,0.290124,0.455571,1.037849,4.536302,2.298316
theta0_R0gauge,818,0.121136,0.287778,1.162797,0.298181,0.40625,0.965111,3.899637,2.261669
theta0_R0gauge,819,0.126169,0.294526,1.007081,0.294489,0.428434,1.000125,3.419757,2.077188
theta0_R0gauge,820,0.116006,0.269234,1.064247,0.260196,0.44584,1.034734,4.090169,2.216382
theta0_R0gauge,821,0.106829,0.288234,1.404657,0.287714,0.371304,1.001807,4.882126,2.576315
theta0_R0gauge,822,0.125612,0.2937,1.157412,0.295942,0.424448,0.992427,3.910947,2.220744
theta0_R0gauge,823,0.117158,0.290792,1.072561,0.280508,0.417664,1.036659,3.823631,2.214279
theta0_R0gauge,824,0.114913,0.2981,1.217042,0.283575,0.40523,1.051221,4.291781,2.360003
theta0_R0gauge,825,0.122671,0.327387,1.365043,0.311341,0.394008,1.051537,4.384398,2.409436
theta0_R0gauge,826,0.103131,0.278556,1.232084,0.279413,0.369098,0.996936,4.409551,2.480465
theta0_R0gauge,827,0.114305,0.317009,1.299484,0.323292,0.353565,0.980566,4.019534,2.430853
theta0_R0gauge,828,0.118732,0.276273,1.470021,0.283512,0.41879,0.974466,5.185037,2.516163
theta0_R0gauge,829,0.129638,0.295241,1.376188,0.30243,0.428654,0.976229,4.550434,2.362327
theta0_R0gauge,830,0.103874,0.275967,1.087356,0.27806,0.373568,0.992474,3.910509,2.348324
theta0_R0gauge,831,0.122325,0.317169,1.397289,0.298791,0.4094,1.061507,4.676473,2.435608
theta0_R0gauge,832,0.113546,0.285443,1.172717,0.294181,0.385975,0.970298,3.986384,2.334868
theta0_R0gauge,833,0.114286,0.271522,1.017297,0.275506,0.414822,0.98554,3.692471,2.186201
theta0_R0gauge,834,0.12532,0.337722,1.50674,0.304038,0.412185,1.110787,4.955754,2.486833
theta0_R0gauge,835,0.136142,0.305932,1.194084,0.309314,0.440142,0.989065,3.860425,2.171436
theta0_R0gauge,836,0.111952,0.265863,1.256521,0.29133,0.384277,0.912584,4.313047,2.418036
theta0_R0gauge,837,0.103928,0.308779,1.339022,0.2989,0.347702,1.033052,4.479828,2.555995
theta0_R0gauge,838,0.120808,0.294774,1.328357,0.298286,0.405008,0.988229,4.453307,2.397495
theta0_R0gauge,839,0.117592,0.294028,1.004576,0.274909,0.427749,1.069545,3.654208,2.145097
theta0_R0gauge,840,0.122465,0.291139,1.156284,0.302133,0.405336,0.963612,3.827071,2.245139
theta0_R0gauge,841,0.114954,0.311613,1.265662,0.277809,0.413788,1.121683,4.555874,2.398819
theta0_R0gauge,842,0.136516,0.313957,1.485714,0.29828,0.457677,1.052556,4.98093,2.387208
theta0_R0gauge,843,0.114356,0.263162,1.173562,0.273187,0.418601,0.963302,4.295819,2.32848
theta0_R0gauge,844,0.104899,0.294198,1.159562,0.278779,0.376281,1.055308,4.159428,2.402795
theta0_R0gauge,845,0.11197,0.306704,1.208859,0.279801,0.400178,1.096152,4.320428,2.379199
theta0_R0gauge,846,0.106021,0.272134,0.910735,0.257271,0.412098,1.057769,3.539978,2.150615
theta0_R0gauge,847,0.127863,0.334454,1.537448,0.302663,0.42246,1.105036,5.079726,2.486918
theta0_R0gauge,848,0.104116,0.294353,1.166999,0.280602,0.371045,1.049002,4.158905,2.416684
theta0_R0gauge,849,0.118905,0.317611,1.29014,0.300296,0.395958,1.057662,4.296232,2.384185
theta0_R0gauge,850,0.124123,0.311389,1.434236,0.287583,0.431608,1.082777,4.9872,2.447112
theta0_R0gauge,851,0.116343,0.319386,1.187746,0.30026,0.387476,1.063698,3.955725,2.323266
theta0_R0gauge,852,0.12089,0.290201,1.304826,0.279931,0.431858,1.036688,4.661245,2.378942
theta0_R0gauge,853,0.120829,0.298546,1.147923,0.302238,0.399783,0.987786,3.798081,2.25133
theta0_R0gauge,854,0.130434,0.301212,1.249006,0.290776,0.44857,1.03589,4.295416,2.259239
theta0_R0gauge,855,0.124396,0.28164,1.448344,0.293321,0.424096,0.960178,4.937745,2.454704
theta0_R0gauge,856,0.136281,0.299314,1.370267,0.304952,0.446893,0.981511,4.493388,2.308043
theta0_R0gauge,857,0.136069,0.348567,1.638818,0.352062,0.386493,0.990075,4.654915,2.488566
theta0_R0gauge,858,0.107363,0.29163,1.276694,0.28395,0.378107,1.027047,4.496187,2.475809
theta0_R0gauge,859,0.113508,0.306416,1.154459,0.293925,0.386181,1.042496,3.927735,2.319511
theta0_R0gauge,860,0.113934,0.263095,1.015497,0.264031,0.431515,0.996452,3.846122,2.187518
theta0_R0gauge,861,0.124612,0.28705,1.117002,0.280699,0.443935,1.022625,3.979354,2.193196
theta0_R0gauge,862,0.105884,0.283231,1.318536,0.279553,0.37876,1.013156,4.716588,2.521937
theta0_R0gauge,863,0.115096,0.274187,1.048303,0.272931,0.421703,1.0046,3.840904,2.209162
theta0_R0gauge,864,0.126941,0.32094,1.43162,0.315365,0.402521,1.017679,4.539565,2.422839
theta0_R0gauge,865,0.124757,0.292017,1.206756,0.305227,0.408736,0.95672,3.953635,2.269321
theta0_R0gauge,866,0.125588,0.270699,1.361018,0.287973,0.43611,0.940015,4.726204,2.382983
theta0_R0gauge,867,0.127073,0.294545,1.260955,0.294481,0.431516,1.000215,4.281952,2.29486
theta0_R0gauge,868,0.12131,0.295859,1.1647,0.294361,0.412112,1.005087,3.956701,2.261872
theta0_R0gauge,869,0.119402,0.272635,1.241887,0.274313,0.435277,0.993883,4.527271,2.341893
theta0_R0gauge,870,0.126659,0.318079,1.125085,0.296501,0.427179,1.072778,3.794542,2.184115
theta0_R0gauge,871,0.129738,0.304848,1.310032,0.308886,0.420019,0.986929,4.241153,2.312291
theta0_R0gauge,872,0.119209,0.299212,1.217491,0.290061,0.410979,1.031546,4.197358,2.323669
theta0_R0gauge,873,0.136569,0.300746,1.49906,0.303028,0.450679,0.99247,4.946931,2.395766
theta0_R0gauge,874,0.10307,0.289511,1.220701,0.274024,0.376136,1.056516,4.454717,2.471768
theta0_R0gauge,875,0.118983,0.294126,1.352718,0.299855,0.396803,0.980896,4.511244,2.430888
theta0_R0gauge,876,0.113075,0.310549,1.432891,0.296799,0.380981,1.046328,4.827823,2.539401
theta0_R0gauge,877,0.117963,0.287057,1.293761,0.292168,0.403752,0.982507,4.428141,2.394936
theta0_R0gauge,878,0.113425,0.327872,1.797973,0.324746,0.349272,1.009625,5.536549,2.763275
theta0_R0gauge,879,0.12366,0.313827,1.403125,0.278905,0.443377,1.125211,5.030835,2.428922
theta0_R0gauge,880,0.122667,0.31369,1.18595,0.307107,0.399428,1.021434,3.861681,2.268824
theta0_R0gauge,881,0.10944,0.301884,1.118433,0.277403,0.394516,1.088249,4.031795,2.324307
theta0_R0gauge,882,0.124429,0.287553,1.185294,0.275188,0.452161,1.044933,4.307212,2.254008
theta0_R0gauge,883,0.114099,0.269005,1.248461,0.296798,0.384435,0.906356,4.206436,2.392597
theta0_R0gauge,884,0.119499,0.300637,1.082136,0.298189,0.400748,1.00821,3.629026,2.203387
theta0_R0gauge,885,0.122875,0.305785,1.275247,0.299431,0.410362,1.02122,4.258905,2.339729
theta0_R0gauge,886,0.121737,0.304621,1.134351,0.276156,0.440825,1.103076,4.107643,2.231956
theta0_R0gauge,887,0.106245,0.28402,1.125322,0.28145,0.377492,1.009132,3.998301,2.360076
theta0_R0gauge,888,0.123174,0.319542,1.402204,0.306359,0.402059,1.043034,4.577002,2.432202
theta0_R0gauge,889,0.132112,0.301619,1.208912,0.303882,0.434747,0.992553,3.978225,2.213827
theta0_R0gauge,890,0.116123,0.301941,1.511394,0.294094,0.394851,1.026683,5.13916,2.566136
theta0_R0gauge,891,0.125918,0.292245,1.569669,0.28565,0.440812,1.023086,5.495076,2.522989
theta0_R0gauge,892,0.140674,0.319309,1.413389,0.297281,0.473203,1.074099,4.754386,2.307298
theta0_R0gauge,893,0.123215,0.296499,1.1803,0.283789,0.43418,1.044786,4.15908,2.259589
theta0_R0gauge,894,0.137472,0.319494,1.490412,0.322294,0.426543,0.991312,4.624381,2.383385
theta0_R0gauge,895,0.116963,0.295743,1.229538,0.318407,0.367338,0.928822,3.861531,2.352536
theta0_R0gauge,896,0.111825,0.266982,0.986892,0.269144,0.415482,0.991966,3.666776,2.177629
theta0_R0gauge,897,0.10633,0.294628,1.298989,0.274011,0.388049,1.075241,4.74064,2.502796
theta0_R0gauge,898,0.107295,0.301048,1.091417,0.275206,0.389873,1.093902,3.965824,2.319648
theta0_R0gauge,899,0.12786,0.318402,1.421625,0.326577,0.391516,0.974967,4.353111,2.40862
theta0_R0gauge,900,0.116165,0.292624,1.319956,0.28736,0.404248,1.018316,4.593385,2.430344
theta0_R0gauge,901,0.117499,0.297889,1.079696,0.296499,0.396288,1.004689,3.641483,2.218005
theta0_R0gauge,902,0.124888,0.276286,1.257186,0.288185,0.433361,0.958708,4.362423,2.309213
theta0_R0gauge,903,0.126243,0.267628,1.048845,0.289101,0.436676,0.925725,3.627951,2.117232
theta0_R0gauge,904,0.131016,0.329459,1.185764,0.316469,0.413991,1.041046,3.746851,2.202826
theta0_R0gauge,905,0.129295,0.287536,1.216988,0.294074,0.439667,0.97777,4.13838,2.242042
theta0_R0gauge,906,0.103708,0.288865,1.137158,0.276688,0.374819,1.04401,4.109897,2.394709
theta0_R0gauge,907,0.126027,0.310119,1.375302,0.301823,0.417551,1.027484,4.556643,2.389935
theta0_R0gauge,908,0.139673,0.298486,1.205201,0.285792,0.488724,1.044418,4.217058,2.155095
theta0_R0gauge,909,0.125413,0.302184,1.215198,0.292153,0.429272,1.034335,4.15946,2.271049
theta0_R0gauge,910,0.132179,0.314154,1.325623,0.299045,0.442002,1.050524,4.432849,2.305484
theta0_R0gauge,911,0.119543,0.276004,1.03639,0.295423,0.40465,0.934266,3.508155,2.159823
theta0_R0gauge,912,0.103856,0.289151,1.299393,0.282894,0.36712,1.022118,4.593212,2.526647
theta0_R0gauge,913,0.113519,0.330714,1.52785,0.308085,0.368467,1.073449,4.95918,2.599644
theta0_R0gauge,914,0.128086,0.288762,1.24484,0.289091,0.443064,0.998861,4.306041,2.274061
theta0_R0gauge,915,0.125098,0.297246,1.060479,0.286732,0.436288,1.036669,3.698503,2.137381
theta0_R0gauge,916,0.120299,0.281071,1.223297,0.282785,0.425409,0.993939,4.325891,2.319322
theta0_R0gauge,917,0.120911,0.286709,1.102981,0.271629,0.445132,1.055517,4.060613,2.210718
theta0_R0gauge,918,0.11581,0.309072,1.262877,0.297415,0.389389,1.039193,4.246172,2.389193
theta0_R0gauge,919,0.126559,0.304926,1.217447,0.306211,0.413306,0.995803,3.975846,2.263805
theta0_R0gauge,920,0.113337,0.284908,1.192847,0.244333,0.463861,1.166065,4.882054,2.353737
theta0_R0gauge,921,0.131325,0.293055,1.100939,0.309326,0.424551,0.947398,3.559157,2.126246
theta0_R0gauge,922,0.126721,0.316941,1.303272,0.30991,0.408895,1.022688,4.205323,2.330648
theta0_R0gauge,923,0.130568,0.278982,1.169544,0.281002,0.464652,0.992811,4.162051,2.192474
theta0_R0gauge,924,0.135813,0.312143,1.018331,0.294547,0.46109,1.05974,3.457283,2.014644
theta0_R0gauge,925,0.117778,0.3045,1.238937,0.276114,0.426556,1.102806,4.487056,2.353208
theta0_R0gauge,926,0.102942,0.308236,1.418001,0.28747,0.358096,1.072237,4.932695,2.622839
theta0_R0gauge,927,0.117397,0.289947,1.194329,0.275991,0.425366,1.050566,4.327419,2.319776
theta0_R0gauge,928,0.117359,0.288952,1.143224,0.289271,0.405707,0.998897,3.952083,2.276366
theta0_R0gauge,929,0.11685,0.297976,1.124586,0.280084,0.417195,1.06388,4.015169,2.26428
theta0_R0gauge,930,0.115576,0.275137,1.030581,0.286408,0.403538,0.960649,3.598298,2.187946
theta0_R0gauge,931,0.110184,0.274284,0.933832,0.257712,0.427546,1.064304,3.623545,2.137147
theta0_R0gauge,932,0.122097,0.315551,1.11738,0.300503,0.406309,1.050075,3.718363,2.213925
theta0_R0gauge,933,0.127039,0.316591,1.439505,0.30342,0.418691,1.043409,4.744266,2.427559
theta0_R0gauge,934,0.116001,0.295991,1.035602,0.27713,0.418579,1.068059,3.736879,2.18914
theta0_R0gauge,935,0.118598,0.268443,0.888173,0.281142,0.421845,0.954831,3.159163,2.013424
theta0_R0gauge,936,0.13991,0.324652,1.394072,0.312422,0.447824,1.039144,4.462139,2.298983
theta0_R0gauge,937,0.12071,0.307599,1.421007,0.307897,0.392047,0.999032,4.615208,2.46573
theta0_R0gauge,938,0.12088,0.280867,1.489159,0.288361,0.419198,0.97401,5.164211,2.511165
theta0_R0gauge,939,0.121943,0.294098,1.291028,0.286002,0.426371,1.028305,4.514048,2.35964
theta0_R0gauge,940,0.116456,0.301604,1.416952,0.293049,0.397393,1.029191,4.835199,2.498751
theta0_R0gauge,941,0.108263,0.311683,1.239908,0.285295,0.379477,1.092494,4.346053,2.438229
theta0_R0gauge,942,0.130969,0.290662,1.459588,0.312376,0.419266,0.930487,4.672534,2.410951
theta0_R0gauge,943,0.104001,0.285779,1.248594,0.27554,0.377444,1.03716,4.531446,2.485374
theta0_R0gauge,944,0.117462,0.314083,1.405375,0.311651,0.376903,1.007806,4.509455,2.481944
theta0_R0gauge,945,0.108372,0.272123,1.240373,0.263726,0.410928,1.031839,4.703259,2.437593
theta0_R0gauge,946,0.105375,0.287114,1.13093,0.269813,0.390548,1.064121,4.191533,2.373272
theta0_R0gauge,947,0.107087,0.316895,1.293339,0.301879,0.354734,1.049741,4.284296,2.491342
theta0_R0gauge,948,0.132399,0.314042,1.193338,0.310974,0.425757,1.009868,3.837426,2.198689
theta0_R0gauge,949,0.111057,0.281007,1.480056,0.29771,0.373039,0.943895,4.971475,2.589788
theta0_R0gauge,950,0.124669,0.286349,1.034225,0.286135,0.4357,1.000749,3.614473,2.115748
theta0_R0gauge,951,0.110776,0.290987,1.161024,0.284775,0.388993,1.021815,4.076988,2.349552
theta0_R0gauge,952,0.118147,0.321624,1.267691,0.305523,0.386705,1.052698,4.149243,2.37302
theta0_R0gauge,953,0.137276,0.296469,1.357706,0.307472,0.446465,0.964216,4.415705,2.291561
theta0_R0gauge,954,0.129448,0.293742,1.377985,0.309193,0.418662,0.950028,4.456708,2.365102
theta0_R0gauge,955,0.127168,0.285072,1.262486,0.311432,0.408333,0.91536,4.053811,2.295329
theta0_R0gauge,956,0.132547,0.289115,1.223935,0.27752,0.477612,1.041779,4.410251,2.222887
theta0_R0gauge,957,0.118148,0.295074,1.622735,0.293853,0.402064,1.004156,5.52227,2.619933
theta0_R0gauge,958,0.116669,0.271984,1.067881,0.286045,0.407868,0.950842,3.733261,2.214095
theta0_R0gauge,959,0.135867,0.319318,1.375032,0.318446,0.426656,1.00274,4.317948,2.314557
theta0_R0gauge,960,0.122121,0.293629,1.305577,0.305936,0.399171,0.959773,4.267486,2.36939
theta0_R0gauge,961,0.12006,0.298853,1.1828,0.294509,0.407662,1.01475,4.016171,2.287646
theta0_R0gauge,962,0.133786,0.301416,1.256638,0.303635,0.440615,0.992692,4.138652,2.239954
theta0_R0gauge,963,0.113684,0.300967,1.300052,0.265867,0.427597,1.132023,4.889858,2.436738
theta0_R0gauge,964,0.125909,0.289944,1.204868,0.279302,0.450799,1.038101,4.31385,2.258566
theta0_R0gauge,965,0.119554,0.285319,1.042121,0.278804,0.42881,1.023369,3.737833,2.165247
theta0_R0gauge,966,0.114311,0.285899,1.166585,0.270941,0.421904,1.055208,4.305673,2.322911
theta0_R0gauge,967,0.121296,0.314726,1.073555,0.270218,0.448883,1.164712,3.972929,2.180497
theta0_R0gauge,968,0.114497,0.298672,1.100729,0.282298,0.405588,1.058003,3.899174,2.263183
theta0_R0gauge,969,0.110409,0.273924,0.961805,0.284037,0.388715,0.964393,3.386194,2.164616
theta0_R0gauge,970,0.13172,0.286865,1.245928,0.28448,0.463021,1.008385,4.379665,2.246955
theta0_R0gauge,971,0.126087,0.296626,1.307298,0.281155,0.448459,1.055026,4.649734,2.338748
theta0_R0gauge,972,0.121365,0.300992,1.320176,0.280968,0.431954,1.071269,4.69868,2.386719
theta0_R0gauge,973,0.12916,0.302622,1.048935,0.307697,0.419765,0.983506,3.408984,2.094475
theta0_R0gauge,974,0.110982,0.322724,1.307558,0.279769,0.396693,1.153538,4.673709,2.466546
theta0_R0gauge,975,0.12913,0.318668,1.303824,0.315893,0.408779,1.008785,4.127423,2.312233
theta0_R0gauge,976,0.118817,0.334861,1.488314,0.316818,0.375032,1.056953,4.6977,2.527817
theta0_R0gauge,977,0.103351,0.275233,1.067851,0.268,0.385637,1.02699,3.984522,2.335276
theta0_R0gauge,978,0.112382,0.317019,1.203908,0.27435,0.409629,1.155527,4.388221,2.371427
theta0_R0gauge,979,0.118836,0.285081,1.250511,0.262436,0.452819,1.086286,4.765008,2.353562
theta0_R0gauge,980,0.12273,0.297639,1.33615,0.292297,0.419881,1.018279,4.571214,2.387562
theta0_R0gauge,981,0.11774,0.279763,0.931057,0.262936,0.447789,1.063996,3.541005,2.067843
theta0_R0gauge,982,0.132469,0.319276,1.32491,0.306877,0.431669,1.040402,4.317399,2.302749
theta0_R0gauge,983,0.135046,0.302528,1.665403,0.305992,0.44134,0.988679,5.44264,2.512204
theta0_R0gauge,984,0.110594,0.292882,1.08373,0.283001,0.390789,1.034914,3.829415,2.282299
theta0_R0gauge,985,0.120408,0.313741,1.402134,0.291646,0.412858,1.075761,4.807659,2.454862
theta0_R0gauge,986,0.121631,0.305806,1.173894,0.283372,0.429228,1.079167,4.14259,2.267088
theta0_R0gauge,987,0.107659,0.293784,1.43568,0.286509,0.37576,1.025392,5.010934,2.590428
theta0_R0gauge,988,0.123987,0.305654,1.584755,0.311561,0.397955,0.981041,5.086504,2.548006
theta0_R0gauge,989,0.11773,0.267847,0.960442,0.268127,0.439084,0.998954,3.582038,2.098997
theta0_R0gauge,990,0.119707,0.284695,1.099075,0.281912,0.424627,1.009874,3.898649,2.217174
theta0_R0gauge,991,0.114868,0.317498,1.449597,0.290019,0.39607,1.094751,4.998286,2.53526
theta0_R0gauge,992,0.113916,0.300336,1.247171,0.277462,0.410563,1.082438,4.494919,2.393174
theta0_R0gauge,993,0.125207,0.287954,1.335246,0.294076,0.425766,0.979182,4.540487,2.3669
theta0_R0gauge,994,0.135347,0.283334,1.166234,0.302794,0.446993,0.935732,3.851581,2.153695
theta0_R0gauge,995,0.116346,0.285927,1.425436,0.300512,0.38716,0.951467,4.743359,2.505662
theta0_R0gauge,996,0.118116,0.297945,1.275879,0.294197,0.401486,1.012741,4.336819,2.379723
theta0_R0gauge,997,0.11311,0.299755,1.364227,0.307765,0.36752,0.973975,4.432691,2.489985
theta0_R0gauge,998,0.119843,0.298496,1.391334,0.290381,0.41271,1.027948,4.791415,2.451835
theta0_R0gauge,999,0.093583,0.29843,1.236166,0.277992,0.336638,1.073519,4.446764,2.580923
theta0_R0gauge,1000,0.115569,0.305685,1.108132,0.308838,0.374207,0.98979,3.588071,2.260562
theta0_R0gauge,1001,0.117372,0.31442,1.388358,0.288523,0.406803,1.089758,4.811956,2.47053
theta0_R0gauge,1002,0.10793,0.293632,1.133618,0.273446,0.394703,1.073822,4.145678,2.351689
theta0_R0gauge,1003,0.128849,0.333356,1.082994,0.327883,0.392972,1.01669,3.302986,2.128845
theta0_R0gauge,1004,0.12855,0.335162,1.5099,0.317605,0.404748,1.055279,4.754018,2.463481
theta0_R0gauge,1005,0.122269,0.327694,1.391191,0.301714,0.405249,1.086109,4.610965,2.431691
theta0_R0gauge,1006,0.123524,0.288469,1.376043,0.312053,0.395842,0.924423,4.409641,2.410535
theta0_R0gauge,1007,0.112567,0.318749,1.377003,0.300586,0.374492,1.060426,4.581067,2.504117
theta0_R0gauge,1008,0.123252,0.313482,0.963309,0.289465,0.425791,1.082969,3.32789,2.056146
theta0_R0gauge,1009,0.119632,0.30982,1.096515,0.282845,0.42296,1.095371,3.87674,2.215472
theta0_R0gauge,1010,0.111084,0.27477,1.064678,0.265781,0.417953,1.033823,4.005851,2.260141
theta0_R0gauge,1011,0.105949,0.289226,0.864445,0.257977,0.410692,1.121131,3.350864,2.099131
theta0_R0gauge,1012,0.113512,0.284104,1.116461,0.2878,0.394412,0.987159,3.879293,2.286011
theta0_R0gauge,1013,0.113768,0.312858,1.37769,0.288517,0.394321,1.084366,4.775075,2.494001
theta0_R0gauge,1014,0.117955,0.315564,1.102616,0.289214,0.407848,1.091108,3.81246,2.235134
theta0_R0gauge,1015,0.105842,0.265612,1.162734,0.269089,0.393336,0.987079,4.321003,2.396579
theta0_R0gauge,1016,0.13451,0.351169,1.344523,0.318587,0.422208,1.10227,4.22027,2.302156
theta0_R0gauge,1017,0.113996,0.274207,1.443641,0.274318,0.415562,0.999592,5.262645,2.538758
theta0_R0gauge,1018,0.107065,0.323064,1.19175,0.284013,0.376971,1.137498,4.196116,2.409746
theta0_R0gauge,1019,0.115752,0.296616,1.273123,0.280769,0.412269,1.056444,4.534423,2.397777
theta0_R0gauge,1020,0.135339,0.303531,1.228409,0.316431,0.427706,0.95923,3.882071,2.205689
theta0_R0gauge,1021,0.119035,0.306426,1.12554,0.292054,0.407579,1.049209,3.853876,2.246601
theta0_R0gauge,1022,0.12192,0.304804,1.058536,0.291026,0.418934,1.047345,3.637259,2.161273
theta0_R0gauge,1023,0.123478,0.295946,1.260354,0.28776,0.4291,1.028447,4.379874,2.323086
theta0_R0gauge,1024,0.103882,0.306686,1.122619,0.286542,0.362536,1.070297,3.917809,2.380165
theta0_R0gauge,1025,0.131028,0.276126,1.243707,0.28692,0.456673,0.962382,4.334686,2.250437
theta0_R0gauge,1026,0.11999,0.296895,1.2437,0.289813,0.414025,1.024436,4.291386,2.338438
theta0_R0gauge,1027,0.114924,0.290717,1.070191,0.291823,0.393812,0.996208,3.667254,2.231324
theta0_R0gauge,1028,0.10441,0.264614,1.062193,0.274255,0.380704,0.964848,3.873013,2.319767
theta0_R0gauge,1029,0.125947,0.317933,1.407492,0.289673,0.43479,1.097559,4.858905,2.413704
theta0_R0gauge,1030,0.113307,0.299168,1.439547,0.30573,0.370612,0.978535,4.708557,2.54198
theta0_R0gauge,1031,0.126047,0.264287,1.118068,0.271932,0.463525,0.971887,4.11157,2.182699
theta0_R0gauge,1032,0.13153,0.318176,1.260778,0.298935,0.439997,1.064366,4.217567,2.260247
theta0_R0gauge,1033,0.14711,0.318441,1.182069,0.304927,0.482443,1.044317,3.87656,2.083841
theta0_R0gauge,1034,0.11545,0.297234,1.096513,0.283027,0.407911,1.0502,3.87424,2.251056
theta0_R0gauge,1035,0.123019,0.304803,0.988221,0.29175,0.421661,1.044743,3.387221,2.083564
theta0_R0gauge,1036,0.099381,0.259076,0.946778,0.272141,0.365181,0.95199,3.478996,2.254106
theta0_R0gauge,1037,0.120824,0.297329,1.246751,0.305282,0.39578,0.973949,4.083939,2.333959
theta0_R0gauge,1038,0.130272,0.309537,1.134833,0.29688,0.438803,1.042632,3.822525,2.164616
theta0_R0gauge,1039,0.119516,0.282764,0.956476,0.280222,0.426503,1.00907,3.413281,2.079809
theta0_R0gauge,1040,0.121815,0.315467,1.446563,0.327024,0.372496,0.96466,4.42342,2.474441
theta0_R0gauge,1041,0.119014,0.299077,1.466063,0.295414,0.402874,1.012402,4.962748,2.511092
theta0_R0gauge,1042,0.111407,0.325279,1.517212,0.306853,0.363062,1.060047,4.944425,2.611441
theta0_R0gauge,1043,0.124408,0.297741,1.171044,0.291529,0.426745,1.021311,4.016908,2.24208
theta0_R0gauge,1044,0.142909,0.313697,1.541762,0.300125,0.476167,1.045223,5.137072,2.37847
theta0_R0gauge,1045,0.121796,0.308885,1.210206,0.282788,0.430696,1.092285,4.279553,2.296201
theta0_R0gauge,1046,0.114932,0.277953,1.264897,0.268996,0.427262,1.033295,4.702283,2.398405
theta0_R0gauge,1047,0.115229,0.301885,1.147949,0.295133,0.390431,1.022878,3.889602,2.298811
theta0_R0gauge,1048,0.120597,0.286194,1.197471,0.280068,0.430597,1.021872,4.275641,2.295516
theta0_R0gauge,1049,0.108513,0.335908,1.601925,0.320002,0.339103,1.049707,5.005985,2.692087
theta0_R0gauge,1050,0.12737,0.293094,1.035072,0.283934,0.448589,1.032262,3.64547,2.095134
theta0_R0gauge,1051,0.113486,0.293303,1.526688,0.275889,0.411346,1.063117,5.533697,2.599178
theta0_R0gauge,1052,0.121074,0.281163,1.300435,0.296825,0.407895,0.947233,4.381148,2.374055
theta0_R0gauge,1053,0.106825,0.293852,1.361311,0.286273,0.373159,1.026473,4.755284,2.545008
theta0_R0gauge,1054,0.106072,0.268993,1.083153,0.247565,0.428461,1.086558,4.375232,2.323515
theta0_R0gauge,1055,0.113378,0.310882,1.329069,0.29173,0.38864,1.06565,4.555823,2.461509
theta0_R0gauge,1056,0.109146,0.28264,1.101009,0.265121,0.411684,1.066079,4.152856,2.311296
theta0_R0gauge,1057,0.118124,0.270763,1.158541,0.269805,0.437813,1.003552,4.293993,2.28318
theta0_R0gauge,1058,0.107331,0.28956,1.193517,0.287714,0.373047,1.006416,4.148273,2.408744
theta0_R0gauge,1059,0.128286,0.307966,1.220531,0.280519,0.457316,1.097844,4.350978,2.25278
theta0_R0gauge,1060,0.118862,0.317396,1.177744,0.279673,0.425003,1.134882,4.21114,2.293393
theta0_R0gauge,1061,0.107975,0.303192,1.320173,0.273921,0.394184,1.106862,4.819547,2.503619
theta0_R0gauge,1062,0.102405,0.311306,1.363982,0.283134,0.361684,1.099498,4.817438,2.589228
theta0_R0gauge,1063,0.103765,0.259218,0.950784,0.250025,0.415019,1.036771,3.80276,2.215159
theta0_R0gauge,1064,0.112539,0.307899,1.470835,0.283573,0.396863,1.085786,5.1868,2.570282
theta0_R0gauge,1065,0.113594,0.31781,1.473033,0.286287,0.396785,1.11011,5.145302,2.562444
theta0_R0gauge,1066,0.124659,0.302024,1.192858,0.306002,0.407381,0.986999,3.898202,2.258523
theta0_R0gauge,1067,0.126953,0.286233,1.188153,0.285005,0.44544,1.004309,4.168887,2.236342
theta0_R0gauge,1068,0.105367,0.334247,1.546201,0.30804,0.342057,1.085076,5.019482,2.686104
theta0_R0gauge,1069,0.126648,0.280176,1.059795,0.306365,0.413391,0.914518,3.459256,2.124415
theta0_R0gauge,1070,0.116337,0.323126,1.139443,0.314219,0.37024,1.028348,3.626271,2.281807
theta0_R0gauge,1071,0.129322,0.313673,1.399476,0.310912,0.415944,1.008882,4.501199,2.381548
theta0_R0gauge,1072,0.115945,0.331426,1.188782,0.301567,0.384474,1.099012,3.94201,2.327571
theta0_R0gauge,1073,0.120174,0.309101,1.118294,0.297967,0.403312,1.037365,3.753078,2.230621
theta0_R0gauge,1074,0.135519,0.299359,1.173911,0.276689,0.489787,1.081932,4.242702,2.158984
theta0_R0gauge,1075,0.117633,0.287978,1.162455,0.301956,0.389569,0.953708,3.849745,2.290721
theta0_R0gauge,1076,0.124007,0.331201,1.215639,0.314583,0.394194,1.052826,3.864285,2.282688
theta0_R0gauge,1077,0.119251,0.311487,1.377407,0.29555,0.403487,1.053922,4.660481,2.446729
theta0_R0gauge,1078,0.127178,0.296371,1.363874,0.295448,0.430458,1.003123,4.616292,2.372496
theta0_R0gauge,1079,0.123697,0.308205,1.273929,0.299419,0.413123,1.029344,4.254668,2.332026
theta0_R0gauge,1080,0.117905,0.31574,1.12331,0.296439,0.397737,1.06511,3.789348,2.254159
theta0_R0gauge,1081,0.1114,0.289482,1.169694,0.292255,0.381174,0.990511,4.002305,2.35137
theta0_R0gauge,1082,0.109331,0.303002,1.306667,0.292349,0.373975,1.036441,4.469544,2.480854
theta0_R0gauge,1083,0.133879,0.29469,1.1255,0.297922,0.449374,0.98915,3.777835,2.12905
theta0_R0gauge,1084,0.122469,0.295681,1.088707,0.303569,0.403429,0.974018,3.58636,2.184892
theta0_R0gauge,1085,0.119272,0.282526,1.258526,0.277048,0.430509,1.019772,4.542622,2.356291
theta0_R0gauge,1086,0.118886,0.313675,1.347217,0.300149,0.396091,1.045064,4.488488,2.427627
theta0_R0gauge,1087,0.113017,0.299708,1.070031,0.270931,0.417143,1.106212,3.949455,2.247905
theta0_R0gauge,1088,0.102495,0.303641,1.382767,0.280775,0.365044,1.081439,4.924819,2.602026
theta0_R0gauge,1089,0.128422,0.271449,1.21,0.283472,0.453031,0.957587,4.268498,2.243057
theta0_R0gauge,1090,0.13411,0.276469,1.000307,0.27936,0.480064,0.989654,3.580714,2.009399
theta0_R0gauge,1091,0.108862,0.297901,1.297845,0.286258,0.380292,1.040672,4.533825,2.478383
theta0_R0gauge,1092,0.113909,0.283508,1.107276,0.282667,0.402979,1.002974,3.917246,2.274259
theta0_R0gauge,1093,0.110091,0.267984,1.236339,0.257212,0.428015,1.041879,4.806695,2.418607
theta0_R0gauge,1094,0.110168,0.304686,1.36289,0.283943,0.387993,1.073054,4.799877,2.515358
theta0_R0gauge,1095,0.110133,0.302831,1.176379,0.300182,0.366888,1.008825,3.918885,2.368507
theta0_R0gauge,1096,0.113915,0.296218,1.328749,0.293506,0.388119,1.009241,4.527161,2.456539
theta0_R0gauge,1097,0.117839,0.308717,0.935181,0.27526,0.428102,1.12155,3.397452,2.071421
theta0_R0gauge,1098,0.126329,0.273856,0.959167,0.28746,0.439465,0.952677,3.336701,2.027179
theta0_R0gauge,1099,0.120162,0.264827,1.26365,0.277965,0.43229,0.952735,4.546071,2.352921
theta0_R0gauge,1100,0.117092,0.282374,0.87037,0.258125,0.453627,1.093945,3.3719,2.005956
theta0_R0gauge,1101,0.114257,0.313141,1.256733,0.294081,0.388523,1.064812,4.273425,2.397819
theta0_R0gauge,1102,0.120033,0.319295,1.052568,0.307208,0.390722,1.039345,3.426235,2.171222
theta0_R0gauge,1103,0.117547,0.310175,1.40342,0.291819,0.402807,1.062902,4.809219,2.479832
theta0_R0gauge,1104,0.113458,0.26746,1.250778,0.264828,0.428423,1.009939,4.722985,2.400085
theta0_R0gauge,1105,0.132775,0.295714,1.103276,0.281493,0.471681,1.05052,3.919375,2.117385
theta0_R0gauge,1106,0.130784,0.269627,1.215255,0.281133,0.465202,0.959075,4.322708,2.229165
theta0_R0gauge,1107,0.129533,0.305204,1.10732,0.290645,0.445673,1.050091,3.809868,2.145764
theta0_R0gauge,1108,0.124461,0.302259,1.176417,0.302027,0.412087,1.000769,3.89507,2.246232
theta0_R0gauge,1109,0.107715,0.295568,1.060881,0.282849,0.380822,1.044967,3.750695,2.287363
theta0_R0gauge,1110,0.118715,0.282186,1.119394,0.275567,0.430803,1.024019,4.062147,2.243817
theta0_R0gauge,1111,0.131381,0.293447,1.085356,0.305469,0.430097,0.960647,3.553083,2.11156
theta0_R0gauge,1112,0.120165,0.299494,1.211635,0.29442,0.408143,1.017236,4.115331,2.310858
theta0_R0gauge,1113,0.10172,0.283363,1.05959,0.278317,0.365483,1.018129,3.807132,2.343411
theta0_R0gauge,1114,0.124042,0.28796,1.114172,0.275242,0.450665,1.046203,4.047966,2.195245
theta0_R0gauge,1115,0.116241,0.27604,1.12286,0.274269,0.423821,1.006457,4.094012,2.267969
theta0_R0gauge,1116,0.106379,0.326731,1.381943,0.283018,0.375873,1.154451,4.882878,2.564239
theta0_R0gauge,1117,0.135017,0.336399,1.769443,0.319638,0.422407,1.052439,5.535779,2.573018
theta0_R0gauge,1118,0.118469,0.303226,1.201518,0.288663,0.410406,1.05045,4.162349,2.316688
theta0_R0gauge,1119,0.107623,0.30346,1.473944,0.292117,0.368422,1.03883,5.045725,2.617067
theta0_R0gauge,1120,0.122901,0.286824,1.228491,0.293746,0.418393,0.976437,4.182155,2.302161
theta0_R0gauge,1121,0.135561,0.328471,1.682404,0.318177,0.426055,1.032354,5.287641,2.518559
theta0_R0gauge,1122,0.121828,0.285434,1.448716,0.297437,0.409592,0.959644,4.870664,2.475823
theta0_R0gauge,1123,0.1245,0.331,1.263291,0.285611,0.435906,1.158918,4.423113,2.317172
theta0_R0gauge,1124,0.106947,0.284023,1.02796,0.273887,0.390479,1.037007,3.753228,2.262998
theta0_R0gauge,1125,0.118429,0.284472,1.231089,0.280586,0.422077,1.013851,4.387564,2.341343
theta0_R0gauge,1126,0.112496,0.314636,1.60163,0.290187,0.387667,1.084252,5.519296,2.655858
theta0_R0gauge,1127,0.13037,0.316829,1.35651,0.295886,0.440607,1.070781,4.584566,2.342297
theta0_R0gauge,1128,0.118182,0.274757,1.234622,0.260112,0.454351,1.056301,4.746492,2.346292
theta0_R0gauge,1129,0.105109,0.284221,1.451046,0.282544,0.372011,1.005936,5.13565,2.625038
theta0_R0gauge,1130,0.127711,0.314392,1.508662,0.306343,0.416888,1.026276,4.924745,2.469209
theta0_R0gauge,1131,0.124398,0.323457,1.112049,0.273353,0.455084,1.183294,4.068182,2.19047
theta0_R0gauge,1132,0.120566,0.287658,1.270344,0.290833,0.414553,0.989083,4.367944,2.354848
theta0_R0gauge,1133,0.127045,0.28388,1.047841,0.274933,0.462094,1.032544,3.811258,2.109946
theta0_R0gauge,1134,0.137176,0.348073,1.242189,0.322964,0.42474,1.077746,3.846212,2.203367
theta0_R0gauge,1135,0.116684,0.288199,1.149248,0.275322,0.42381,1.046772,4.1742,2.287392
theta0_R0gauge,1136,0.115398,0.281745,1.091118,0.270605,0.426445,1.041165,4.032135,2.246568
theta0_R0gauge,1137,0.124934,0.316276,1.297149,0.288624,0.432861,1.095804,4.494246,2.340137
theta0_R0gauge,1138,0.115305,0.279215,1.04876,0.253673,0.454543,1.10069,4.134296,2.207779
theta0_R0gauge,1139,0.110162,0.27191,1.318785,0.262523,0.419629,1.035756,5.023496,2.482511
theta0_R0gauge,1140,0.116912,0.288602,1.090169,0.298612,0.391519,0.966478,3.65079,2.232664
theta0_R0gauge,1141,0.118426,0.28005,1.18785,0.262127,0.45179,1.068377,4.53159,2.30561
theta0_R0gauge,1142,0.113385,0.275064,1.391858,0.277795,0.408162,0.99017,5.010382,2.507604
theta0_R0gauge,1143,0.124,0.279461,1.281903,0.286623,0.432624,0.975012,4.472435,2.33582
theta0_R0gauge,1144,0.109881,0.283294,1.346392,0.291202,0.377336,0.972844,4.623576,2.505787
theta0_R0gauge,1145,0.119938,0.276027,1.212816,0.281753,0.425686,0.979676,4.304541,2.313724
theta0_R0gauge,1146,0.132504,0.34566,1.592731,0.293125,0.45204,1.179225,5.43363,2.486592
theta0_R0gauge,1147,0.135178,0.306556,1.366933,0.330937,0.408471,0.926326,4.130491,2.31373
theta0_R0gauge,1148,0.126781,0.294634,1.149936,0.29223,0.433841,1.008225,3.935037,2.204998
theta0_R0gauge,1149,0.124155,0.280915,1.045796,0.297936,0.416718,0.94287,3.510137,2.131002
theta0_R0gauge,1150,0.122039,0.33297,1.298884,0.294729,0.414073,1.129753,4.407051,2.364918
theta0_R0gauge,1151,0.115249,0.264619,1.111399,0.287308,0.401133,0.921027,3.868314,2.266281
theta0_R0gauge,1152,0.102658,0.302884,1.008148,0.281947,0.364102,1.074257,3.575661,2.284473
theta0_R0gauge,1153,0.136336,0.299468,1.284469,0.307578,0.443256,0.973631,4.176071,2.242978
theta0_R0gauge,1154,0.100496,0.288608,1.02261,0.260492,0.385794,1.107934,3.925684,2.319993
theta0_R0gauge,1155,0.126259,0.345481,1.596407,0.326763,0.386395,1.057284,4.885524,2.537172
theta0_R0gauge,1156,0.135933,0.320906,1.244443,0.310948,0.437157,1.032023,4.002091,2.214279
theta0_R0gauge,1157,0.111012,0.299728,1.368715,0.293981,0.377616,1.019552,4.655801,2.511992
theta0_R0gauge,1158,0.121296,0.302873,1.176718,0.291042,0.416764,1.04065,4.043114,2.272251
theta0_R0gauge,1159,0.106802,0.282345,1.125765,0.282825,0.377625,0.998302,3.980426,2.355244
theta0_R0gauge,1160,0.115967,0.303981,1.422922,0.280077,0.414055,1.085348,5.080472,2.507161
theta0_R0gauge,1161,0.129335,0.302458,1.139532,0.289118,0.447341,1.046138,3.941403,2.17597
theta0_R0gauge,1162,0.126638,0.316952,1.1654,0.308862,0.410013,1.026191,3.7732,2.21949
theta0_R0gauge,1163,0.119669,0.287009,1.307426,0.292711,0.408832,0.98052,4.466616,2.391083
theta0_R0gauge,1164,0.12255,0.295802,1.238529,0.311791,0.393051,0.94872,3.972307,2.313164
theta0_R0gauge,1165,0.128929,0.331943,1.632218,0.312888,0.412062,1.0609,5.216615,2.538431
theta0_R0gauge,1166,0.118565,0.284015,1.170702,0.299101,0.396404,0.949562,3.914071,2.289898
theta0_R0gauge,1167,0.109076,0.311835,1.226469,0.280728,0.388548,1.110808,4.36888,2.419846
theta0_R0gauge,1168,0.123324,0.29687,1.206669,0.288755,0.427088,1.028103,4.178862,2.280805
theta0_R0gauge,1169,0.114419,0.305683,1.163582,0.295739,0.386891,1.033625,3.934495,2.319395
theta0_R0gauge,1170,0.126403,0.298674,1.251086,0.298239,0.423831,1.001461,4.194915,2.292294
theta0_R0gauge,1171,0.1259,0.298806,1.339905,0.308618,0.407947,0.968208,4.341634,2.36487
theta0_R0gauge,1172,0.1173,0.301622,1.337964,0.308311,0.380461,0.978304,4.339659,2.434168
theta0_R0gauge,1173,0.09835,0.302547,1.119556,0.27092,0.363024,1.116737,4.132418,2.43215
theta0_R0gauge,1174,0.129197,0.310197,1.381239,0.303986,0.42501,1.020433,4.54376,2.369396
theta0_R0gauge,1175,0.12028,0.293679,1.304409,0.290045,0.414695,1.012528,4.497264,2.383682
theta0_R0gauge,1176,0.114354,0.286251,1.459536,0.271695,0.420891,1.053575,5.371959,2.546575
theta0_R0gauge,1177,0.119919,0.294045,1.380763,0.265408,0.451827,1.107897,5.202408,2.443576
theta0_R0gauge,1178,0.124737,0.263464,1.117097,0.28836,0.432575,0.913663,3.87396,2.192278
theta0_R0gauge,1179,0.125161,0.278072,1.099832,0.282245,0.443449,0.985216,3.896733,2.17331
theta0_R0gauge,1180,0.12308,0.275018,1.151473,0.268631,0.458175,1.023775,4.286448,2.235962
theta0_R0gauge,1181,0.127958,0.295848,1.322782,0.321274,0.398284,0.92086,4.117301,2.335787
theta0_R0gauge,1182,0.13013,0.281016,1.21072,0.276204,0.47114,1.017424,4.383434,2.230433
theta0_R0gauge,1183,0.142334,0.288728,1.212847,0.289489,0.491672,0.997372,4.18961,2.142551
theta0_R0gauge,1184,0.11892,0.286327,1.134951,0.282523,0.420922,1.013466,4.017202,2.255894
theta0_R0gauge,1185,0.115318,0.273693,1.123953,0.284722,0.405018,0.961262,3.947544,2.276918
theta0_R0gauge,1186,0.107924,0.277483,1.069005,0.272198,0.39649,1.019415,3.927306,2.293058
theta0_R0gauge,1187,0.111313,0.276834,0.908992,0.253962,0.438305,1.09006,3.579238,2.09999
theta0_R0gauge,1188,0.122791,0.297063,1.278636,0.296531,0.414091,1.001792,4.311975,2.343065
theta0_R0gauge,1189,0.124836,0.315436,1.289929,0.282491,0.441912,1.116624,4.566272,2.335341
theta0_R0gauge,1190,0.125134,0.298951,1.303393,0.288008,0.434482,1.037997,4.52555,2.343339
theta0_R0gauge,1191,0.11441,0.301705,1.212212,0.28578,0.400345,1.055725,4.241769,2.36041
theta0_R0gauge,1192,0.119224,0.279727,1.014631,0.261996,0.455059,1.067675,3.872694,2.141279
theta0_R0gauge,1193,0.125289,0.327207,1.225804,0.307146,0.407913,1.065312,3.990946,2.28073
theta0_R0gauge,1194,0.116152,0.275123,1.199883,0.282234,0.411546,0.974806,4.251379,2.335078
theta0_R0gauge,1195,0.119471,0.311469,1.350376,0.29186,0.409343,1.067186,4.626794,2.425065
theta0_R0gauge,1196,0.117715,0.297247,1.120272,0.29613,0.397512,1.003774,3.783042,2.25306
theta0_R0gauge,1197,0.130274,0.255667,1.114188,0.27841,0.467923,0.918312,4.001965,2.146237
theta0_R0gauge,1198,0.114202,0.303927,1.098841,0.283118,0.403372,1.0735,3.881216,2.264045
theta0_R0gauge,1199,0.102136,0.277734,0.9745,0.260307,0.392369,1.066949,3.743654,2.255615
theta0_R0gauge,1200,0.126993,0.304764,1.458896,0.302294,0.420099,1.00817,4.826076,2.4413
theta0_R0gauge,1201,0.11254,0.307144,1.695125,0.312044,0.360653,0.984298,5.43233,2.712206
theta0_R0gauge,1202,0.134574,0.255912,1.158577,0.296047,0.454569,0.864431,3.913488,2.152834
theta0_R0gauge,1203,0.117671,0.302562,1.14199,0.294802,0.399153,1.026325,3.873757,2.272635
theta0_R0gauge,1204,0.112213,0.29633,1.252134,0.285144,0.393532,1.039227,4.391231,2.412201
theta0_R0gauge,1205,0.127109,0.281098,1.490766,0.311385,0.408206,0.902733,4.78753,2.461997
theta0_R0gauge,1206,0.12218,0.306301,1.108505,0.293092,0.416866,1.045069,3.782111,2.205273
theta0_R0gauge,1207,0.105061,0.301013,1.171986,0.278583,0.377126,1.080515,4.206957,2.411916
theta0_R0gauge,1208,0.13214,0.301995,1.206989,0.287596,0.459464,1.050069,4.196827,2.212023
theta0_R0gauge,1209,0.124656,0.298039,1.249537,0.292172,0.426654,1.020079,4.276715,2.304967
theta0_R0gauge,1210,0.11348,0.265756,1.131289,0.280627,0.40438,0.947007,4.031291,2.299486
theta0_R0gauge,1211,0.102996,0.300308,1.473486,0.294074,0.350237,1.021199,5.010596,2.660701
theta0_R0gauge,1212,0.128984,0.292677,1.507585,0.30113,0.428334,0.971929,5.006423,2.458574
theta0_R0gauge,1213,0.104519,0.272867,1.353012,0.282845,0.369526,0.964724,4.78358,2.560723
theta0_R0gauge,1214,0.11499,0.291539,1.112847,0.266415,0.43162,1.094305,4.177122,2.269833
theta0_R0gauge,1215,0.129749,0.28528,1.03613,0.277723,0.467189,1.027211,3.730799,2.077643
theta0_R0gauge,1216,0.123311,0.294752,1.231494,0.311173,0.396278,0.947229,3.957583,2.301272
theta0_R0gauge,1217,0.133531,0.304031,1.154119,0.293255,0.455341,1.036747,3.935552,2.15676
theta0_R0gauge,1218,0.112819,0.319467,1.465154,0.304125,0.370961,1.050446,4.817607,2.563935
theta0_R0gauge,1219,0.124428,0.298678,1.236548,0.276904,0.449354,1.078636,4.465622,2.296352
theta0_R0gauge,1220,0.113884,0.293091,1.160051,0.276601,0.411726,1.059614,4.193946,2.321039
theta0_R0gauge,1221,0.116369,0.277302,1.029031,0.28271,0.41162,0.980873,3.639885,2.179606
theta0_R0gauge,1222,0.123523,0.309578,1.21823,0.310096,0.398339,0.998331,3.928564,2.288727
theta0_R0gauge,1223,0.123786,0.310059,1.481147,0.290489,0.426129,1.067369,5.098801,2.48202
theta0_R0gauge,1224,0.125221,0.2608,1.092468,0.285854,0.438061,0.912355,3.821768,2.166111
theta0_R0gauge,1225,0.118073,0.285872,1.160832,0.267634,0.441175,1.068146,4.337385,2.285586
theta0_R0gauge,1226,0.130484,0.317623,1.484542,0.310517,0.420215,1.022883,4.780864,2.431611
theta0_R0gauge,1227,0.130166,0.315438,1.57618,0.324669,0.400917,0.971566,4.854723,2.493952
theta0_R0gauge,1228,0.118556,0.329093,1.247618,0.289203,0.40994,1.137933,4.31399,2.353609
theta0_R0gauge,1229,0.118,0.300093,1.119562,0.27897,0.422984,1.075719,4.013198,2.250009
theta0_R0gauge,1230,0.130682,0.298952,1.058712,0.290865,0.449288,1.027805,3.639874,2.092041
theta0_R0gauge,1231,0.102976,0.326229,1.202536,0.300094,0.343148,1.08709,4.007202,2.457688
theta0_R0gauge,1232,0.129794,0.286002,1.309319,0.293145,0.442765,0.975632,4.466451,2.311311
theta0_R0gauge,1233,0.10848,0.292934,0.871456,0.260466,0.416482,1.124653,3.34575,2.083602
theta0_R0gauge,1234,0.121011,0.305528,0.902164,0.289972,0.41732,1.053644,3.111206,2.008912
theta0_R0gauge,1235,0.12269,0.306057,1.184477,0.297001,0.413098,1.030492,3.98813,2.267393
theta0_R0gauge,1236,0.121068,0.307637,1.481855,0.291439,0.415414,1.055582,5.08462,2.504701
theta0_R0gauge,1237,0.110771,0.290525,1.161861,0.276829,0.40014,1.049472,4.197029,2.350317
theta0_R0gauge,1238,0.130003,0.30677,1.305778,0.311985,0.416694,0.983284,4.185381,2.307001
theta0_R0gauge,1239,0.121693,0.279279,1.407017,0.280538,0.433782,0.995512,5.01542,2.44773
theta0_R0gauge,1240,0.117903,0.280655,1.408789,0.287153,0.410592,0.977371,4.906051,2.480625
theta0_R0gauge,1241,0.117144,0.323994,1.703726,0.304706,0.384451,1.063301,5.591382,2.677166
theta0_R0gauge,1242,0.111449,0.291441,1.316842,0.286127,0.389511,1.018572,4.602304,2.469421
theta0_R0gauge,1243,0.118512,0.303245,1.254539,0.323642,0.366182,0.936976,3.876318,2.359511
theta0_R0gauge,1244,0.108462,0.305707,1.19666,0.275967,0.393027,1.107767,4.336248,2.400885
theta0_R0gauge,1245,0.118989,0.280693,1.21024,0.293937,0.40481,0.954945,4.117348,2.319547
theta0_R0gauge,1246,0.115327,0.319595,1.209861,0.2738,0.421208,1.167258,4.418778,2.350492
theta0_R0gauge,1247,0.123834,0.266408,1.056073,0.270919,0.457088,0.983348,3.898115,2.143373
theta0_R0gauge,1248,0.123864,0.271774,1.084328,0.256745,0.482442,1.058538,4.223367,2.169528
theta0_R0gauge,1249,0.120944,0.325891,1.499531,0.321004,0.376768,1.015225,4.671381,2.51758
theta0_R0gauge,1250,0.130496,0.297073,1.47525,0.313441,0.416333,0.947781,4.706632,2.425243
theta0_R0gauge,1251,0.11677,0.275637,1.201728,0.258213,0.452223,1.067479,4.654011,2.331309
theta0_R0gauge,1252,0.137178,0.313879,1.331213,0.319538,0.429302,0.98229,4.166062,2.272566
theta0_R0gauge,1253,0.128717,0.352987,1.125047,0.301571,0.426821,1.170493,3.730619,2.167965
theta0_R0gauge,1254,0.115457,0.278157,1.299478,0.272495,0.423704,1.020778,4.768818,2.420818
theta0_R0gauge,1255,0.114859,0.287694,1.36123,0.280508,0.409466,1.025617,4.852731,2.472442
theta0_R0gauge,1256,0.120356,0.319734,1.338563,0.317679,0.378859,1.006466,4.213568,2.408901
theta0_R0gauge,1257,0.105152,0.271156,1.079741,0.263033,0.399769,1.030882,4.10497,2.329068
theta0_R0gauge,1258,0.137069,0.287879,1.280052,0.288829,0.474567,0.996711,4.43187,2.234175
theta0_R0gauge,1259,0.129463,0.292569,1.083981,0.279923,0.462497,1.045179,3.87243,2.124998
theta0_R0gauge,1260,0.106316,0.297163,1.536576,0.290663,0.365769,1.022363,5.28645,2.6709
theta0_R0gauge,1261,0.116562,0.304594,0.973404,0.282133,0.413145,1.079611,3.450155,2.122376
theta0_R0gauge,1262,0.113012,0.299312,1.464288,0.294985,0.383112,1.01467,4.963949,2.56163
theta0_R0gauge,1263,0.115531,0.310029,1.415474,0.302495,0.381928,1.024906,4.679335,2.505679
theta0_R0gauge,1264,0.114656,0.273244,0.942433,0.271159,0.422836,1.007688,3.475573,2.10653
theta0_R0gauge,1265,0.130552,0.284999,1.250512,0.294531,0.443253,0.967637,4.245777,2.25954
theta0_R0gauge,1266,0.142407,0.31211,1.433645,0.30759,0.462978,1.014695,4.660898,2.309284
theta0_R0gauge,1267,0.114648,0.299628,1.692639,0.295698,0.387719,1.01329,5.724207,2.692178
theta0_R0gauge,1268,0.117182,0.31255,1.472708,0.287161,0.408071,1.088413,5.128509,2.531129
theta0_R0gauge,1269,0.127095,0.289626,1.175139,0.295184,0.430562,0.981169,3.981037,2.224206
theta0_R0gauge,1270,0.11178,0.276042,1.24015,0.273139,0.409242,1.010626,4.540359,2.406454
theta0_R0gauge,1271,0.131815,0.309629,1.319036,0.30398,0.433632,1.018585,4.339222,2.303254
theta0_R0gauge,1272,0.131461,0.307436,1.239854,0.294569,0.446285,1.043681,4.20905,2.244035
theta0_R0gauge,1273,0.105769,0.287056,1.264959,0.275477,0.383951,1.042035,4.591892,2.481533
theta0_R0gauge,1274,0.135143,0.290942,1.276386,0.293307,0.460755,0.991938,4.35171,2.245457
theta0_R0gauge,1275,0.135405,0.278525,1.273371,0.304569,0.444578,0.914489,4.180891,2.241155
theta0_R0gauge,1276,0.125107,0.300323,1.267118,0.305601,0.409379,0.982728,4.146316,2.315334
theta0_R0gauge,1277,0.102392,0.262827,1.112224,0.27075,0.378179,0.970739,4.107942,2.38531
theta0_R0gauge,1278,0.114833,0.29696,1.018793,0.289169,0.397114,1.026943,3.523176,2.182896
theta0_R0gauge,1279,0.116637,0.285571,0.979544,0.289419,0.403004,0.986702,3.384512,2.128018
theta0_R0gauge,1280,0.120163,0.275299,1.292974,0.277657,0.432775,0.991505,4.656721,2.375849
theta0_R0gauge,1281,0.122568,0.271157,1.110078,0.264387,0.463593,1.025608,4.198692,2.203521
theta0_R0gauge,1282,0.114114,0.301711,1.214298,0.289324,0.394417,1.042812,4.197014,2.364721
theta0_R0gauge,1283,0.125793,0.294814,1.232589,0.286407,0.439211,1.029353,4.303629,2.282235
theta0_R0gauge,1284,0.125883,0.298965,1.098662,0.303336,0.414994,0.985587,3.621925,2.166496
theta0_R0gauge,1285,0.123577,0.280667,1.309825,0.290042,0.426065,0.967675,4.515976,2.360785
theta0_R0gauge,1286,0.126996,0.255593,1.227864,0.284303,0.446693,0.899015,4.31885,2.268872
theta0_R0gauge,1287,0.113295,0.328892,1.265341,0.293782,0.385642,1.11951,4.307075,2.413106
theta0_R0gauge,1288,0.108549,0.297024,1.267799,0.28712,0.37806,1.034495,4.415571,2.457839
theta0_R0gauge,1289,0.120952,0.284414,1.728539,0.303065,0.399094,0.938459,5.703525,2.659642
theta0_R0gauge,1290,0.110628,0.273687,0.9561,0.284613,0.388694,0.961611,3.359294,2.156694
theta0_R0gauge,1291,0.119442,0.280166,1.106701,0.268349,0.445098,1.044036,4.124111,2.226311
theta0_R0gauge,1292,0.128913,0.268899,1.33491,0.301261,0.427912,0.892577,4.431067,2.337478
theta0_R0gauge,1293,0.112348,0.295324,1.175893,0.301439,0.372705,0.979713,3.900935,2.348186
theta0_R0gauge,1294,0.110648,0.307871,1.086772,0.268463,0.412155,1.146793,4.048133,2.284613
theta0_R0gauge,1295,0.12597,0.311205,1.683153,0.302242,0.416786,1.029654,5.568886,2.592378
theta0_R0gauge,1296,0.126647,0.296336,0.947046,0.286249,0.442435,1.035236,3.308465,2.011946
theta0_R0gauge,1297,0.123988,0.305375,1.169825,0.29524,0.419955,1.034327,3.96228,2.244427
theta0_R0gauge,1298,0.112988,0.311723,1.326104,0.267235,0.422805,1.166477,4.962317,2.462716
theta0_R0gauge,1299,0.134306,0.262706,1.265638,0.279601,0.48035,0.939574,4.526587,2.243209
theta0_R0gauge,1300,0.112439,0.294499,1.225957,0.296196,0.379612,0.994272,4.139008,2.389062
theta0_R0gauge,1301,0.123417,0.315163,1.058247,0.297939,0.414234,1.057809,3.55189,2.148804
theta0_R0gauge,1302,0.116698,0.329494,1.52965,0.303929,0.383966,1.084113,5.032916,2.573201
theta0_R0gauge,1303,0.122615,0.291426,1.199023,0.28276,0.433637,1.030648,4.240433,2.280212
theta0_R0gauge,1304,0.118951,0.269432,1.070337,0.27293,0.435831,0.987182,3.921652,2.197014
theta0_R0gauge,1305,0.112539,0.325891,1.127775,0.266797,0.421815,1.221493,4.227086,2.304702
theta0_R0gauge,1306,0.110105,0.270574,1.090441,0.261035,0.421801,1.036544,4.177379,2.292906
theta0_R0gauge,1307,0.12508,0.330798,1.376927,0.313809,0.398587,1.054138,4.387792,2.398657
theta0_R0gauge,1308,0.113045,0.301526,1.618382,0.274563,0.411727,1.098204,5.894385,2.661396
theta0_R0gauge,1309,0.126052,0.27383,0.878547,0.268848,0.468858,1.018531,3.267824,1.941579
theta0_R0gauge,1310,0.120487,0.274307,1.329226,0.267036,0.451202,1.02723,4.977707,2.400809
theta0_R0gauge,1311,0.118159,0.307286,1.411277,0.283572,0.416683,1.083628,4.976789,2.480215
theta0_R0gauge,1312,0.107933,0.308904,1.287848,0.285133,0.378537,1.083369,4.516663,2.479215
theta0_R0gauge,1313,0.131623,0.306374,1.185023,0.310022,0.424558,0.988231,3.822377,2.197578
theta0_R0gauge,1314,0.110838,0.304938,1.137314,0.272675,0.406484,1.118321,4.170958,2.328356
theta0_R0gauge,1315,0.123555,0.28641,1.316807,0.292964,0.421742,0.97763,4.494778,2.366279
theta0_R0gauge,1316,0.100385,0.285059,1.052081,0.270534,0.371063,1.053691,3.888906,2.349511
theta0_R0gauge,1317,0.115338,0.297467,1.412197,0.301636,0.382374,0.986179,4.68179,2.505036
theta0_R0gauge,1318,0.129389,0.299336,1.08137,0.297787,0.4345,1.0052,3.631351,2.123164
theta0_R0gauge,1319,0.109027,0.279387,1.083628,0.262452,0.415417,1.064524,4.128856,2.296473
theta0_R0gauge,1320,0.112004,0.306572,1.380754,0.306653,0.365246,0.999736,4.502665,2.511854
theta0_R0gauge,1321,0.128081,0.305348,1.142884,0.290171,0.441398,1.052302,3.938655,2.188647
theta0_R0gauge,1322,0.130984,0.310438,1.25846,0.30258,0.432891,1.02597,4.159098,2.262568
theta0_R0gauge,1323,0.129002,0.322878,1.012195,0.307887,0.418992,1.048691,3.287555,2.060047
theta0_R0gauge,1324,0.115257,0.283203,0.944726,0.273371,0.421614,1.035966,3.45584,2.10373
theta0_R0gauge,1325,0.126773,0.29053,1.080995,0.284855,0.445045,1.019924,3.7949,2.143237
theta0_R0gauge,1326,0.115584,0.266039,1.071816,0.280015,0.412777,0.95009,3.827713,2.227114
theta0_R0gauge,1327,0.127336,0.283546,1.123835,0.280663,0.453698,1.010273,4.00422,2.177672
theta0_R0gauge,1328,0.107958,0.286917,1.065558,0.274062,0.393917,1.046903,3.888015,2.289515
theta0_R0gauge,1329,0.108244,0.310907,1.315089,0.2909,0.3721,1.068778,4.520766,2.497273
theta0_R0gauge,1330,0.106051,0.305124,1.476315,0.288897,0.36709,1.056166,5.110171,2.633381
theta0_R0gauge,1331,0.121904,0.296328,1.084386,0.28704,0.424694,1.03236,3.777825,2.185535
theta0_R0gauge,1332,0.106926,0.29549,1.338752,0.299567,0.356934,0.986391,4.468961,2.527359
theta0_R0gauge,1333,0.14371,0.321469,1.492015,0.308724,0.465497,1.041282,4.832842,2.340084
theta0_R0gauge,1334,0.130866,0.325987,1.371105,0.309254,0.423167,1.054109,4.433595,2.349199
theta0_R0gauge,1335,0.119575,0.296078,1.174202,0.280993,0.425545,1.053684,4.178761,2.2844
theta0_R0gauge,1336,0.124667,0.320624,1.510563,0.323858,0.384944,0.990013,4.664272,2.494589
theta0_R0gauge,1337,0.121024,0.267136,1.25723,0.276152,0.438252,0.967353,4.552677,2.340677
theta0_R0gauge,1338,0.133713,0.327736,1.09885,0.30414,0.439643,1.077583,3.612969,2.106321
theta0_R0gauge,1339,0.121213,0.285015,1.127152,0.28761,0.421449,0.990976,3.919025,2.229899
theta0_R0gauge,1340,0.119878,0.308466,1.444134,0.29769,0.402694,1.036201,4.851139,2.488793
theta0_R0gauge,1341,0.120019,0.293981,1.31237,0.292902,0.409758,1.003683,4.48058,2.391941
theta0_R0gauge,1342,0.119828,0.299003,1.13285,0.267609,0.447774,1.117316,4.233234,2.246433
theta0_R0gauge,1343,0.130981,0.30917,1.411458,0.327187,0.400325,0.944934,4.313921,2.377327
theta0_R0gauge,1344,0.106151,0.341012,1.578796,0.31665,0.335231,1.076938,4.98594,2.699559
theta0_R0gauge,1345,0.115936,0.311131,1.257397,0.301522,0.384502,1.031869,4.170164,2.383761
theta0_R0gauge,1346,0.106389,0.310522,1.197341,0.281507,0.377926,1.10307,4.253322,2.420757
theta0_R0gauge,1347,0.121159,0.276445,0.999264,0.288133,0.420498,0.959436,3.468072,2.109914
theta0_R0gauge,1348,0.127506,0.287675,1.100011,0.298469,0.427199,0.963833,3.685507,2.154914
theta0_R0gauge,1349,0.109267,0.256866,1.098517,0.278167,0.392809,0.923424,3.949121,2.307925
theta0_R0gauge,1350,0.126079,0.272599,1.092746,0.273434,0.461096,0.996946,3.996376,2.159537
theta0_R0gauge,1351,0.115072,0.271063,1.194992,0.276747,0.415804,0.979464,4.317999,2.340333
theta0_R0gauge,1352,0.10105,0.278337,1.068648,0.266338,0.379405,1.045052,4.012373,2.358534
theta0_R0gauge,1353,0.116111,0.293239,0.900306,0.291827,0.397875,1.004836,3.085064,2.048191
theta0_R0gauge,1354,0.139431,0.291151,1.152324,0.31083,0.448577,0.936687,3.707245,2.111964
theta0_R0gauge,1355,0.129818,0.329624,1.753149,0.336027,0.386333,0.980944,5.217285,2.603032
theta0_R0gauge,1356,0.128093,0.304209,1.280593,0.301227,0.425236,1.0099,4.251256,2.302326
theta0_R0gauge,1357,0.117373,0.307941,1.378136,0.284809,0.412109,1.08122,4.838801,2.463134
theta0_R0gauge,1358,0.117252,0.322479,1.311444,0.304108,0.38556,1.060409,4.312426,2.414559
theta0_R0gauge,1359,0.106393,0.296459,1.268955,0.297188,0.357998,0.997548,4.26987,2.47881
theta0_R0gauge,1360,0.143913,0.299422,1.582989,0.309235,0.465386,0.968266,5.11905,2.397858
theta0_R0gauge,1361,0.145752,0.314585,1.083087,0.311297,0.468208,1.01056,3.479269,2.005664
theta0_R0gauge,1362,0.129881,0.28715,1.201844,0.289531,0.448591,0.991776,4.151005,2.224993
theta0_R0gauge,1363,0.122671,0.279672,0.9986,0.27389,0.447886,1.021114,3.645995,2.096847
theta0_R0gauge,1364,0.116524,0.296341,1.305821,0.316076,0.368657,0.937562,4.131353,2.416493
theta0_R0gauge,1365,0.123511,0.309365,1.158178,0.272488,0.45327,1.135334,4.250375,2.238274
theta0_R0gauge,1366,0.119854,0.323896,1.506864,0.288407,0.415572,1.123049,5.224779,2.531513
theta0_R0gauge,1367,0.123142,0.302054,1.073962,0.293312,0.419831,1.029802,3.661499,2.165776
theta0_R0gauge,1368,0.109448,0.283086,1.599782,0.306839,0.356695,0.922589,5.213749,2.682172
theta0_R0gauge,1369,0.115816,0.285235,1.324168,0.298368,0.388165,0.955983,4.438034,2.436537
theta0_R0gauge,1370,0.105098,0.298171,1.073656,0.284943,0.36884,1.046426,3.767975,2.323931
theta0_R0gauge,1371,0.134721,0.284191,1.21287,0.309875,0.434761,0.917115,3.914064,2.197535
theta0_R0gauge,1372,0.11522,0.285418,1.135107,0.269257,0.427919,1.060017,4.215695,2.287635
theta0_R0gauge,1373,0.131079,0.316062,1.491721,0.293053,0.447286,1.078512,5.090269,2.431888
theta0_R0gauge,1374,0.11865,0.29534,1.034104,0.280688,0.42271,1.052202,3.68418,2.165116
theta0_R0gauge,1375,0.117535,0.264599,1.101775,0.275804,0.426153,0.959374,3.994776,2.237945
theta0_R0gauge,1376,0.11221,0.288992,1.408929,0.304841,0.368094,0.948011,4.621856,2.530214
theta0_R0gauge,1377,0.116928,0.29147,1.103608,0.284368,0.411184,1.024976,3.880917,2.244785
theta0_R0gauge,1378,0.126041,0.299047,1.344265,0.28156,0.447652,1.062108,4.774341,2.366995
theta0_R0gauge,1379,0.116181,0.317084,1.322879,0.287569,0.404011,1.102639,4.600222,2.432418
theta0_R0gauge,1380,0.134348,0.269641,1.328749,0.288887,0.465053,0.933378,4.599545,2.291561
theta0_R0gauge,1381,0.115854,0.332851,1.721068,0.306568,0.377906,1.085733,5.613983,2.69837
theta0_R0gauge,1382,0.118665,0.284688,1.29606,0.294031,0.403581,0.968224,4.407897,2.390776
theta0_R0gauge,1383,0.125866,0.327851,1.387133,0.295781,0.425539,1.108426,4.689735,2.399775
theta0_R0gauge,1384,0.112871,0.33147,1.533429,0.292873,0.385392,1.131787,5.23582,2.609017
theta0_R0gauge,1385,0.119769,0.331206,1.191616,0.311877,0.384026,1.061976,3.820787,2.2975
theta0_R0gauge,1386,0.113895,0.282415,1.278131,0.282485,0.403188,0.999753,4.524599,2.417881
theta0_R0gauge,1387,0.117393,0.29363,1.133362,0.294482,0.398643,0.997106,3.848667,2.267415
theta0_R0gauge,1388,0.129987,0.327045,1.379898,0.310203,0.419039,1.054293,4.448365,2.362329
theta0_R0gauge,1389,0.117268,0.297106,0.921062,0.289384,0.405232,1.026684,3.182832,2.061066
theta0_R0gauge,1390,0.09915,0.332588,1.489977,0.291982,0.339578,1.139072,5.102985,2.709878
theta0_R0gauge,1391,0.103744,0.290561,1.095752,0.270468,0.38357,1.074289,4.051318,2.357275
theta0_R0gauge,1392,0.122363,0.320415,1.164455,0.314408,0.389185,1.019106,3.703648,2.25302
theta0_R0gauge,1393,0.103103,0.271465,1.175415,0.273441,0.37706,0.992774,4.298613,2.433644
theta0_R0gauge,1394,0.100682,0.302599,1.426888,0.283514,0.355123,1.067315,5.032869,2.651281
theta0_R0gauge,1395,0.129167,0.318277,1.300784,0.287351,0.44951,1.107624,4.526815,2.309615
theta0_R0gauge,1396,0.126246,0.272,1.058482,0.282961,0.446162,0.961264,3.740735,2.126356
theta0_R0gauge,1397,0.117449,0.300063,1.619523,0.298407,0.393586,1.005549,5.427231,2.623886
theta0_R0gauge,1398,0.128734,0.279259,0.932619,0.276324,0.46588,1.010622,3.375093,1.98025
theta0_R0gauge,1399,0.137705,0.308702,1.151244,0.294913,0.466933,1.046756,3.903677,2.123488
theta0_R0gauge,1400,0.135576,0.295643,1.189153,0.280761,0.482885,1.053004,4.235458,2.171468
theta0_R0gauge,1401,0.119334,0.278889,1.408195,0.281625,0.423734,0.990285,5.000246,2.468137
theta0_R0gauge,1402,0.116078,0.293852,1.30608,0.298748,0.388548,0.983613,4.371846,2.420524
theta0_R0gauge,1403,0.114896,0.282974,1.057392,0.293304,0.391729,0.964781,3.605108,2.219536
theta0_R0gauge,1404,0.117281,0.30768,1.149334,0.285654,0.41057,1.077105,4.023511,2.282363
theta0_R0gauge,1405,0.13702,0.312892,1.655166,0.321513,0.426174,0.973185,5.148053,2.491527
theta0_R0gauge,1406,0.110709,0.328691,1.408199,0.315012,0.351444,1.043423,4.470305,2.543161
theta0_R0gauge,1407,0.120096,0.299581,1.135647,0.290048,0.414054,1.032869,3.915379,2.24667
theta0_R0gauge,1408,0.112716,0.282855,1.24415,0.28884,0.390236,0.979277,4.3074,2.401337
theta0_R0gauge,1409,0.115747,0.288576,1.11842,0.27436,0.421882,1.051816,4.076468,2.268261
theta0_R0gauge,1410,0.092346,0.286634,1.073082,0.266983,0.345889,1.073606,4.019296,2.452745
theta0_R0gauge,1411,0.127196,0.32477,1.138215,0.296196,0.429431,1.096469,3.842776,2.191489
theta0_R0gauge,1412,0.111669,0.27517,1.180991,0.280185,0.398553,0.982101,4.215044,2.358574
theta0_R0gauge,1413,0.104578,0.296332,1.36313,0.28916,0.36166,1.024803,4.714106,2.56761
theta0_R0gauge,1414,0.134076,0.309876,1.179517,0.306471,0.437484,1.011109,3.848702,2.174451
theta0_R0gauge,1415,0.128163,0.271228,1.206612,0.288387,0.444415,0.940501,4.184007,2.242266
theta0_R0gauge,1416,0.10663,0.270109,1.011779,0.26356,0.404575,1.024847,3.838894,2.250101
theta0_R0gauge,1417,0.111931,0.30271,1.206323,0.263643,0.424557,1.148182,4.575599,2.377446
theta0_R0gauge,1418,0.113323,0.312309,1.273932,0.277663,0.408132,1.124779,4.588051,2.419619
theta0_R0gauge,1419,0.119957,0.311771,1.096352,0.30314,0.395714,1.028472,3.616652,2.212611
theta0_R0gauge,1420,0.123253,0.282573,1.258047,0.263126,0.468418,1.073905,4.781156,2.323077
theta0_R0gauge,1421,0.125647,0.299333,1.625854,0.290236,0.432914,1.031341,5.601829,2.560309
theta0_R0gauge,1422,0.12309,0.32229,1.090265,0.290444,0.423799,1.109645,3.753782,2.181261
theta0_R0gauge,1423,0.135179,0.304392,1.013316,0.281095,0.480901,1.08288,3.604886,2.014384
theta0_R0gauge,1424,0.103297,0.286319,1.33506,0.299559,0.34483,0.9558,4.456748,2.559123
theta0_R0gauge,1425,0.112457,0.298711,1.130068,0.294904,0.381333,1.012908,3.831984,2.307464
theta0_R0gauge,1426,0.115879,0.306666,1.141926,0.267861,0.432609,1.144868,4.263126,2.287924
theta0_R0gauge,1427,0.129344,0.316807,1.20366,0.318495,0.406111,0.9947,3.779216,2.230645
theta0_R0gauge,1428,0.115772,0.318788,1.476328,0.295111,0.392299,1.080231,5.002623,2.545693
theta0_R0gauge,1429,0.111924,0.271713,1.024714,0.276559,0.404702,0.982476,3.705229,2.21435
theta0_R0gauge,1430,0.105528,0.324048,1.448042,0.299414,0.352448,1.082273,4.836252,2.618992
theta0_R0gauge,1431,0.124143,0.3025,1.391559,0.297693,0.417017,1.016148,4.674483,2.416747
theta0_R0gauge,1432,0.1139,0.311666,1.082826,0.295063,0.38602,1.056269,3.669818,2.252009
theta0_R0gauge,1433,0.114565,0.289034,1.300608,0.289912,0.395172,0.996971,4.486214,2.429443
theta0_R0gauge,1434,0.114993,0.269534,1.340959,0.282057,0.407695,0.955602,4.754209,2.456267
theta0_R0gauge,1435,0.126196,0.335089,1.3051,0.294182,0.428973,1.139053,4.436366,2.336198
theta0_R0gauge,1436,0.137676,0.302175,1.471072,0.298711,0.4609,1.011596,4.924728,2.368842
theta0_R0gauge,1437,0.11266,0.293521,0.994633,0.28245,0.398869,1.039198,3.521453,2.177996
theta0_R0gauge,1438,0.11236,0.289459,1.292069,0.304241,0.369312,0.951415,4.246862,2.442294
theta0_R0gauge,1439,0.114154,0.281066,1.091116,0.262169,0.435421,1.072079,4.161883,2.257409
theta0_R0gauge,1440,0.129592,0.308742,1.129845,0.28003,0.46278,1.102534,4.034736,2.165445
theta0_R0gauge,1441,0.12682,0.329686,1.283925,0.307506,0.412413,1.072128,4.175282,2.314911
theta0_R0gauge,1442,0.10243,0.324321,1.286289,0.316965,0.323157,1.023208,4.05814,2.530341
theta0_R0gauge,1443,0.108557,0.297125,1.224897,0.293197,0.370252,1.013398,4.17773,2.423339
theta0_R0gauge,1444,0.123848,0.326566,1.346286,0.29109,0.425462,1.121873,4.624984,2.386053
theta0_R0gauge,1445,0.127287,0.275917,1.273067,0.302509,0.42077,0.912095,4.208363,2.302743
theta0_R0gauge,1446,0.106787,0.267617,1.036276,0.276529,0.38617,0.967774,3.747443,2.272551
theta0_R0gauge,1447,0.10476,0.277707,1.080279,0.263818,0.397091,1.052649,4.094794,2.333307
theta0_R0gauge,1448,0.116797,0.301733,1.00833,0.295994,0.394592,1.019389,3.406584,2.155613
theta0_R0gauge,1449,0.109442,0.291217,1.172051,0.291861,0.374981,0.997793,4.015784,2.371112
theta0_R0gauge,1450,0.125059,0.316751,1.062221,0.297253,0.420715,1.065593,3.573455,2.139332
theta0_R0gauge,1451,0.123808,0.292244,1.101198,0.269894,0.458729,1.082808,4.08011,2.185419
theta0_R0gauge,1452,0.110965,0.315176,1.491622,0.294175,0.377209,1.071388,5.070522,2.598401
theta0_R0gauge,1453,0.11845,0.32595,1.255083,0.287313,0.412268,1.13448,4.368353,2.360467
theta0_R0gauge,1454,0.12927,0.277413,1.185995,0.28235,0.457836,0.982513,4.200438,2.216433
theta0_R0gauge,1455,0.106218,0.272905,1.104689,0.275596,0.385411,0.990233,4.008362,2.341827
theta0_R0gauge,1456,0.120596,0.303697,1.200236,0.294581,0.409381,1.030944,4.074384,2.297828
theta0_R0gauge,1457,0.138534,0.314562,1.269909,0.323096,0.42877,0.973587,3.930444,2.215587
theta0_R0gauge,1458,0.137753,0.29177,1.19549,0.288744,0.477075,1.010478,4.14031,2.160853
theta0_R0gauge,1459,0.104243,0.295722,1.218823,0.276684,0.37676,1.068809,4.405116,2.458914
theta0_R0gauge,1460,0.11107,0.295896,1.00602,0.297482,0.373367,0.994668,3.381784,2.203596
theta0_R0gauge,1461,0.119205,0.297495,1.242157,0.303559,0.392693,0.980025,4.091984,2.343756
theta0_R0gauge,1462,0.123171,0.295594,1.203304,0.293335,0.419898,1.0077,4.102149,2.279253
theta0_R0gauge,1463,0.105867,0.268221,0.963169,0.259638,0.407748,1.033059,3.709665,2.208046
theta0_R0gauge,1464,0.120471,0.279574,1.164661,0.273749,0.440079,1.021279,4.254482,2.268774
theta0_R0gauge,1465,0.113697,0.291721,1.168058,0.269208,0.42234,1.083627,4.338864,2.329556
theta0_R0gauge,1466,0.120417,0.286305,1.158732,0.257561,0.467529,1.111604,4.498872,2.264121
theta0_R0gauge,1467,0.13979,0.297217,1.331403,0.30633,0.456339,0.97025,4.346306,2.253847
theta0_R0gauge,1468,0.126379,0.323224,1.483094,0.280773,0.45011,1.151192,5.282179,2.462603
theta0_R0gauge,1469,0.126972,0.327401,1.351579,0.298138,0.425883,1.098151,4.533393,2.365061
theta0_R0gauge,1470,0.129094,0.283173,1.121465,0.291713,0.442538,0.970726,3.844415,2.161851
theta0_R0gauge,1471,0.118639,0.283398,1.26316,0.288049,0.41187,0.98385,4.38522,2.365288
theta0_R0gauge,1472,0.124009,0.297905,1.0609,0.286058,0.433511,1.041414,3.708685,2.146516
theta0_R0gauge,1473,0.106095,0.281066,1.260621,0.287158,0.369466,0.978784,4.389987,2.475024
theta0_R0gauge,1474,0.121607,0.308867,1.269088,0.314835,0.386258,0.981046,4.030968,2.345256
theta0_R0gauge,1475,0.125504,0.269331,1.128776,0.280954,0.446706,0.958629,4.017652,2.196552
theta0_R0gauge,1476,0.122247,0.296341,1.325864,0.290836,0.420329,1.018927,4.558798,2.383777
theta0_R0gauge,1477,0.112658,0.279769,1.057041,0.274231,0.410815,1.020195,3.854564,2.23887
theta0_R0gauge,1478,0.121146,0.303901,1.105792,0.287896,0.420797,1.055591,3.840939,2.211322
theta0_R0gauge,1479,0.133796,0.289355,1.2464,0.300791,0.444814,0.96198,4.143745,2.231698
theta0_R0gauge,1480,0.128884,0.278002,1.306995,0.305749,0.421537,0.909251,4.274737,2.316571
theta0_R0gauge,1481,0.107821,0.290193,1.177923,0.274868,0.392264,1.055756,4.285417,2.391039
theta0_R0gauge,1482,0.125544,0.288836,1.322175,0.296245,0.423783,0.974987,4.463107,2.354379
theta0_R0gauge,1483,0.136235,0.303182,1.206435,0.298511,0.456381,1.015647,4.041508,2.181045
theta0_R0gauge,1484,0.134986,0.308332,1.423969,0.303852,0.444248,1.014742,4.686383,2.356033
theta0_R0gauge,1485,0.124034,0.285686,1.112903,0.270016,0.459359,1.058035,4.121625,2.194172
theta0_R0gauge,1486,0.121748,0.290411,1.398076,0.296948,0.409996,0.977984,4.708145,2.440902
theta0_R0gauge,1487,0.122726,0.299233,1.371585,0.288302,0.425685,1.037914,4.757453,2.413767
theta0_R0gauge,1488,0.115768,0.260009,1.032512,0.249939,0.463185,1.040291,4.131055,2.188162
theta0_R0gauge,1489,0.126527,0.323357,1.071899,0.302318,0.418523,1.069591,3.545602,2.136732
theta0_R0gauge,1490,0.109719,0.282963,0.939012,0.275532,0.398208,1.026969,3.407992,2.146903
theta0_R0gauge,1491,0.103879,0.342553,1.321922,0.321361,0.323246,1.065945,4.113513,2.54362
theta0_R0gauge,1492,0.108389,0.308986,1.341917,0.290751,0.372789,1.062715,4.615341,2.516128
theta0_R0gauge,1493,0.120995,0.306993,1.062872,0.286227,0.422724,1.07255,3.713387,2.172981
theta0_R0gauge,1494,0.131967,0.286736,1.233065,0.289827,0.455329,0.989332,4.25448,2.234709
theta0_R0gauge,1495,0.117438,0.308223,1.504815,0.308859,0.38023,0.997939,4.872171,2.550519
theta0_R0gauge,1496,0.114335,0.268308,1.16776,0.287275,0.397998,0.933975,4.06495,2.323711
theta0_R0gauge,1497,0.128737,0.296898,1.232601,0.298243,0.431652,0.995488,4.132871,2.259107
theta0_R0gauge,1498,0.103897,0.265339,1.261005,0.268171,0.387427,0.989441,4.702249,2.496268
theta0_R0gauge,1499,0.097972,0.329025,1.130202,0.289066,0.338927,1.138235,3.909838,2.445467
theta0_R0gauge,1500,0.133476,0.285224,1.017369,0.275972,0.483659,1.033525,3.686493,2.031051
theta0_R0gauge,1501,0.119728,0.30255,1.432463,0.30028,0.398723,1.00756,4.770432,2.481925
theta0_R0gauge,1502,0.116166,0.314009,1.117073,0.296381,0.391949,1.059475,3.769038,2.263444
theta0_R0gauge,1503,0.112306,0.274535,1.278029,0.279643,0.401604,0.981731,4.570213,2.431849
theta0_R0gauge,1504,0.115424,0.284283,1.53775,0.296344,0.389494,0.959303,5.18908,2.589463
theta0_R0gauge,1505,0.11137,0.318235,1.068305,0.300295,0.37087,1.059743,3.557519,2.260968
theta0_R0gauge,1506,0.128232,0.316094,1.39851,0.292468,0.438446,1.080782,4.781747,2.389325
theta0_R0gauge,1507,0.100557,0.266477,1.310558,0.282304,0.356199,0.943935,4.642358,2.567488
theta0_R0gauge,1508,0.114997,0.275892,1.388976,0.27986,0.410908,0.985821,4.963103,2.491416
theta0_R0gauge,1509,0.128866,0.292218,1.160395,0.282886,0.455539,1.032987,4.101987,2.197745
theta0_R0gauge,1510,0.116298,0.282195,1.331989,0.293194,0.396658,0.962483,4.543024,2.438273
theta0_R0gauge,1511,0.121068,0.312456,1.305558,0.30024,0.403236,1.040687,4.348374,2.378035
theta0_R0gauge,1512,0.122277,0.266406,1.036915,0.26199,0.466722,1.016856,3.957841,2.137719
theta0_R0gauge,1513,0.107397,0.262947,0.953268,0.266158,0.40351,0.987938,3.581589,2.183361
theta0_R0gauge,1514,0.117389,0.306913,1.412198,0.310837,0.377656,0.987376,4.543212,2.487405
theta0_R0gauge,1515,0.111623,0.296,1.061039,0.28503,0.391617,1.038487,3.722547,2.25188
theta0_R0gauge,1516,0.117033,0.309829,1.361258,0.279931,0.418078,1.106808,4.862841,2.453711
theta0_R0gauge,1517,0.121865,0.274868,1.369589,0.303289,0.401813,0.906289,4.515785,2.419348
theta0_R0gauge,1518,0.110773,0.290562,1.083491,0.283624,0.390564,1.024462,3.820167,2.280457
theta0_R0gauge,1519,0.125033,0.315052,1.163655,0.298842,0.418391,1.05424,3.893875,2.230743
theta0_R0gauge,1520,0.127266,0.303641,1.29003,0.289942,0.438936,1.047247,4.449271,2.316141
theta0_R0gauge,1521,0.123625,0.3256,1.014432,0.288174,0.428996,1.129872,3.520204,2.104827
theta0_R0gauge,1522,0.131957,0.294664,1.135753,0.278953,0.473043,1.05632,4.071482,2.152575
theta0_R0gauge,1523,0.124574,0.273193,1.05868,0.277262,0.4493,0.985322,3.818332,2.139878
theta0_R0gauge,1524,0.117561,0.301885,1.310282,0.28145,0.417698,1.072605,4.655463,2.411039
theta0_R0gauge,1525,0.117426,0.311895,1.424455,0.308986,0.380036,1.009412,4.610089,2.495736
theta0_R0gauge,1526,0.133511,0.299367,1.1325,0.301849,0.44231,0.991778,3.751878,2.138001
theta0_R0gauge,1527,0.132804,0.284431,1.217653,0.293667,0.452225,0.968549,4.146372,2.215809
theta0_R0gauge,1528,0.111806,0.301478,1.381877,0.289796,0.38581,1.040311,4.768453,2.514432
theta0_R0gauge,1529,0.118413,0.304529,1.206229,0.283358,0.417893,1.074715,4.256912,2.321074
theta0_R0gauge,1530,0.099792,0.289805,1.035569,0.285647,0.349354,1.014557,3.625344,2.339619
theta0_R0gauge,1531,0.138315,0.329961,1.694157,0.299938,0.461145,1.100095,5.64835,2.505406
theta0_R0gauge,1532,0.101642,0.27425,1.239837,0.268543,0.378495,1.021252,4.616911,2.501279
theta0_R0gauge,1533,0.10664,0.285748,1.043758,0.269961,0.39502,1.058477,3.866321,2.281124
theta0_R0gauge,1534,0.121418,0.299766,0.986116,0.262327,0.462849,1.142717,3.759108,2.094536
theta0_R0gauge,1535,0.111492,0.322326,1.186021,0.291087,0.383018,1.107319,4.074459,2.36441
theta0_R0gauge,1536,0.105097,0.304916,1.487596,0.29538,0.355804,1.032281,5.036209,2.65003
theta0_R0gauge,1537,0.128434,0.336275,1.500869,0.31859,0.403131,1.055509,4.710968,2.458386
theta0_R0gauge,1538,0.124664,0.301102,1.457452,0.298639,0.417442,1.008246,4.880314,2.45882
theta0_R0gauge,1539,0.118522,0.29746,1.220211,0.285816,0.41468,1.04074,4.269224,2.331681
theta0_R0gauge,1540,0.118021,0.258546,0.970559,0.266843,0.442288,0.968907,3.637195,2.107006
theta0_R0gauge,1541,0.122157,0.319534,1.110815,0.313199,0.390031,1.020226,3.546675,2.207539
theta0_R0gauge,1542,0.100891,0.287542,1.155393,0.264344,0.381665,1.087753,4.370786,2.438155
theta0_R0gauge,1543,0.115206,0.323374,0.976673,0.28901,0.398622,1.118902,3.379378,2.137434
theta0_R0gauge,1544,0.126748,0.308092,1.229247,0.31062,0.408047,0.991862,3.957397,2.271959
theta0_R0gauge,1545,0.135531,0.307824,1.163322,0.274738,0.493309,1.120426,4.234293,2.149836
theta0_R0gauge,1546,0.124425,0.293627,0.990209,0.272675,0.456311,1.076838,3.631458,2.074215
theta0_R0gauge,1547,0.116204,0.273408,1.11973,0.284294,0.408748,0.96171,3.938637,2.265492
theta0_R0gauge,1548,0.129734,0.309368,1.586639,0.308871,0.420026,1.001607,5.136891,2.503886
theta0_R0gauge,1549,0.136397,0.305887,1.139403,0.319329,0.427137,0.957908,3.568121,2.12269
theta0_R0gauge,1550,0.121053,0.315773,1.112895,0.289954,0.417489,1.089047,3.838182,2.218495
theta0_R0gauge,1551,0.120206,0.309811,1.347642,0.297687,0.403799,1.040729,4.527044,2.416907
theta0_R0gauge,1552,0.125299,0.274237,1.388502,0.284425,0.440535,0.964183,4.881794,2.405278
theta0_R0gauge,1553,0.117901,0.290705,1.252767,0.296009,0.398303,0.982081,4.232186,2.363261
theta0_R0gauge,1554,0.117246,0.305535,1.455007,0.291591,0.40209,1.047819,4.989885,2.518491
theta0_R0gauge,1555,0.131732,0.312274,1.563855,0.318416,0.41371,0.98071,4.911353,2.47414
theta0_R0gauge,1556,0.108377,0.312485,1.532513,0.2858,0.379207,1.09337,5.362181,2.649044
theta0_R0gauge,1557,0.107427,0.28697,1.156959,0.286106,0.375481,1.003019,4.043805,2.376734
theta0_R0gauge,1558,0.105686,0.284729,1.258464,0.274742,0.384675,1.036349,4.58053,2.477172
theta0_R0gauge,1559,0.117188,0.32285,1.565474,0.29477,0.397559,1.095264,5.310839,2.592163
theta0_R0gauge,1560,0.119229,0.283442,1.096221,0.28265,0.421827,1.002803,3.87837,2.218576
theta0_R0gauge,1561,0.134902,0.288775,1.203261,0.296943,0.454303,0.972495,4.052166,2.188243
theta0_R0gauge,1562,0.148102,0.28611,1.325933,0.29468,0.502587,0.970916,4.499571,2.191969
theta0_R0gauge,1563,0.118874,0.314283,1.163339,0.288125,0.412576,1.090786,4.037617,2.280989
theta0_R0gauge,1564,0.124189,0.314607,1.115597,0.289297,0.429277,1.087486,3.856228,2.195342
theta0_R0gauge,1565,0.114637,0.286957,0.993289,0.267841,0.428004,1.07137,3.708501,2.15925
theta0_R0gauge,1566,0.1279,0.290019,1.166332,0.296507,0.431354,0.978118,3.933571,2.210373
theta0_R0gauge,1567,0.103196,0.298875,1.265724,0.301878,0.341846,0.99005,4.192826,2.506771
theta0_R0gauge,1568,0.117218,0.282652,0.931073,0.289402,0.405035,0.976677,3.217232,2.072304
theta0_R0gauge,1569,0.111863,0.286472,1.54726,0.288926,0.387167,0.991506,5.355206,2.626968
theta0_R0gauge,1570,0.135987,0.303574,1.515841,0.304034,0.447275,0.998487,4.985766,2.411168
theta0_R0gauge,1571,0.112884,0.334878,1.648463,0.332956,0.339035,1.005774,4.950995,2.681242
theta0_R0gauge,1572,0.114824,0.301662,1.231825,0.297556,0.38589,1.013797,4.139806,2.372852
theta0_R0gauge,1573,0.124553,0.305807,1.470626,0.310407,0.401257,0.985182,4.737739,2.468714
theta0_R0gauge,1574,0.122204,0.284225,1.291086,0.296502,0.412152,0.958595,4.354394,2.357549
theta0_R0gauge,1575,0.138642,0.301633,1.476322,0.309376,0.448133,0.974971,4.771936,2.365416
theta0_R0gauge,1576,0.120692,0.298455,1.290889,0.291965,0.413377,1.022229,4.42138,2.369847
theta0_R0gauge,1577,0.1173,0.301691,1.231632,0.283404,0.413897,1.064526,4.345851,2.351359
theta0_R0gauge,1578,0.129086,0.307428,1.602429,0.299499,0.431008,1.026477,5.350373,2.518794
theta0_R0gauge,1579,0.133805,0.28691,1.207412,0.305133,0.438513,0.940277,3.956996,2.199852
theta0_R0gauge,1580,0.126763,0.30192,1.03238,0.283513,0.447114,1.064923,3.641382,2.097305
theta0_R0gauge,1581,0.126161,0.285698,1.24257,0.28263,0.446383,1.010858,4.396459,2.287377
theta0_R0gauge,1582,0.094919,0.291882,1.267185,0.278826,0.340422,1.046823,4.544711,2.591534
theta0_R0gauge,1583,0.136564,0.300161,1.404135,0.314788,0.433829,0.953535,4.460575,2.330382
theta0_R0gauge,1584,0.118168,0.298049,1.238421,0.28016,0.421786,1.063851,4.420397,2.349487
theta0_R0gauge,1585,0.125853,0.291425,1.272921,0.296203,0.424888,0.983866,4.297455,2.313952
theta0_R0gauge,1586,0.117345,0.292655,1.230011,0.279153,0.420363,1.048369,4.406232,2.349656
theta0_R0gauge,1587,0.126414,0.330557,1.320197,0.293012,0.431431,1.128137,4.505611,2.345971
theta0_R0gauge,1588,0.13112,0.297859,1.26518,0.294476,0.445267,1.011489,4.296377,2.266854
theta0_R0gauge,1589,0.110341,0.287514,1.072857,0.275846,0.400008,1.042298,3.889336,2.274508
theta0_R0gauge,1590,0.11324,0.27261,1.090561,0.264628,0.427921,1.030163,4.121106,2.264938
theta0_R0gauge,1591,0.128472,0.283225,1.254936,0.282236,0.455193,1.003504,4.446402,2.279129
theta0_R0gauge,1592,0.1198,0.305352,1.414468,0.28523,0.420013,1.070546,4.959042,2.468682
theta0_R0gauge,1593,0.104923,0.290808,1.118759,0.282233,0.371761,1.030381,3.963957,2.366748
theta0_R0gauge,1594,0.103571,0.298554,1.11698,0.281279,0.368216,1.061418,3.97108,2.378124
theta0_R0gauge,1595,0.12272,0.312576,1.578714,0.301108,0.407561,1.038089,5.243024,2.554464
theta0_R0gauge,1596,0.120976,0.295745,1.235071,0.294553,0.410711,1.004046,4.193032,2.323291
theta0_R0gauge,1597,0.120543,0.303041,1.464636,0.302072,0.399055,1.003208,4.848635,2.497353
theta0_R0gauge,1598,0.107882,0.289379,1.267154,0.26851,0.401778,1.077721,4.719198,2.463494
theta0_R0gauge,1599,0.116656,0.262273,1.591127,0.284367,0.410231,0.922306,5.595335,2.612969
theta0_R0gauge,1600,0.10699,0.265115,1.212013,0.276384,0.387104,0.959226,4.385246,2.427307
theta0_R0gauge,1601,0.11067,0.284604,1.433857,0.295094,0.375034,0.964451,4.858979,2.561567
theta0_R0gauge,1602,0.111504,0.284869,1.02078,0.262513,0.424755,1.085162,3.88849,2.214265
theta0_R0gauge,1603,0.126666,0.323445,1.138248,0.295259,0.428999,1.095463,3.855089,2.195694
theta0_R0gauge,1604,0.132239,0.292628,1.191455,0.290263,0.455585,1.008149,4.104747,2.198317
theta0_R0gauge,1605,0.127273,0.313237,1.350421,0.314305,0.404936,0.996602,4.296529,2.361833
theta0_R0gauge,1606,0.12085,0.314054,1.440556,0.302543,0.399447,1.038048,4.7615,2.478236
theta0_R0gauge,1607,0.101101,0.324523,1.453768,0.289963,0.348668,1.119187,5.013628,2.665796
theta0_R0gauge,1608,0.118128,0.255025,1.115536,0.273985,0.431147,0.930796,4.071517,2.245321
theta0_R0gauge,1609,0.111793,0.348614,1.365366,0.310659,0.359858,1.122175,4.395067,2.502528
theta0_R0gauge,1610,0.11298,0.281288,1.095671,0.25969,0.435055,1.083165,4.219141,2.271913
theta0_R0gauge,1611,0.117339,0.333956,1.470275,0.295445,0.397162,1.13035,4.976477,2.528134
theta0_R0gauge,1612,0.124672,0.279099,1.149049,0.285429,0.436788,0.977824,4.025697,2.221005
theta0_R0gauge,1613,0.110064,0.321177,1.790082,0.304695,0.361228,1.054092,5.874997,2.788952
theta0_R0gauge,1614,0.111666,0.305319,1.196448,0.309939,0.360284,0.985095,3.860268,2.371598
theta0_R0gauge,1615,0.127044,0.316304,1.384625,0.295896,0.429355,1.068971,4.67943,2.388648
theta0_R0gauge,1616,0.137395,0.283797,1.109303,0.293469,0.468176,0.967045,3.779969,2.088626
theta0_R0gauge,1617,0.120864,0.290628,1.422319,0.294683,0.41015,0.98624,4.826611,2.465378
theta0_R0gauge,1618,0.127507,0.291798,1.241989,0.298053,0.427801,0.979013,4.167005,2.276295
theta0_R0gauge,1619,0.116203,0.281548,1.150362,0.279272,0.416092,1.008149,4.119144,2.292493
theta0_R0gauge,1620,0.112094,0.287045,1.25407,0.269823,0.415437,1.06383,4.647756,2.41481
theta0_R0gauge,1621,0.110839,0.293346,1.083893,0.284579,0.389483,1.030807,3.808756,2.280238
theta0_R0gauge,1622,0.11709,0.314102,1.253946,0.280224,0.417843,1.120897,4.4748,2.371112
theta0_R0gauge,1623,0.128822,0.283822,1.08929,0.282315,0.456306,1.005339,3.85842,2.134849
theta0_R0gauge,1624,0.1256,0.285693,1.111871,0.289065,0.434505,0.988333,3.846433,2.180693
theta0_R0gauge,1625,0.117326,0.279416,1.09403,0.268317,0.437267,1.041366,4.077377,2.232666
theta0_R0gauge,1626,0.107799,0.269297,1.036676,0.275811,0.390842,0.97638,3.758642,2.263509
theta0_R0gauge,1627,0.113908,0.249726,1.083213,0.258847,0.440057,0.96476,4.184754,2.2523
theta0_R0gauge,1628,0.107373,0.286727,1.312872,0.286801,0.37438,0.999744,4.577642,2.503667
theta0_R0gauge,1629,0.119152,0.324804,1.460427,0.318933,0.373595,1.018409,4.5791,2.506086
theta0_R0gauge,1630,0.116298,0.280109,1.114812,0.293495,0.396253,0.954389,3.798396,2.260282
theta0_R0gauge,1631,0.135358,0.320991,1.124402,0.267824,0.505399,1.198515,4.198286,2.117083
theta0_R0gauge,1632,0.109768,0.287526,1.038626,0.257725,0.425913,1.115632,4.029984,2.247283
theta0_R0gauge,1633,0.108123,0.2861,1.102444,0.284064,0.380628,1.007168,3.88097,2.322018
theta0_R0gauge,1634,0.129007,0.289646,1.231624,0.292946,0.440379,0.988737,4.204272,2.256222
theta0_R0gauge,1635,0.113307,0.31876,1.434891,0.287181,0.394548,1.109961,4.996465,2.538746
theta0_R0gauge,1636,0.129704,0.297757,1.113482,0.289754,0.447633,1.027617,3.842846,2.149995
theta0_R0gauge,1637,0.129241,0.274447,1.213946,0.277455,0.465809,0.989157,4.375289,2.239951
theta0_R0gauge,1638,0.132007,0.322071,1.12293,0.304922,0.43292,1.056241,3.682679,2.140842
theta0_R0gauge,1639,0.131562,0.313863,1.225521,0.303691,0.433211,1.033495,4.03542,2.23164
theta0_R0gauge,1640,0.123598,0.288642,1.316929,0.296811,0.416421,0.972478,4.436932,2.366021
theta0_R0gauge,1641,0.114216,0.29377,1.191384,0.282453,0.404372,1.040066,4.217988,2.344779
theta0_R0gauge,1642,0.116485,0.29668,1.151164,0.304064,0.383093,0.975718,3.785931,2.290769
theta0_R0gauge,1643,0.10642,0.293329,1.30098,0.273116,0.389652,1.074009,4.763475,2.503478
theta0_R0gauge,1644,0.110006,0.288917,1.042207,0.277111,0.396976,1.042606,3.760976,2.248558
theta0_R0gauge,1645,0.115072,0.302365,1.14035,0.306438,0.375515,0.986707,3.721302,2.293531
theta0_R0gauge,1646,0.115797,0.283036,1.036298,0.276612,0.418627,1.023221,3.746392,2.191568
theta0_R0gauge,1647,0.131253,0.260172,1.155723,0.275723,0.476031,0.943599,4.191609,2.175358
theta0_R0gauge,1648,0.115134,0.290849,1.077273,0.282905,0.406972,1.028083,3.807901,2.236088
theta0_R0gauge,1649,0.122605,0.297614,1.273739,0.28735,0.426675,1.03572,4.432707,2.340744
theta0_R0gauge,1650,0.120402,0.301504,1.055573,0.278244,0.43272,1.083596,3.793694,2.171005
theta0_R0gauge,1651,0.138376,0.300936,1.390282,0.318219,0.434845,0.94569,4.368949,2.307289
theta0_R0gauge,1652,0.112376,0.261197,1.301113,0.261635,0.429516,0.998327,4.973014,2.449123
theta0_R0gauge,1653,0.107771,0.274394,0.974835,0.265985,0.405177,1.031617,3.665007,2.202262
theta0_R0gauge,1654,0.119973,0.294113,1.014533,0.287519,0.417271,1.022935,3.528584,2.134915
theta0_R0gauge,1655,0.130031,0.291065,1.312195,0.291296,0.446387,0.999207,4.504678,2.311686
theta0_R0gauge,1656,0.127295,0.293573,1.098673,0.281341,0.452457,1.043477,3.905132,2.155353
theta0_R0gauge,1657,0.105014,0.298226,1.341172,0.279483,0.375745,1.067064,4.798766,2.547202
theta0_R0gauge,1658,0.131194,0.276483,1.309764,0.279815,0.468861,0.988094,4.680827,2.300923
theta0_R0gauge,1659,0.122805,0.290201,1.202645,0.262759,0.467368,1.104439,4.576989,2.281679
theta0_R0gauge,1660,0.123456,0.29536,1.240928,0.268774,0.459331,1.098915,4.616992,2.307727
theta0_R0gauge,1661,0.116849,0.28962,1.186848,0.296481,0.394121,0.976858,4.003117,2.318171
theta0_R0gauge,1662,0.121458,0.314775,1.491274,0.31042,0.391269,1.014028,4.804046,2.507819
theta0_R0gauge,1663,0.132195,0.285709,1.1748,0.29821,0.443295,0.958083,3.939511,2.184577
theta0_R0gauge,1664,0.119793,0.288991,1.006716,0.280733,0.426716,1.029418,3.586029,2.128681
theta0_R0gauge,1665,0.123347,0.337445,1.537124,0.312333,0.394922,1.080402,4.921428,2.522665
theta0_R0gauge,1666,0.124527,0.289723,1.197047,0.284967,0.436988,1.01669,4.200656,2.26309
theta0_R0gauge,1667,0.102953,0.3027,1.310421,0.279423,0.368448,1.083301,4.689735,2.543831
theta0_R0gauge,1668,0.137523,0.278049,1.440888,0.292391,0.47034,0.950949,4.927949,2.349222
theta0_R0gauge,1669,0.102293,0.292792,1.013709,0.281824,0.362966,1.038917,3.596957,2.293535
theta0_R0gauge,1670,0.116866,0.269792,1.33961,0.272546,0.428795,0.989896,4.915174,2.439102
theta0_R0gauge,1671,0.11032,0.272168,1.22884,0.265408,0.415664,1.025469,4.630004,2.410437
theta0_R0gauge,1672,0.119066,0.295661,1.159259,0.291168,0.408925,1.015433,3.981412,2.275859
theta0_R0gauge,1673,0.116279,0.32066,1.424083,0.28119,0.413524,1.140368,5.064485,2.505292
theta0_R0gauge,1674,0.115684,0.273228,1.389306,0.302097,0.382936,0.904436,4.598869,2.485698
theta0_R0gauge,1675,0.118706,0.26756,1.443324,0.27682,0.428821,0.96655,5.213944,2.498053
theta0_R0gauge,1676,0.104141,0.288292,1.002204,0.2912,0.357627,0.990014,3.441638,2.264212
theta0_R0gauge,1677,0.111786,0.319343,1.252636,0.280497,0.39853,1.138488,4.46577,2.416415
theta0_R0gauge,1678,0.122753,0.317531,1.388765,0.312523,0.392779,1.016022,4.443713,2.425998
theta0_R0gauge,1679,0.108171,0.309111,1.449377,0.282067,0.383494,1.095876,5.138409,2.595174
theta0_R0gauge,1680,0.125508,0.289483,1.033368,0.290904,0.431443,0.995117,3.552267,2.108206
theta0_R0gauge,1681,0.116283,0.316648,1.035061,0.292624,0.397381,1.082097,3.537168,2.186187
theta0_R0gauge,1682,0.094178,0.310428,1.252074,0.280198,0.336111,1.107888,4.468529,2.587372
theta0_R0gauge,1683,0.110565,0.275363,1.432504,0.270574,0.408631,1.017697,5.294311,2.561574
theta0_R0gauge,1684,0.119638,0.273733,1.250065,0.283001,0.422748,0.967253,4.417177,2.34648
theta0_R0gauge,1685,0.123525,0.296297,1.475962,0.300795,0.410662,0.985045,4.906864,2.48062
theta0_R0gauge,1686,0.12968,0.300262,1.296944,0.314917,0.411791,0.953466,4.118372,2.302697
theta0_R0gauge,1687,0.110603,0.27128,1.23408,0.28658,0.38594,0.946615,4.306238,2.412138
theta0_R0gauge,1688,0.131123,0.284915,1.09626,0.286695,0.457362,0.993792,3.823789,2.123521
theta0_R0gauge,1689,0.118919,0.284885,1.132536,0.29593,0.401847,0.962677,3.827037,2.253776
theta0_R0gauge,1690,0.129019,0.29546,1.402573,0.305157,0.422795,0.968221,4.596229,2.386105
theta0_R0gauge,1691,0.10877,0.280291,1.121928,0.280332,0.388004,0.999852,4.002137,2.333567
theta0_R0gauge,1692,0.10661,0.299038,1.028338,0.277278,0.384487,1.078478,3.70869,2.266524
theta0_R0gauge,1693,0.125526,0.304618,1.207369,0.329965,0.380423,0.923182,3.659079,2.263683
theta0_R0gauge,1694,0.108208,0.285233,0.908694,0.265035,0.40828,1.076208,3.428582,2.12795
theta0_R0gauge,1695,0.119759,0.328356,1.258393,0.304958,0.392707,1.076723,4.126447,2.352108
theta0_R0gauge,1696,0.104721,0.316539,1.346346,0.302994,0.345622,1.044705,4.443481,2.553847
theta0_R0gauge,1697,0.115973,0.29779,1.079476,0.270973,0.427986,1.098968,3.983708,2.230877
theta0_R0gauge,1698,0.112243,0.270141,0.933907,0.251501,0.446291,1.074116,3.71334,2.118715
theta0_R0gauge,1699,0.130581,0.308657,1.051819,0.282853,0.461656,1.091228,3.718605,2.086284
theta0_R0gauge,1700,0.110475,0.321619,1.17045,0.28242,0.391174,1.1388,4.144362,2.360352
theta0_R0gauge,1701,0.119464,0.267967,1.158797,0.295189,0.404702,0.907781,3.925604,2.272125
theta0_R0gauge,1702,0.106549,0.28764,1.213291,0.291882,0.36504,0.985467,4.156788,2.432491
theta0_R0gauge,1703,0.101234,0.281045,1.130063,0.280415,0.361016,1.002245,4.029961,2.412589
theta0_R0gauge,1704,0.127024,0.307643,1.351226,0.281327,0.45152,1.093543,4.803051,2.364388
theta0_R0gauge,1705,0.119862,0.27666,1.090321,0.269813,0.444241,1.025379,4.041031,2.207887
theta0_R0gauge,1706,0.121433,0.28404,1.199891,0.288018,0.421614,0.986189,4.166024,2.290627
theta0_R0gauge,1707,0.112572,0.297954,1.22055,0.299397,0.375997,0.995179,4.076692,2.383461
theta0_R0gauge,1708,0.115557,0.291618,1.292524,0.286437,0.403428,1.01809,4.512423,2.414592
theta0_R0gauge,1709,0.108745,0.27696,1.10582,0.29902,0.36367,0.926225,3.698141,2.319339
theta0_R0gauge,1710,0.112832,0.293942,1.168677,0.281932,0.400211,1.0426,4.145242,2.337723
theta0_R0gauge,1711,0.121137,0.31695,1.271456,0.290563,0.416906,1.090815,4.375843,2.350995
theta0_R0gauge,1712,0.132143,0.326206,1.210642,0.313465,0.421556,1.040644,3.862124,2.21502
theta0_R0gauge,1713,0.115109,0.294833,1.496406,0.292677,0.393298,1.007367,5.112833,2.564941
theta0_R0gauge,1714,0.120057,0.295679,1.389442,0.31929,0.376011,0.926051,4.351661,2.448694
theta0_R0gauge,1715,0.118387,0.289837,1.499075,0.282048,0.419741,1.027617,5.314966,2.538645
theta0_R0gauge,1716,0.113268,0.301777,1.203594,0.291617,0.388413,1.034842,4.127316,2.363312
theta0_R0gauge,1717,0.123181,0.30208,1.318201,0.291725,0.42225,1.035496,4.518642,2.37037
theta0_R0gauge,1718,0.126515,0.280923,1.207303,0.287979,0.439319,0.975498,4.192325,2.255786
theta0_R0gauge,1719,0.111213,0.307029,1.097308,0.282332,0.39391,1.087475,3.886587,2.289165
theta0_R0gauge,1720,0.116399,0.308616,1.05759,0.291156,0.399783,1.059966,3.632382,2.206723
theta0_R0gauge,1721,0.143993,0.296052,1.204905,0.295314,0.487594,1.002497,4.080079,2.124389
theta0_R0gauge,1722,0.119845,0.314756,1.203717,0.270189,0.443558,1.164945,4.455086,2.306974
theta0_R0gauge,1723,0.126897,0.326861,1.200587,0.313498,0.40478,1.042627,3.82965,2.247186
theta0_R0gauge,1724,0.124892,0.301212,1.374792,0.294581,0.423966,1.02251,4.666939,2.398606
theta0_R0gauge,1725,0.103608,0.290369,1.143984,0.290952,0.3561,0.997993,3.931858,2.401657
theta0_R0gauge,1726,0.13559,0.345893,1.334188,0.320518,0.423033,1.079167,4.162595,2.286443
theta0_R0gauge,1727,0.13316,0.292475,1.443555,0.282647,0.471116,1.034769,5.107268,2.383315
theta0_R0gauge,1728,0.128585,0.300389,1.601203,0.301492,0.426496,0.996345,5.310937,2.521921
theta0_R0gauge,1729,0.133061,0.324604,1.367187,0.324312,0.410285,1.0009,4.21565,2.329706
theta0_R0gauge,1730,0.121544,0.318741,1.154465,0.288359,0.421504,1.105364,4.003574,2.251114
theta0_R0gauge,1731,0.122826,0.298149,1.250797,0.289951,0.423608,1.028275,4.313822,2.32077
theta0_R0gauge,1732,0.106837,0.28921,1.276383,0.275453,0.387858,1.049944,4.633768,2.480486
theta0_R0gauge,1733,0.114445,0.293774,1.312219,0.276743,0.413543,1.061542,4.741653,2.439379
theta0_R0gauge,1734,0.106764,0.300424,1.031996,0.294661,0.362328,1.019558,3.502313,2.26863
theta0_R0gauge,1735,0.125373,0.272658,1.24095,0.280449,0.447045,0.972218,4.424864,2.292336
theta0_R0gauge,1736,0.12317,0.302856,1.322246,0.291968,0.421862,1.037295,4.528745,2.373523
theta0_R0gauge,1737,0.130431,0.270105,1.300348,0.277481,0.470054,0.973419,4.686269,2.299545
theta0_R0gauge,1738,0.119923,0.271174,1.051019,0.289558,0.414158,0.936508,3.629733,2.170666
theta0_R0gauge,1739,0.139249,0.300855,1.118489,0.32465,0.428922,0.926706,3.44522,2.083468
theta0_R0gauge,1740,0.120162,0.29706,1.086598,0.275016,0.436927,1.080154,3.951028,2.201965
theta0_R0gauge,1741,0.122723,0.31118,1.516408,0.309322,0.396748,1.006008,4.90236,2.514171
theta0_R0gauge,1742,0.135876,0.310032,1.33611,0.310577,0.437495,0.998244,4.30202,2.285774
theta0_R0gauge,1743,0.120869,0.28591,1.086675,0.277245,0.435965,1.031252,3.919541,2.196169
theta0_R0gauge,1744,0.127508,0.300527,1.207575,0.279977,0.455423,1.073399,4.31312,2.24819
theta0_R0gauge,1745,0.116838,0.307359,1.536237,0.295144,0.395869,1.041387,5.20505,2.576301
theta0_R0gauge,1746,0.121733,0.295249,1.043334,0.282123,0.431489,1.046526,3.698155,2.148348
theta0_R0gauge,1747,0.124917,0.257935,1.200128,0.291267,0.428872,0.885559,4.120365,2.262538
theta0_R0gauge,1748,0.123663,0.299519,1.308465,0.320293,0.386093,0.935139,4.085206,2.359051
theta0_R0gauge,1749,0.112586,0.290332,1.29858,0.294309,0.382543,0.986488,4.412302,2.445312
theta0_R0gauge,1750,0.11351,0.301856,0.998412,0.291636,0.389217,1.035043,3.42349,2.174279
theta0_R0gauge,1751,0.128437,0.272782,1.116481,0.280527,0.457843,0.972389,3.979934,2.162495
theta0_R0gauge,1752,0.121663,0.29114,1.074748,0.292029,0.416611,0.996954,3.680276,2.17859
theta0_R0gauge,1753,0.117225,0.27703,1.187573,0.281863,0.415893,0.982852,4.213298,2.315572
theta0_R0gauge,1754,0.114886,0.282584,1.18749,0.272822,0.421101,1.035782,4.352611,2.335658
theta0_R0gauge,1755,0.126101,0.303169,1.023429,0.282359,0.446599,1.073699,3.624566,2.093829
theta0_R0gauge,1756,0.111073,0.291253,1.256715,0.277063,0.400895,1.051215,4.535847,2.426067
theta0_R0gauge,1757,0.115331,0.32323,1.196459,0.290826,0.396562,1.11142,4.114002,2.339318
theta0_R0gauge,1758,0.10839,0.319544,1.658198,0.298137,0.363556,1.0718,5.561859,2.727754
theta0_R0gauge,1759,0.123128,0.305569,1.274058,0.298407,0.412618,1.024,4.269532,2.336738
theta0_R0gauge,1760,0.117475,0.300573,0.930086,0.277134,0.423892,1.084575,3.356085,2.069052
theta0_R0gauge,1761,0.12727,0.28045,1.138156,0.282671,0.450239,0.992142,4.026429,2.190856
theta0_R0gauge,1762,0.111325,0.308068,1.534155,0.291916,0.38136,1.055329,5.25546,2.623279
theta0_R0gauge,1763,0.107083,0.292027,1.115499,0.271273,0.394742,1.076509,4.112097,2.343455
theta0_R0gauge,1764,0.116684,0.320655,1.315868,0.312619,0.373246,1.025705,4.209171,2.422783
theta0_R0gauge,1765,0.122702,0.307448,1.428188,0.302764,0.405273,1.015472,4.717171,2.454405
theta0_R0gauge,1766,0.116766,0.277207,1.197022,0.284254,0.410779,0.975209,4.211103,2.327423
theta0_R0gauge,1767,0.119918,0.299667,1.026187,0.27523,0.435702,1.088787,3.728471,2.146794
theta0_R0gauge,1768,0.125443,0.294513,1.22276,0.292966,0.428181,1.00528,4.173726,2.277018
theta0_R0gauge,1769,0.125325,0.308185,1.146196,0.291926,0.429303,1.055694,3.926323,2.213295
theta0_R0gauge,1770,0.122957,0.279645,1.107807,0.292038,0.421031,0.957564,3.793371,2.198304
theta0_R0gauge,1771,0.135188,0.30564,1.207743,0.316296,0.427409,0.96631,3.818391,2.189844
theta0_R0gauge,1772,0.136498,0.299354,0.953283,0.278715,0.489741,1.074052,3.420283,1.943601
theta0_R0gauge,1773,0.138631,0.288586,1.32544,0.291101,0.47623,0.99136,4.55319,2.257683
theta0_R0gauge,1774,0.131265,0.313253,1.22374,0.304621,0.430914,1.028337,4.017259,2.232446
theta0_R0gauge,1775,0.113289,0.288547,1.235321,0.295234,0.383727,0.97735,4.184209,2.389143
theta0_R0gauge,1776,0.126352,0.267551,1.308953,0.279212,0.452532,0.958237,4.688035,2.337911
theta0_R0gauge,1777,0.126379,0.331004,1.191413,0.323653,0.390478,1.022713,3.681149,2.243607
theta0_R0gauge,1778,0.120137,0.28327,1.437864,0.282337,0.42551,1.003304,5.092715,2.482278
theta0_R0gauge,1779,0.108365,0.290365,1.252875,0.282969,0.382957,1.026137,4.427608,2.447691
theta0_R0gauge,1780,0.122115,0.304488,1.605652,0.308246,0.396161,0.987809,5.208995,2.576322
theta0_R0gauge,1781,0.131647,0.324631,1.049781,0.282862,0.46541,1.147664,3.71128,2.076213
theta0_R0gauge,1782,0.127017,0.299559,1.042041,0.28575,0.444505,1.048327,3.646688,2.104614
theta0_R0gauge,1783,0.11618,0.306899,1.183276,0.293914,0.395287,1.044182,4.025931,2.3209
theta0_R0gauge,1784,0.113879,0.275851,1.065227,0.276216,0.412282,0.998678,3.856496,2.235807
theta0_R0gauge,1785,0.122498,0.317747,1.334501,0.295701,0.414262,1.074553,4.513007,2.388221
theta0_R0gauge,1786,0.115593,0.313716,1.109432,0.310422,0.372373,1.010612,3.573953,2.261532
theta0_R0gauge,1787,0.116997,0.268483,1.101024,0.26673,0.438634,1.006574,4.127866,2.24185
theta0_R0gauge,1788,0.111906,0.289957,1.077122,0.26873,0.416426,1.078993,4.008198,2.264389
theta0_R0gauge,1789,0.119979,0.313842,1.051253,0.282667,0.424453,1.110291,3.719054,2.170423
theta0_R0gauge,1790,0.111895,0.31075,1.093274,0.274818,0.40716,1.130749,3.978174,2.279371
theta0_R0gauge,1791,0.122765,0.311043,1.359147,0.30383,0.404058,1.023741,4.473385,2.404341
theta0_R0gauge,1792,0.113695,0.311762,1.033977,0.274913,0.413566,1.134037,3.761102,2.20765
theta0_R0gauge,1793,0.110739,0.300957,1.353612,0.269142,0.411452,1.11821,5.029367,2.503358
theta0_R0gauge,1794,0.109282,0.263884,1.054934,0.283562,0.385389,0.930602,3.720287,2.267302
theta0_R0gauge,1795,0.122481,0.292848,1.189122,0.310744,0.394153,0.942409,3.826699,2.273018
theta0_R0gauge,1796,0.105088,0.305254,1.029795,0.281224,0.373683,1.08545,3.661834,2.282313
theta0_R0gauge,1797,0.120802,0.326754,1.284388,0.309783,0.389958,1.054783,4.14609,2.363883
theta0_R0gauge,1798,0.130524,0.291702,1.325482,0.298426,0.437375,0.977468,4.441581,2.317974
theta0_R0gauge,1799,0.108546,0.27651,1.205997,0.278822,0.389304,0.991709,4.325335,2.407884
theta0_R0gauge,1800,0.123807,0.311881,1.170179,0.281422,0.439933,1.108233,4.158094,2.24619
theta0_R0gauge,1801,0.106727,0.312913,1.274273,0.282445,0.377869,1.107874,4.511584,2.479856
theta0_R0gauge,1802,0.117041,0.308408,1.265416,0.301706,0.387932,1.022215,4.194207,2.380628
theta0_R0gauge,1803,0.119359,0.270223,1.271721,0.290305,0.41115,0.930823,4.380633,2.365991
theta0_R0gauge,1804,0.116179,0.298157,1.369193,0.308776,0.376257,0.965609,4.434256,2.466842
theta0_R0gauge,1805,0.110852,0.317322,1.316105,0.300652,0.368705,1.055447,4.37751,2.474239
theta0_R0gauge,1806,0.125647,0.282629,1.026309,0.291736,0.430688,0.968783,3.517939,2.100248
theta0_R0gauge,1807,0.122895,0.305416,1.447603,0.288381,0.426156,1.059071,5.019763,2.466331
theta0_R0gauge,1808,0.131448,0.284861,1.373537,0.289226,0.454483,0.984907,4.74901,2.346532
theta0_R0gauge,1809,0.118979,0.290084,1.172802,0.274307,0.433746,1.057517,4.275512,2.2882
theta0_R0gauge,1810,0.134501,0.302842,1.41003,0.31097,0.432522,0.973862,4.534296,2.349791
theta0_R0gauge,1811,0.12598,0.316087,1.409135,0.285154,0.441798,1.108478,4.941671,2.414605
theta0_R0gauge,1812,0.11644,0.277593,1.055666,0.279916,0.415984,0.991701,3.771367,2.204547
theta0_R0gauge,1813,0.112615,0.314305,1.541649,0.319026,0.352997,0.985202,4.832364,2.616633
theta0_R0gauge,1814,0.114353,0.266961,1.024124,0.28951,0.39499,0.922114,3.537445,2.192301
theta0_R0gauge,1815,0.121321,0.287088,1.000927,0.294386,0.412114,0.975208,3.400046,2.110244
theta0_R0gauge,1816,0.125228,0.292084,1.14682,0.27412,0.456837,1.065535,4.183651,2.214613
theta0_R0gauge,1817,0.116333,0.279147,1.0907,0.270536,0.430011,1.031829,4.031627,2.238114
theta0_R0gauge,1818,0.13564,0.281649,1.081147,0.285138,0.4757,0.987762,3.791661,2.075771
theta0_R0gauge,1819,0.11376,0.283508,1.147886,0.303025,0.375413,0.935592,3.788088,2.311589
theta0_R0gauge,1820,0.140887,0.279672,1.216801,0.288736,0.487943,0.96861,4.214237,2.156024
theta0_R0gauge,1821,0.116288,0.290549,1.021946,0.286225,0.406279,1.015107,3.570422,2.173398
theta0_R0gauge,1822,0.120967,0.293546,1.211217,0.266081,0.454623,1.10322,4.552065,2.303867
theta0_R0gauge,1823,0.146872,0.288653,1.102928,0.297471,0.493734,0.970356,3.707677,2.016164
theta0_R0gauge,1824,0.118892,0.268814,1.078234,0.273291,0.435039,0.983616,3.945363,2.20486
theta0_R0gauge,1825,0.131425,0.304324,1.279468,0.295654,0.444525,1.029326,4.327593,2.275761
theta0_R0gauge,1826,0.121443,0.277444,0.98193,0.27665,0.438977,1.00287,3.549356,2.090074
theta0_R0gauge,1827,0.141366,0.311337,1.228953,0.302991,0.466569,1.027545,4.056075,2.162565
theta0_R0gauge,1828,0.113852,0.277206,1.216669,0.269738,0.422085,1.027689,4.510564,2.36897
theta0_R0gauge,1829,0.115364,0.313495,1.517296,0.289249,0.398839,1.083822,5.245637,2.576594
theta0_R0gauge,1830,0.112776,0.275976,1.016111,0.262688,0.429316,1.050584,3.86813,2.198333
theta0_R0gauge,1831,0.125895,0.298354,1.297155,0.282398,0.445808,1.056502,4.593366,2.332481
theta0_R0gauge,1832,0.130156,0.289991,1.159912,0.293405,0.443603,0.988361,3.953274,2.187368
theta0_R0gauge,1833,0.117859,0.271427,0.889298,0.284836,0.413778,0.952924,3.122144,2.020946
theta0_R0gauge,1834,0.110834,0.280532,1.251111,0.262831,0.421694,1.067345,4.760129,2.423749
theta0_R0gauge,1835,0.107687,0.314842,1.499184,0.290899,0.370186,1.082309,5.153627,2.63345
theta0_R0gauge,1836,0.109715,0.297816,1.061628,0.263171,0.416898,1.131645,4.033989,2.269669
theta0_R0gauge,1837,0.122378,0.280413,1.405956,0.278912,0.43877,1.005383,5.040865,2.441357
theta0_R0gauge,1838,0.115415,0.296086,1.147119,0.282186,0.409002,1.049259,4.06512,2.296477
theta0_R0gauge,1839,0.117128,0.279304,1.104836,0.276568,0.423505,1.009891,3.994808,2.244185
theta0_R0gauge,1840,0.11901,0.288668,0.906936,0.269539,0.441533,1.070971,3.364769,2.030861
theta0_R0gauge,1841,0.114455,0.281666,1.177416,0.275382,0.415623,1.022818,4.275574,2.330896
theta0_R0gauge,1842,0.111513,0.315864,1.394592,0.291793,0.382163,1.082492,4.779386,2.52622
theta0_R0gauge,1843,0.105842,0.263227,1.215727,0.254128,0.416492,1.035804,4.783922,2.441148
theta0_R0gauge,1844,0.128786,0.309656,1.146125,0.280763,0.458698,1.102909,4.082175,2.185993
theta0_R0gauge,1845,0.118713,0.29475,1.10751,0.29655,0.400313,0.993928,3.734645,2.233161
theta0_R0gauge,1846,0.11204,0.272695,0.952458,0.256037,0.437591,1.065061,3.719996,2.140193
theta0_R0gauge,1847,0.13775,0.326711,1.161097,0.312764,0.440426,1.044593,3.712369,2.131683
theta0_R0gauge,1848,0.109454,0.297199,1.18889,0.26868,0.407378,1.106145,4.424931,2.385268
theta0_R0gauge,1849,0.113795,0.296424,1.15739,0.271445,0.419221,1.092023,4.26381,2.319521
theta0_R0gauge,1850,0.123261,0.278685,1.162589,0.264518,0.465984,1.053558,4.395127,2.2441
theta0_R0gauge,1851,0.123602,0.293166,0.968391,0.281491,0.439099,1.041476,3.440218,2.058566
theta0_R0gauge,1852,0.117019,0.291889,1.004195,0.286086,0.409036,1.020284,3.510114,2.149601
theta0_R0gauge,1853,0.119842,0.293977,1.594437,0.30575,0.391962,0.961494,5.214836,2.588098
theta0_R0gauge,1854,0.114639,0.294462,1.177894,0.286254,0.40048,1.028672,4.114855,2.329695
theta0_R0gauge,1855,0.130413,0.336198,1.63764,0.314025,0.415295,1.070609,5.214999,2.530306
theta0_R0gauge,1856,0.127216,0.33434,1.283724,0.305861,0.415928,1.093113,4.197085,2.311632
theta0_R0gauge,1857,0.103214,0.298796,1.19715,0.291466,0.354121,1.025149,4.107334,2.450892
theta0_R0gauge,1858,0.119647,0.303592,1.036552,0.280069,0.427203,1.083989,3.701052,2.159113
theta0_R0gauge,1859,0.13353,0.308884,1.133673,0.296188,0.450828,1.042865,3.827545,2.138894
theta0_R0gauge,1860,0.11633,0.294525,1.178401,0.285212,0.407871,1.032652,4.131664,2.315485
theta0_R0gauge,1861,0.136855,0.314389,1.089885,0.299477,0.456981,1.049796,3.639298,2.074905
theta0_R0gauge,1862,0.097561,0.308268,1.134952,0.27069,0.360414,1.138822,4.192807,2.453871
theta0_R0gauge,1863,0.12824,0.284674,1.151946,0.288527,0.444465,0.986646,3.992499,2.195301
theta0_R0gauge,1864,0.11862,0.277334,1.207489,0.303338,0.39105,0.914274,3.980675,2.320371
theta0_R0gauge,1865,0.109836,0.3261,1.544719,0.310362,0.353897,1.050709,4.97715,2.643606
theta0_R0gauge,1866,0.127108,0.258093,0.889249,0.266753,0.476501,0.967536,3.333605,1.94534
theta0_R0gauge,1867,0.119583,0.293301,1.135454,0.296237,0.403673,0.99009,3.832925,2.250779
theta0_R0gauge,1868,0.125268,0.321233,1.411262,0.304008,0.412054,1.056661,4.64219,2.421786
theta0_R0gauge,1869,0.117682,0.275524,1.136937,0.293124,0.401475,0.939959,3.878688,2.268107
theta0_R0gauge,1870,0.109556,0.297987,1.680232,0.289906,0.377902,1.027872,5.795778,2.730249
theta0_R0gauge,1871,0.120294,0.289234,1.406793,0.30117,0.399423,0.96037,4.6711,2.459129
theta0_R0gauge,1872,0.126296,0.318842,1.579152,0.326328,0.387023,0.97706,4.839157,2.526012
theta0_R0gauge,1873,0.117077,0.280437,1.303321,0.272268,0.430005,1.030006,4.786909,2.409843
theta0_R0gauge,1874,0.120426,0.280249,1.493005,0.292421,0.411826,0.958376,5.105669,2.517507
theta0_R0gauge,1875,0.118379,0.307546,1.365212,0.305905,0.386978,1.005364,4.462861,2.445178
theta0_R0gauge,1876,0.113611,0.284604,1.044226,0.267494,0.424723,1.063967,3.903738,2.218252
theta0_R0gauge,1877,0.119562,0.277525,1.246639,0.28843,0.414527,0.962193,4.322151,2.34437
theta0_R0gauge,1878,0.141758,0.301285,1.145156,0.312267,0.453965,0.964834,3.667238,2.089175
theta0_R0gauge,1879,0.119561,0.265172,0.947279,0.295172,0.405054,0.898365,3.209242,2.069771
theta0_R0gauge,1880,0.094239,0.280564,1.215994,0.277944,0.339057,1.009427,4.374967,2.557487
theta0_R0gauge,1881,0.129267,0.278202,1.046517,0.28208,0.458266,0.986254,3.710003,2.091339
theta0_R0gauge,1882,0.121396,0.308703,1.011995,0.282242,0.430113,1.093751,3.585556,2.12062
theta0_R0gauge,1883,0.125069,0.299512,1.356717,0.293481,0.426157,1.02055,4.622844,2.383959
theta0_R0gauge,1884,0.1162,0.281051,0.987263,0.273527,0.424821,1.027504,3.609376,2.139623
theta0_R0gauge,1885,0.117125,0.27419,1.173571,0.279146,0.419581,0.982243,4.20414,2.304567
theta0_R0gauge,1886,0.112743,0.278248,1.118658,0.274775,0.41031,1.01264,4.071183,2.294776
theta0_R0gauge,1887,0.128893,0.292533,1.263445,0.298091,0.432396,0.981354,4.238457,2.282613
theta0_R0gauge,1888,0.100661,0.332937,1.290352,0.299913,0.335634,1.110113,4.302419,2.55091
theta0_R0gauge,1889,0.11523,0.295928,1.286658,0.284303,0.405308,1.04089,4.525662,2.412872
theta0_R0gauge,1890,0.111456,0.29473,1.168705,0.280734,0.397018,1.049856,4.163039,2.35002
theta0_R0gauge,1891,0.115608,0.286393,1.277011,0.302228,0.382517,0.947603,4.225319,2.402076
theta0_R0gauge,1892,0.125712,0.309775,1.108831,0.285203,0.44078,1.086156,3.887872,2.177071
theta0_R0gauge,1893,0.105976,0.28913,1.334923,0.289551,0.366003,0.998548,4.610327,2.533413
theta0_R0gauge,1894,0.109356,0.322087,1.139069,0.298427,0.366441,1.079283,3.816911,2.343359
theta0_R0gauge,1895,0.109564,0.310733,1.260102,0.294238,0.372365,1.05606,4.282591,2.442439
theta0_R0gauge,1896,0.124303,0.266437,1.117803,0.276173,0.45009,0.964749,4.047476,2.1964
theta0_R0gauge,1897,0.129868,0.285745,1.67909,0.29649,0.438019,0.96376,5.663225,2.559486
theta0_R0gauge,1898,0.110155,0.309332,1.373726,0.288523,0.381788,1.072123,4.761237,2.523397
theta0_R0gauge,1899,0.128801,0.307958,1.154755,0.298357,0.431701,1.032181,3.870383,2.193375
theta0_R0gauge,1900,0.120101,0.281528,1.070753,0.274308,0.437832,1.026323,3.903471,2.187786
theta0_R0gauge,1901,0.108295,0.295798,1.071465,0.276469,0.391706,1.069915,3.875532,2.291925
theta0_R0gauge,1902,0.116992,0.288685,1.099621,0.284235,0.411603,1.015653,3.868698,2.240615
theta0_R0gauge,1903,0.102607,0.280631,1.00614,0.270388,0.37948,1.037881,3.721095,2.282971
theta0_R0gauge,1904,0.122286,0.306511,1.22969,0.283721,0.431008,1.080326,4.334153,2.308155
theta0_R0gauge,1905,0.110071,0.290538,1.340992,0.281986,0.390343,1.030327,4.755526,2.500038
theta0_R0gauge,1906,0.133378,0.29374,1.256718,0.29211,0.4566,1.00558,4.302202,2.243074
theta0_R0gauge,1907,0.120082,0.29073,1.180768,0.277531,0.432678,1.047557,4.254544,2.285749
theta0_R0gauge,1908,0.10325,0.277103,0.985775,0.251535,0.41048,1.101646,3.91903,2.256273
theta0_R0gauge,1909,0.11599,0.308182,1.382656,0.313948,0.369456,0.981633,4.404088,2.478258
theta0_R0gauge,1910,0.130139,0.309151,1.385773,0.290706,0.447667,1.06345,4.766923,2.365407
theta0_R0gauge,1911,0.12227,0.306629,1.159268,0.304893,0.401026,1.005693,3.802212,2.249311
theta0_R0gauge,1912,0.11721,0.328509,1.006811,0.285008,0.411252,1.152628,3.532564,2.150573
theta0_R0gauge,1913,0.110903,0.311546,1.312781,0.293153,0.378312,1.062743,4.478149,2.471245
theta0_R0gauge,1914,0.132856,0.316246,1.27867,0.310115,0.428411,1.019773,4.123218,2.264307
theta0_R0gauge,1915,0.112159,0.270053,0.920105,0.26711,0.419898,1.011016,3.444665,2.104569
theta0_R0gauge,1916,0.117671,0.284943,1.197846,0.279957,0.42032,1.017809,4.278675,2.320383
theta0_R0gauge,1917,0.118508,0.304821,1.273265,0.29372,0.403474,1.037794,4.334958,2.374355
theta0_R0gauge,1918,0.109546,0.295303,1.077915,0.278929,0.39274,1.058706,3.864482,2.286436
theta0_R0gauge,1919,0.121368,0.290397,1.490908,0.297283,0.408258,0.976837,5.015118,2.508312
theta0_R0gauge,1920,0.127927,0.307089,1.120867,0.307051,0.41663,1.000123,3.650428,2.170402
theta0_R0gauge,1921,0.118206,0.275356,1.113994,0.280522,0.42138,0.981582,3.971144,2.243275
theta0_R0gauge,1922,0.130485,0.28877,1.08173,0.277392,0.470398,1.041019,3.899651,2.115063
theta0_R0gauge,1923,0.12046,0.309727,1.391329,0.291228,0.413626,1.06352,4.777451,2.446701
theta0_R0gauge,1924,0.131904,0.291525,1.028362,0.304718,0.432874,0.956704,3.374797,2.053645
theta0_R0gauge,1925,0.132216,0.292387,1.282657,0.298416,0.443059,0.979797,4.298221,2.272255
theta0_R0gauge,1926,0.125134,0.279314,0.98939,0.275192,0.454717,1.014981,3.595276,2.0677
theta0_R0gauge,1927,0.118309,0.318594,1.237319,0.283683,0.417045,1.123061,4.361624,2.347405
theta0_R0gauge,1928,0.125293,0.324206,1.296708,0.28642,0.437446,1.131923,4.527293,2.336927
theta0_R0gauge,1929,0.112172,0.287951,1.702653,0.303112,0.370069,0.949985,5.617247,2.719909
theta0_R0gauge,1930,0.124073,0.290436,1.360697,0.299398,0.41441,0.970066,4.54478,2.394879
theta0_R0gauge,1931,0.127321,0.307176,1.447694,0.289298,0.440104,1.061798,5.004154,2.431012
theta0_R0gauge,1932,0.124545,0.302045,1.366127,0.296846,0.419562,1.017514,4.602136,2.395064
theta0_R0gauge,1933,0.10779,0.301596,1.434723,0.277961,0.38779,1.085032,5.161604,2.588539
theta0_R0gauge,1934,0.1154,0.316838,1.334272,0.304786,0.378626,1.039542,4.377735,2.447737
theta0_R0gauge,1935,0.107275,0.293125,1.116571,0.300314,0.357211,0.976063,3.71801,2.342617
theta0_R0gauge,1936,0.11447,0.274803,1.108587,0.280687,0.407821,0.979036,3.949546,2.270528
theta0_R0gauge,1937,0.114112,0.291744,1.153201,0.285669,0.399454,1.021267,4.036847,2.313121
theta0_R0gauge,1938,0.12004,0.298364,1.131449,0.284668,0.421683,1.04811,3.974622,2.24343
theta0_R0gauge,1939,0.11405,0.313244,1.047514,0.280908,0.406004,1.115111,3.729021,2.217538
theta0_R0gauge,1940,0.125661,0.285739,1.48208,0.295551,0.425175,0.966801,5.014634,2.467614
theta0_R0gauge,1941,0.111882,0.27849,1.177858,0.284232,0.393627,0.979796,4.143996,2.354012
theta0_R0gauge,1942,0.135845,0.31172,1.376386,0.304692,0.445845,1.023066,4.517309,2.3157
theta0_R0gauge,1943,0.131218,0.291197,1.182609,0.319896,0.410191,0.910285,3.69685,2.198614
theta0_R0gauge,1944,0.118955,0.305715,1.136724,0.295188,0.402981,1.035661,3.850849,2.25716
theta0_R0gauge,1945,0.117247,0.281162,1.064139,0.272494,0.430274,1.031811,3.905184,2.205638
theta0_R0gauge,1946,0.115801,0.275109,1.570307,0.276865,0.418258,0.993657,5.671737,2.607153
theta0_R0gauge,1947,0.124442,0.30144,1.261598,0.309393,0.402211,0.974293,4.07765,2.316298
theta0_R0gauge,1948,0.114182,0.290878,1.293907,0.292403,0.390495,0.994785,4.425084,2.427628
theta0_R0gauge,1949,0.131402,0.337065,1.398418,0.292687,0.44895,1.151621,4.777864,2.364838
theta0_R0gauge,1950,0.12683,0.289287,1.035498,0.29265,0.433384,0.988508,3.538352,2.099793
theta0_R0gauge,1951,0.118484,0.302213,1.188159,0.295436,0.401048,1.02294,4.021719,2.305384
theta0_R0gauge,1952,0.135988,0.280993,1.011056,0.282771,0.48091,0.99371,3.575524,2.006186
theta0_R0gauge,1953,0.108476,0.277935,0.939414,0.281739,0.385022,0.9865,3.334347,2.158731
theta0_R0gauge,1954,0.112054,0.303633,1.528235,0.292622,0.382931,1.037628,5.22255,2.612886
theta0_R0gauge,1955,0.131576,0.327115,1.109043,0.32502,0.404824,1.006446,3.412229,2.131669
theta0_R0gauge,1956,0.117107,0.330788,1.505793,0.296689,0.394714,1.114931,5.075322,2.553983
theta0_R0gauge,1957,0.109557,0.289544,1.227908,0.283979,0.385792,1.019595,4.323938,2.416622
theta0_R0gauge,1958,0.115621,0.275667,1.271208,0.303687,0.380724,0.907733,4.185915,2.397405
theta0_R0gauge,1959,0.124371,0.306819,1.201724,0.301121,0.413026,1.018922,3.990829,2.268243
theta0_R0gauge,1960,0.115378,0.272403,0.975925,0.283386,0.407141,0.961243,3.443803,2.135173
theta0_R0gauge,1961,0.12435,0.303497,1.064132,0.298855,0.416089,1.015533,3.560696,2.146813
theta0_R0gauge,1962,0.110283,0.270957,1.32863,0.26421,0.417407,1.025537,5.02868,2.488852
theta0_R0gauge,1963,0.129272,0.259455,1.33059,0.285408,0.452936,0.909066,4.662062,2.331461
theta0_R0gauge,1964,0.132508,0.284918,1.040625,0.275882,0.480306,1.032752,3.771988,2.060934
theta0_R0gauge,1965,0.118425,0.289212,0.964538,0.270039,0.438547,1.070998,3.571843,2.09737
theta0_R0gauge,1966,0.121209,0.302743,0.997837,0.279467,0.433713,1.083286,3.5705,2.108077
theta0_R0gauge,1967,0.124316,0.315377,1.084275,0.294336,0.422362,1.071488,3.683805,2.165838
theta0_R0gauge,1968,0.125883,0.266515,0.850309,0.280859,0.448206,0.94893,3.027531,1.91025
theta0_R0gauge,1969,0.116259,0.28588,1.081205,0.285318,0.407471,1.001971,3.789476,2.230013
theta0_R0gauge,1970,0.113105,0.305841,1.101266,0.279844,0.404173,1.0929,3.935289,2.275897
theta0_R0gauge,1971,0.110205,0.303461,1.293349,0.297758,0.370114,1.019154,4.343625,2.462652
theta0_R0gauge,1972,0.106748,0.292141,1.062678,0.26277,0.406242,1.111777,4.044146,2.298078
theta0_R0gauge,1973,0.127002,0.304717,1.187355,0.285037,0.445565,1.069046,4.165623,2.235277
theta0_R0gauge,1974,0.108959,0.289529,1.113585,0.268013,0.406542,1.080277,4.154961,2.32437
theta0_R0gauge,1975,0.109219,0.312763,1.270922,0.294424,0.37096,1.06229,4.316641,2.454138
theta0_R0gauge,1976,0.11822,0.294093,1.06657,0.284238,0.41592,1.034674,3.752385,2.199655
theta0_R0gauge,1977,0.127174,0.306734,1.443429,0.29772,0.427159,1.030278,4.848278,2.429224
theta0_R0gauge,1978,0.105443,0.322834,1.583357,0.303846,0.347029,1.062494,5.211054,2.70913
theta0_R0gauge,1979,0.123184,0.287724,1.317167,0.270403,0.455557,1.064057,4.871122,2.36956
theta0_R0gauge,1980,0.121345,0.277269,1.238248,0.291351,0.416491,0.951666,4.250017,2.322814
theta0_R0gauge,1981,0.125929,0.30081,1.584709,0.301433,0.417767,0.997931,5.257246,2.532439
theta0_R0gauge,1982,0.118377,0.315818,1.387883,0.299373,0.395415,1.054932,4.635965,2.461665
theta0_R0gauge,1983,0.120283,0.301655,1.194863,0.302589,0.397514,0.996916,3.948805,2.295939
theta0_R0gauge,1984,0.12962,0.292637,1.159286,0.294806,0.439679,0.992642,3.93237,2.190952
theta0_R0gauge,1985,0.130737,0.274259,1.236969,0.302412,0.432313,0.906903,4.09034,2.247234
theta0_R0gauge,1986,0.124009,0.250958,1.320819,0.285098,0.434969,0.880252,4.632863,2.365655
theta0_R0gauge,1987,0.121436,0.274542,1.146433,0.284287,0.427159,0.965719,4.032655,2.245025
theta0_R0gauge,1988,0.121535,0.29131,1.655889,0.315326,0.385428,0.923837,5.251361,2.611888
theta0_R0gauge,1989,0.118997,0.294697,1.017469,0.286916,0.414746,1.027118,3.546221,2.145972
theta0_R0gauge,1990,0.113208,0.305847,1.289194,0.295947,0.382527,1.033453,4.356171,2.432548
theta0_R0gauge,1991,0.145654,0.264668,0.988286,0.303113,0.480526,0.873164,3.260452,1.914739
theta0_R0gauge,1992,0.119026,0.307874,1.273321,0.297463,0.400136,1.035,4.280608,2.370045
theta0_R0gauge,1993,0.125049,0.3229,1.159492,0.313007,0.399509,1.031607,3.704362,2.22703
theta0_R0gauge,1994,0.1091,0.279434,1.416972,0.28417,0.383926,0.983333,4.986347,2.564008
theta0_R0gauge,1995,0.111422,0.296073,1.256145,0.286037,0.389537,1.035085,4.391551,2.422478
theta0_R0gauge,1996,0.124363,0.273915,0.997143,0.268522,0.46314,1.020081,3.713444,2.081686
theta0_R0gauge,1997,0.133081,0.298029,1.246954,0.2812,0.47326,1.059847,4.434408,2.237504
theta0_R0gauge,1998,0.118792,0.286141,1.207543,0.287941,0.412559,0.99375,4.193719,2.318965
theta0_R0gauge,1999,0.113729,0.320588,1.219522,0.277907,0.409236,1.153581,4.388246,2.372393
