station,group,season,onset_utc,z1,sub,u10,rain24,g6,c6,obs1,obs5,rim1,rim0,rim5,rim1_lin,G1,G5,G0,G1_w03,G1_w612,rimG1,M,obs1_w03,obs1_w612,rim1_w03,rim1_w612,ctrl_mean1,n_ctrl_valid,pretrend1,s0_1,pcum_cmorph_model,pcum_gauge_obs
TAO165E,A_tropical_8,SON,2014-11-07T13:00Z,1.0,0,3.7404747,31.8266667,31.2783333,12.59,-0.2943333,,-0.611648,-0.8782252,,-0.6202518,-0.1114131,,-0.1572678,-0.0697225,-0.0982583,-1.0825252,6.7777166,-0.1293333,-0.163,-0.3086463,-0.5439389,-0.0163667,5,-0.0303333,34.129,8.1675,21.6593056
TAO165E,A_tropical_8,SON,2014-11-26T03:00Z,1.0,0,2.3018074,19.65,7.8183333,0.0,-0.0368333,,0.0099585,0.0103381,,0.0099642,0.0012582,,0.0013189,0.0010833,0.0017584,-0.4673101,,-0.0538333,-0.037,0.0084622,0.0144716,0.0123667,5,0.0036667,34.3015,0.0,6.0126389
TAO165E,A_tropical_8,DJF,2014-12-05T04:00Z,1.0,0,4.8625567,121.765,62.1583333,31.905,-0.3705,,-0.4990108,-0.7083455,,-0.5059733,-0.1670082,,-0.2077634,-0.0699467,-0.1943131,-1.0884471,3.289787,-0.1628333,-0.2865,-0.1511248,-0.7679253,0.0125667,5,0.0163333,34.4335,15.4216667,38.7495833
TAO165E,A_tropical_8,DJF,2014-12-14T10:00Z,1.0,0,6.371241,48.565,14.1033333,34.43,-0.0358333,,-0.7234278,-1.0917665,,-0.7478151,-0.1953953,,-0.2576271,-0.1459474,-0.1915608,-0.2108805,3.6198496,-0.051,-0.0075,-0.4585819,-0.711855,0.0007,5,0.0066667,34.494,21.7133333,11.5452778
TAO165E,A_tropical_8,DJF,2014-12-21T11:00Z,1.0,0,2.7668769,32.715,16.8383333,15.135,-0.3218333,,-0.6606354,-1.6401437,,-0.6746335,-0.0909064,,-0.2438335,-0.0355065,-0.2081611,-0.4105747,7.0055475,-0.2451667,-0.6463333,-0.1908661,-1.4457905,0.0017667,5,0.0003333,34.3395,7.79625,14.7579167
TAO165E,A_tropical_8,DJF,2014-12-25T01:00Z,1.0,0,6.0800067,31.0866667,1.36,2.945,0.0,,-0.0308553,-0.0537043,,-0.0309194,-0.0088396,,-0.0117375,-0.0005349,-0.1758113,-0.0393666,1.9395223,0.0005,-0.0466667,0.0022427,-0.5149596,0.0136667,5,-0.0036667,34.2225,0.8708333,1.1633333
TAO165E,A_tropical_8,DJF,2014-12-27T18:00Z,1.0,0,3.8334282,15.9633333,11.4516667,12.125,-0.0071667,,-0.3905034,-0.5383545,,-0.395174,-0.0853228,,-0.1139824,-0.059293,-0.0841591,-0.325355,4.8719872,-0.0318333,0.0361667,-0.2146625,-0.4438204,-0.0129333,5,0.0131667,34.2445,7.1679167,9.6218056
TAO165E,A_tropical_8,DJF,2015-01-01T02:00Z,1.0,0,4.9280467,28.8566667,6.5033333,1.425,-0.0245,,-0.0487762,-0.0666825,,-0.0488711,-0.0072772,,-0.0099218,-0.009577,-0.0110948,-0.2568508,3.0517267,-0.0311667,-0.031,-0.0532168,-0.0533128,0.0057333,5,0.0083333,34.3295,1.2904167,5.6736111
TAO165E,A_tropical_8,DJF,2015-01-06T06:00Z,1.0,0,6.2807018,62.52,0.8116667,4.75,-0.045,,-0.0945508,-0.102749,,-0.0949757,-0.0230028,,-0.0209681,-0.0165047,-0.0303187,-0.0259427,5.1746807,-0.0393333,-0.0371667,-0.0623184,-0.1361373,-0.0140333,5,0.03,34.251,2.3433333,0.6320833
TAO165E,A_tropical_8,DJF,2015-01-23T19:00Z,1.0,0,7.8796235,41.47,7.0933333,16.69,0.028,,-0.4085366,-0.4692057,,-0.4117254,-0.1101449,,-0.1190982,-0.1093825,-0.175497,-0.1751034,5.9306635,0.0298333,0.0661667,-0.3772637,-0.4936719,-0.0041333,5,0.0241667,34.1425,10.7158333,5.5727778
TAO165E,A_tropical_8,DJF,2015-01-25T11:00Z,1.0,0,13.0026312,40.7866667,37.765,28.905,-0.089,,-0.2295873,-0.2328364,,-0.2313653,-0.0688293,,-0.0682034,-0.0379355,-0.0604929,-0.1940651,3.3085679,-0.0436667,-0.194,-0.1813204,-0.1913297,-0.0011333,5,-0.0013333,34.382,14.16625,19.2293056
TAO165E,A_tropical_8,DJF,2015-01-30T16:00Z,1.0,0,1.8479043,26.2183333,7.9916667,0.0,-0.076,,0.0,0.0,,0.0,0.0,,0.0,0.0,0.0,-0.6200055,,-0.0905,-0.0041667,0.0,0.0,0.0056,5,-0.034,34.4355,0.0,7.1731944
TAO165E,A_tropical_8,DJF,2015-02-10T14:00Z,1.0,0,5.6710715,16.5916667,10.3283333,14.1,-0.1306667,,-0.1986191,-0.2794886,,-0.1999869,-0.0591552,,-0.0704894,-0.0136899,-0.1354569,-0.1848194,3.8016,-0.1573333,-0.0208333,-0.0197502,-0.512827,-0.0035667,5,-0.073,34.493,5.3125,4.92875
TAO165E,A_tropical_8,DJF,2015-02-16T05:00Z,1.0,0,2.2927534,10.2083333,3.9183333,2.13,-0.1186667,,-0.0988417,-0.189509,,-0.0992616,-0.0065288,,-0.0178977,0.0005249,-0.041852,-0.1982521,-5.026742,-0.1036667,-0.06,-0.0411499,-0.3345352,0.0042667,5,0.0578333,34.497,1.3275,3.5181944
TAO165E,A_tropical_8,MAM,2015-03-02T11:00Z,1.0,0,3.3614174,18.5916667,6.2416667,2.75,-0.0445,,-0.099885,-0.1816547,,-0.1001397,-0.0164285,,-0.0293368,-0.0074918,-0.0574322,-0.4819461,5.7557682,-0.0461667,-0.218,-0.042049,-0.3387822,0.011,5,0.007,34.3715,1.2283333,4.2345833
TAO165E,A_tropical_8,MAM,2015-03-04T00:00Z,1.0,0,4.4931569,41.1216667,36.5083333,10.21,-0.0666667,,-0.1480443,-0.413176,,-0.1495887,-0.0018828,,-0.0425092,0.0231104,-0.0850453,-0.0845749,-3.6096813,-0.0061667,-0.5983333,-0.0049955,-0.6300531,0.0201667,5,0.0073333,34.3235,3.8216667,5.1406944
TAO165E,A_tropical_8,MAM,2015-03-05T18:00Z,1.0,0,6.7397354,19.6466667,10.105,5.31,0.0333333,0.0075,-0.0816632,-0.1128363,-0.0193852,-0.0819059,-0.0205426,-0.0035473,-0.0238986,-0.0083562,-0.0475492,-0.1448611,4.571832,0.0086667,0.0735,-0.0326193,-0.2282833,-0.0198,5,-0.0736667,34.307,2.0029167,6.9604167
TAO165E,A_tropical_8,MAM,2015-03-09T05:00Z,1.0,0,10.3066767,14.005,7.125,4.13,0.011,0.0145,-0.0464144,-0.0567578,-0.0299603,-0.0464554,-0.0153628,-0.0079751,-0.0160579,-0.0130782,-0.0408847,-0.0472561,4.3397858,-0.0005,0.0393333,-0.0355499,-0.1469899,-0.0213333,5,-0.0011667,34.3865,2.4966667,2.8506944
TAO165E,A_tropical_8,MAM,2015-03-25T19:00Z,1.0,0,6.5272702,12.335,7.0916667,2.695,-0.014,,-0.0249247,-0.0381865,,-0.0249494,-0.0079708,,-0.0093142,-0.0052763,-0.0684555,-0.0978425,4.264723,-0.014,-0.0088333,-0.0188645,-0.2677712,0.0102,5,0.0041667,34.664,0.7995833,5.1656944
TAO165E,A_tropical_8,MAM,2015-04-10T11:00Z,1.0,0,5.0059104,12.0783333,9.3416667,1.455,-0.0458333,,0.0276957,0.0185016,,0.0277351,0.0038838,,0.0030844,0.0034834,0.0016387,-0.3081154,-47.8969135,-0.0256667,-0.0231667,0.0233948,-0.0331542,0.0057667,5,-0.0031667,34.458,0.1941667,6.2354167
TAO165E,A_tropical_8,MAM,2015-04-17T04:00Z,1.0,0,9.6807493,12.7083333,10.18,18.23,-0.004,,-0.1651528,-0.1710272,,-0.1661684,-0.0555551,,-0.0560224,-0.0307762,-0.091846,-0.1063547,5.0565957,-0.0066667,0.0161667,-0.0933228,-0.3005197,0.0221,5,-0.0285,34.435,8.7491667,6.5155556
TAO165E,A_tropical_8,MAM,2015-04-30T18:00Z,1.0,0,5.6049779,10.6083333,10.7733333,20.535,-0.0218333,,-0.4419799,-0.6101921,,-0.4462655,-0.1167737,,-0.1457532,-0.0682278,-0.1461644,-0.240912,4.8526803,-0.0063333,-0.028,-0.2320657,-0.680588,-0.0028667,5,0.005,34.542,10.4783333,5.9730556
TAO165E,A_tropical_8,MAM,2015-05-03T19:00Z,1.0,0,4.3507087,28.03,2.4483333,0.0,-0.0268333,,0.0,0.0,,0.0,0.0,,0.0,0.0,-0.0224012,-0.1042986,,-0.0358333,-0.0003333,0.0,-0.0672874,-0.0044,5,-0.034,34.4485,0.0,2.2359722
TAO165E,A_tropical_8,MAM,2015-05-06T19:00Z,1.0,0,9.5090267,108.7433333,70.5216667,53.985,-0.0463333,-0.0061667,-0.3046584,-0.3832879,-0.1557222,-0.3084058,-0.1697518,-0.0632149,-0.1808555,-0.0851367,-0.3465081,-0.3541615,2.0158227,-0.0136667,-0.1696667,-0.1289124,-0.8216183,-0.0047,5,0.0538333,34.409,27.5341667,27.5873611
TAO165E,A_tropical_8,MAM,2015-05-16T07:00Z,1.0,0,3.5180501,24.2566667,23.6716667,10.05,-0.079,-0.00475,-0.1969047,-0.3603661,-0.0151657,-0.1984903,-0.0472983,-0.0032467,-0.0754518,-0.0037125,-0.0794492,-0.3381447,4.2400973,-0.0335,-0.177,-0.0135381,-0.4307107,-0.0071667,5,0.0313333,34.6635,3.7845833,9.3026389
TAO165E,A_tropical_8,MAM,2015-05-21T04:00Z,1.0,0,4.5456697,18.37,17.87,7.42,-0.4025,0.01575,-0.3926667,-0.4812934,-0.0766474,-0.3970602,-0.0658424,-0.0154976,-0.0769537,-0.0598008,-0.1049907,-0.5211613,10.6253429,-0.2188333,-0.1058333,-0.3675268,-0.5731501,0.0019333,5,0.0146667,34.5035,3.9391667,12.8416667
TAO165E,A_tropical_8,MAM,2015-05-29T02:00Z,1.0,0,3.8572702,14.0083333,12.6783333,0.0,-0.1701667,,0.0,0.0,,0.0,0.0,,0.0,0.0,0.0,-0.2219295,,-0.1863333,-0.0378333,0.0,0.0,-0.0100667,5,-0.0043333,34.552,0.0,11.6126389
TAO165E,A_tropical_8,JJA,2015-06-15T07:00Z,1.0,0,7.2117463,81.0616667,54.2216667,19.39,-0.0988333,,-0.5444517,-0.6898091,,-0.5503734,-0.1384249,,-0.1638775,-0.1190388,-0.2289227,-0.3385087,5.1469128,-0.0381667,-0.4781667,-0.4218417,-0.9204139,0.0184,5,-0.0046667,34.5115,12.6458333,15.61375
TAO165E,A_tropical_8,JJA,2015-06-24T09:00Z,1.0,0,4.3941675,22.1,2.0533333,12.835,-0.003,,-0.444222,-0.592922,,-0.4479487,-0.1084988,,-0.1334178,-0.0844766,-0.1045575,-0.0515413,6.9620335,-0.0071667,0.0155,-0.3317857,-0.4778714,0.0217333,5,0.0211667,34.4105,6.93375,1.0913889
TAO165E,A_tropical_8,JJA,2015-07-27T12:00Z,1.0,0,7.9478297,19.425,7.4866667,20.545,-0.028,-0.0248333,-0.1655906,-0.2212522,-0.0812129,-0.1668783,-0.0598828,-0.0177641,-0.0661698,-0.0314514,-0.1184529,-0.1082485,2.7353389,-0.0225,-0.0498333,-0.081726,-0.4687011,-0.0104667,5,0.0058333,34.3715,10.01375,4.4808333
TAO165E,A_tropical_8,JJA,2015-08-05T22:00Z,1.0,0,8.2580772,46.2483333,3.72,16.61,0.0205,,-0.2360727,-0.2824449,,-0.2372368,-0.0817136,,-0.0870462,-0.0623031,-0.1037095,-0.0198988,4.1817882,0.0176667,-0.0476667,-0.1581067,-0.3623282,0.0038,5,0.0095,34.254,10.0758333,0.7861111
TAO165E,A_tropical_8,JJA,2015-08-27T02:00Z,1.0,0,4.3552356,52.4183333,4.955,2.955,-0.0031667,0.0025,-0.014526,-0.0402649,-0.0020129,-0.0145326,-0.0062421,-0.0003393,-0.0111902,-0.0023193,-0.1066353,-0.0652966,2.9235954,0.003,-0.3331667,-0.0097423,-0.4811974,-0.0034667,5,0.0083333,34.419,0.4679167,1.2484722
TAO165E,A_tropical_8,JJA,2015-08-31T09:00Z,1.0,0,7.2198948,34.905,35.2083333,24.86,0.051,,-0.4336889,-0.4736675,,-0.441806,-0.1239254,,-0.1241834,-0.1005454,-0.1168261,-0.7272764,5.2644441,-0.0115,0.1608333,-0.4026699,-0.4324789,-0.0092,5,-0.1818333,34.0575,13.8595833,27.5923611
TAO165E,A_tropical_8,SON,2015-09-07T07:00Z,1.0,0,2.2336012,30.42,0.46,0.0,-0.0106667,,-0.1030549,-0.0646755,,-0.1033093,-0.0131093,,-0.0051327,-0.0155584,-0.0074316,-0.0363646,,-0.0135,-0.0353333,-0.1228288,-0.0547588,-0.0158333,5,0.043,34.1775,0.0,0.4155556
TAO165E,A_tropical_8,SON,2015-09-16T11:00Z,1.0,0,4.4542251,73.745,60.4316667,29.715,-0.5418333,,-0.8456176,-1.1774854,,-0.8592864,-0.2231895,,-0.2852037,-0.1811163,-0.2268833,-1.3216732,5.5634417,-0.379,-0.133,-0.5949848,-1.0368197,0.0073333,5,0.0056667,34.236,18.2083333,41.2745833
TAO165E,A_tropical_8,SON,2015-09-23T03:00Z,1.0,0,2.2806816,15.7883333,2.7383333,5.155,-0.0723333,,0.0152706,-1.4666959,0.0363506,0.0152495,0.004993,0.0066575,-0.2248257,0.0070969,-0.0576037,-0.1089329,1.0881785,-0.1098333,-0.1056667,0.0385197,-0.4561291,0.00434,5,0.0068333,34.2485,2.1641667,2.1115278
TAO165E,A_tropical_8,SON,2015-09-26T18:00Z,1.0,0,6.1319158,10.1333333,9.6716667,2.75,-0.006,,-0.0819468,-0.1016334,,-0.0820804,-0.0177198,,-0.0200221,-0.0143439,-0.0226298,-0.1550093,6.3646409,-0.0153333,-0.011,-0.061361,-0.1044059,-0.0038,5,0.0125,34.278,1.81,8.5704167
TAO165E,A_tropical_8,SON,2016-09-05T10:00Z,1.0,0,3.0478501,19.0716667,18.1833333,0.0,-0.0243333,0.0061667,0.0,0.0,0.0,0.0,0.0,0.0,0.0,0.0,0.0,-2.0354752,,-0.0413333,-0.0091667,0.0,0.0,-0.0060667,5,0.0101667,35.143,0.0,16.4825
TAO165E,A_tropical_8,SON,2016-09-12T22:00Z,1.0,0,8.2112986,13.97,1.555,0.0,0.0078333,0.0081667,0.0,0.0,0.0,0.0,0.0,0.0,0.0,0.0,0.0,0.0093054,,0.0053333,0.0163333,0.0,0.0,0.0048,5,0.0091667,35.017,0.0,0.6581944
TAO165E,A_tropical_8,DJF,2016-12-10T15:00Z,1.0,0,3.40216,22.3616667,1.7666667,0.0,-0.0368333,-0.014,0.0,0.0,0.0,0.0,0.0,0.0,0.0,0.0,0.0,-0.1037805,,-0.0061667,0.011,0.0,0.0,-0.0011667,5,0.0075,35.2355,0.0,1.6038889
TAO165E,A_tropical_8,DJF,2017-01-18T19:00Z,1.0,0,4.6992844,55.13,55.13,74.96,-0.4531667,-0.0638333,-1.6228596,-2.3964371,-0.1276326,-1.7014982,-0.4378405,-0.0303798,-0.6013308,-0.1524011,-0.5467458,-1.6085064,3.8281855,-0.1536667,-0.1816667,-0.4441625,-2.1270795,-0.0003333,5,-0.0113333,34.668,35.0416667,30.41
TAO165E,A_tropical_8,DJF,2017-01-26T08:00Z,1.0,0,5.6116174,40.4083333,20.235,8.27,-0.0315,-0.013,-0.2732861,-0.3401599,-0.0764172,-0.274625,-0.0552247,-0.0129232,-0.0631905,-0.0409564,-0.0583339,-0.1366079,8.5064599,-0.0181667,-0.3688333,-0.2043499,-0.318053,-0.0148667,5,-0.0006667,34.4085,3.87,3.5990278
TAO165E,A_tropical_8,DJF,2017-01-28T14:00Z,1.0,0,6.0308741,18.3766667,17.1683333,0.79,-0.0343333,-0.0138333,0.0,-0.0041884,0.0,0.0,-0.0010222,-1.2e-06,-0.001353,0.0,-0.0463968,-0.1928731,0.1063297,-0.0578333,-0.0103333,0.0,-0.1552575,-0.0045667,5,-0.0026667,34.4015,0.0658333,10.2229167
TAO165E,A_tropical_8,DJF,2017-02-07T02:00Z,1.0,0,3.3037741,13.465,13.9733333,17.08,-0.006,-0.0418333,-0.6327099,-1.0100154,-0.0962116,-0.640725,-0.1378653,-0.0222813,-0.2024663,-0.1198924,-0.1203908,-0.350647,4.8452829,-0.0185,0.032,-0.4075173,-0.6328294,0.0092,5,-0.0393333,34.7875,12.5654167,11.4144444
TAO165E,A_tropical_8,SON,2019-10-19T20:00Z,1.0,0,3.406687,10.2066667,3.9283333,0.0,-0.0196667,0.0048333,0.0309582,0.043401,-0.0122513,0.0310263,0.0058228,-0.0026452,0.0084658,0.004862,0.0063702,-0.2113186,,-0.0258333,0.0133333,0.0235737,0.0462576,0.0187667,5,0.017,34.0835,0.0,3.5865278
TAO165E,A_tropical_8,SON,2019-10-31T01:00Z,1.0,0,5.2174703,47.4108333,0.5433333,4.085,-0.0001667,0.0018333,-0.1181041,-0.1489172,-0.0404555,-0.1184245,-0.0248166,-0.006903,-0.0281646,-0.0225798,-0.2718249,-0.0061442,5.4507659,0.0,-0.133,-0.0789451,-0.7964206,0.0082667,5,0.0113333,34.478,2.8858333,0.4361111
TAO165E,A_tropical_8,SON,2019-11-07T08:00Z,1.0,0,4.0302,101.145,32.2633333,21.5,-0.3541667,-0.051,-0.582568,-0.9420721,-0.0844365,-0.5902876,-0.1309927,-0.0195956,-0.1971522,-0.0913421,-0.2789382,-0.4956391,4.4289249,-0.1905,-0.5248333,-0.2822733,-1.4907083,-0.0147667,5,0.0463333,34.8035,12.42875,23.8297222
TAO165E,A_tropical_8,SON,2019-11-12T08:00Z,1.0,0,2.5812716,13.1383333,13.3416667,0.195,-0.0213333,-0.0383333,-0.0125598,-0.0170767,-0.0014743,-0.0125652,-0.0022134,-0.000243,-0.0029786,-0.0026875,-0.0066987,-0.7142767,5.7641026,-0.0291667,0.053,-0.0145888,-0.0421027,-0.0391667,5,-0.0995,34.5115,0.195,12.1793056
TAO165E,A_tropical_8,SON,2019-11-13T18:00Z,1.0,0,5.9550626,34.88,5.3066667,8.705,0.0091667,0.0091667,0.0212502,0.0328811,-0.0647933,0.0217536,-0.0066075,-0.0192002,0.000458,0.0130689,0.0153599,-0.1769354,3.8577127,0.0021667,-0.0033333,0.0926752,0.1580723,0.0070667,5,0.0321667,34.6625,4.5729167,3.4363889
TAO165E,A_tropical_8,SON,2019-11-20T14:00Z,1.0,0,4.9271413,13.5983333,10.625,3.4,0.1115,0.1155,-0.1213414,-0.2202409,-0.0169894,-0.1217024,-0.0211189,-0.0032397,-0.0364748,-0.012756,-0.0448911,-0.4188971,7.2636505,0.0676667,0.1773333,-0.0662986,-0.2277853,-0.0581667,5,-0.213,33.915,1.6025,5.9198611
TAO165E,A_tropical_8,SON,2019-11-28T09:00Z,1.0,0,6.3857273,31.35,30.9633333,6.895,-0.1298333,-0.0341667,-0.162082,-0.1842252,-0.0404809,-0.1634127,-0.0355738,-0.0056025,-0.0344846,-0.0220527,-0.020574,-0.668639,4.167001,-0.1313333,0.0023333,-0.089182,-0.0824578,-0.0141,5,0.0118333,34.16,4.0758333,22.4966667
TAO165E,A_tropical_8,DJF,2019-12-06T07:00Z,1.0,0,5.1030891,66.6883333,3.3533333,7.245,0.0213333,0.0251667,-0.0495497,-0.0887099,-0.0063538,-0.0497878,-0.0184212,-0.0008858,-0.0232357,-0.0018862,-0.1603765,-0.0963253,3.2879137,0.0121667,-0.5281667,-0.0058153,-0.714459,-0.0096667,5,0.0156667,34.2385,1.6341667,3.0366667
TAO165E,A_tropical_8,DJF,2019-12-13T13:00Z,1.0,0,5.6197659,36.1533333,10.7433333,0.185,-0.0453333,-0.0261667,0.0821315,0.0838802,0.0281616,0.0822904,0.0209382,0.0073097,0.0214929,0.0151305,-0.0427431,-0.1776407,-709.0225076,-0.0545,-0.0513333,0.0649057,-0.2212632,0.0170667,5,-0.014,34.1985,0.0154167,8.7761111
TAO165E,A_tropical_8,DJF,2019-12-21T08:00Z,1.0,0,3.1371821,25.5516667,25.73,0.0,0.0406667,0.0086667,0.0497527,0.0523051,0.016376,0.0498018,0.016842,0.0056419,0.0176984,0.016842,0.0159517,-1.4548409,,-0.0541667,0.2335,0.0497527,0.0463539,0.0011,5,0.0133333,33.8575,0.0,21.5030556
TAO165E,A_tropical_8,DJF,2020-01-07T05:00Z,1.0,0,4.6887215,21.1066667,2.1016667,11.205,-0.0258333,-0.0233333,-0.3980344,-0.4591281,-0.1075612,-0.4016984,-0.0969945,-0.0236888,-0.1095466,-0.1042206,-0.1189709,-0.0841917,5.0994435,-0.0281667,-0.0961667,-0.3682386,-0.5686193,-0.0048,5,-0.0025,34.2635,9.2070833,1.5993056
TAO165E,A_tropical_8,DJF,2020-01-09T22:00Z,1.0,0,4.5550254,22.2333333,18.7166667,8.25,-0.031,0.007,-0.3803564,-0.4401921,-0.0761509,-0.3833708,-0.0724543,-0.0128874,-0.0801164,-0.0608952,-0.1075036,-0.324615,8.3869902,-0.0126667,-0.0273333,-0.3167814,-0.5997677,0.0288667,5,0.013,34.197,4.8425,10.4002778
TAO165E,A_tropical_8,DJF,2020-02-03T19:00Z,1.0,0,5.8144251,19.3216667,11.9833333,12.625,-0.1011667,-0.0468333,-0.2054235,-0.2698813,-0.0588099,-0.206645,-0.0488425,-0.0103924,-0.0572741,-0.0235511,-0.135002,-0.4122995,5.3845294,-0.1055,-0.0901667,-0.0988781,-0.4779229,0.0007333,5,0.0315,34.1725,4.7508333,9.3402778
TAO165E,A_tropical_8,DJF,2020-02-06T09:00Z,1.0,0,5.5237944,59.38,18.47,0.47,-0.0741667,-0.0351667,-0.0012621,-0.004349,0.0011136,-0.0012632,-0.0007887,0.0001279,-0.0010715,0.0003136,-0.0123664,-0.3052842,1.0038423,-0.0271667,-0.0041667,0.0019176,-0.04711,-0.0196667,5,0.0025,34.1885,0.0866667,11.1788889
TAO165E,A_tropical_8,DJF,2020-02-09T09:00Z,1.0,0,5.1918175,31.4383333,11.455,15.06,0.0023333,0.01,-0.3325481,-0.4599834,-0.0826348,-0.335284,-0.0801673,-0.018283,-0.099096,-0.0662242,-0.2595749,-0.2494142,4.5080567,0.0176667,-0.0701667,-0.2444055,-1.1207099,-0.0144,5,0.0003333,34.19,8.6420833,4.91625
TAO165E,A_tropical_8,DJF,2020-02-11T14:00Z,1.0,0,8.7385384,23.2616667,14.0733333,25.475,0.0003333,0.0071667,-0.1548007,-0.2111159,-0.0759742,-0.15566,-0.0724755,-0.0223884,-0.0788548,-0.0267593,-0.1906819,-0.1465928,2.8288298,-0.0025,0.0331667,-0.0442501,-0.4979744,-0.0038333,5,0.0095,34.1515,9.5329167,6.9844444
TAO165E,A_tropical_8,MAM,2020-03-01T22:00Z,1.0,0,5.0910172,20.3066667,10.6533333,35.55,-0.0301667,-0.0261667,-0.9388383,-1.9719042,-0.1461592,-0.9576834,-0.2097645,-0.0512094,-0.3720955,-0.1728512,-0.2549224,-0.229743,4.1374526,-0.0181667,-0.0428333,-0.5354055,-1.5309224,0.0044667,5,0.028,34.5015,23.71,7.0761111
TAO165E,A_tropical_8,MAM,2020-03-10T16:00Z,1.0,0,5.5609155,18.68,9.7616667,2.51,0.001,0.023,-0.0896668,-0.1187955,-0.0163701,-0.0898378,-0.0153949,-0.0029256,-0.0199134,-0.0119953,-0.0614011,-0.3396263,8.3363645,-0.0243333,0.0208333,-0.0789375,-0.3012557,0.0243667,5,-0.0581667,34.489,1.1079167,4.3584722
TAO165E,A_tropical_8,MAM,2020-03-17T15:00Z,1.0,0,6.2966971,42.1416667,0.8683333,1.8,0.0098333,0.0106667,0.0156463,0.0300364,-0.014465,0.0156967,0.0007671,-0.0037858,0.0029793,0.0022866,-0.02908,-0.0438322,11.83,0.0126667,-0.1706667,0.0082072,-0.1000824,0.0186333,5,0.003,34.481,0.3,0.7790278
TAO165E,A_tropical_8,MAM,2020-03-24T19:00Z,1.0,0,11.2063342,14.5283333,9.5083333,17.985,0.003,0.0048333,-0.1553822,-0.1898096,-0.1018971,-0.1558483,-0.0577834,-0.0324295,-0.0601314,-0.0475546,-0.0582643,-0.0682469,3.1647056,-0.0008333,0.0111667,-0.1039017,-0.2239544,-0.0213333,5,0.0183333,34.8545,12.0320833,6.5265278
TAO165E,A_tropical_8,MAM,2020-04-05T11:00Z,1.0,0,4.5447643,29.0388333,27.9205,0.0,-0.0095,0.0266667,0.0,0.0,0.0,0.0,0.0,0.0,0.0,0.0,0.0,-0.4453822,,0.02,0.0213333,0.0,0.0,0.0453,5,0.0298333,35.305,0.0,17.1650694
TAO165E,A_tropical_8,MAM,2020-04-16T12:00Z,1.0,0,3.3264089,62.2883333,2.245,1.32,-0.0081667,-0.0078333,-0.0583241,-0.0816334,-0.0072224,-0.0584096,-0.011098,-0.0013208,-0.014825,-0.0106986,-0.0078384,-0.0976165,5.2511706,-0.0098333,-0.0073333,-0.0480979,-0.0411346,-0.0132667,5,-0.0233333,35.2765,1.0129167,1.6181944
TAO165E,A_tropical_8,MAM,2020-04-27T05:00Z,1.0,0,7.9233841,17.8016667,0.5033333,0.0,0.0041667,0.0055,0.0,0.0,0.0,0.0,0.0,0.0,0.0,0.0,0.0,-0.0145165,,0.0003333,0.0026667,0.0,0.0,0.0115333,5,0.0066667,35.42,0.0,0.4463889
TAO8S165E,A_tropical_8,SON,2010-10-27T22:00Z,1.0,0,1.6411733,29.8816667,3.6216667,0.0,-0.073,,0.0,0.0,,0.0,0.0,,0.0,0.0,-0.0035774,-0.2670793,,-0.0596667,-0.0875,0.0,-0.0266989,-0.0511,5,-0.0128333,35.064,0.0,3.1173611
TAO8S165E,A_tropical_8,SON,2010-11-08T08:00Z,1.0,0,3.6285079,16.9608333,1.26,0.0,-0.0378333,,0.0062306,0.0064633,,0.0062325,0.0010384,,0.001079,0.0005764,-0.062108,-0.1173066,,-0.0355,-0.0258333,0.0044399,-0.2867315,-0.0485,5,0.0075,34.8665,0.0,1.1252778
TAO8S165E,A_tropical_8,DJF,2010-12-08T17:00Z,1.0,0,3.5962156,16.22,0.9166667,0.0,0.0191667,,0.0,0.0,,0.0,0.0,,0.0,0.0,0.0,-0.0500104,,0.0066667,0.064,0.0,0.0,-0.0022,5,0.0135,35.019,0.0,0.7830556
TAO8S165E,A_tropical_8,DJF,2010-12-13T01:00Z,1.0,0,4.3989962,25.0066667,17.3133333,0.0,-0.009,,0.0243614,0.0249816,,0.024395,0.004215,,0.0043349,0.0034764,0.0069449,-0.4652976,,-0.0003333,-0.0153333,0.0205408,0.0362812,0.0055667,5,0.0241667,35.101,0.0,12.09
TAO8S165E,A_tropical_8,DJF,2010-12-21T05:00Z,1.0,0,5.9312207,51.4766667,0.4933333,0.095,0.0068333,,0.0440973,0.044742,,0.044202,0.0081949,,0.0083612,0.0071212,0.0047156,-0.0110978,-509.9475778,0.0045,0.0076667,0.0373321,0.0429976,-0.0052667,5,0.0063333,35.1015,0.0158333,0.4502778
TAO8S165E,A_tropical_8,DJF,2010-12-27T10:00Z,1.0,0,6.6497998,11.465,2.0133333,0.0,-0.0148333,,0.0,0.0,,0.0,0.0,,0.0,0.0,0.0,-0.0678088,,-0.0218333,0.0066667,0.0,0.0,0.0038667,5,-0.0138333,35.1635,0.0,1.7975
TAO8S165E,A_tropical_8,DJF,2011-01-24T22:00Z,1.0,0,4.9096371,41.295,41.665,4.465,-0.1095,,-0.1468038,-0.244163,,-0.1477529,-0.0269465,,-0.0431922,-0.0027981,-0.0416672,-0.6026484,5.4652298,-0.0808333,-0.0911667,0.0,-0.2444622,0.0036,5,0.0608333,34.9855,2.0504167,24.8643056
TAO8S165E,A_tropical_8,DJF,2011-01-30T17:00Z,1.0,0,8.5565546,20.535,2.9133333,0.38,-0.0221667,,0.006259,0.0051811,,0.0062602,0.0018851,,0.0018185,0.0021172,-0.0235239,-0.039722,-27.5263158,-0.0186667,-0.0471667,0.006927,-0.1026923,-0.0691333,5,-0.0073333,35.126,0.095,1.7316667
TAO8S165E,A_tropical_8,DJF,2011-02-04T15:00Z,1.0,0,5.4607188,20.56,20.0516667,0.57,0.0076667,,-0.0227694,-0.0299088,,-0.0227833,-0.0045553,,-0.0056026,-0.0040277,-0.0031106,-0.3667844,5.3457838,0.0078333,-0.0111667,-0.0151471,-0.016114,-0.0448,5,-0.0071667,35.0415,0.4195833,18.2859722
TAO8S165E,A_tropical_8,DJF,2011-02-10T08:00Z,1.0,0,2.3452662,18.5016667,17.79,0.0,-0.062,,0.0940863,0.1709815,,0.0948113,0.0108252,,0.0209993,0.0088877,0.0161615,-0.9415232,,-0.0305,-0.1993333,0.0761781,0.1460916,-0.0084,5,-0.0003333,34.9125,0.0,12.6511111
TAO8S165E,A_tropical_8,DJF,2011-02-19T10:00Z,1.0,0,8.5951847,16.12,8.865,17.05,0.0008333,,-0.1066186,-0.141546,,-0.1073138,-0.044106,,-0.0477561,-0.0125566,-0.0774479,-0.0955913,2.7732672,0.0045,-0.0043333,-0.020404,-0.2438749,0.0088333,5,0.0465,34.9045,6.7083333,4.0068056
TAO8S165E,A_tropical_8,MAM,2011-03-09T19:00Z,1.0,0,3.9140081,12.4266667,12.4266667,4.1,-0.0621667,,-0.1071276,-0.1809155,,-0.1076037,0.0032035,,-0.0077117,0.0059267,0.0108947,-0.1492605,-3.0711111,-0.0328333,-0.1165,-0.0569765,-0.076441,0.0084667,5,-0.018,34.9925,3.15,9.39
TAO8S165E,A_tropical_8,MAM,2011-03-26T00:00Z,1.0,0,4.8157782,15.585,15.5883333,0.0,-0.1186667,,0.0691882,0.0760547,,0.0694791,0.0075331,,0.0085248,0.0063609,0.0110198,-0.6250495,,-0.1653333,-0.0498333,0.0575282,0.1058174,-0.0044,5,-0.0195,34.925,0.0,14.28875
TAO8S165E,A_tropical_8,MAM,2011-04-11T13:00Z,1.0,0,3.4534655,26.415,18.3716667,24.16,-0.0496667,,-0.7858561,-1.6768101,,-0.8007038,-0.1506584,,-0.2918301,-0.1076513,-0.3229378,-0.6726791,6.0828088,-0.0273333,-0.0165,-0.4427971,-1.7126141,-0.0108667,5,0.0713333,34.67,11.9854167,11.7906944
TAO8S165E,A_tropical_8,MAM,2011-04-15T17:00Z,1.0,0,5.6949134,11.0183333,5.7516667,1.445,0.0133333,,-0.0618268,-0.0763121,,-0.0619385,-0.0120738,,-0.0139954,-0.0134462,-0.0057645,-0.1495131,5.9897126,0.0098333,0.009,-0.0615803,-0.0327051,0.0140333,5,0.0115,34.6675,1.1666667,3.1290278
TAO8S165E,A_tropical_8,MAM,2011-05-01T03:00Z,1.0,0,4.4934587,14.255,14.7616667,8.415,-0.068,,-0.3008199,-0.3871128,,-0.3026162,-0.0752864,,-0.0898395,-0.0692474,-0.071758,-0.148921,6.0361548,-0.0233333,-0.089,-0.2500701,-0.3116475,0.0056667,5,-0.016,35.075,5.7945833,4.6979167
TAO8S165E,A_tropical_8,MAM,2011-05-13T07:00Z,1.0,0,1.7401627,26.6166667,11.675,0.0,0.0096667,,0.0,0.0,,0.0,0.0,,0.0,0.0,0.0,-0.8332546,,0.0115,-0.0063333,0.0,0.0,-0.0170333,5,-0.0386667,34.9195,0.0,10.64375
TAO8S165E,A_tropical_8,MAM,2011-05-17T11:00Z,1.0,0,4.1400542,23.3923333,5.5766667,0.0,-0.02,,0.0095727,0.0097709,,0.0095749,0.0026319,,0.0026858,0.0017853,0.0034786,-0.1946157,,-0.0375,-0.0265,0.0073306,0.0118149,0.0057333,5,-0.0031667,34.8835,0.0,4.4997222
TAO8S165E,A_tropical_8,MAM,2011-05-22T06:00Z,1.0,0,4.5996914,10.2783333,10.4633333,1.14,0.0433333,,-0.0783645,-0.1128119,,-0.0784853,-0.0130142,,-0.0182583,-0.01406,-0.0085032,-0.2925216,7.0534374,0.0281667,0.0678333,-0.0780449,-0.0483733,-0.0042333,5,0.0413333,34.8925,1.0370833,9.5572222
TAO8S165E,A_tropical_8,MAM,2011-05-27T06:00Z,1.0,0,3.8826212,18.9866667,3.7266667,1.045,-0.0121667,,-0.0143185,-0.0242821,,-0.0143271,-0.0037894,,-0.0051458,-0.0020764,-0.0511654,-0.0999665,6.4218839,-0.0096667,-0.0683333,-0.0115655,-0.2839861,-0.0042333,5,0.0015,35.158,0.1979167,1.7277778
TAO8S165E,A_tropical_8,JJA,2011-06-03T15:00Z,1.0,0,7.299871,12.7406667,12.8756667,19.135,-0.0246667,,-0.570794,-0.6351557,,-0.5768874,-0.1794144,,-0.1924691,-0.2001667,-0.1019391,-0.1967158,6.3834362,-0.0171667,-0.0388333,-0.5835293,-0.3341004,0.0224,5,-0.0145,35.2705,14.79125,8.2195278
TAO8S165E,A_tropical_8,JJA,2011-06-05T00:00Z,1.0,0,6.1536452,24.5366667,1.0116667,0.0,-0.0048333,,0.0082485,0.0083729,,0.0082519,0.0013811,,0.0014041,0.0008825,0.0027738,-0.0364933,,-0.005,-0.0455,0.0062875,0.0129766,0.0073,5,-0.0135,35.221,0.0,0.9273611
TAO8S165E,A_tropical_8,JJA,2011-06-21T00:00Z,1.0,0,7.7507561,15.2916667,9.005,6.205,-0.0303333,,-0.1136378,-0.1414524,,-0.1139198,-0.0293863,,-0.0318596,-0.0190085,-0.0233025,-0.1473269,4.7325869,-0.0366667,-0.0085,-0.0574287,-0.1058677,-0.0001333,5,-0.004,34.827,3.6491667,7.4659722
TAO8S165E,A_tropical_8,JJA,2011-06-23T09:00Z,1.0,0,8.0899761,13.0733333,2.5083333,0.0,0.0095,,0.0,0.0,,0.0,0.0,,0.0,0.0,-0.0043463,-0.0745261,,0.002,0.0106667,0.0,-0.0159518,0.0212667,5,0.0261667,34.863,0.0,2.2993056
TAO8S165E,A_tropical_8,JJA,2011-07-13T23:00Z,1.0,0,8.6069548,13.5316667,9.645,0.0,-0.0275,,0.0215958,0.0542315,,0.0216896,0.0121744,,0.013578,0.0085508,0.0200925,-0.1386136,,-0.0298333,-0.019,0.0037746,0.0636007,0.0043667,5,-0.002,35.0025,0.0,7.5768056
TAO8S165E,A_tropical_8,JJA,2011-07-17T11:00Z,1.0,0,9.0355068,15.2033333,15.23,7.425,-0.003,,-0.1062853,-0.1242878,,-0.1065161,-0.0291982,,-0.0307131,-0.0168988,-0.033918,-0.1551088,5.9384798,-0.0106667,0.0833333,-0.0638724,-0.1501246,0.0134333,5,0.0061667,35.006,3.4054167,10.2102778
TAO8S165E,A_tropical_8,JJA,2011-08-06T13:00Z,1.0,0,6.5975889,32.4333333,22.6483333,18.835,-0.0656667,,-0.3177325,-0.3950602,,-0.3210673,-0.0911351,,-0.1021784,-0.0730551,-0.0980534,-0.328499,4.0748286,-0.0345,-0.0283333,-0.1930168,-0.425312,-0.0083,5,0.0005,35.3125,11.85375,16.14125
TAO8S165E,A_tropical_8,SON,2011-09-24T06:00Z,1.0,0,6.5776703,11.3266667,11.3266667,1.35,-0.0963333,,-0.0861617,-0.0555719,,-0.0863905,-0.012913,,-0.0072376,-0.0128815,-0.0066136,-0.2009428,19.3822359,-0.1105,-0.0795,-0.0873923,-0.0429263,-0.0024333,5,0.0011667,35.3335,0.7408333,7.6022222
TAO8S165E,A_tropical_8,SON,2011-10-03T07:00Z,1.0,0,3.8077755,13.6116667,13.64,7.3,-0.132,,-0.3780368,-0.551937,,-0.382051,-0.0624783,,-0.0895144,-0.0466601,-0.0673042,-0.7814227,7.3907715,-0.1188333,-0.0371667,-0.2698846,-0.3767085,-0.0039333,5,-0.0028333,35.0995,4.5604167,10.7755556
TAO8S165E,A_tropical_8,SON,2011-10-07T14:00Z,1.0,0,3.8557612,47.2083333,41.33,32.81,-0.5553333,,-0.7950162,-1.3469632,,-0.8131198,-0.1753317,,-0.2836514,-0.0727249,-0.4433497,-0.9306427,5.0753769,-0.3543333,-1.193,-0.3110887,-2.5204763,0.0056,5,0.001,35.032,12.935,17.2544444
TAO8S165E,A_tropical_8,SON,2011-10-24T07:00Z,1.0,0,4.6663885,49.363,7.8233333,0.0,-0.0963333,,0.0045169,0.0045477,,0.0045173,0.0018209,,0.0018332,0.0018209,-0.0271234,-0.1197395,,-0.0733333,-0.0341667,0.0045169,-0.1137647,0.0041333,5,0.0226667,35.121,0.0,7.1616667
TAO8S165E,A_tropical_8,SON,2011-10-28T20:00Z,1.0,0,2.8688843,33.5733333,15.775,11.045,-0.3148333,,-1.6085376,-0.1884501,,-1.6575146,-0.2751354,,-0.0102528,-0.2835182,-0.2262088,-0.7357477,16.0211229,-0.2325,-0.3433333,-1.6194965,-1.1948283,0.0083667,5,0.0196667,34.9845,8.61625,13.1873611
TAO8S165E,A_tropical_8,SON,2011-10-30T11:00Z,1.0,0,3.0701831,13.33,12.62,21.165,-0.2338333,,-1.1126617,-1.417535,,-1.1408748,-0.2049928,,-0.2596075,-0.1596312,-0.256397,-0.3665601,7.1800768,-0.404,0.233,-0.785739,-1.5619724,0.0216333,5,-0.2508333,34.526,12.2970833,10.3158333
BOBOA,A_tropical_8,DJF,2013-12-08T11:00Z,1.0,0,8.0039639,116.5933333,12.4933333,25.535,0.162,0.1655,-0.2484874,-0.3021678,-0.1243708,-0.250026,-0.0936804,-0.03648,-0.101058,-0.0804222,-0.2622587,-0.1246156,4.0800563,0.142,-0.3931667,-0.2048219,-0.787921,0.0343,5,-0.0643333,31.106,12.42875,7.0127778
BOBOA,A_tropical_8,MAM,2014-05-13T13:00Z,1.0,0,8.691458,10.29,10.345,2.185,-0.0078333,-0.0041667,0.0142751,0.0138954,0.0057733,0.0143665,-0.0035254,-0.0029258,-0.0020408,-0.0046932,0.0074814,-0.1339049,-0.0228636,-0.0213333,0.0036667,0.0040124,0.0780112,3.33e-05,5,0.015,32.466,1.4870833,8.7204167
BOBOA,A_tropical_8,MAM,2014-05-18T05:00Z,1.0,0,4.2984977,10.9616667,2.16,0.0,-0.0256667,-0.0225,0.0,0.0,0.0,0.0,0.0,0.0,0.0,0.0,0.0,-0.0628652,,-0.0266667,-0.0286667,0.0,0.0,-0.0068333,5,0.0453333,32.594,0.0,1.9644444
BOBOA,A_tropical_8,JJA,2014-06-07T08:00Z,1.0,0,8.2752796,48.6816667,42.91,18.97,-0.0478333,-0.0328333,-0.2330801,-0.2842669,-0.1120099,-0.2353687,-0.0794432,-0.031453,-0.0860509,-0.0556364,-0.2020331,-0.3057573,5.175122,-0.0315,-0.1213333,-0.1763747,-1.0389276,-0.1127667,5,-0.045,32.6755,8.2,26.5697222
BOBOA,A_tropical_8,JJA,2014-06-09T21:00Z,1.0,0,5.7181518,20.9683333,8.1733333,2.98,-0.033,-0.022,-0.0876868,-0.1172702,-0.0166148,-0.0878563,-0.017918,-0.0027705,-0.0219423,-0.013644,-0.0155123,-0.1753467,5.5489826,-0.0263333,0.0133333,-0.0584702,-0.0825198,0.0029333,5,0.1068333,32.729,1.7183333,4.1363889
BOBOA,A_tropical_8,JJA,2014-06-13T10:00Z,1.0,0,9.6333671,87.6216667,51.585,39.71,-0.023,-0.0055,-0.3296453,-0.3970525,-0.1945478,-0.3318546,-0.1493359,-0.0703498,-0.157323,-0.1211535,-0.2426666,-0.1626347,3.1900073,0.0091667,-0.122,-0.2302785,-0.606807,-0.0930667,5,0.0381667,32.9855,23.0833333,10.2156944
BOBOA,A_tropical_8,JJA,2014-06-15T12:00Z,1.0,0,6.5161037,17.8366667,18.0666667,47.945,-0.0626667,-0.0578333,-0.5047066,-0.764347,-0.1620733,-0.5125834,-0.2124538,-0.0668013,-0.2617777,-0.1481001,-0.2373376,-0.2328064,2.4907776,-0.0358333,-0.0538333,-0.1973482,-0.9641332,-0.0283333,5,-0.0338333,32.9085,29.2583333,10.9591667
BOBOA,A_tropical_8,JJA,2014-06-17T13:00Z,1.0,0,6.0724618,15.28,15.4483333,38.965,-0.1363333,-0.1306667,-0.6834869,-0.9327146,-0.168208,-0.7009807,-0.1989041,-0.0541478,-0.251596,-0.1277831,-0.1690907,-0.3131592,4.0236515,-0.1006667,-0.2005,-0.2828044,-0.6936583,-0.0261667,5,-0.0603333,33.158,24.3254167,11.51375
BOBOA,A_tropical_8,JJA,2014-07-09T02:00Z,1.0,0,9.6976499,34.57,15.605,4.45,-0.0403333,-0.0213333,-0.027728,-0.0196525,-0.0216934,-0.0278654,-0.0095193,-0.0100543,-0.0091455,-0.0071198,-0.0248244,-0.1504652,8.3495746,-0.0645,-0.0038333,-0.0310992,-0.0651194,-0.0201,5,0.0036667,32.3945,1.61625,13.98875
BOBOA,A_tropical_8,JJA,2014-07-18T07:00Z,1.0,0,11.288423,34.7983333,12.88,14.885,-0.0045,0.0011667,-0.127094,-0.154238,-0.0801003,-0.1274415,-0.0454483,-0.0229293,-0.0472329,-0.0312168,-0.1194321,-0.0883974,3.8939433,0.0003333,-0.0153333,-0.0786654,-0.3204779,0.0181333,5,0.035,32.616,7.4708333,6.0116667
BOBOA,A_tropical_8,JJA,2014-07-24T02:00Z,1.0,0,12.3685553,20.2083333,13.7216667,27.1,0.0763333,0.082,-0.1763683,-0.212727,-0.1195037,-0.1772655,-0.0790251,-0.043473,-0.0816942,-0.0613662,-0.0656299,-0.0779614,2.849635,0.054,0.1006667,-0.1082399,-0.1819998,-0.0226,5,-0.009,32.754,15.755,5.8090278
BOBOA,A_tropical_8,JJA,2014-07-31T04:00Z,1.0,0,8.8785723,14.875,12.655,2.07,-0.027,-0.022,-0.0374394,-0.0370757,-0.0255208,-0.0375003,-0.0075983,-0.0048637,-0.0076779,-0.010081,-0.0100973,-0.1469389,6.2768031,0.0003333,-0.0838333,-0.0475524,-0.0419429,-0.0006667,5,0.0226667,33.124,1.2825,7.8829167
BOBOA,A_tropical_8,JJA,2014-08-21T23:00Z,1.0,0,4.4128789,15.2383333,14.8683333,21.375,0.0245,-0.0261667,-0.3316067,-0.5317042,-0.0558737,-0.3391579,-0.0912822,-0.0199877,-0.1281366,-0.0448377,-0.1211407,-0.330354,3.9296762,0.0388333,-0.6026667,-0.1265287,-0.5553392,-0.0078333,5,-0.264,32.7545,11.5370833,6.7893056
BOBOA,A_tropical_8,JJA,2014-08-24T20:00Z,1.0,0,7.9254967,10.52,0.6,0.0,-0.0006667,-0.0008333,0.0049123,0.0050292,0.0025424,0.0049141,0.0006806,0.0002351,0.000701,0.0005864,0.0009493,-0.0166611,,-0.0073333,0.387,0.0041779,0.0071214,-0.0114,5,-0.0073333,31.008,0.0,0.55
BOBOA,A_tropical_8,SON,2014-09-02T01:00Z,1.0,0,8.7406509,67.955,35.125,23.355,-0.1441667,-0.1206667,-0.2668672,-0.3217696,-0.131351,-0.2686642,-0.0866622,-0.0329151,-0.0926895,-0.0633896,-0.1556977,-0.2668525,3.9951147,-0.0456667,-0.3018333,-0.191217,-0.4462817,-0.0319,5,0.0173333,32.109,12.0091667,17.6818056
BOBOA,A_tropical_8,SON,2014-09-04T08:00Z,1.0,0,8.4617903,42.8733333,19.625,4.835,0.0063333,0.0153333,-0.0939449,-0.1155127,-0.0342876,-0.0942212,-0.021851,-0.0065976,-0.0242687,-0.0135252,-0.0182653,-0.1585861,4.9678737,-0.0165,0.0436667,-0.0414884,-0.0825787,-0.0487667,5,-0.0711667,31.8775,2.6925,14.9123611
BOBOA,A_tropical_8,SON,2014-09-13T00:00Z,1.0,0,5.6484367,53.5866667,1.2283333,4.99,0.1408333,0.1415,-0.167242,-0.169536,-0.111475,-0.1678879,-0.040389,-0.027244,-0.0412576,-0.0518357,-0.1142333,-0.0280845,9.0645532,0.1718333,-0.2213333,-0.1967343,-0.3122784,-0.0427,5,0.1383333,31.9995,4.57375,1.09375
BOBOA,A_tropical_8,SON,2014-09-17T05:00Z,1.0,0,9.9478398,20.3766667,5.06,0.0,0.0106667,0.0115,0.0062196,0.0062373,0.00581,0.006222,0.0012696,0.0011535,0.0012747,0.0008057,0.005045,-0.0522585,,0.012,0.0143333,0.0046668,0.013583,-0.0140333,5,0.0281667,31.913,0.0,3.1438889
BOBOA,A_tropical_8,SON,2014-10-04T15:00Z,1.0,0,2.9835673,25.7316667,23.8383333,2.57,-0.095,-0.0021667,-0.0092228,-0.0480866,-0.0205837,-0.009232,-0.0052065,-0.0069716,-0.0115164,-0.00966,0.0103309,-1.2621878,3.6387665,-0.1658333,-0.0291667,-0.0256991,0.0939715,0.0764667,5,0.0223333,32.2685,2.27,21.7759722
BOBOA,A_tropical_8,SON,2014-11-03T21:00Z,1.0,0,8.600617,12.6266667,6.8766667,45.085,-0.0345,-0.0301667,-0.2512829,-0.3376476,-0.0919668,-0.2533648,-0.112018,-0.0258639,-0.1229057,-0.057827,-0.3234301,-0.0789059,2.3695418,-0.025,-0.0643333,-0.1525303,-0.6901839,-0.0004667,5,0.1006667,32.292,15.9891667,3.6227778
BOBOA,A_tropical_8,DJF,2014-12-23T10:00Z,1.0,0,7.1070226,13.555,13.555,0.525,0.0255,0.0383333,-0.0117147,-0.0140699,-0.0056033,-0.0117199,-0.0028744,-0.001114,-0.0030857,-0.003273,-0.0015862,-0.2021441,4.5784257,0.02,-0.0715,-0.0110463,-0.0068705,0.0481,5,0.022,33.95,0.42875,10.1740278
BOBOA,A_tropical_8,DJF,2014-12-29T03:00Z,1.0,0,6.9597456,26.95,11.4883333,36.3,0.041,0.0446667,-0.6455427,-0.8100868,-0.2039564,-0.6549948,-0.22631,-0.0631687,-0.2569365,-0.2246007,-0.1495087,-0.2262149,3.1603753,0.0396667,-0.0068333,-0.5052187,-0.4839714,-0.051,5,0.0515,33.785,27.2220833,9.3454167
BOBOA,A_tropical_8,MAM,2016-05-22T05:00Z,1.0,0,8.3368463,25.1933333,25.1933333,2.285,-0.0826667,-0.0651667,-0.068699,-0.0742045,-0.0406361,-0.0688048,-0.0154037,-0.0094718,-0.0162102,-0.0180246,-0.0069858,-0.3080296,8.4619902,-0.0825,-0.0961667,-0.0688525,-0.0347041,0.0276667,5,-0.0191667,33.1295,1.8954167,19.8913889
BOBOA,A_tropical_8,JJA,2016-06-01T06:00Z,1.0,0,6.0377551,12.6983333,12.4533333,5.95,0.0183333,0.0343333,-0.0513442,-0.0909839,0.0051426,-0.0515719,-0.0150609,-0.0001739,-0.0200988,-0.0035054,-0.1323434,-0.305606,0.6537931,-0.0081667,0.0646667,-0.0075774,-0.5649077,-0.0506333,5,-0.0181667,33.3085,1.8125,9.2780556
BOBOA,A_tropical_8,JJA,2016-06-04T09:00Z,1.0,0,4.6875143,18.595,14.24,1.09,-0.108,-0.0278333,-0.0103895,-0.0190041,0.0131035,-0.0104372,-0.000185,0.0036783,-0.0007156,-0.0083627,0.0229736,-0.6676423,-4.0341234,-0.164,-0.0433333,-0.0348072,0.0549841,0.0024,5,0.0151667,33.461,1.0354167,11.3594444
BOBOA,A_tropical_8,JJA,2016-06-13T07:00Z,1.0,0,9.8908001,29.8166667,29.9533333,6.65,-0.0311667,-0.0286667,-0.0958914,-0.1125734,-0.0571403,-0.0960737,-0.0296543,-0.0148088,-0.031017,-0.0241435,-0.0230192,-0.1838121,5.8433066,-0.0148333,-0.025,-0.0707625,-0.0837456,-0.0748667,5,0.019,33.3145,3.5579167,14.2425
BOBOA,A_tropical_8,JJA,2016-07-01T14:00Z,1.0,0,11.4248354,27.6283333,12.4216667,2.515,-0.0051667,-0.003,-0.0205704,-0.0224176,-0.0131558,-0.020597,-0.0023313,-0.0004677,-0.0025957,-0.0027503,0.0023885,-0.0622449,1.5073973,-0.0135,0.0573333,-0.015196,-0.0056327,-0.0025,5,0.0161667,32.2785,1.825,9.24625
BOBOA,A_tropical_8,JJA,2016-07-07T14:00Z,1.0,0,11.9215936,25.185,18.5116667,44.73,0.0015,0.0085,-0.26966,-0.3240317,-0.1778194,-0.2712041,-0.1355125,-0.071718,-0.1404046,-0.1000869,-0.1779995,-0.1329579,2.5276896,-0.0266667,0.0693333,-0.17229,-0.4113768,0.0007,5,-0.008,32.554,25.8204167,10.35125
BOBOA,A_tropical_8,JJA,2016-07-15T19:00Z,1.0,0,8.2662257,15.6833333,15.1866667,0.0,-0.0303333,-0.017,0.0,0.0,0.0,0.0,0.0,0.0,0.0,0.0,0.0,-0.1645805,,-0.0535,0.0308333,0.0,0.0,0.0018,5,0.0168333,32.7245,0.0,12.9222222
BOBOA,A_tropical_8,JJA,2016-07-18T01:00Z,1.0,0,4.0546456,14.45,14.6066667,4.19,-0.0558333,-0.019,-0.1004562,-0.1666781,-0.0101307,-0.100719,-0.0193274,-0.0017433,-0.0289762,-0.0107944,-0.0550615,-0.8197119,6.2369009,-0.0476667,-0.0455,-0.0622788,-0.2498023,0.0070333,5,-0.0035,32.817,1.4204167,12.3855556
BOBOA,A_tropical_8,JJA,2016-07-27T08:00Z,1.0,0,2.9847745,18.37,17.575,10.03,-0.1183333,0.0328333,-0.632431,-1.0834582,-0.0747691,-0.6411164,-0.1009555,-0.0130607,-0.1710842,-0.0760431,-0.0987756,-0.7064627,8.207731,-0.0636667,-0.003,-0.3877688,-0.6192608,-0.0367333,5,0.1396667,32.973,7.21125,12.7895833
BOBOA,A_tropical_8,JJA,2016-08-04T09:00Z,1.0,0,10.4690436,13.4466667,13.4466667,16.325,-0.07,-0.0695,-0.113449,-0.1318145,-0.0800664,-0.1137964,-0.0551993,-0.0329543,-0.0568704,-0.0723418,-0.0249761,-0.0943919,1.8612386,-0.0745,-0.0838333,-0.127412,-0.0629181,-0.0297333,5,0.0115,32.8935,14.4925,10.6269444
BOBOA,A_tropical_8,MAM,2017-04-14T01:00Z,1.0,0,6.2921701,80.0216667,7.5333333,12.885,-0.0411667,-0.0401667,-0.2535722,-0.3506464,-0.0927115,-0.2548518,-0.0654276,-0.0219298,-0.0807242,-0.0598693,-0.1972882,-0.1005982,5.1370545,-0.0446667,-0.4601667,-0.2125469,-1.2163796,0.0013,5,-0.0296667,32.693,7.6070833,6.5786111
BOBOA,A_tropical_8,MAM,2017-05-25T13:00Z,1.0,0,5.1996642,12.965,2.6016667,0.0,-0.0965,-0.062,0.0,0.0,0.0,0.0,0.0,0.0,0.0,0.0,0.0,-0.1378736,,-0.1165,-0.0306667,0.0,0.0,-0.0234667,5,0.0035,33.5465,0.0,2.29625
BOBOA,A_tropical_8,MAM,2017-05-28T00:00Z,1.0,0,9.0469751,38.7533333,14.0433333,23.29,-0.1148333,-0.1081667,-0.0933935,-0.1353276,-0.034365,-0.0938082,-0.0459541,-0.0103123,-0.049914,-0.0078023,-0.2764937,-0.0961173,2.3631667,-0.1225,-0.1661667,-0.0163652,-0.5136762,-0.0140667,5,-0.3081667,32.7815,5.8370833,4.9072222
BOBOA,A_tropical_8,JJA,2017-06-17T00:00Z,1.0,0,7.8542725,29.8616667,30.095,18.065,-0.1498333,-0.1045,-0.2260035,-0.2854987,-0.1003052,-0.227042,-0.0691815,-0.0218244,-0.0757852,-0.0408692,-0.1199646,-0.3850328,4.6778864,-0.1705,-0.1443333,-0.1440984,-0.4247749,0.0145667,5,0.0228333,33.5805,7.8533333,26.2476389
BOBOA,A_tropical_8,JJA,2017-06-23T11:00Z,1.0,0,10.5284976,63.605,5.745,7.835,-0.0138333,-0.0126667,-0.0332674,-0.0456625,-0.0208372,-0.0333975,-0.0118776,-0.0046218,-0.0127142,-0.0089565,-0.0047927,-0.0540923,1.3114908,-0.0078333,-0.0508333,-0.0065764,-0.0189586,0.0112,5,0.0261667,32.8785,5.34125,3.8268056
BOBOA,A_tropical_8,JJA,2017-06-26T01:00Z,1.0,0,9.7305458,11.42,1.04,0.0,-0.0225,-0.0225,0.019761,0.0198201,0.0184123,0.0197763,0.0076036,0.0072198,0.0076203,0.006842,-0.0506341,-0.0068423,,-0.0153333,-0.0388333,0.0172346,-0.107218,0.0011333,5,0.0238333,32.782,0.0,0.9533333
BOBOA,A_tropical_8,JJA,2017-06-29T13:00Z,1.0,0,7.7480399,25.5266667,22.245,8.86,0.0396667,0.0466667,-0.1737982,-0.2165001,-0.0685032,-0.1745103,-0.0447632,-0.0150789,-0.0496288,-0.0376223,-0.0299367,-0.2852775,4.3638574,0.0343333,0.0695,-0.101646,-0.1345904,0.0095,5,-0.0361667,32.793,6.17,17.1368056
BOBOA,A_tropical_8,JJA,2017-07-06T10:00Z,1.0,0,10.0456221,41.7216667,19.4433333,23.9,-0.0191667,-0.012,-0.1382331,-0.1782931,-0.0763182,-0.1387424,-0.0587633,-0.0228011,-0.0621297,-0.0230847,-0.270384,-0.0963782,3.5024139,-0.013,-0.0675,-0.0667468,-0.6425716,-0.0021,5,-0.0076667,32.889,7.7675,6.2086111
BOBOA,A_tropical_8,JJA,2017-07-12T06:00Z,1.0,0,8.5930721,17.7533333,2.6483333,3.645,-0.0523333,-0.0518333,-0.0427032,-0.0545654,-0.0222851,-0.0427399,-0.013243,-0.0051943,-0.0141771,-0.0105701,-0.1016178,-0.0431599,5.052989,-0.0186667,-0.1336667,-0.0327985,-0.2969,-0.0096667,5,0.0728333,33.12,1.6245833,2.0823611
BOBOA,A_tropical_8,JJA,2017-07-21T01:00Z,1.0,0,8.947382,87.5233333,31.0333333,5.855,-0.077,-0.069,-0.0695825,-0.086132,-0.0346028,-0.0697043,-0.020974,-0.0081063,-0.022336,-0.011248,-0.0619107,-0.0756686,4.1114541,-0.0501667,-0.234,-0.0311091,-0.1812289,0.0382667,5,-0.065,32.5205,3.0775,4.8127778
BOBOA,A_tropical_8,JJA,2017-08-16T17:00Z,1.0,0,9.0696099,10.9733333,0.7533333,2.43,-0.0053333,-0.0046667,-0.0211117,-0.0181232,-0.0149531,-0.0211693,-0.0056257,-0.0044604,-0.0058654,-0.0095243,0.0024526,-0.009544,5.3591241,-0.0345,0.0573333,-0.0315893,0.015911,0.0330333,5,0.1246667,32.8755,2.055,0.6658333
BOBOA,A_tropical_8,JJA,2017-08-18T20:00Z,1.0,0,6.957633,21.5133333,20.425,15.39,-0.1021667,-0.0411667,-0.3941241,-0.507771,-0.1185758,-0.3978699,-0.0853416,-0.0221119,-0.1042937,-0.061287,-0.083652,-0.3932201,5.5472605,-0.1223333,-0.1168333,-0.2396403,-0.4115682,-0.0122333,5,0.0238333,32.899,9.1708333,15.1804167
BOBOA,A_tropical_8,JJA,2017-08-24T11:00Z,1.0,0,8.4645065,47.2766667,43.0283333,27.36,-0.2441667,-0.2261667,-0.2387297,-0.3043782,-0.1052721,-0.2401383,-0.086576,-0.0266407,-0.0934431,-0.0493522,-0.1118655,-0.2990713,3.0184163,-0.1236667,-0.4521667,-0.1394149,-0.396724,0.0003667,5,-0.1516667,31.755,12.8554167,19.4293056
BOBOA,A_tropical_8,JJA,2017-08-31T03:00Z,1.0,0,6.435222,82.9583333,82.9583333,17.055,-0.4265,-0.1563333,-0.5014675,-0.5824731,-0.1557821,-0.5070407,-0.1340357,-0.0371141,-0.1468918,-0.1430491,-0.0757991,-0.8966302,5.1519012,-0.3646667,-0.0613333,-0.4850243,-0.2977549,0.0587333,5,-0.1225,32.217,12.9525,57.7959722
BOBOA,A_tropical_8,SON,2017-09-16T04:00Z,1.0,0,7.1999762,108.9083333,57.1,29.97,-0.8038333,-0.7401667,-0.1758542,-0.2437034,-0.0483217,-0.1775282,-0.0859967,-0.0149086,-0.0972525,-0.0075186,-0.2542239,-0.5944241,2.0682988,-0.7006667,-1.0551667,-0.023085,-0.6380697,0.0689667,5,-0.071,33.607,9.4633333,30.6166667
BOBOA,A_tropical_8,SON,2017-09-30T17:00Z,1.0,0,4.4484909,25.4733333,15.1216667,0.0,-0.0893333,0.0288333,0.021711,0.0244186,0.001164,0.0217393,0.003008,-0.0003268,0.0033143,0.0026658,0.0039425,-0.799854,,-0.017,-0.002,0.0189136,0.0297695,-0.0374667,5,-0.0026667,32.488,0.0,12.18125
BOBOA,A_tropical_8,SON,2017-10-12T07:00Z,1.0,0,2.6681892,15.36,4.43,0.0,-0.0965,-0.0205,0.0,0.0,0.0,0.0,0.0,0.0,0.0,0.0,0.0,-0.2414496,,-0.0865,-0.013,0.0,0.0,0.0124667,5,0.044,32.2985,0.0,3.7375
BOBOA,A_tropical_8,SON,2017-11-07T19:00Z,1.0,0,7.3137537,26.165,25.6183333,6.34,-0.1376667,-0.1131667,-0.1359401,-0.1659321,-0.0572018,-0.1363609,-0.0343783,-0.0116844,-0.0375326,-0.0378242,-0.0207516,-0.2995257,4.431862,-0.1185,-0.1378333,-0.1325389,-0.0892952,0.0322,5,-0.052,32.3865,4.9275,15.3859722
BOBOA,A_tropical_8,SON,2017-11-09T14:00Z,1.0,0,7.8243946,35.8566667,7.7216667,5.12,-0.0595,-0.0483333,0.0231007,0.0417356,-0.0376965,0.0234316,0.0230384,-0.0055596,0.0236437,0.0223923,0.042671,-0.0992962,2.8836123,-0.0816667,0.0196667,0.0265291,0.1065475,-0.0685667,5,0.0051667,32.315,2.9341667,6.9490278
BOBOA,A_tropical_8,SON,2017-11-23T15:00Z,1.0,0,4.2040352,20.2616667,1.055,0.0,-0.0395,-0.0405,0.0,0.0,0.0,0.0,0.0,0.0,0.0,0.0,-0.0231597,-0.021547,,-0.0065,-0.4401667,0.0,-0.1400473,0.1065667,5,-0.1938333,31.4865,0.0,0.4765278
BOBOA,A_tropical_8,DJF,2017-12-05T22:00Z,1.0,0,9.4854865,72.155,4.66,23.28,-0.0283333,-0.0255,-0.1696941,-0.2164019,-0.0856037,-0.1704049,-0.0695277,-0.0250038,-0.0739586,-0.0278156,-0.202949,-0.0628764,3.2067914,-0.0153333,-0.106,-0.0725874,-0.5294315,0.0614333,5,0.0858333,33.264,9.42375,2.4883333
BOBOA,A_tropical_8,DJF,2017-12-29T03:00Z,1.0,0,8.2719599,13.2966667,3.4566667,0.0,-0.0381667,-0.037,0.0,0.0,0.0,0.0,0.0,0.0,0.0,0.0,-0.0055954,-0.0739736,,-0.0305,-0.0498333,0.0,-0.0203295,0.0152,5,-0.0185,32.7795,0.0,2.8469444
TAO170W,A_tropical_8,JJA,2008-06-23T16:00Z,1.0,0,4.0386503,10.372,8.4153333,4.39,-0.0613333,-0.0311667,-0.2106225,-0.272276,-0.0361514,-0.211558,-0.0431316,-0.0065705,-0.0532392,-0.0458544,-0.0266262,-0.3125527,5.6163477,-0.0531667,-0.0908333,-0.1999272,-0.1265724,-0.0025,5,-0.003,35.2855,3.6295833,6.579
TAO170W,A_tropical_8,JJA,2008-07-08T12:00Z,1.0,0,5.5165513,12.2066667,2.7083333,0.23,-0.002,-0.001,-0.0057243,-0.0078551,-0.0009096,-0.0057261,-0.0012191,-0.0001449,-0.0014677,0.0,-0.001228,-0.098024,5.2173748,-0.0085,0.0045,0.0,-0.0069379,-0.0019333,5,-0.0081667,35.2615,0.1054167,2.4826389
TAO170W,A_tropical_8,DJF,2015-12-04T10:00Z,1.0,0,5.5268124,25.4133333,7.5316667,2.52,-0.076,-0.0591667,-0.0774231,-0.0158379,-0.0898552,-0.0787522,-0.017821,-0.0215191,-0.0031887,-0.0288702,0.0368535,-0.164969,11.2541916,-0.0353333,-0.1601667,-0.1442529,0.1971715,0.0002667,5,-0.0008333,34.28,1.8945833,6.5995833
TAO170W,A_tropical_8,DJF,2015-12-11T06:00Z,1.0,0,2.0962835,10.57,10.6033333,1.935,-0.078,-0.0053333,-0.0872662,-0.2354862,-0.0071943,-0.0874035,-0.0140805,-0.0011659,-0.0377993,-0.0135804,-0.0351748,-0.5884462,8.7562888,-0.0726667,-0.1168333,-0.0803058,-0.2465033,-0.0443889,3,-0.042,34.141,0.9304167,9.5702778
TAO170W,A_tropical_8,DJF,2015-12-13T23:00Z,1.0,0,3.3070939,11.47,5.1283333,0.795,-0.0475,-0.0235,-0.0143614,-0.0342809,-5.2e-05,-0.0143779,-0.0027704,-7.8e-06,-0.0063388,0.0,-0.0371171,-0.2577447,4.7496855,-0.0441667,-0.0166667,0.0,-0.1929836,0.00575,4,-0.008,34.1855,0.19875,4.1106944
TAO170W,A_tropical_8,DJF,2015-12-19T00:00Z,1.0,0,6.3256696,38.4566667,2.6483333,6.205,0.0033333,0.0053333,-0.1861518,-0.2335916,-0.0620505,-0.186856,-0.039513,-0.0111388,-0.0450525,-0.0330689,-0.0445873,-0.0583838,7.3519402,0.0003333,0.0266667,-0.1442154,-0.2239878,-0.017,5,-0.0286667,34.185,3.4158333,2.3601389
TAO170W,A_tropical_8,DJF,2016-01-03T22:00Z,1.0,0,3.9100847,25.8091667,10.1475,18.565,-0.0321667,-0.0008333,-0.4700589,-0.7708185,-0.0674551,-0.4782811,-0.0966588,-0.0131758,-0.1526021,-0.0479371,-0.1686605,-0.2370151,5.9550074,-0.0106667,-0.0666667,-0.2223097,-1.0137311,0.0127917,4,0.0096667,34.123,7.8345833,5.2082639
TAO170W,A_tropical_8,DJF,2016-01-09T04:00Z,1.0,0,9.2938452,43.295,15.09,15.11,-0.0291667,-0.0255,-0.1348749,-0.1579606,-0.0929413,-0.1355682,-0.0566851,-0.0327117,-0.0581595,-0.0666926,-0.0396519,-0.1512861,2.6309069,-0.0231667,-0.0343333,-0.1320244,-0.0982283,-0.0549667,5,0.0195,34.4965,12.295,11.9152778
TAO170W,A_tropical_8,DJF,2016-01-16T19:00Z,1.0,0,5.1839708,68.7691667,48.5108333,23.57,-0.1061667,-0.026,-0.5137232,-0.7947012,-0.1167961,-0.5196029,-0.1297423,-0.0260852,-0.1750449,-0.0827484,-0.2719284,-0.713682,4.5153203,-0.0363333,-0.2191667,-0.2873613,-1.1619497,-0.0146111,3,0.032,34.228,12.5895833,15.2209028
TAO170W,A_tropical_8,DJF,2016-01-18T23:00Z,1.0,0,5.2075109,93.695,92.2,73.7,-0.8246667,-0.0231667,-2.473289,-3.6414753,-0.2095892,-2.6490109,-0.5278163,-0.0460699,-0.7775225,-0.2892167,-0.5226714,-3.1745237,5.2749614,-0.4085,-0.2048333,-1.1895031,-2.3580461,0.0215833,4,0.0216667,34.2325,40.4475,63.7594444
TAO170W,A_tropical_8,DJF,2016-01-23T20:00Z,1.0,0,4.5390301,24.72,11.915,6.81,-0.136,-0.0336667,-0.3492827,-0.4442637,-0.052013,-0.352188,-0.0690471,-0.0074587,-0.0855887,-0.0826116,-0.0309299,-0.4768004,5.0062796,-0.0923333,-0.1528333,-0.3743023,-0.1658314,0.0171,5,0.0298333,34.195,5.8658333,10.1006944
TAO170W,A_tropical_8,DJF,2016-01-27T11:00Z,1.0,0,7.215066,19.3103333,3.185,7.12,0.0055,0.0058333,-0.0982788,-0.1259298,-0.0397549,-0.0986546,-0.0279475,-0.0079028,-0.0305659,-0.0157014,-0.1211106,-0.0831843,4.7110999,-0.0048333,0.0078333,-0.0554543,-0.4260399,0.0239333,5,0.0085,34.2875,3.1495833,2.9148611
TAO170W,A_tropical_8,DJF,2016-02-02T02:00Z,1.0,0,3.7821227,16.825,15.945,12.275,-0.1406667,0.0261667,-1.1875679,-0.983257,-0.1728303,-1.2215416,-0.1872705,-0.0310849,-0.1431406,-0.1805917,-0.1438068,-0.45993,13.8807142,-0.0511667,-0.511,-1.1213865,-0.8127384,0.0144333,5,-0.0756667,34.1875,8.47125,11.2301389
TAO170W,A_tropical_8,DJF,2016-02-06T02:00Z,1.0,0,4.1648016,61.25,34.1966667,7.925,-0.2363333,-0.0948333,-0.0708996,-0.1790094,-0.1897831,-0.072165,-0.0247478,-0.0468693,-0.0487507,-0.0419909,-0.0912544,-0.5060258,9.230183,-0.1576667,-0.175,-0.1340463,-0.3631677,0.0155333,5,0.0473333,34.177,4.98625,19.2372222
TAO170W,A_tropical_8,DJF,2016-02-12T11:00Z,1.0,0,5.3113292,62.9833333,58.1883333,53.975,-0.3418333,-0.1101667,-0.9399395,-1.7082005,-0.1648601,-0.9595531,-0.2913608,-0.0444071,-0.4139958,-0.1750066,-0.4654092,-0.8506073,2.9893498,-0.166,-0.3433333,-0.5514061,-2.1865112,0.0229667,5,-0.0083333,34.204,28.7554167,31.2676389
TAO170W,A_tropical_8,DJF,2016-02-23T11:00Z,1.0,0,7.9273074,34.594,34.594,42.525,-0.2403333,-0.1285,-0.4311585,-0.5379688,-0.1659583,-0.4358407,-0.1743603,-0.0468826,-0.1918848,-0.0979279,-0.1923815,-0.3986593,2.5986365,-0.2055,-0.0306667,-0.2285793,-0.5389174,0.0110667,5,-0.0181667,34.7145,21.81875,27.7432778
TAO170W,A_tropical_8,MAM,2016-03-03T05:00Z,1.0,0,6.6854119,59.9366667,1.1133333,0.56,0.0126667,0.0148333,-0.0148315,-0.018639,-0.0046035,-0.01484,-0.0033141,-0.0009204,-0.0036909,-0.0037335,-0.0013359,-0.028475,4.080003,0.0336667,-0.0491667,-0.0135246,-0.0061393,-0.0011667,5,0.0265,34.833,0.4583333,0.9230556
TAO170W,A_tropical_8,MAM,2016-03-05T16:00Z,1.0,0,3.1884876,12.36,3.9816667,13.975,-0.0235,-0.0021667,-0.5760437,-0.9993465,-0.0027148,-0.5890627,-0.0736585,0.0161659,-0.1417673,-0.039548,-0.1203438,-0.1520759,2.8453138,0.0086667,-0.061,-0.2499925,-0.9744337,0.0096,5,0.0018333,34.835,7.66875,1.7151389
TAO170W,A_tropical_8,MAM,2016-03-17T21:00Z,1.0,0,6.9259443,55.3213333,1.4933333,0.0,-0.0015,-0.0021667,0.0,0.0,0.0,0.0,0.0,0.0,0.0,0.0,-0.0279694,-0.045981,,-0.0185,0.053,0.0,-0.0889903,0.009,5,-0.0366667,35.0115,0.0,1.2461111
TAO170W,A_tropical_8,MAM,2016-03-25T12:00Z,1.0,0,4.0335198,15.1283333,13.095,11.945,-0.188,-0.0255,-0.5147373,-0.7245311,-0.1086789,-0.519636,-0.1000289,-0.0190939,-0.1347852,-0.0769943,-0.1062185,-0.3059363,7.5479088,-0.127,-0.5918333,-0.358503,-0.6142239,0.0158333,5,-0.0016667,35.124,7.1541667,11.4459722
TAO170W,A_tropical_8,MAM,2016-03-27T19:00Z,1.0,0,4.2061478,14.286,1.0833333,0.0,0.0215,0.0148333,0.0,0.0,0.0,0.0,0.0,0.0,0.0,0.0,0.0,-0.0289746,,0.014,0.0288333,0.0,0.0,0.0044,5,-0.012,35.097,0.0,0.6569444
TAO170W,A_tropical_8,MAM,2016-03-29T20:00Z,1.0,0,7.4012749,17.68,17.73,8.1,-0.1115,-0.0933333,-0.1195443,-0.1501337,-0.019369,-0.1201751,-0.0141608,0.0127401,-0.0177736,-0.0147312,0.0097712,-0.1827639,-0.6899093,-0.1236667,-0.0606667,-0.0890136,-0.0504979,0.0103333,5,-0.019,35.102,5.5166667,12.9886111
TAO170W,A_tropical_8,MAM,2016-04-20T09:00Z,1.0,0,3.5023567,18.015,0.6,0.0,-0.0103333,-0.0156667,-0.0665798,-0.0752145,-0.012288,-0.0666853,-0.0110836,-0.0021342,-0.0124708,-0.0134586,-0.01009,-0.0382662,,-0.0028333,-0.0258333,-0.0838008,-0.0498282,-0.0038333,5,-0.0375,35.0995,0.0,0.5288889
TAO170W,A_tropical_8,JJA,2017-07-06T01:00Z,1.0,0,5.9309189,19.09,12.7033333,0.255,-0.0591667,,-0.0083706,-0.0107054,,-0.0083743,-0.0016784,,-0.0019434,-0.0013067,-0.0062128,-0.2342308,5.5,-0.0658333,-0.0248333,-0.0039179,-0.0305409,-0.0012667,5,0.0011667,35.3165,0.17,9.6741667
TAO170W,A_tropical_8,JJA,2017-07-22T14:00Z,1.0,0,7.0315733,10.565,6.505,12.81,-0.0088333,,-0.1978133,-0.2539518,,-0.1988261,-0.0579659,,-0.064397,-0.0245907,-0.0517479,-0.1501492,3.971223,-0.0063333,-0.0146667,-0.0731193,-0.2013815,-0.0005,5,0.0011667,35.442,6.42875,3.6231944
TAO170W,A_tropical_8,JJA,2017-07-26T03:00Z,1.0,0,5.3068022,12.1116667,2.8033333,1.35,-0.0171667,,-0.08826,-0.1073238,,-0.0884128,-0.0152352,,-0.0180876,-0.0157908,-0.0093725,-0.1432573,8.655675,-0.0211667,-0.0798333,-0.0906875,-0.0516309,-0.0029,5,0.0018333,35.3925,1.04625,2.4172222
TAO155W,A_tropical_8,DJF,2010-01-26T07:00Z,1.0,0,7.6614241,23.185,14.9633333,1.775,-0.0408333,,-0.0152592,-0.0229545,,-0.0152765,-0.004909,,-0.005551,0.0,-0.0079442,-0.1870654,3.63422,-0.0383333,-0.022,0.0,-0.0376641,-0.0101333,5,-0.0106667,35.285,0.4529167,11.1241667
TAO155W,A_tropical_8,DJF,2010-02-01T12:00Z,1.0,0,3.0771244,61.7633333,16.4583333,0.99,-0.078,,-0.0188639,-0.0414492,,-0.0188905,-0.0006996,,-0.0045266,0.0034579,-0.0820605,-0.9140796,-1.5151515,-0.0283333,-0.3373333,0.0064735,-0.3956621,0.0014667,5,0.0115,35.391,0.4125,9.82375
TAO155W,A_tropical_8,DJF,2010-02-11T02:00Z,1.0,0,4.0863343,16.4916667,16.6333333,1.65,-0.3208333,,-0.2886132,-0.4160807,,-0.2901629,-0.0421133,,-0.0616686,-0.0408401,-0.0318318,-0.7345503,20.8682459,-0.0231667,-0.3805,-0.2757812,-0.192883,0.0007667,5,-0.0051667,35.3645,1.1916667,7.6169444
TAO155W,A_tropical_8,DJF,2010-02-14T12:00Z,1.0,0,6.1829195,26.3966667,26.6783333,17.08,-0.1081667,,-0.355787,-0.4427371,,-0.3583166,-0.1011731,,-0.1130947,-0.1018554,-0.1105826,-0.3586212,3.5239948,-0.0935,-0.0513333,-0.2993358,-0.54431,0.0021333,5,0.0045,35.3095,12.6833333,20.5579167
TAO155W,A_tropical_8,DJF,2010-02-18T02:00Z,1.0,0,4.641943,34.9233333,15.26,24.09,-0.0815,,-0.694866,-0.7665425,,-0.7168167,-0.1529692,,-0.163112,-0.1168959,-0.1839641,-0.4272433,7.1623124,-0.0681667,-0.0285,-0.5986114,-0.6402463,0.0027667,5,0.009,35.3145,12.8158333,10.5647222
TAO155W,A_tropical_8,DJF,2010-02-21T02:00Z,1.0,0,5.6155408,13.8383333,13.8466667,6.37,-0.0626667,,-0.3627017,-0.4908302,,-0.3650795,-0.0787967,,-0.0995901,-0.0864502,-0.0491189,-0.3345831,7.6764845,-0.0498333,-0.0605,-0.3402927,-0.2345339,0.0043333,5,-0.0181667,35.3725,5.4608333,11.635
TAO155W,A_tropical_8,DJF,2010-02-25T08:00Z,1.0,0,9.9246014,20.8716667,16.475,4.34,-0.055,,-0.1151175,-0.1258391,,-0.1153299,-0.0266685,,-0.027623,-0.0237154,-0.0174774,-0.1714702,7.0732855,-0.0478333,-0.019,-0.1044457,-0.0748149,-0.0075,5,0.0018333,35.3835,2.7779167,13.5990278
TAO155W,A_tropical_8,MAM,2010-03-11T20:00Z,1.0,0,3.3722821,45.26,2.1233333,0.0,-0.0285,,0.0,0.0,,0.0,0.0,,0.0,0.0,-0.0741133,-0.079122,,-0.0218333,-0.0783333,0.0,-0.5315911,0.0107333,5,-0.0041667,35.3565,0.0,1.9463889
TAO155W,A_tropical_8,MAM,2010-03-16T12:00Z,1.0,0,4.744554,21.9766667,17.2366667,8.505,-0.1065,,-0.8478677,-1.4576011,,-0.8605149,-0.1265792,,-0.2059188,-0.1054056,-0.1734583,-0.3958662,13.3918422,-0.0551667,-0.1126667,-0.7561435,-1.1229624,0.0053667,5,-0.0056667,35.3485,4.68875,10.7752778
TAO155W,A_tropical_8,MAM,2010-04-03T10:00Z,1.0,0,5.2449338,26.4383333,4.55,3.795,-0.0075,,-0.0555971,-0.0923743,,-0.0557697,-0.0138432,,-0.0189587,-0.0004601,-0.0585697,-0.0991813,4.0917197,-0.0035,-0.0231667,0.0011208,-0.2925324,-0.0037667,5,0.0051667,35.3905,1.1775,2.4013889
TAO140W,A_tropical_8,JJA,2004-06-10T10:00Z,1.0,0,7.3620413,22.9666667,21.6816667,7.5,-0.0383889,,-0.0781151,-0.1027186,,-0.0783208,-0.0244864,,-0.0267772,-0.0062858,-0.0411555,-0.1637481,3.6507763,-0.0094167,-0.0394722,-0.0261445,-0.1539643,0.0019056,5,-0.0060833,35.36625,2.7375,8.05875
TAO140W,A_tropical_8,MAM,2005-03-27T17:00Z,1.0,0,3.6064767,12.16,5.8166667,0.15,-0.0575278,,0.0027848,0.0009347,,0.0027846,0.0020131,,0.0017494,0.0018858,0.0026221,-0.3838081,-25.5377778,-0.0669722,-0.0605556,0.0039455,0.0051301,-0.0013778,5,0.0108056,34.9715833,0.1125,4.9697222
TAO140W,A_tropical_8,JJA,2005-06-03T02:00Z,1.0,0,2.8423262,17.58,1.97,17.15,-0.0286944,,-0.6332248,-1.854272,,-0.6426149,-0.1091324,,-0.2996807,-0.0735247,-0.2273105,-0.0670415,6.0669861,-0.0224722,-0.1747778,-0.3323839,-1.4583044,0.0002111,5,-0.0139722,35.0454167,9.9125,1.2097222
TAO140W,A_tropical_8,JJA,2008-06-11T14:00Z,1.0,0,6.8257476,11.675,0.6666667,0.695,0.005,,-0.0236705,-0.0293099,,-0.0236829,-0.0047849,,-0.0053945,-0.0050349,-0.0028499,-0.0194731,5.4485962,0.003,0.0096667,-0.0221071,-0.0146508,-0.0029667,5,0.0061667,35.368,0.5504167,0.5230556
TAO140W,A_tropical_8,JJA,2008-08-06T02:00Z,1.0,0,5.2965411,11.5633333,6.6066667,2.295,-0.002,0.0018333,-0.0094644,-0.0195091,-0.0032828,-0.0094787,-0.0043909,-0.0006647,-0.0053795,0.0003464,-0.0353081,-0.0852342,3.3540541,0.0005,0.0068333,0.0018705,-0.156858,0.0029333,5,0.0101667,35.2995,0.37,1.7330556
TAO140W,A_tropical_8,JJA,2009-07-10T13:00Z,1.0,0,7.5144489,13.8966667,11.9816667,1.84,-0.0125,-0.0123333,-0.0270821,-0.0346138,-0.0110484,-0.0271067,-0.0075835,-0.002348,-0.0082294,-0.0027429,-0.0064534,-0.1211748,4.0873058,-0.0165,-0.0051667,-0.0035462,-0.0287714,0.0285667,5,0.0026667,35.2295,0.9583333,4.8818056
TAO140W,A_tropical_8,MAM,2015-04-12T14:00Z,1.0,0,2.9307528,34.2416667,34.27,23.29,-0.6088333,-0.0203333,-0.7636938,-1.5366118,-0.295226,-0.7889542,-0.1434309,-0.060176,-0.2713941,-0.1128244,-0.2355313,-1.127454,7.8785112,-0.2373333,-0.6533333,-0.4197018,-1.5675833,0.0269,5,-0.0086667,34.92,13.6254167,24.4044444
TAO140W,A_tropical_8,JJA,2015-06-30T06:00Z,1.0,0,6.3703356,24.2233333,1.93,1.125,-0.0211667,-0.0188333,-0.0860783,-0.0983902,-0.0336018,-0.0862223,-0.0156452,-0.0056649,-0.0171504,-0.0196365,-0.0102369,-0.0606761,11.1990687,-0.0195,-0.0303333,-0.1044461,-0.0494436,-0.0025667,5,-0.0043333,35.2335,1.07375,1.3036111
TAO140W,A_tropical_8,MAM,2016-03-03T02:00Z,1.0,0,2.3660902,14.94,4.6083333,0.345,-0.0881667,-0.0011667,-0.20081,-0.0591127,-0.0395492,-0.2028001,-0.027743,-0.0066795,0.0004131,-0.0331791,-0.0586103,-0.185271,143.04,-0.0615,-0.0915,-0.2561234,-0.2236752,-0.0033333,5,0.0258333,34.9565,0.14375,4.08125
TAO140W,A_tropical_8,MAM,2016-03-09T07:00Z,1.0,0,6.0012376,23.3283333,3.3433333,0.58,0.012,0.0108333,-0.0018592,-0.0064321,-6.3e-06,-0.0018604,-0.0011094,-1e-06,-0.001684,0.0,-0.0403433,-0.0939785,1.8814815,0.0096667,0.0108333,0.0,-0.1725755,0.0183,5,0.0195,35.017,0.0675,2.0969444
TAO125W,A_tropical_8,MAM,2010-04-24T12:00Z,1.0,0,7.7779178,12.7283333,8.8833333,5.99,-0.0371667,,-0.1017404,-0.1281511,,-0.1020416,-0.0282289,,-0.0309373,-0.0169577,-0.0233823,-0.1049861,4.0912195,-0.0518333,-0.0235,-0.0342387,-0.0951374,-0.0087667,5,0.0035,34.7305,3.5920833,7.4991667
TAO110W,A_tropical_8,MAM,2015-05-05T08:00Z,1.0,0,4.7149779,10.985,11.4083333,9.95,-0.0473333,,-0.1984033,-0.3152128,-0.0355299,-0.1995148,-0.0451656,-0.0060808,-0.0638035,-0.0178337,-0.1225508,-0.2115759,4.8016959,-0.0021667,-0.1343333,-0.0627001,-0.7367367,0.0135333,5,-0.0051667,34.9455,4.1266667,5.4415278
TAO110W,A_tropical_8,MAM,2015-05-06T15:00Z,1.0,0,6.6353136,18.9716667,1.5716667,0.68,-0.0251667,-0.0236667,0.0929772,0.0836805,0.0743461,0.0933746,0.0345971,0.0262823,0.0334023,0.0297785,0.0352246,-0.0320983,-38.6741278,-0.0163333,-0.08,0.0730696,0.0854382,0.0034667,5,-0.0123333,34.831,0.6420833,1.2743056
TAO110W,A_tropical_8,DJF,2018-02-28T15:00Z,1.0,0,3.7661274,16.54,16.5583333,0.0,-0.0036667,,-0.0093043,0.0171287,,-0.0093391,0.0010992,,0.0038789,-0.0016559,-0.0140512,-1.0061353,,-0.027,0.022,-0.0304734,-0.0744639,0.0593667,5,-0.0506667,33.854,0.0,13.9018056
KEO,B_subtropical_midlatitude_5,SON,2007-10-19T21:00Z,1.0,0,6.9177958,105.4391667,82.1441667,53.6,-0.3968333,,-0.5758648,-0.7728195,,-0.5842692,-0.2472363,,-0.2843569,-0.1300443,-0.4210828,-0.6497077,2.8557434,-0.0471667,-0.303,-0.2345968,-1.4010251,0.0235,5,-0.056,34.5085,28.4458333,40.8302083
KEO,B_subtropical_midlatitude_5,SON,2007-11-06T00:00Z,1.0,0,10.1367649,46.3516667,33.5316667,5.4,-0.1381667,,-0.0798594,-0.0901012,,-0.0799912,-0.0235854,,-0.0244336,-0.0215869,-0.0443022,-0.2514495,4.9147349,-0.0658333,-0.1101667,-0.062884,-0.1438211,0.0013667,5,0.018,34.3485,3.6083333,22.8509722
KEO,B_subtropical_midlatitude_5,SON,2007-11-28T09:00Z,1.0,0,9.1851982,95.2433333,12.065,4.4,-0.0065,,-0.071691,-0.1250434,,-0.0723172,-0.0104828,,-0.0131751,-0.0088658,-0.0105924,-0.1791614,3.4944718,-0.009,0.0085,-0.0786815,-0.0111389,0.006,5,-0.0101667,34.536,2.2458333,5.5895833
KEO,B_subtropical_midlatitude_5,DJF,2007-12-13T00:00Z,1.0,0,9.3110477,20.2666667,9.7266667,8.3,-0.0305,,-0.1126735,-0.136343,,-0.1129558,-0.0340151,,-0.0361141,-0.0258129,-0.0243854,-0.1043752,3.4413915,-0.0256667,-0.0025,-0.0732275,-0.100387,0.0029667,5,-0.0056667,34.658,5.2708333,4.6877778
KEO,B_subtropical_midlatitude_5,DJF,2007-12-22T12:00Z,1.0,0,13.3590537,28.0866667,8.5733333,8.05,-0.0088333,,-0.0538325,-0.0512473,,-0.053997,-0.0216634,,-0.0213626,-0.0201443,-0.0300936,-0.0836574,5.6799281,-0.0066667,-0.0156667,-0.0498126,-0.0600455,0.0014333,5,0.0098333,34.718,4.6083333,6.3222222
KEO,B_subtropical_midlatitude_5,DJF,2008-01-20T23:00Z,1.0,0,14.2255135,27.93,27.8766667,8.68,-0.0503333,,-0.0930953,-0.1011412,,-0.0932944,-0.02862,,-0.0291592,-0.0239878,-0.0168656,-0.1211065,5.6847783,-0.0098333,-0.035,-0.0752829,-0.0597331,0.0061,5,-0.0085,34.7045,5.9291667,11.1058333
KEO,B_subtropical_midlatitude_5,DJF,2008-01-28T14:00Z,1.0,0,11.3647777,11.45,10.35,8.255,-0.0518333,,-0.068364,-0.0841183,,-0.068491,-0.0214663,,-0.0224461,-0.0116939,-0.0272839,-0.0898582,3.2279391,-0.0351667,-0.1051667,-0.0410685,-0.1095569,0.0069,5,0.0025,34.6605,3.7104167,5.2711111
KEO,B_subtropical_midlatitude_5,DJF,2008-02-02T04:00Z,1.0,0,7.4000677,14.48,3.265,0.0,-0.042,,0.001203,0.0012111,,0.0012031,0.0001557,,0.0001574,0.0001267,-0.0013617,-0.0759563,,-0.0243333,-0.0735,0.0009644,-0.0080461,0.0034333,5,-0.0093333,34.566,0.0,2.1848611
KEO,B_subtropical_midlatitude_5,DJF,2008-02-26T16:00Z,1.0,0,15.6005016,11.42,1.675,4.365,0.0076667,,-0.0268973,-0.0311822,,-0.0269186,-0.0089505,,-0.0091075,-0.0039922,-0.0387217,-0.0159449,7.3378186,0.0,0.0218333,-0.0178342,-0.1117952,-0.0013,5,0.0078333,34.683,1.22625,1.2498611
KEO,B_subtropical_midlatitude_5,MAM,2008-03-19T18:00Z,1.0,0,12.7506305,12.7766667,2.2566667,11.875,0.011,,-0.0629844,-0.0785526,,-0.0631003,-0.0240423,,-0.0246988,-0.0112413,-0.0840043,-0.0185688,3.5094611,0.0046667,-0.0008333,-0.0300351,-0.2273554,-0.001,5,-0.0048333,34.668,4.5670833,1.1466667
KEO,B_subtropical_midlatitude_5,MAM,2008-03-24T21:00Z,1.0,0,5.0167751,19.9783333,15.7366667,8.07,-0.0581667,,-0.1041963,-0.2165604,,-0.1049451,-0.0255102,,-0.0457024,-0.0071298,-0.1287554,-0.2966251,3.7669931,-0.0156667,-0.189,-0.0153869,-0.9080304,0.0052333,5,-0.0023333,34.687,2.7695833,6.4516667
KEO,B_subtropical_midlatitude_5,MAM,2008-03-30T08:00Z,1.0,0,7.608006,12.0883333,2.8516667,8.96,-0.007,,-0.1888393,-0.2271343,,-0.1895012,-0.0493586,,-0.0530512,-0.0447012,-0.0423891,-0.0702934,5.0774267,-0.0031667,-0.0023333,-0.1481373,-0.1796601,0.0053333,5,0.0016667,34.6905,6.0304167,2.14125
KEO,B_subtropical_midlatitude_5,MAM,2008-04-03T01:00Z,1.0,0,13.3237435,10.2633333,1.5833333,6.555,-0.0066667,,-0.0838088,-0.0956626,,-0.083928,-0.0270048,,-0.02761,-0.023366,-0.0330742,-0.017618,6.8090637,-0.0058333,0.0048333,-0.0736574,-0.1041357,0.0073,5,-0.0041667,34.6745,3.4020833,0.9994444
KEO,B_subtropical_midlatitude_5,MAM,2008-04-10T14:00Z,1.0,0,10.6057577,22.8633333,17.9166667,8.605,0.0018333,,-0.1420032,-0.1504289,,-0.1423811,-0.0404346,,-0.0415092,-0.0413793,-0.1029237,-0.1096445,9.907349,-0.0035,-0.036,-0.1620162,-0.2774124,-0.0026667,5,-0.0021667,34.7215,3.5204167,6.0755556
KEO,B_subtropical_midlatitude_5,MAM,2008-05-01T23:00Z,1.0,0,11.3677957,29.695,2.8333333,7.33,-0.0013333,,-0.1361378,-0.1484121,,-0.1364853,-0.0434802,,-0.0444439,-0.0472432,-0.1131981,-0.0358924,8.5863609,0.0003333,-0.0343333,-0.1486953,-0.2790306,0.0409667,5,0.0016667,34.705,4.1425,1.5444444
KEO,B_subtropical_midlatitude_5,MAM,2008-05-15T18:00Z,1.0,0,2.7104408,12.9883333,7.335,1.105,-0.0678333,,-0.0720401,-0.1199919,,-0.0721844,-0.0102736,,-0.0187223,-0.0035714,-0.0337929,-0.5174963,7.9824945,-0.0401667,-0.0536667,-0.0242508,-0.1502616,-0.0028333,5,0.008,34.6555,0.57125,4.6904167
KEO,B_subtropical_midlatitude_5,MAM,2008-05-23T17:00Z,1.0,0,2.8703933,17.0766667,3.3333333,11.1,-0.0293333,,-0.7732712,-1.4968117,,-0.7870543,-0.1107874,,-0.2234796,-0.0620915,-0.1521141,-0.2254946,8.2518666,-0.0173333,-0.0225,-0.4704943,-0.8691166,-0.0053667,5,0.0095,34.564,6.4941667,1.8452778
KEO,B_subtropical_midlatitude_5,MAM,2008-05-29T16:00Z,1.0,0,10.4919802,23.25,18.69,27.39,-0.0513333,,-0.1978408,-0.2375364,,-0.1995752,-0.080363,,-0.0852496,-0.0708362,-0.0818818,-0.17869,3.3761028,-0.0583333,-0.0293333,-0.1591516,-0.2032176,-0.0033,5,-0.0546667,34.419,14.0845833,8.8111111
KEO,B_subtropical_midlatitude_5,JJA,2008-06-02T19:00Z,1.0,0,15.3391453,35.7816667,16.1366667,53.57,0.01,,-0.2008853,-0.2427823,,-0.2021174,-0.1096268,,-0.1119451,-0.0686734,-0.2618385,-0.0710428,2.4457935,0.0361667,-0.0901667,-0.1248048,-0.4521052,0.0008667,5,0.0025,34.4065,24.9816667,5.6725
KEO,B_subtropical_midlatitude_5,JJA,2008-06-05T05:00Z,1.0,0,11.3288639,10.86,10.86,11.17,-0.0451667,,-0.1846234,-0.2054505,,-0.185259,-0.0587135,,-0.0604947,-0.0623563,-0.0454819,-0.1148069,5.6439147,-0.018,-0.0363333,-0.1839172,-0.1446185,0.0078667,5,-0.043,34.391,7.4841667,6.7916667
KEO,B_subtropical_midlatitude_5,JJA,2008-06-09T06:00Z,1.0,0,9.3511867,13.4366667,5.945,4.575,-0.0023333,,-0.0573133,-0.0710026,,-0.0573871,-0.0168261,,-0.017917,-0.0130625,-0.0448552,-0.0881055,3.467141,-0.017,0.0126667,-0.0384457,-0.1494213,0.0111333,5,-0.0181667,34.361,2.5741667,4.3154167
KEO,B_subtropical_midlatitude_5,JJA,2008-06-15T23:00Z,1.0,0,5.2717938,26.6616667,1.295,10.295,0.015,,-0.7114512,-1.0754168,,-0.7221177,-0.1133904,,-0.1654927,-0.1072077,-0.1932971,-0.0515112,8.5756421,0.0103333,-0.148,-0.6850422,-0.8267676,-0.0031667,5,0.0258333,34.479,6.8833333,0.6181944
KEO,B_subtropical_midlatitude_5,SON,2008-09-15T15:00Z,1.0,0,7.5962359,13.2666667,2.5333333,13.4,0.0031667,,-0.2142236,-0.2458663,,-0.2154374,-0.0632371,,-0.0675858,-0.0551832,-0.062639,-0.0548281,4.5316065,0.0001667,-0.0476667,-0.1560575,-0.2553498,-0.0428333,5,0.0043333,34.0935,9.0725,1.5777778
KEO,B_subtropical_midlatitude_5,SON,2008-09-17T01:00Z,1.0,0,5.7673448,120.6666667,0.6333333,6.425,-0.0081667,,-0.2825081,-0.3104771,,-0.2847601,-0.0604658,,-0.0651575,-0.0776791,-0.065739,-0.0168184,6.9966013,-0.0083333,-0.0011667,-0.3383178,-0.2151895,-0.0057,5,-0.1853333,33.886,5.7375,0.5777778
KEO,B_subtropical_midlatitude_5,SON,2008-09-28T20:00Z,1.0,0,9.2440487,20.7333333,0.6166667,0.93,0.0093333,,0.021476,0.0210352,,0.0215217,0.0070788,,0.0069913,0.0035247,0.0185396,-0.006452,-14.0462837,0.0086667,0.0521667,0.0114848,0.0557941,0.0167667,5,-0.002,34.082,0.8029167,0.5569444
KEO,B_subtropical_midlatitude_5,SON,2008-10-01T03:00Z,1.0,0,8.5378432,34.89,34.6066667,10.33,-0.0704,,-0.1582878,-0.1924407,,-0.1588444,-0.0459678,,-0.0489428,-0.0388877,-0.0369622,-0.346095,4.0523544,-0.0166667,-0.0735,-0.097669,-0.1486927,-0.0222,5,0.0065,34.128,7.3791667,22.8088889
KEO,B_subtropical_midlatitude_5,SON,2008-10-07T19:00Z,1.0,0,7.7079009,61.8416667,20.375,13.565,-0.0956667,,-0.1922806,-0.238385,,-0.1931188,-0.0659227,,-0.0712002,-0.0598083,-0.1043891,-0.2611752,3.2381224,-0.0525,-0.18225,-0.1280414,-0.3501656,-0.0062,5,0.001,34.1835,9.3995833,14.4279167
KEO,B_subtropical_midlatitude_5,SON,2008-10-11T04:00Z,1.0,0,9.0086469,93.3983333,42.965,6.455,0.0151667,,-0.0430669,-0.0597649,,-0.0431271,-0.0159213,,-0.0171419,-0.0063787,-0.1394237,-0.3711491,3.1611111,0.034,-0.0315,-0.01403,-0.4708159,0.006,5,-0.0048333,33.915,2.16,26.91375
KEO,B_subtropical_midlatitude_5,SON,2008-10-26T18:00Z,1.0,0,9.8355712,12.425,7.3,4.16,-0.0121667,,-0.0877599,-0.1048513,,-0.087919,-0.0212365,,-0.0227516,-0.0198636,-0.0220498,-0.1537901,5.4071446,-0.0238333,0.0205,-0.0687625,-0.0840768,-6.67e-05,5,-0.0238333,34.0035,2.6945833,5.8777778
KEO,B_subtropical_midlatitude_5,SON,2008-10-31T21:00Z,1.0,0,5.1124448,21.4833333,21.4833333,15.2,-0.039,,-0.4820569,-0.7096525,,-0.487143,-0.1037611,,-0.1407337,-0.0907398,-0.0903359,-0.4458918,5.8613139,-0.0173333,-0.0518333,-0.3273728,-0.4992613,-0.0004667,5,0.0158333,34.174,10.4408333,13.0263889
KEO,B_subtropical_midlatitude_5,SON,2008-11-03T02:00Z,1.0,0,9.7420141,20.3,12.15,4.745,0.0081667,,-0.0237825,-0.0324001,,-0.0238438,-0.0111666,,-0.0116862,-0.0059071,-0.0261133,-0.1312076,3.6927137,0.0151667,-0.0086667,-0.0082772,-0.0755353,0.0075667,5,-0.0135,34.1735,2.2704167,6.8097222
KEO,B_subtropical_midlatitude_5,SON,2008-11-07T04:00Z,1.0,0,12.7056628,14.3,13.5,15.81,-0.0343333,,-0.181755,-0.2063279,,-0.1823499,-0.0695227,,-0.0713642,-0.0756258,-0.0391629,-0.1088617,3.9093333,-0.0283333,-0.0108333,-0.1767577,-0.1091758,-0.0043,5,0.003,34.241,12.1875,10.2638889
KEO,B_subtropical_midlatitude_5,SON,2008-11-27T16:00Z,1.0,0,9.3617496,14.3,14.3,9.55,-0.0361667,,-0.302239,-0.3517911,,-0.3043132,-0.0547289,,-0.0631664,-0.0524767,-0.0404898,-0.22132,9.2292825,-0.0293333,-0.0186667,-0.3038999,-0.1985635,0.0087,5,0.0595,34.11,4.8095833,5.7416667
KEO,B_subtropical_midlatitude_5,DJF,2008-12-09T17:00Z,1.0,0,10.4270938,12.9166667,4.2166667,11.035,0.0853333,,-0.0765597,-0.1031595,,-0.0767382,-0.0298256,,-0.032037,-0.0141356,-0.1297721,-0.0170928,4.249313,0.0791667,0.0106667,-0.0421134,-0.4675058,-0.0399333,5,-0.0171667,34.2115,4.3345833,0.8986111
KEO,B_subtropical_midlatitude_5,DJF,2008-12-13T20:00Z,1.0,0,5.3448287,16.2666667,7.4333333,8.615,-0.02,,-0.2294127,-0.2903387,,-0.2305081,-0.0548569,,-0.0631431,-0.036866,-0.0897275,-0.1845169,5.7226895,-0.0041667,-0.0531667,-0.1341559,-0.4898802,-0.0254667,5,0.034,34.4075,4.96375,4.0194444
KEO,B_subtropical_midlatitude_5,DJF,2008-12-17T12:00Z,1.0,0,8.7853169,14.6833333,9.6833333,9.295,0.0213333,,-0.1232065,-0.1525974,,-0.123519,-0.0400243,,-0.0425408,-0.0297111,-0.0619809,-0.0818658,4.6148092,0.0138333,-0.0148333,-0.0882794,-0.2166087,0.0029,5,0.005,34.4905,5.2108333,4.3791667
KEO,B_subtropical_midlatitude_5,DJF,2009-01-22T20:00Z,1.0,0,12.4068835,10.1633333,2.23,10.97,0.0095,,-0.0976114,-0.1152718,,-0.0979014,-0.0350199,,-0.0360885,-0.0290423,-0.0405948,-0.0235882,3.9462297,0.0053333,-0.0018333,-0.070265,-0.1213036,0.0034,5,0.001,34.551,6.6083333,1.5330556
KEO,B_subtropical_midlatitude_5,DJF,2009-02-27T08:00Z,1.0,0,10.5749744,12.4883333,3.95,6.665,-0.0101667,,-0.0744285,-0.0891062,,-0.0745991,-0.021666,,-0.0215118,-0.0178308,-0.0429077,-0.0634968,2.5461477,-0.01,-0.0258333,-0.052823,-0.13826,0.0013667,5,-0.0066667,34.655,4.0233333,2.5763889
KEO,B_subtropical_midlatitude_5,MAM,2009-03-01T00:00Z,1.0,0,11.7218038,12.7683333,5.9516667,7.64,-0.0041667,,-0.0851094,-0.091349,,-0.0853213,-0.0225041,,-0.0230401,-0.0197498,-0.0410809,-0.0484931,6.2506512,-0.0036667,-0.0093333,-0.0823336,-0.1563035,0.0021,5,-0.0003333,34.651,3.455,2.9156944
KEO,B_subtropical_midlatitude_5,MAM,2009-03-03T22:00Z,1.0,0,15.3554423,17.7333333,9.9833333,16.335,-0.0085,,-0.0747501,-0.087841,,-0.0750013,-0.0296201,,-0.0301183,-0.0170558,-0.0466571,-0.0577065,3.944958,-0.003,-0.0218333,-0.0433363,-0.1374728,0.0009,5,0.001,34.657,7.8545833,4.4847222
KEO,B_subtropical_midlatitude_5,MAM,2009-03-07T23:00Z,1.0,0,1.9707358,10.25,5.9,15.525,-0.0101667,,-0.7839152,-1.5721308,,-0.805383,-0.1168991,,-0.251399,-0.0870909,-0.1978746,-0.2617999,8.1916011,-0.005,-0.0228333,-0.5919152,-1.3076777,-0.0025333,5,-0.0003333,34.652,8.42375,2.4166667
KEO,B_subtropical_midlatitude_5,MAM,2009-03-09T15:00Z,1.0,0,13.982265,33.95,13.65,24.17,-0.0136667,,-0.2229847,-0.2425235,,-0.2238331,-0.0690745,,-0.0692425,-0.0484825,-0.1187983,-0.0824772,4.7524981,-0.0121667,-0.0253333,-0.184505,-0.3271002,-0.0010667,5,0.0025,34.6505,9.9154167,5.4986111
KEO,B_subtropical_midlatitude_5,MAM,2009-03-20T09:00Z,1.0,0,13.0889452,10.5,10.5,21.88,-0.0186667,,-0.1720155,-0.205234,,-0.1726174,-0.0738222,,-0.076199,-0.0601469,-0.0473295,-0.0770386,2.7493333,-0.0115,-0.0175,-0.1140171,-0.126527,0.0029333,5,-0.0008333,34.6895,15.0,4.6
KEO,B_subtropical_midlatitude_5,MAM,2009-03-22T16:00Z,1.0,0,16.4238044,10.1333333,10.1333333,26.045,-0.006,,-0.1331293,-0.16203,,-0.1334834,-0.0578794,,-0.0590172,-0.0431002,-0.0522627,-0.052558,3.1595272,-0.0033333,-0.0146667,-0.0860078,-0.1472607,-0.0081667,5,-0.0016667,34.694,13.21875,4.4472222
KEO,B_subtropical_midlatitude_5,MAM,2009-03-24T07:00Z,1.0,0,9.1112579,51.9166667,17.0333333,1.465,-0.0386667,,-0.0189357,-0.0241156,,-0.0189475,-0.0056261,,-0.0060542,-0.0022146,-0.0056249,-0.1932826,5.1497835,-0.0318333,-0.0211667,-0.008323,-0.023905,0.0043,5,0.0161667,34.6825,0.5775,12.7333333
KEO,B_subtropical_midlatitude_5,MAM,2009-04-05T07:00Z,1.0,0,8.4714478,18.65,4.0333333,4.435,-0.0041667,,-0.076327,-0.0867435,,-0.0764516,-0.0196931,,-0.0208392,-0.0153183,-0.0349743,-0.0679875,7.2429073,-0.0085,0.0071667,-0.0553315,-0.1594552,-0.0010333,5,-0.0088333,34.6765,2.49375,3.4416667
KEO,B_subtropical_midlatitude_5,MAM,2009-04-12T02:00Z,1.0,0,12.3404881,20.3833333,14.2333333,16.025,-0.0121667,,-0.0924113,-0.117758,,-0.0926292,-0.038129,,-0.0395649,-0.0148585,-0.0812881,-0.0845977,3.4633807,-0.0068333,-0.0183333,-0.0331968,-0.218225,0.0004667,5,0.0048333,34.6825,5.9508333,5.3222222
KEO,B_subtropical_midlatitude_5,MAM,2009-04-14T20:00Z,1.0,0,14.634147,26.2333333,26.2333333,18.345,-0.0165,,-0.0966746,-0.1051751,,-0.0970584,-0.0381174,,-0.0386682,-0.0350961,-0.0207038,-0.1387464,3.62766,-0.0128333,-0.014,-0.0733863,-0.0639869,0.0026667,5,-0.0041667,34.6775,12.1475,16.5222222
KEO,B_subtropical_midlatitude_5,MAM,2009-04-25T07:00Z,1.0,0,14.8303151,11.8833333,6.0166667,5.18,-0.0018333,,-0.0809741,-0.0898819,,-0.0810928,-0.0272707,,-0.0277613,-0.029597,-0.0215173,-0.0535617,6.6376994,-0.0011667,-0.0056667,-0.0813219,-0.0632274,-0.0089333,5,-0.0065,34.6995,3.5941667,4.1319444
KEO,B_subtropical_midlatitude_5,MAM,2009-05-18T13:00Z,1.0,0,7.8437096,39.2333333,4.3166667,0.0,0.046,,-0.0002769,0.0007322,,-0.0002769,0.0002194,,0.0002277,0.0001766,-0.0476542,-0.0933623,,0.0368333,-0.0475,-0.0005256,-0.1651183,0.0027667,5,-0.0305,34.6165,0.0,3.5847222
KEO,B_subtropical_midlatitude_5,MAM,2009-05-27T16:00Z,1.0,0,13.5537129,37.4083333,10.7666667,20.205,0.011,,-0.1471513,-0.1637517,,-0.1477132,-0.0525688,,-0.0534113,-0.0349166,-0.1361923,-0.0762908,4.3596414,0.003,-0.0598333,-0.1014757,-0.3088049,0.0086,5,-0.0376667,34.569,10.7866667,5.4861111
KEO,B_subtropical_midlatitude_5,JJA,2009-06-03T18:00Z,1.0,0,8.7249575,14.6833333,14.1166667,8.35,-0.0303333,,-0.1122211,-0.1401113,,-0.1124874,-0.0331829,,-0.0355314,-0.0216408,-0.0477637,-0.1799375,4.4888663,-0.0195,-0.0345,-0.073297,-0.1856565,0.0146333,5,0.0123333,34.6715,4.1654167,9.0569444
KEO,B_subtropical_midlatitude_5,JJA,2009-06-12T03:00Z,1.0,0,8.2450999,10.9,1.2166667,9.66,-0.0043333,,-0.2296807,-0.2714497,,-0.2306691,-0.0551573,,-0.059498,-0.0545849,-0.0473807,-0.0222019,5.4251305,-0.0026667,-0.01,-0.2144122,-0.2170457,-0.0153333,5,-0.0145,34.53,6.2275,0.8736111
KEO,B_subtropical_midlatitude_5,JJA,2009-06-18T19:00Z,1.0,0,7.6535774,15.1,15.1,34.31,-0.0386667,,-0.9433875,-1.1516952,,-0.9660758,-0.2074263,,-0.2296861,-0.1577117,-0.1823163,-0.2848176,6.2960401,-0.0198333,-0.0551667,-0.8809806,-0.680898,-0.0120667,5,-0.0108333,34.6085,15.8458333,7.5444444
KEO,B_subtropical_midlatitude_5,JJA,2009-07-27T16:00Z,1.0,0,5.960495,17.84,17.9066667,38.84,-0.1683333,,-0.8121981,-0.9942402,,-0.826628,-0.2750347,,-0.3149761,-0.2719738,-0.1696117,-0.3718121,3.4902562,-0.0223333,-0.1081667,-0.6309692,-0.5357109,-0.0186,5,0.2438333,34.423,30.3525,13.58
KEO,B_subtropical_midlatitude_5,JJA,2009-08-02T23:00Z,1.0,0,7.5467412,41.0666667,3.9666667,4.55,-0.1578333,,-0.1965527,-0.2122484,,-0.1973105,-0.049354,,-0.0515937,-0.0563799,-0.0399826,-0.0472044,12.3444851,-0.0931667,-0.3375,-0.2231116,-0.1401703,-0.0541333,5,0.0941667,34.4435,3.07125,3.2694444
KEO,B_subtropical_midlatitude_5,SON,2009-09-07T16:00Z,1.0,0,6.6736418,26.4228277,7.5216667,2.015,-0.052,,-0.0859237,-0.1128414,,-0.0862262,-0.0192158,,-0.0242594,-0.0224949,-0.010869,-0.3053947,4.5742395,-0.0788333,0.0043333,-0.0922394,-0.0463799,0.0177667,5,0.0143333,34.0645,1.8470833,6.84375
KEO,B_subtropical_midlatitude_5,SON,2009-10-05T02:00Z,1.0,0,4.116514,54.9933333,55.06,0.64,-0.093,,-0.0324113,-0.0474998,,-0.032434,-0.0057854,,-0.0088506,-0.0063653,-0.0174499,-0.8599357,14.8328783,-0.0656667,0.0081667,-0.036165,-0.1240704,-0.0074667,5,-0.021,34.121,0.2333333,30.4825
KEO,B_subtropical_midlatitude_5,MAM,2010-04-15T15:00Z,1.0,0,5.8029569,26.2016667,4.09,4.14,-0.0061667,,-0.0311217,-0.0349309,,-0.0313235,-0.0097987,,-0.011529,-0.0047412,-0.0236403,-0.1076551,6.445149,-0.0068333,-0.0528333,-0.0156418,-0.0440383,-0.0043,5,-0.019,34.6625,1.97125,1.9916667
KEO,B_subtropical_midlatitude_5,MAM,2010-04-20T11:00Z,1.0,0,11.0813901,11.375,8.6816667,17.285,-0.0015,,-0.1472723,-0.1787965,,-0.1477965,-0.061305,,-0.0641138,-0.0288035,-0.0725245,-0.0595929,3.4508739,0.0021667,-0.01,-0.0712758,-0.2029244,-0.0004333,5,-0.0023333,34.6635,8.7241667,3.4395833
KEO,B_subtropical_midlatitude_5,MAM,2010-04-23T08:00Z,1.0,0,9.5817598,22.93,9.535,11.695,-0.0143333,,-0.0762549,-0.1072719,,-0.076466,-0.0313841,,-0.0348598,-0.0144305,-0.1469815,-0.0614557,4.8449644,-0.0088333,-0.0643333,-0.0439153,-0.4839488,0.0077,5,-0.0075,34.6395,3.3804167,2.6665278
KEO,B_subtropical_midlatitude_5,MAM,2010-04-28T04:00Z,1.0,0,13.8377041,29.5583333,1.3616667,7.31,-0.0028333,,-0.0216411,-0.0237223,,-0.0217176,-0.0088469,,-0.0090001,-0.006242,-0.0089503,-0.0132653,4.6228571,-0.0025,-0.0015,-0.0144905,-0.0161939,0.0076,5,-0.0031667,34.6625,4.025,0.8659722
KEO,B_subtropical_midlatitude_5,MAM,2010-05-11T00:00Z,1.0,0,13.9203965,11.8766667,10.6466667,29.85,-0.0201667,,-0.1978452,-0.21353,,-0.1989905,-0.0829709,,-0.0840613,-0.0769987,-0.0658731,-0.0690109,3.7742566,-0.0123333,-0.0145,-0.163381,-0.1808751,-0.0008,5,-0.0006667,34.668,18.3866667,4.8813889
KEO,B_subtropical_midlatitude_5,JJA,2010-06-08T02:00Z,1.0,0,7.6599151,32.6383333,3.375,19.455,-0.007,,-0.3775836,-0.4400551,,-0.3803208,-0.0972827,,-0.1049175,-0.0695059,-0.142212,-0.0897848,6.2234648,-0.0046667,-0.0183333,-0.2909463,-0.4384567,0.0037667,5,-0.0015,34.736,9.8941667,2.2240278
KEO,B_subtropical_midlatitude_5,JJA,2010-06-14T20:00Z,1.0,0,7.6264156,14.6683333,14.6683333,29.2,-0.0155,,-0.3615743,-0.4486706,,-0.3644902,-0.1406211,,-0.1533585,-0.0960701,-0.119545,-0.2053187,3.0779335,-0.0075,-0.0305,-0.2048427,-0.3739466,0.0053667,5,-0.016,34.6985,17.5341667,6.9615278
KEO,B_subtropical_midlatitude_5,JJA,2010-07-31T22:00Z,1.0,0,8.3628008,18.12,18.3933333,11.49,-0.1071667,,-0.1174965,-0.127668,,-0.1185552,-0.0401273,,-0.0406444,-0.0477885,-0.0079018,-0.1861535,3.5770755,-0.0575,-0.1345,-0.1230963,-0.027041,0.0022,5,-0.0156667,34.2865,7.9391667,10.4883333
KEO,B_subtropical_midlatitude_5,SON,2010-09-22T19:00Z,1.0,0,8.7988978,11.45,6.6533333,0.99,0.0016667,,-0.0152769,-0.0178857,,-0.0152906,-0.0045725,,-0.0048317,-0.0056749,-0.0013568,-0.1036555,4.7604938,-0.0045,0.0146667,-0.0165801,-0.0003681,0.0013,5,0.0116667,34.2275,0.81,5.4208333
KEO,B_subtropical_midlatitude_5,SON,2010-10-10T17:00Z,1.0,0,8.290154,20.6733333,21.0316667,33.44,-0.0345,,-0.2817655,-0.3988958,,-0.2840594,-0.1212169,,-0.1400069,-0.0610325,-0.1601953,-0.1845416,2.7601724,-0.0021667,-0.118,-0.114545,-0.5826251,0.0001667,5,0.1606667,34.5905,16.245,10.75125
KEO,B_subtropical_midlatitude_5,SON,2010-10-18T15:00Z,1.0,0,12.1352823,70.4583333,44.15,4.005,-0.0155,,-0.0225493,-0.0277844,,-0.0225733,-0.008526,,-0.0087507,-0.005923,-0.0315539,-0.1401196,3.9831566,-0.005,-0.128,-0.0148056,-0.0945597,-0.0024,5,0.0473333,34.624,1.6820833,12.3844444
KEO,B_subtropical_midlatitude_5,SON,2010-11-25T22:00Z,1.0,0,8.2825925,21.695,7.8966667,4.71,-0.0175,,-0.063413,-0.0776561,,-0.0635138,-0.0190078,,-0.0201885,-0.019351,-0.0388518,-0.062379,3.4106262,-0.0251667,-0.0028333,-0.0510865,-0.1666846,0.0040667,5,0.0,34.6385,3.6779167,7.2058333
KEO,B_subtropical_midlatitude_5,DJF,2010-12-01T05:00Z,1.0,0,8.5205607,11.5583333,5.8583333,17.53,-0.0105,,-0.1578431,-0.2074271,,-0.1584245,-0.0541352,,-0.0589326,-0.0245342,-0.0911673,-0.0656785,3.5466126,-0.0116667,-0.0371667,-0.0918975,-0.3000051,0.0007333,5,-0.008,34.649,6.5558333,2.1931944
KEO,B_subtropical_midlatitude_5,DJF,2010-12-16T05:00Z,1.0,0,6.0059984,24.4883333,6.8233333,8.445,-0.0126667,,-0.1551172,-0.2205339,,-0.1558368,-0.0369458,,-0.0457553,-0.0190931,-0.0998192,-0.1373829,5.0776088,-0.0083333,-0.037,-0.0649731,-0.4904551,0.0041333,5,0.0058333,34.634,4.1533333,2.8613889
KEO,B_subtropical_midlatitude_5,SON,2011-11-22T19:00Z,1.0,0,8.131926,38.6883333,38.6966667,9.815,-0.04025,,-0.1897686,-0.2346183,,-0.1905429,-0.0490397,,-0.0538336,-0.0384444,-0.0429464,-0.3622035,6.0807172,-0.0025,-0.0186667,-0.1134962,-0.2047124,0.0022333,5,0.0016667,34.593,6.2254167,26.0744444
KEO,B_subtropical_midlatitude_5,SON,2011-11-28T21:00Z,1.0,0,11.6599354,49.3366667,24.8183333,28.805,-0.0235,,-0.167804,-0.2014717,,-0.1685007,-0.071258,,-0.0739677,-0.0313478,-0.1549639,-0.129655,3.7776664,-0.009,-0.084,-0.0923475,-0.390938,0.0017667,5,-0.0033333,34.624,10.6491667,8.63125
KEO,B_subtropical_midlatitude_5,DJF,2011-12-01T20:00Z,1.0,0,13.5325871,19.3866667,19.1766667,14.005,0.0335,,-0.0608853,-0.0728969,,-0.0610644,-0.0237366,,-0.0243204,-0.0126463,-0.038135,-0.1051751,3.7901865,0.0203333,-0.0138333,-0.0330298,-0.1102242,0.0058,5,-0.0241667,34.576,5.3920833,7.4813889
KEO,B_subtropical_midlatitude_5,DJF,2011-12-08T07:00Z,1.0,0,6.7922481,14.3033333,4.2383333,6.11,0.0016667,,-0.1864333,-0.2722687,,-0.1872241,-0.0371963,,-0.0499722,-0.023037,-0.0718139,-0.1098018,7.5921596,0.0023333,-0.0513333,-0.0941167,-0.2943821,-0.0025333,5,0.004,34.465,3.3583333,2.7954167
KEO,B_subtropical_midlatitude_5,DJF,2012-01-01T17:00Z,1.0,0,9.6243132,15.3133333,12.7716667,10.48,0.0005,,-0.1176567,-0.1374866,,-0.1179673,-0.0379573,,-0.0394887,-0.0293639,-0.0632236,-0.1220176,4.0336845,0.0135,-0.06,-0.0685372,-0.2758699,-0.0015333,5,-0.0178333,34.6895,7.3129167,6.0393056
KEO,B_subtropical_midlatitude_5,DJF,2012-01-16T01:00Z,1.0,0,6.2245676,14.0133333,10.1733333,16.065,-0.0221667,,-0.3189055,-0.4385577,,-0.320869,-0.0748419,,-0.0922176,-0.0357493,-0.1140054,-0.169228,5.2281238,-0.0128333,-0.0286667,-0.1975351,-0.4210563,-0.0009333,5,0.0013333,34.7475,5.9795833,3.3558333
KEO,B_subtropical_midlatitude_5,DJF,2012-01-22T07:00Z,1.0,0,13.6050185,13.2483333,8.6566667,12.41,-0.0093333,,-0.075942,-0.0960875,,-0.0761211,-0.0325812,,-0.0341024,-0.0121199,-0.0359929,-0.0461453,3.3514827,-0.002,-0.0133333,-0.0295083,-0.1058743,-0.0022,5,0.0048333,34.717,5.4945833,3.4747222
KEO,B_subtropical_midlatitude_5,DJF,2012-02-15T03:00Z,1.0,0,6.6003051,20.8583333,4.3666667,6.985,-0.0261667,,-0.055125,-0.0901259,,-0.0552783,-0.0180292,,-0.0221255,-0.0038743,-0.1124829,-0.0678568,3.4285721,-0.0221667,-0.1225,-0.0092645,-0.4671826,-0.0054,5,0.0151667,34.7555,1.7995833,1.8469444
KEO,B_subtropical_midlatitude_5,DJF,2012-02-29T01:00Z,1.0,0,14.9407729,19.605,5.6666667,9.595,-0.0098333,,-0.0556528,-0.054742,,-0.0557757,-0.01565,,-0.0156432,-0.0092943,-0.0729512,-0.0388482,6.2478624,-0.0035,-0.0446667,-0.0385159,-0.2020859,0.0008,5,-0.0021667,34.7305,4.2483333,2.2230556
KEO,B_subtropical_midlatitude_5,MAM,2012-03-17T15:00Z,1.0,0,14.5451168,12.1433333,0.7616667,10.305,-0.004,,-0.074869,-0.0767478,,-0.0751181,-0.0277792,,-0.0277271,-0.0351901,-0.0185392,-0.0072298,4.3189815,-0.0045,0.0,-0.0849064,-0.0465832,-0.0029667,5,-0.0028333,34.7315,8.2491667,0.61375
KEO,B_subtropical_midlatitude_5,MAM,2012-05-17T02:00Z,1.0,0,6.0238724,24.6516667,7.465,25.985,-0.0203333,,-0.6787102,-0.7857622,,-0.6885184,-0.171586,,-0.1933742,-0.1320121,-0.1887747,-0.1886814,5.4649562,-0.0056667,-0.0623333,-0.5134435,-0.7326741,-0.0114,5,-0.0301667,34.632,15.0716667,3.8631944
KEO,B_subtropical_midlatitude_5,MAM,2012-05-20T14:00Z,1.0,0,12.4871616,16.2183333,7.4366667,38.215,-0.0193333,,-0.3086818,-0.3591341,,-0.310405,-0.133724,,-0.1374586,-0.1119479,-0.2045778,-0.056918,3.8432585,-0.0153333,-0.0416667,-0.2517626,-0.4639403,0.0129667,5,0.002,34.603,20.0095833,3.2622222
KEO,B_subtropical_midlatitude_5,JJA,2012-06-05T17:00Z,1.0,0,15.3807933,23.1833333,22.2616667,49.72,-0.0411667,,-0.1931603,-0.2093412,,-0.1951524,-0.1157692,,-0.117175,-0.1037247,-0.1138166,-0.1238092,2.6990863,-0.0206667,-0.102,-0.1499797,-0.1925273,0.0197133,5,0.0006667,34.589,31.32875,10.7220833
KEO,B_subtropical_midlatitude_5,JJA,2012-06-24T13:00Z,1.0,0,4.0594743,20.0433333,1.8616667,2.27,-0.0236667,,0.0362634,0.0160134,,0.0366668,-0.0039087,,-0.004691,0.0003375,-0.121507,-0.0738652,-3.7073171,-0.0298333,-0.0573333,0.0412585,-0.6520757,0.0041,5,0.0055,34.5205,1.07625,1.4604167
KEO,B_subtropical_midlatitude_5,JJA,2012-06-28T16:00Z,1.0,0,8.1488266,28.1266667,28.1266667,19.315,-0.0511667,,-0.2608718,-0.3262171,,-0.2622232,-0.077538,,-0.0840572,-0.0453056,-0.0831799,-0.2807576,4.0259924,-0.0153333,-0.0815,-0.167874,-0.292626,-0.0047667,5,0.0016667,34.528,9.54125,12.8086111
KEO,B_subtropical_midlatitude_5,JJA,2012-07-07T18:00Z,1.0,0,10.7445655,54.83,53.475,17.42,-0.1305667,,-0.0990542,-0.1295131,,-0.0993329,-0.0451139,,-0.04755,-0.014344,-0.1227159,-0.3448502,2.9151847,-0.1072667,-0.1035667,-0.0339167,-0.3284759,-0.0022933,5,0.0016,34.4892,6.5141667,39.3829167
KEO,B_subtropical_midlatitude_5,JJA,2012-07-19T20:00Z,1.0,0,3.9742785,27.515,19.6116667,12.92,-0.0701833,,-0.3883465,-0.6028066,,-0.3924094,-0.0831487,,-0.1194626,-0.0500936,-0.0980809,-0.493362,4.9959019,-0.0423167,-0.1662,-0.1740037,-0.5360408,-0.0048367,5,-0.0083333,34.19845,7.5241667,10.1034722
KEO,B_subtropical_midlatitude_5,JJA,2012-08-06T08:00Z,1.0,0,11.7878444,33.1166667,28.4666667,31.535,-0.0137833,,-0.249954,-0.2933202,,-0.2512466,-0.1047357,,-0.1082841,-0.0720268,-0.1101198,-0.1786213,3.7390305,-0.0013667,-0.0630333,-0.1777606,-0.2997143,0.0345433,5,-0.00485,33.976,15.7195833,13.3155556
KEO,B_subtropical_midlatitude_5,JJA,2012-08-16T22:00Z,1.0,0,2.4686325,10.055,10.0916667,4.345,-0.058,,-0.375585,-0.7646857,,-0.3781995,-0.0669838,,-0.1195866,-0.0753013,-0.048564,-0.5320561,9.3620362,0.0055333,-0.1758,-0.4021245,-0.2559633,-0.0268867,5,0.0320333,33.9577,4.07625,7.9309722
KEO,B_subtropical_midlatitude_5,SON,2012-09-01T06:00Z,1.0,0,5.8050968,14.4466667,13.215,1.785,-0.0078667,,0.0562696,0.0839277,,0.0568217,0.0088706,,0.0136845,0.0087299,0.020556,-0.4336354,4.7952941,0.0344333,0.0474833,0.0532027,0.1371031,-0.0372033,5,0.10525,34.2265,1.0625,10.2968056
KEO,B_subtropical_midlatitude_5,SON,2012-10-02T23:00Z,1.0,0,10.8406292,18.5133333,6.3183333,13.435,-0.0358833,,-0.0863505,-0.1085441,,-0.0866126,-0.0340048,,-0.0354793,-0.0122658,-0.1157065,-0.0655053,3.6842963,-0.0402167,-0.0362167,-0.0265863,-0.3025383,0.0022333,5,-0.0124833,34.68285,5.21375,5.55625
KEO,B_subtropical_midlatitude_5,SON,2012-10-06T04:00Z,1.0,0,8.238418,41.8483333,35.0416667,18.63,0.0364833,,-0.3843254,-0.4069771,,-0.3870784,-0.153124,,-0.1583536,-0.191933,-0.0761144,-0.3357693,5.0466726,-0.0153667,0.1496,-0.439593,-0.1893353,-0.0075633,5,-0.13065,34.4912,16.755,27.0731944
KEO,B_subtropical_midlatitude_5,SON,2012-10-14T22:00Z,1.0,0,6.7416357,33.815,33.96,38.4,-0.1237,,-0.4136342,-0.6023985,,-0.4211901,-0.1588243,,-0.194812,-0.0714824,-0.1409307,-0.3429462,3.0613118,-0.0597,-0.12795,-0.1007279,-0.5237863,-0.0018233,5,-0.1017333,34.3391,22.4508333,21.9394444
KEO,B_subtropical_midlatitude_5,SON,2012-10-26T12:00Z,1.0,0,4.1697088,42.8333333,24.2583333,0.525,-0.2945833,,-0.0211277,-0.026384,,-0.0211466,-0.0039583,,-0.0046152,-0.0049074,-0.0039305,-0.6581642,4.9225974,-0.11955,-0.0948833,-0.0233327,-0.0145367,-0.0016833,5,-0.0137667,34.39465,0.48125,21.7601389
KEO,B_subtropical_midlatitude_5,SON,2012-10-29T02:00Z,1.0,0,8.2973226,23.3383333,15.5066667,12.895,-0.0678333,,-0.1652565,-0.2070852,,-0.1657914,-0.0546119,,-0.0582762,-0.0494613,-0.0864084,-0.1600972,3.754404,-0.0454,-0.2349333,-0.1167157,-0.3359371,0.0140467,5,0.0242833,34.4651,8.5004167,7.0130556
KEO,B_subtropical_midlatitude_5,SON,2012-11-01T00:00Z,1.0,0,3.109495,10.4333333,6.3316667,4.52,-0.1266833,,-0.2130663,-0.3430996,,-0.2141224,-0.0346365,,-0.0482361,-0.0218146,-0.0561601,-0.4660837,6.5475389,-0.0110833,-0.1071167,-0.12472,-0.3241056,0.0025867,5,-0.0055333,34.44085,2.3541667,4.4143056
KEO,B_subtropical_midlatitude_5,SON,2012-11-17T20:00Z,1.0,0,13.4623032,16.6366667,16.6366667,6.83,-0.02735,,-0.0745779,-0.0837751,,-0.0747016,-0.0240572,,-0.0245932,-0.026178,-0.0121986,-0.1209616,4.5282701,-0.03355,-0.00395,-0.0680367,-0.0403738,-0.0141533,5,0.0080333,34.75585,5.2883333,15.0369444
KEO,B_subtropical_midlatitude_5,DJF,2012-12-02T20:00Z,1.0,0,13.4166573,40.8833333,27.085,23.22,-0.0297,,-0.1932242,-0.2098312,,-0.1939901,-0.0650257,,-0.0662676,-0.0435077,-0.0647266,-0.1054496,4.9806125,-0.0154167,-0.0526333,-0.1382608,-0.2110927,-0.0015067,5,-0.0050333,34.72235,11.4720833,7.7673611
KEO,B_subtropical_midlatitude_5,JJA,2014-08-06T22:00Z,1.3,1,4.066492,63.6733333,37.035,12.59,-0.5087,,-0.3487737,-0.8130975,,-0.3511469,-0.0741693,,-0.1523305,-0.059941,-0.3130525,-0.7505769,6.2348821,-0.1883333,-1.4905167,-0.2669488,-1.1946184,0.0351633,5,-0.0504333,34.593,6.995,22.3540278
KEO,B_subtropical_midlatitude_5,JJA,2014-08-10T21:00Z,1.3,1,10.5659884,15.3116667,15.3133333,0.0,-0.0447167,,0.0004204,0.0004253,,0.0004204,8e-05,,8.12e-05,6.73e-05,1.12e-05,-0.0947077,,-0.0256167,-0.0307,0.0003491,0.0006442,0.0108133,5,0.06585,34.51475,0.0,9.3022222
KEO,B_subtropical_midlatitude_5,JJA,2014-08-26T19:00Z,1.3,1,10.1003784,12.3583333,1.2166667,0.0,-0.0456333,,0.0,0.0,,0.0,0.0,,0.0,0.0,0.0,-0.020348,,-0.0373667,-0.04035,0.0,0.0,-0.0180467,5,0.0062667,34.4273,0.0,1.1152778
KEO,B_subtropical_midlatitude_5,SON,2014-09-08T19:00Z,1.3,1,16.999978,39.635,36.915,18.795,-0.0842333,,-0.1420142,-0.1603217,,-0.1424998,-0.0631368,,-0.0649667,-0.0782546,-0.0352481,-0.1824523,3.0999195,-0.1342333,-0.0628,-0.1601695,-0.0903283,-0.0098567,5,0.0125,34.4832,15.0045833,32.4295833
KEO,B_subtropical_midlatitude_5,SON,2014-09-17T02:00Z,1.3,1,2.9896314,13.7266667,8.2533333,7.165,-0.01265,,-0.2871593,-0.682122,,-0.288726,-0.0465734,,-0.1122977,-0.0359041,-0.0987955,-0.1672833,7.403867,-0.0090833,-0.0095167,-0.2062406,-0.5482619,0.0348367,5,0.0047333,34.37195,4.1154167,2.8277778
KEO,B_subtropical_midlatitude_5,SON,2014-09-26T19:00Z,1.3,1,14.0334369,11.8883333,1.9816667,4.465,-0.00545,,-0.0353997,-0.0425648,,-0.0354285,-0.0123398,,-0.0128367,-0.0100441,-0.0214331,-0.0195133,4.7597254,-0.0003333,-0.0023667,-0.0295522,-0.0677906,0.00093,5,-0.0017333,34.5251,2.185,1.6315278
KEO,B_subtropical_midlatitude_5,SON,2014-10-03T00:00Z,1.3,1,9.0524437,58.045,1.405,6.76,0.0152667,,-0.0377932,-0.0568191,,-0.037846,-0.0144527,,-0.0166493,-0.0038281,-0.1596897,-0.0109784,3.1693696,0.0377333,-0.0108333,-0.0087888,-0.380743,0.0005167,5,-0.0512,34.4115,1.8391667,0.56125
KEO,B_subtropical_midlatitude_5,SON,2014-11-01T13:00Z,1.3,1,11.3278969,33.635,22.0116667,14.9,-0.0463167,,-0.0990514,-0.1260846,,-0.0992703,-0.0411391,,-0.044176,-0.0363838,-0.0646631,-0.1367392,2.9940271,-0.04435,-0.0610833,-0.0832604,-0.1815521,0.0002467,5,-0.00415,34.47625,7.3245833,11.4881944
KEO,B_subtropical_midlatitude_5,SON,2014-11-09T11:00Z,1.3,1,9.3654346,28.1666667,21.4466667,37.405,-0.0683,,-0.3183872,-0.401564,,-0.3204222,-0.1358071,,-0.1499547,-0.0931992,-0.1384681,-0.2338199,2.8306737,-0.04805,-0.0501667,-0.2032046,-0.4010613,0.0060733,5,0.0068167,34.28645,20.4029167,13.3858333
KEO,B_subtropical_midlatitude_5,DJF,2014-12-04T12:00Z,1.3,1,14.102607,17.45,15.82,28.385,-0.09035,,-0.1580354,-0.1961295,,-0.1586174,-0.0737899,,-0.0773606,-0.0469232,-0.0806008,-0.1081693,2.5265699,-0.0244167,-0.11515,-0.0764332,-0.2211015,-0.0145,5,0.0091333,34.51415,16.1570833,9.1747222
KEO,B_subtropical_midlatitude_5,DJF,2014-12-08T12:00Z,1.3,1,6.8925975,13.8816667,2.085,0.08,-0.0067167,,0.0006023,0.0017218,,0.0006025,0.0002291,,0.000208,0.0002495,-0.0125245,-0.0670956,47.5476226,-0.00795,0.02035,0.0001723,-0.0629867,-0.01944,5,6.67e-05,34.55205,0.0066667,1.8684722
KEO,B_subtropical_midlatitude_5,DJF,2015-01-26T12:00Z,1.3,1,12.7333079,27.0583333,2.915,0.705,-0.0012,,-0.0095636,-0.0109532,,-0.0095657,-0.00299,,-0.0031005,-0.0025975,-0.0078012,-0.0220909,22.8230769,-0.00095,-0.00935,-0.010367,-0.0259317,-0.0022967,5,0.0023833,34.76615,0.13,1.3195833
KEO,B_subtropical_midlatitude_5,SON,2015-09-14T01:00Z,1.3,1,3.5461173,40.8466667,40.8716667,0.445,-0.7224,,-0.0915001,-0.1545841,,-0.0917684,-0.0127871,,-0.0204316,-0.0137934,-0.0083818,-1.2460535,20.7460674,-0.74795,-0.26265,-0.1000545,-0.0476673,-0.0202033,5,0.00255,34.55505,0.445,37.1834722
KEO,B_subtropical_midlatitude_5,SON,2015-09-15T08:00Z,1.3,1,2.8308579,15.7833333,15.9066667,0.0,-0.3769,,0.0,0.0,,0.0,0.0,,0.0,0.0,0.0,-0.58397,,-0.3079833,-0.1076833,0.0,0.0,0.0347933,5,-0.0424833,34.61985,0.0,13.6091667
KEO,B_subtropical_midlatitude_5,SON,2015-09-18T11:00Z,1.3,1,5.7311291,60.4766667,50.54,28.655,-0.1602,,-0.4605943,-0.7293605,,-0.466171,-0.1228621,,-0.1828548,-0.079065,-0.2432335,-0.5639368,4.5070403,-0.0227,-0.5994,-0.253319,-1.0003282,0.0450067,5,0.0005333,34.5214,14.275,13.4533333
KEO,B_subtropical_midlatitude_5,SON,2015-09-24T19:00Z,1.3,1,12.1654457,11.8633333,3.195,4.345,0.0038333,,-0.0427046,-0.0519324,,-0.0427368,-0.0140322,,-0.0148568,-0.0123753,-0.0166519,-0.0215504,4.4216852,0.0302667,-0.0492667,-0.0368982,-0.0574273,-0.0036867,5,-0.0330167,34.4868,2.2441667,1.3695833
KEO,B_subtropical_midlatitude_5,SON,2015-09-27T04:00Z,1.3,1,7.4030857,28.515,28.515,14.94,-0.10065,,-0.3968374,-0.4521884,,-0.4003452,-0.0911103,,-0.1024916,-0.0611705,-0.1446408,-0.345998,7.0643725,-0.0771333,-0.12905,-0.3194834,-0.6580372,-0.0090367,5,0.0012667,34.4386,8.0145833,15.8476389
KEO,B_subtropical_midlatitude_5,SON,2015-10-16T04:00Z,1.3,1,13.3907424,44.7283333,1.6183333,10.745,0.00075,,-0.0942237,-0.1132629,,-0.0943964,-0.0319994,,-0.0334302,-0.0263043,-0.04406,-0.0073634,4.3816775,0.0009167,-0.02455,-0.0706335,-0.1392731,-6e-05,5,0.00255,34.59715,5.97625,0.5440278
KEO,B_subtropical_midlatitude_5,SON,2015-10-27T16:00Z,1.3,1,14.8725668,17.3,11.9616667,13.615,-0.0212,,-0.0874214,-0.1083085,,-0.0875941,-0.0323674,,-0.033711,-0.0203638,-0.0711509,-0.0769189,3.185283,-0.0119667,-0.0239833,-0.0426114,-0.1922845,-0.00361,5,-0.0046833,34.5572,7.5195833,6.4423611
KEO,B_subtropical_midlatitude_5,SON,2015-10-31T07:00Z,1.3,1,5.2633434,29.0666667,15.95,7.05,-0.0567833,,-0.3133939,-0.4179564,,-0.3151409,-0.0549555,,-0.0701386,-0.0425899,-0.0697071,-0.3655634,8.202457,-0.04735,-0.1768833,-0.2430838,-0.4022003,0.0163133,5,0.0295167,34.65345,4.07,9.015
KEO,B_subtropical_midlatitude_5,SON,2015-11-22T05:00Z,1.3,1,13.9973548,12.4466667,12.215,4.86,-0.0343333,,-0.0467809,-0.0459361,,-0.046878,-0.0121799,,-0.0122919,-0.0125152,-0.011638,-0.1086156,6.8172884,-0.01325,-0.0645167,-0.0456835,-0.0412296,-0.0062467,5,0.00555,34.82925,2.7958333,7.4584722
KEO,B_subtropical_midlatitude_5,SON,2015-11-24T01:00Z,1.3,1,6.7723295,25.775,21.5083333,16.035,-0.0329833,,-0.2849156,-0.3700057,,-0.2866174,-0.0836723,,-0.0987024,-0.0754206,-0.0605939,-0.3462574,3.2894887,-0.0521833,0.0008833,-0.1948928,-0.2469938,-0.0125267,5,-0.0055,34.72205,11.6066667,17.5068056
KEO,B_subtropical_midlatitude_5,SON,2015-11-30T11:00Z,1.3,1,4.0621905,11.53,0.9133333,1.7,0.00835,,-0.1514314,-0.1928798,,-0.151838,-0.0260263,,-0.0331049,-0.0284387,-0.0293679,-0.0392707,11.7753131,0.0013167,-0.0012333,-0.1651738,-0.1694958,-0.0149133,5,-0.0172167,34.68175,1.3975,0.7541667
KEO,B_subtropical_midlatitude_5,DJF,2015-12-02T22:00Z,1.3,1,15.0898608,16.9733333,17.07,18.96,-0.0164,,-0.1268295,-0.1514194,,-0.1271753,-0.0531949,,-0.0551797,-0.0450725,-0.03383,-0.0932861,2.8404097,-0.0025667,-0.0138,-0.0812895,-0.0916594,0.0061267,5,0.0121667,34.718,12.8970833,9.3686111
KEO,B_subtropical_midlatitude_5,DJF,2015-12-07T17:00Z,1.3,1,8.2269921,13.5166667,12.6883333,9.8,-0.0579833,,-0.2610236,-0.3711067,,-0.2630424,-0.0503617,,-0.071352,-0.0305969,-0.0542762,-0.2930013,7.0712143,-0.04145,-0.03635,-0.1673261,-0.2350915,0.00299,5,0.0113833,34.78965,5.1558333,6.2854167
KEO,B_subtropical_midlatitude_5,DJF,2016-01-18T02:00Z,1.3,1,17.8422514,13.3716667,12.2983333,26.75,-0.0204833,,-0.1382101,-0.1540606,,-0.1388122,-0.0568591,,-0.0578603,-0.0441199,-0.0312365,-0.0643853,3.8535728,-0.0157167,-0.0145833,-0.0998744,-0.0774841,0.0017633,5,-0.0019333,34.81315,16.63625,6.3806944
KEO,B_subtropical_midlatitude_5,DJF,2016-02-05T03:00Z,1.3,1,7.8980331,14.2066667,2.485,0.0,-0.0024,,-0.0107009,-0.0110213,,-0.0107035,-0.0026304,,-0.0027065,-0.0032728,-0.0057293,-0.0388239,,-0.0024167,-0.0125167,-0.01379,-0.0203178,0.0050567,5,0.00825,34.83465,0.0,1.8520833
KEO,B_subtropical_midlatitude_5,DJF,2016-02-28T07:00Z,1.3,1,2.5833842,27.76,2.1366667,0.88,-0.07975,,-0.0309975,-0.0521927,,-0.0310242,-0.0054727,,-0.0092294,-0.0057579,-0.0359993,-0.0891323,5.65,-0.0362,-0.12795,-0.0296307,-0.1563601,-0.0056567,5,0.0292167,34.9224,0.66,1.7530556
KEO,B_subtropical_midlatitude_5,MAM,2016-03-07T06:00Z,1.3,1,13.6985756,38.9116667,2.755,10.88,-0.0038833,,-0.0757275,-0.0919126,,-0.075849,-0.0258171,,-0.0269541,-0.0146072,-0.1197635,-0.0184578,4.0273058,-0.00295,-0.01125,-0.0406268,-0.2593652,0.00141,5,-0.0008667,34.83975,4.8829167,1.2420833
KEO,B_subtropical_midlatitude_5,MAM,2016-03-19T09:00Z,1.3,1,12.1895895,15.5116667,1.955,4.515,-0.00475,,-0.0497338,-0.0592957,,-0.0497776,-0.016156,,-0.0169866,-0.0137574,-0.0724857,-0.0258414,4.7747245,-0.0052667,-0.0182833,-0.0396528,-0.173584,9e-05,5,-0.0005333,34.8759,2.6904167,1.7840278
KEO,B_subtropical_midlatitude_5,MAM,2016-04-10T00:00Z,1.3,1,4.4213292,28.3933333,3.4316667,13.51,-0.0252833,,-0.3317401,-0.4636842,,-0.334702,-0.0775467,,-0.1053859,-0.0578805,-0.1605849,-0.087582,4.4849054,-0.01835,-0.10105,-0.1944523,-0.6687057,0.0002267,5,-0.0221333,34.89155,9.2004167,1.7176389
KEO,B_subtropical_midlatitude_5,MAM,2016-04-14T02:00Z,1.3,1,11.5256356,25.05,23.89,17.03,-0.0414,,-0.1697395,-0.2070039,,-0.1702962,-0.0595339,,-0.0638329,-0.0425067,-0.0719745,-0.1516545,4.1213437,-0.0114167,-0.0448,-0.1144114,-0.2165984,0.0054667,5,-0.0035667,34.89055,8.52125,10.3563889
KEO,B_subtropical_midlatitude_5,MAM,2016-04-18T23:00Z,1.3,1,4.9736181,12.5483333,11.5866667,14.265,-0.0465833,,-0.2776229,-0.4505708,,-0.2796718,-0.0597895,,-0.0928894,-0.0238976,-0.1154565,-0.2615347,5.4104961,-0.0130833,-0.0483,-0.1091439,-0.5873419,0.00331,5,0.0023167,34.86365,5.4545833,5.2122222
KEO,B_subtropical_midlatitude_5,MAM,2016-04-24T09:00Z,1.3,1,4.004849,12.0666667,3.71,3.62,-0.02525,,-0.1410803,-0.2222455,,-0.1415991,-0.0244206,,-0.0396223,-0.0170953,-0.0255283,-0.1789175,5.7009159,-0.0274167,-0.0226833,-0.0934288,-0.1416984,0.0003867,5,0.00355,34.89195,2.3220833,2.8405556
KEO,B_subtropical_midlatitude_5,MAM,2016-04-27T20:00Z,1.3,1,12.5638181,22.7516667,5.0733333,13.005,-0.0038167,,-0.1098034,-0.0557599,,-0.110562,-0.0402317,,-0.0297871,-0.0433031,-0.1545861,-0.064923,6.0840658,-0.0059167,-0.0378167,-0.1246168,-0.3117337,0.0033433,5,-0.0016167,34.83375,7.82125,3.8894444
KEO,B_subtropical_midlatitude_5,MAM,2016-05-07T06:00Z,1.3,1,10.2671413,13.6066667,3.1383333,9.745,-0.0103167,,-0.1662205,-0.1906489,,-0.166699,-0.0571564,,-0.0604039,-0.0624439,-0.0331602,-0.0418635,4.9982863,-0.00765,-0.01995,-0.1621373,-0.0965444,0.0014067,5,0.0013833,34.90085,7.6354167,2.18125
KEO,B_subtropical_midlatitude_5,MAM,2016-05-18T08:00Z,1.3,1,4.0953882,10.4283333,1.1816667,6.165,-0.007,,-0.2459859,-0.3693202,,-0.2471149,-0.0467039,,-0.0700703,-0.0393728,-0.0561859,-0.0487643,6.4865009,-0.0059667,-0.0075667,-0.206671,-0.2875859,0.00779,5,-0.0118167,34.8744,3.8920833,0.8218056
KEO,B_subtropical_midlatitude_5,JJA,2016-06-05T06:00Z,1.3,1,7.9342488,10.715,9.5833333,11.47,-0.04215,,-0.589959,-0.5139823,,-0.599013,-0.1325874,,-0.1129798,-0.1543094,-0.089526,-0.2077329,9.3335083,-0.0400167,0.00545,-0.6800387,-0.3152642,0.0019333,5,0.0184167,35.00335,9.52375,7.1519444
KEO,B_subtropical_midlatitude_5,JJA,2016-06-09T04:00Z,1.3,1,9.648457,58.73,24.7133333,26.82,-0.0847333,,-0.2675977,-0.3145004,,-0.2689186,-0.1036789,,-0.1108651,-0.078341,-0.177464,-0.2312841,3.4066287,-0.0853667,-0.0867333,-0.1933227,-0.5450061,0.00625,5,-0.0028,35.1088,16.02875,17.3202778
KEO,B_subtropical_midlatitude_5,JJA,2016-06-12T20:00Z,1.3,1,11.1815868,41.7183333,32.8383333,41.085,-0.0185833,,-0.2163743,-0.2713817,,-0.2177973,-0.105687,,-0.1152742,-0.0452838,-0.1552095,-0.1412754,2.9541952,0.0372667,-0.0389667,-0.0971401,-0.3693207,-0.01564,5,-0.0046167,34.7816,18.07125,9.79875
KEO,B_subtropical_midlatitude_5,JJA,2016-07-09T12:00Z,1.3,1,8.2239741,13.285,3.0616667,11.325,-0.0127833,,-0.198924,-0.2327142,,-0.1996394,-0.0671159,,-0.0725572,-0.0767013,-0.0431318,-0.0517403,4.467875,-0.0128667,-0.0074333,-0.2124525,-0.1342765,-0.0063733,5,0.00745,34.6822,8.8520833,1.9534722
KEO,B_subtropical_midlatitude_5,JJA,2016-07-13T04:00Z,1.3,1,3.787555,19.3183333,15.5183333,22.635,0.0937,,-0.6410881,-1.1022769,,-0.649217,-0.1492395,,-0.2382904,-0.1095517,-0.309694,-0.3111306,6.8417779,0.1184167,0.1569333,-0.4624853,-1.0931084,-0.0063667,5,0.2447333,34.46585,11.5291667,6.0990278
KEO,B_subtropical_midlatitude_5,JJA,2016-08-29T07:00Z,1.3,1,26.633166,34.8066667,22.3583333,30.215,-0.0417333,,-0.100383,-0.1063091,,-0.1007217,-0.0396741,,-0.0397351,-0.0321622,-0.0448618,-0.0609441,4.2341183,-0.0182667,-0.0488333,-0.0794883,-0.1259061,0.0127433,5,-0.0317167,34.6167,16.8604167,9.3904167
KEO,B_subtropical_midlatitude_5,SON,2016-10-13T17:00Z,1.3,1,10.8724512,35.3883333,35.6516667,9.22,-0.00255,,-0.1262056,-0.1585446,,-0.1265963,-0.0395735,,-0.0444106,-0.0348434,-0.0360858,-0.3668452,3.5534795,-0.0257167,0.0141167,-0.0837786,-0.1232445,0.01066,5,0.0081,34.56205,5.9758333,31.1801389
KEO,B_subtropical_midlatitude_5,SON,2016-10-22T11:00Z,1.3,1,5.7244316,14.54,8.5933333,7.905,-0.1126167,,-0.2990662,-0.4470683,,-0.3012472,-0.0561251,,-0.0810612,-0.0499649,-0.0669605,-0.2804206,10.8361752,-0.0434,-0.0713833,-0.2478031,-0.3196427,-0.00387,5,0.00345,34.6521,4.82375,4.6569444
KEO,B_subtropical_midlatitude_5,DJF,2018-01-12T00:00Z,1.3,1,7.5573059,11.36,5.445,9.17,-0.0089333,,-0.1693095,-0.2108909,,-0.1707653,-0.0410204,,-0.0479068,-0.042389,-0.0569002,-0.1279919,5.4613497,-0.01035,-0.0056167,-0.173752,-0.1660244,-0.0019033,5,-0.0007667,34.83265,5.5583333,3.2809722
KEO,B_subtropical_midlatitude_5,DJF,2018-02-01T17:00Z,1.3,1,5.2294309,14.9766667,14.9766667,22.26,-0.0571333,,-0.5297791,-0.7540516,,-0.5351735,-0.1349851,,-0.1812827,-0.1071613,-0.1348538,-0.34336,5.5068067,-0.0347,-0.0446,-0.3618627,-0.6098369,-0.00123,5,-0.00425,34.8485,13.2341667,7.9733333
KEO,B_subtropical_midlatitude_5,DJF,2018-02-11T04:00Z,1.3,1,10.4829392,11.81,12.3816667,10.745,-0.0164667,,-0.1454612,-0.161242,,-0.1458957,-0.0443649,,-0.0471274,-0.0358291,-0.0368991,-0.1292595,6.8396008,-0.0190333,-0.0056167,-0.1080232,-0.1319685,0.00108,5,-0.0017667,34.8476,6.3929167,9.3948611
KEO,B_subtropical_midlatitude_5,MAM,2018-04-15T18:00Z,1.3,1,8.1850759,15.725,9.8333333,8.395,0.0298667,,-0.1283559,-0.1653908,,-0.128739,-0.0357771,,-0.0406376,-0.0323281,-0.0678477,-0.1422772,3.9597756,0.0243333,0.0450833,-0.0845892,-0.2575473,-0.0032667,5,0.01025,34.8742,6.01625,6.0425
KEO,B_subtropical_midlatitude_5,MAM,2018-04-17T20:00Z,1.3,1,12.0823258,12.5733333,7.4566667,9.355,-0.0120667,,-0.0929247,-0.1064367,,-0.0931952,-0.0335181,,-0.0349914,-0.0360705,-0.0811229,-0.071645,4.3915481,-0.0076667,-0.0262333,-0.0937998,-0.2221066,-8e-05,5,0.0004167,34.821,6.1329167,4.9594444
KEO,B_subtropical_midlatitude_5,MAM,2018-04-26T05:00Z,1.3,1,4.5379445,17.2933333,2.0,4.09,-0.0145667,,-0.1711241,-0.1407098,,-0.1729424,0.0006068,,0.0053857,-0.0091981,0.018076,-0.0670322,15.8045672,-0.0107833,-0.02685,-0.2055761,-0.1282314,0.01453,5,0.0003833,34.79905,3.1554167,1.2969444
KEO,B_subtropical_midlatitude_5,MAM,2018-05-09T16:00Z,1.3,1,6.7175462,60.6866667,43.3366667,37.935,-0.1799,,-0.5488069,-0.7466162,,-0.5545899,-0.1824531,,-0.2264908,-0.13881,-0.2701562,-0.5982869,3.6830157,-0.1539333,-0.1777,-0.404259,-0.7760957,0.0093233,5,0.0021167,34.7865,20.4479167,25.1908333
KEO,B_subtropical_midlatitude_5,MAM,2018-05-19T16:00Z,1.3,1,9.364663,13.34,13.34,14.935,-0.0431333,,-0.1780354,-0.2238763,,-0.1786961,-0.0603146,,-0.0668384,-0.0503701,-0.0507428,-0.1546345,3.342082,-0.03845,-0.0426167,-0.1253776,-0.1690334,-0.0067367,5,0.00165,34.77735,9.3983333,8.0038889
KEO,B_subtropical_midlatitude_5,MAM,2018-05-23T07:00Z,1.3,1,11.9144666,15.0633333,8.9266667,6.82,-0.0057,,-0.0861114,-0.0977814,,-0.0862591,-0.0275635,,-0.0288413,-0.0279638,-0.0191,-0.0758503,4.8342762,0.0019,-0.00265,-0.0817624,-0.0650393,-0.01205,5,-0.0023,34.7395,4.6679167,4.5455556
KEO,B_subtropical_midlatitude_5,MAM,2018-05-26T02:00Z,1.3,1,5.5303263,22.0733333,11.235,16.985,-0.1317833,,-1.1030832,-1.6324864,,-1.1239524,-0.1992482,,-0.2939092,-0.1786323,-0.1726817,-0.513638,9.9821145,-0.1385667,-0.0394167,-1.0069946,-0.8291042,0.0034933,5,0.00855,34.7415,11.4154167,7.9123611
KEO,B_subtropical_midlatitude_5,JJA,2018-06-03T14:00Z,1.3,1,3.7334118,30.245,7.1316667,2.215,-0.1167333,,-0.1069236,-0.1861567,,-0.1071724,-0.0174938,,-0.031366,-0.011632,-0.0247154,-0.407201,6.0056532,-0.11425,-0.07325,-0.0672027,-0.1449716,0.0187033,5,0.0027667,34.71635,1.5916667,6.0290278
KEO,B_subtropical_midlatitude_5,JJA,2018-06-09T01:00Z,1.3,1,5.9130953,70.9766667,43.515,13.895,-0.2547333,,-0.3270062,-0.4371984,,-0.3294583,-0.0865771,,-0.1099998,-0.0782171,-0.0571095,-0.6553,3.9441678,-0.2500833,-0.2236,-0.2403434,-0.2213331,-0.0020733,5,-0.0052833,34.64635,10.5733333,36.4848611
KEO,B_subtropical_midlatitude_5,JJA,2018-06-12T22:00Z,1.3,1,4.7893194,10.5783333,10.6533333,0.77,-0.1619,,-0.0268975,-0.0289985,,-0.0269289,-0.0066071,,-0.0067301,-0.0088584,-0.002245,-0.2398519,8.1481481,-0.1093667,-0.2249167,-0.0363752,-0.0036218,-0.0164867,5,-0.0073333,34.6776,0.7425,8.0497222
KEO,B_subtropical_midlatitude_5,JJA,2018-06-15T04:00Z,1.3,1,13.9518309,45.8916667,33.38,28.025,-0.00945,,-0.2491703,-0.2604214,,-0.2504405,-0.0919591,,-0.093195,-0.0755788,-0.0700134,-0.0902434,5.3192225,0.0066667,-0.0636833,-0.2135747,-0.2203691,-0.02608,5,-0.0058,34.6514,15.3941667,8.2125
KEO,B_subtropical_midlatitude_5,JJA,2018-06-18T05:00Z,1.3,1,12.1661796,59.7966667,29.5383333,37.865,-0.0303667,,-0.2515848,-0.2842916,,-0.2530542,-0.1090515,,-0.1132726,-0.0800152,-0.1778189,-0.1359854,3.2267463,-0.0087667,-0.1116833,-0.1749812,-0.3963422,-0.0050267,5,0.0047,34.6917,19.8283333,10.4451389
KEO,B_subtropical_midlatitude_5,JJA,2018-07-14T01:00Z,1.3,1,4.0360912,12.02,12.02,0.0,-0.12,,0.0,0.0,,0.0,0.0,,0.0,0.0,0.0,-0.3094343,,-0.1558667,-0.0380167,0.0,0.0,0.0079,5,0.0294333,34.4963,0.0,11.0183333
KEO,B_subtropical_midlatitude_5,JJA,2018-07-23T22:00Z,1.3,1,4.2412708,73.8233333,73.9133333,21.4,-0.5057833,,-0.5820407,-1.5609862,,-0.5957754,-0.0967926,,-0.2566264,-0.0257819,-0.1882657,-1.8011574,5.4801289,-0.1438833,-0.66345,-0.0631747,-1.2601939,0.0171633,5,-0.0202167,34.71715,10.3583333,41.3169444
KEO,B_subtropical_midlatitude_5,JJA,2018-07-26T20:00Z,1.3,1,8.58702,41.19,24.2766667,18.615,-0.0327167,,-0.2291751,-0.290828,,-0.2304583,-0.0794488,,-0.0888166,-0.0741646,-0.1117111,-0.2582086,3.2989297,-0.0540667,-0.0225,-0.1845832,-0.3371285,0.0213367,5,-0.0265167,34.6423,12.1466667,19.6261111
KEO,B_subtropical_midlatitude_5,JJA,2018-08-07T00:00Z,1.3,1,23.40522,28.105,16.285,35.34,-0.0319,,-0.1817358,-0.1981169,,-0.1824881,-0.0895379,,-0.0903364,-0.0988611,-0.0734886,-0.0611923,3.5841085,-0.0221,-0.0267167,-0.17667,-0.1654736,0.0012867,5,-0.0186667,34.6544,26.3033333,7.81875
KEO,B_subtropical_midlatitude_5,SON,2018-10-01T04:00Z,1.3,1,10.2718124,18.13,18.4233333,0.0,-0.0745333,,0.0,0.0,,0.0,0.0,,0.0,0.0,-0.0064974,-0.1637159,,-0.0766667,-0.0537333,0.0,-0.0198662,0.0123833,5,0.0587167,34.5282,0.0,15.0516667
KEO,B_subtropical_midlatitude_5,SON,2018-10-13T02:00Z,1.3,1,10.6057428,50.7133333,5.0566667,1.845,-0.06675,,-0.138987,-0.1574003,,-0.1393539,-0.0258506,,-0.0285238,-0.0317199,-0.0157652,-0.1069263,13.3485411,-0.0614333,-0.1174333,-0.1694792,-0.0704144,-0.00102,5,0.01695,34.4964,1.7166667,4.4905556
KEO,B_subtropical_midlatitude_5,SON,2018-10-17T17:00Z,1.3,1,4.2925858,39.4583333,24.3,30.53,-0.16355,,-0.7097954,-1.3272903,,-0.7261231,-0.1451241,,-0.2740224,-0.0568287,-0.2148793,-0.5495844,3.4625631,-0.1065,-0.1085333,-0.1810656,-1.1551921,0.0012167,5,-0.0048333,34.3978,16.9495833,13.7911111
KEO,B_subtropical_midlatitude_5,SON,2018-11-12T20:00Z,1.3,1,3.7823893,14.4016667,11.9616667,5.58,0.1763,,-0.1438491,-0.1967658,,-0.1443048,-0.0331352,,-0.0420172,-0.0332391,-0.021796,-0.2304798,4.5567717,0.0960167,0.3218,-0.1169436,-0.0983206,0.01505,5,0.0342,34.33975,4.5225,10.2215278
KEO,B_subtropical_midlatitude_5,SON,2018-11-24T00:00Z,1.3,1,14.0702387,13.0083333,10.3933333,2.815,-0.0117333,,-0.0414002,-0.0357618,,-0.0414457,-0.0087109,,-0.0084683,-0.0078574,-0.0104914,-0.0426655,17.3048833,-0.0073333,-0.0110167,-0.0421201,-0.0460458,0.0232733,5,-0.0136667,34.7476,1.0933333,3.2272222
KEO,B_subtropical_midlatitude_5,DJF,2018-12-05T05:00Z,1.3,1,7.8500755,38.345,1.45,11.65,-0.0190833,,-0.1421794,-0.1656157,,-0.142697,-0.0567874,,-0.0608475,-0.0704719,-0.060354,-0.0196501,2.9977444,-0.0113,-0.3288667,-0.1568104,-0.2446707,0.03562,5,0.0489667,34.6829,10.4191667,1.3
KEO,B_subtropical_midlatitude_5,DJF,2019-02-04T09:00Z,1.3,1,9.1767073,14.5083333,2.5333333,1.415,0.0084333,,-0.0274291,-0.0344672,,-0.0274532,-0.0067682,,-0.0076464,-0.0074551,-0.0035145,-0.0331295,4.2391082,0.0019,0.0239333,-0.0242738,-0.0147098,0.0036833,5,-0.0604833,34.6723,1.1570833,2.2975
KEO,B_subtropical_midlatitude_5,DJF,2019-02-22T14:00Z,1.3,1,11.6184605,21.695,5.3216667,20.725,-0.0046,,-0.1222323,-0.1595663,,-0.1225781,-0.051176,,-0.0551953,-0.0291764,-0.1653861,-0.0524173,3.051281,-0.0052,-0.0750333,-0.0617508,-0.6228923,0.0017833,5,-0.0014833,34.7875,9.1066667,3.3168056
KEO,B_subtropical_midlatitude_5,MAM,2019-03-03T03:00Z,1.3,1,13.0274449,28.11,6.0966667,10.085,0.0034,,-0.0590045,-0.0659961,,-0.0591266,-0.0204417,,-0.0209863,-0.0072474,-0.062948,-0.040124,6.2470785,0.0050833,-0.01055,-0.037974,-0.1795023,-0.0027633,5,0.00985,34.84635,2.995,2.2463889
KEO,B_subtropical_midlatitude_5,MAM,2019-03-10T11:00Z,1.3,1,14.2990232,17.57,8.5433333,23.645,-0.0076833,,-0.203828,-0.2409116,,-0.204539,-0.0765128,,-0.0799529,-0.0690206,-0.0888001,-0.0376514,3.8939071,-0.00655,-0.01185,-0.1758985,-0.253277,0.00028,5,-0.0006833,34.84075,13.0891667,2.6075
KEO,B_subtropical_midlatitude_5,MAM,2019-03-15T12:00Z,1.3,1,6.9427544,17.45,0.8816667,3.925,0.0346,,-0.0737191,-0.106809,,-0.0738917,-0.0169928,,-0.0221991,-0.0064462,-0.04417,-0.0222914,4.626151,0.0148667,0.00865,-0.0123083,-0.1559134,-0.0023567,5,-0.00675,34.8216,2.03625,0.6184722
KEO,B_subtropical_midlatitude_5,MAM,2019-03-19T10:00Z,1.3,1,10.4355717,31.38,10.5583333,10.255,-0.0020333,,-0.0735663,-0.0988939,,-0.0737193,-0.0276269,,-0.0304356,-0.0095621,-0.1427961,-0.0470471,4.2963674,0.00595,-0.0883,-0.024882,-0.6430044,-0.00337,5,0.00225,34.81775,3.6475,2.5629167
KEO,B_subtropical_midlatitude_5,MAM,2019-03-25T23:00Z,1.3,1,7.9520063,11.7233333,8.3916667,6.085,-0.0051667,,-0.0872873,-0.2023453,,-0.0875112,-0.0197967,,-0.0362575,-0.0044629,-0.0300154,-0.1415607,4.5486101,-0.0029667,-0.00795,-0.0169836,-0.1340889,0.0066667,5,0.00965,34.8401,2.6691667,3.2493056
KEO,B_subtropical_midlatitude_5,MAM,2019-04-07T21:00Z,1.3,1,6.7813034,14.2266667,13.1783333,19.985,-0.04025,,-0.3815056,-0.4691823,,-0.3841211,-0.1197881,,-0.1363229,-0.1157466,-0.0756203,-0.210255,3.8797405,-0.03275,0.0054,-0.3199157,-0.2458402,-0.00581,5,0.0006833,34.83855,14.9620833,9.6745833
KEO,B_subtropical_midlatitude_5,MAM,2019-04-12T11:00Z,1.3,1,8.5083291,17.5,13.0366667,8.585,-0.0141833,,-0.09557,-0.1473072,,-0.0958703,-0.0288732,,-0.0384994,-0.0145856,-0.041674,-0.1229538,4.7043552,-0.01175,-0.0222833,-0.0426203,-0.1928134,0.0006133,5,-0.0029167,34.83725,3.7116667,6.3013889
KEO,B_subtropical_midlatitude_5,MAM,2019-04-17T09:00Z,1.3,1,13.0263468,21.92,7.2416667,31.99,0.00895,,-0.1828671,-0.2294539,,-0.18361,-0.0820894,,-0.0869377,-0.0444367,-0.0896032,-0.0605629,2.761307,0.0076833,0.01505,-0.0891662,-0.2437021,-0.0005167,5,0.0079333,34.83525,14.9208333,3.6376389
KEO,B_subtropical_midlatitude_5,MAM,2019-04-25T08:00Z,1.3,1,9.5889478,27.71,18.11,16.97,-0.0290833,,-0.133246,-0.1737147,,-0.1336971,-0.0543366,,-0.0601899,-0.0350855,-0.0695549,-0.1288885,3.1175335,-0.0142333,-0.0884167,-0.0890538,-0.2254611,0.0011867,5,0.0071333,34.8353,7.8254167,7.7558333
KEO,B_subtropical_midlatitude_5,MAM,2019-04-30T11:00Z,1.3,1,13.973956,21.5533333,9.8333333,9.7,-0.0002333,,-0.0430756,-0.0455074,,-0.0432459,-0.0186924,,-0.0182463,-0.0130847,-0.050382,-0.0467709,4.7813861,0.0038167,-0.0211333,-0.0256809,-0.1181139,0.00198,5,-0.0063333,34.80855,5.05,3.2247222
KEO,B_subtropical_midlatitude_5,MAM,2019-05-29T15:00Z,1.3,1,8.6060624,11.1183333,11.2033333,16.97,-0.0454167,,-0.1735108,-0.2352398,,-0.1743769,-0.0631989,,-0.0732695,-0.0282926,-0.0830114,-0.1176869,3.0458457,-0.0356,-0.04675,-0.0449247,-0.3373762,0.00376,5,-0.0227833,34.7794,9.2375,7.2677778
KEO,B_subtropical_midlatitude_5,JJA,2019-06-02T07:00Z,1.3,1,8.1278207,51.245,5.985,10.35,-0.01105,,-0.3054893,-0.2914967,,-0.3081335,-0.0672129,,-0.0658904,-0.0643906,-0.0629362,-0.1028718,10.6913043,-0.0087,-0.0344,-0.2888791,-0.221426,-0.0058667,5,0.0048167,34.8557,6.21,2.8670833
KEO,B_subtropical_midlatitude_5,JJA,2019-06-09T06:00Z,1.3,1,3.8003073,26.68,4.21,9.315,-0.0117333,,-0.2773888,-0.4646228,,-0.2791546,-0.0487284,,-0.0826263,-0.0422286,-0.2119839,-0.0882635,9.2718264,-0.0004,-0.0441167,-0.2394297,-0.7365907,-0.00611,5,0.0008667,34.7349,4.2416667,1.9352778
KEO,B_subtropical_midlatitude_5,JJA,2019-06-18T20:00Z,1.3,1,4.4524574,43.28,2.5133333,10.015,-0.0187833,,-0.503568,-0.8203448,,-0.5084317,-0.0842786,,-0.1409141,-0.0573587,-0.0950583,-0.1141287,7.7584003,-0.0198667,-0.0039833,-0.3397449,-0.4902102,0.0018567,5,-0.03545,34.6506,6.06375,1.6105556
KEO,B_subtropical_midlatitude_5,JJA,2019-07-12T21:00Z,1.3,1,7.8680399,15.4266667,13.2066667,8.275,-0.0290167,,-0.1127009,-0.1394988,,-0.1130061,-0.0373282,,-0.0413115,-0.0324478,-0.0238687,-0.1019966,3.3643392,-0.0101833,-0.09395,-0.0705357,-0.0788527,0.0094967,5,-0.0026667,34.57125,5.9916667,4.2772222
KEO,B_subtropical_midlatitude_5,JJA,2019-08-04T17:00Z,1.3,1,6.745642,14.9366667,14.5233333,19.87,-0.1561,,-0.3346102,-0.3726364,,-0.337403,-0.1025352,,-0.11222,-0.1012803,-0.154581,-0.2220712,5.907029,-0.0607333,-0.2067167,-0.2958349,-0.5575141,0.0051967,5,-0.0503333,34.5139,12.8695833,9.6525
KEO,B_subtropical_midlatitude_5,JJA,2019-08-25T06:00Z,1.3,1,10.4085837,13.1,2.4316667,3.16,0.0067,,-0.1065155,-0.0948069,,-0.1068286,-0.025553,,-0.0247189,-0.0343384,-0.0087851,-0.0139478,12.1335628,0.0027667,-0.06465,-0.1350725,-0.0375018,0.0011233,5,-0.0059333,34.4879,2.905,0.7120833
KEO,B_subtropical_midlatitude_5,SON,2019-09-15T06:00Z,1.3,1,12.2270546,10.2483333,0.895,4.38,-0.0013167,,-0.0329606,-0.0412277,,-0.0329861,-0.0115464,,-0.0121764,-0.0094066,-0.0328414,-0.0098547,5.4970085,-0.0009833,-0.0629833,-0.0310863,-0.1044056,0.0145867,5,-0.00705,34.44555,1.6441667,0.6059722
KEO,B_subtropical_midlatitude_5,SON,2019-09-19T18:00Z,1.3,1,12.0480318,12.3083333,11.0283333,11.105,-0.0069833,,-0.043805,-0.0572844,,-0.0440319,-0.0235657,,-0.0245386,-0.0136808,-0.0220353,-0.0914231,2.2013627,-0.0085333,-0.00615,-0.0078878,-0.0387949,-0.0074367,5,0.0098833,34.3512,6.2375,8.5779167
KEO,B_subtropical_midlatitude_5,SON,2019-10-08T23:00Z,1.3,1,2.0549027,34.5466667,15.085,0.0,-0.1225,0.00125,0.0,0.0,0.0,0.0,0.0,0.0,0.0,0.0,-0.0206109,-0.7546756,,-0.07935,-0.1906333,0.0,-0.069245,0.0046333,5,0.0049333,34.42135,0.0,12.8795833
KEO,B_subtropical_midlatitude_5,SON,2019-10-20T20:00Z,1.3,1,11.2132522,23.1433333,3.7883333,3.18,-0.0002167,0.00245,-0.0126624,-0.0199202,-0.004346,-0.0126726,-0.0042629,-3.3e-06,-0.0049346,-0.0030754,-0.0166386,-0.0498392,-0.4666667,-0.0112667,0.0320167,-0.0095647,-0.0587819,-0.0033533,5,0.00795,34.2582,1.335,3.2220833
KEO,B_subtropical_midlatitude_5,SON,2019-10-24T04:00Z,1.3,1,15.6964203,11.405,1.58,29.445,0.0493667,0.0509833,-0.1844246,-0.2077331,-0.1530457,-0.1851446,-0.0725964,-0.0538814,-0.0743351,-0.0555455,-0.0856708,-0.0125959,3.6965655,0.0093167,0.1034667,-0.1342895,-0.2426691,-0.00944,5,-0.0069167,34.32255,16.7658333,0.9458333
KEO,B_subtropical_midlatitude_5,SON,2019-11-08T17:00Z,1.3,1,6.8924552,46.955,19.8383333,11.83,-0.09425,-0.0643,-0.1726197,-0.194139,-0.113595,-0.1740289,-0.0498537,-0.0261435,-0.0545603,-0.0433131,-0.0542998,-0.2282164,4.5210138,-0.08455,-0.0294,-0.1117048,-0.224593,0.0070133,5,0.0201333,34.46525,8.0541667,16.2070833
KEO,B_subtropical_midlatitude_5,SON,2019-11-27T16:00Z,1.3,1,11.4410554,12.74,4.195,4.055,-0.0285833,-0.0238833,-0.0502717,-0.0589458,-0.0350849,-0.0503239,-0.015246,-0.0089107,-0.0160665,-0.0153488,-0.0091348,-0.0473681,3.9382697,-0.0296167,-0.0045333,-0.0443174,-0.0335662,0.0051467,5,0.0321667,34.52345,3.0670833,3.6334722
KEO,B_subtropical_midlatitude_5,DJF,2019-12-02T16:00Z,1.3,1,7.7015371,13.53,10.68,16.58,-0.0249333,-0.0185333,-0.2089139,-0.3386089,-0.079677,-0.2100106,-0.0594269,-0.0225791,-0.0849757,-0.0385341,-0.1342661,-0.1247961,3.9582859,-0.0143333,-0.0591,-0.0908305,-0.6744749,-0.0009167,5,0.0039667,34.5994,9.1016667,5.1475
KEO,B_subtropical_midlatitude_5,DJF,2019-12-07T02:00Z,1.3,1,8.0297395,11.2216667,6.38,11.165,-0.0169333,-0.0120167,-0.2028412,-0.2416222,-0.105815,-0.2038212,-0.051567,-0.0245939,-0.0575667,-0.0428581,-0.058576,-0.0926379,5.7511514,-0.0159,-0.0032167,-0.1524073,-0.2426494,0.00198,5,-0.0016667,34.5778,6.89375,3.0413889
KEO,B_subtropical_midlatitude_5,DJF,2019-12-11T04:00Z,1.3,1,7.7990098,11.395,11.6183333,2.78,-0.02455,-0.0067333,-0.0521084,-0.0636181,-0.0263089,-0.0521583,-0.0134639,-0.005766,-0.0149215,-0.0105959,-0.0099977,-0.106834,5.2985638,-0.0074167,-0.0157167,-0.0377753,-0.0412205,0.0046067,5,-0.0081667,34.58915,1.7129167,4.1906944
KEO,B_subtropical_midlatitude_5,DJF,2019-12-22T02:00Z,1.3,1,7.8058407,42.695,6.5283333,12.545,-0.0039667,-0.00105,-0.4179655,-0.2604598,-0.1052474,-0.4217044,-0.0917506,-0.0221095,-0.0653207,-0.0877246,-0.1341746,-0.0857894,5.9207235,-0.0034333,-0.0670167,-0.4085101,-0.4272085,0.0021667,5,-0.00145,34.6182,7.9216667,2.2793056
KEO,B_subtropical_midlatitude_5,DJF,2019-12-30T15:00Z,1.3,1,8.7429542,37.9083333,35.13,2.88,-0.18115,-0.1262833,-0.0461049,-0.058817,-0.0238637,-0.0461572,-0.0123785,-0.0055459,-0.0138995,-0.0087467,-0.0219799,-0.3025288,5.7582222,-0.1579667,-0.016,-0.0254534,-0.0803659,-0.00373,5,-0.0018833,34.6887,1.6875,28.0177778
KEO,B_subtropical_midlatitude_5,DJF,2020-01-15T01:00Z,1.3,1,10.5380905,22.0066667,22.0133333,0.195,-0.0557,-0.0403333,-0.0055016,-0.0061137,-0.0037987,-0.0055022,-0.0015699,-0.0009875,-0.0016498,-0.001995,-0.0007931,-0.2014176,7.6531469,-0.0527167,-0.0944167,-0.0066909,-0.0025716,0.0081933,5,0.00535,34.80035,0.17875,16.3502778
KEO,B_subtropical_midlatitude_5,DJF,2020-01-17T16:00Z,1.3,1,8.9057602,10.2116667,3.5,11.865,-0.0411,-0.0392833,-0.3218576,-0.3373571,-0.0665042,-0.323683,-0.0651709,-0.0142555,-0.0603801,-0.0503898,-0.0864339,-0.0820147,7.2640722,-0.02155,-0.07065,-0.2867143,-0.3340736,0.0077167,5,0.0075833,34.79775,4.8383333,1.4413889
KEO,B_subtropical_midlatitude_5,DJF,2020-02-26T03:00Z,1.3,1,11.1681735,20.7316667,19.0933333,3.205,-0.0725,-0.0584167,-0.037401,-0.0450866,-0.0245945,-0.0374289,-0.0119784,-0.006534,-0.0127589,-0.0094339,-0.0079947,-0.1581059,4.0525127,-0.0606333,-0.0248667,-0.0252153,-0.0277332,0.0020133,5,-0.004,34.7508,2.1645833,15.1738889
KEO,B_subtropical_midlatitude_5,MAM,2020-03-08T10:00Z,1.3,1,14.9208564,44.0716667,1.3,4.295,-0.0053,-0.0041,-0.0384893,-0.0439656,-0.0292302,-0.0385369,-0.0128152,-0.0084096,-0.0133055,-0.0126779,-0.0453645,-0.0113898,4.2673864,-0.0050167,-0.0313833,-0.0356687,-0.0995909,-0.0016333,5,-0.0063167,34.74745,2.77875,0.8963889
KEO,B_subtropical_midlatitude_5,MAM,2020-03-31T05:00Z,1.3,1,10.838352,17.3133333,3.405,12.725,0.0025333,0.0039333,-0.2089806,-0.2013644,-0.1638791,-0.2099081,-0.0551152,-0.042188,-0.0543253,-0.0522469,-0.0806476,-0.0425783,7.5494026,0.0019667,0.00445,-0.2055611,-0.2536617,0.0074033,5,-0.0011833,34.8007,7.0491667,1.5315278
KEO,B_subtropical_midlatitude_5,MAM,2020-04-12T12:00Z,1.3,1,10.0232577,10.3383333,7.6866667,9.93,-0.0138,-0.0109833,-0.2026208,-0.2538273,-0.0733218,-0.2033668,-0.0498542,-0.0174894,-0.0578329,-0.0404955,-0.0777387,-0.2223642,6.5552791,-0.0059,-0.0153833,-0.1877539,-0.2461032,-0.00277,5,0.0006,34.758,4.32125,5.1805556
KEO,B_subtropical_midlatitude_5,MAM,2020-04-18T14:00Z,1.3,1,12.2857085,10.1316667,10.1316667,2.1,-0.0144,-0.0123833,-0.0189107,-0.0048682,-0.024927,-0.0189368,0.0010885,-0.004696,0.0016515,-0.001439,0.0096888,-0.0692931,14.6592776,-0.0194167,-0.0040167,-0.0269226,0.0165707,-0.0031567,5,-0.0018,34.77295,1.6083333,7.8106944
KEO,B_subtropical_midlatitude_5,MAM,2020-04-26T14:00Z,1.3,1,6.5194469,19.075,4.6316667,31.93,0.0002833,0.00345,-0.3516134,-0.5046084,-0.1299823,-0.3544698,-0.1274223,-0.0360147,-0.1620086,-0.0694631,-0.2898203,-0.0493293,3.1813105,0.0031833,-0.14465,-0.1715771,-1.5892437,-0.0060033,5,0.0017833,34.77385,15.6416667,1.17875
MOSEAN/WHOTS,B_subtropical_midlatitude_5,DJF,2004-12-22T07:00Z,0.75,1,6.4308641,166.1983999,138.0831241,19.55,-1.194197,,-0.3388835,-0.4747313,,-0.3424558,-0.0961238,,-0.1131634,-0.0447063,-0.1451474,-3.573801,3.8678738,-0.3339935,-0.4934751,-0.1102953,-0.6477913,0.0062851,5,0.0007138,34.930474,9.1125,76.9827383
MOSEAN/WHOTS,B_subtropical_midlatitude_5,DJF,2004-12-27T10:00Z,0.75,1,7.5821249,43.4802884,15.1587326,13.3,-0.047945,,-0.3816313,-0.4487234,,-0.3844968,-0.1189034,,-0.127223,-0.1421871,-0.0630432,-0.3951177,4.4798226,-0.0672832,-0.0072537,-0.4005367,-0.2060169,0.0110882,5,0.001734,34.944038,11.275,12.5654134
MOSEAN/WHOTS,B_subtropical_midlatitude_5,DJF,2005-01-01T17:00Z,0.75,1,8.2764959,94.3532548,78.5657549,33.15,-0.2519581,,-0.418873,-0.507893,,-0.4230935,-0.1630684,,-0.1710053,-0.1338264,-0.1384649,-0.5799142,2.9329521,-0.1561582,-0.1286332,-0.2872996,-0.4264901,-0.0042872,5,0.0055778,34.8657073,20.1125,36.9124973
MOSEAN/WHOTS,B_subtropical_midlatitude_5,DJF,2005-01-09T09:00Z,0.75,1,9.8064775,15.0379537,15.0379537,20.65,-0.0349454,,-0.2826313,-0.3108102,,-0.2840559,-0.1322327,,-0.1343199,-0.1666697,-0.0665248,-0.1138912,3.6394293,-0.0590911,-0.0046208,-0.3234078,-0.1404733,0.0093472,5,-0.0021643,35.0088822,18.6916667,13.6383335
MOSEAN/WHOTS,B_subtropical_midlatitude_5,DJF,2005-01-11T16:00Z,0.75,1,11.0730183,27.6140828,15.63193,0.0,-0.0094856,,0.0,0.0,,0.0,0.0,,0.0,0.0,0.0,-0.1217493,,-0.0078245,-0.0030808,0.0,0.0,-3.33e-05,5,0.0079379,35.0185246,0.0,8.7237407
MOSEAN/WHOTS,B_subtropical_midlatitude_5,DJF,2005-01-16T03:00Z,0.75,1,11.7719622,10.3561941,8.8706418,0.6,0.0008207,,-0.0149308,-0.0162495,,-0.0149363,-0.0043275,,-0.0043899,-0.0057659,-0.0020192,-0.0842701,6.4983333,-0.0117882,0.0071934,-0.0189369,-0.0066098,-0.0094507,5,-0.0106031,35.0319514,0.6,8.1314216
MOSEAN/WHOTS,B_subtropical_midlatitude_5,DJF,2005-01-26T08:00Z,0.75,1,6.0809734,24.7485086,25.0150757,1.3,-0.2544344,,-0.0899586,-0.100146,,-0.0900922,-0.0167897,,-0.0178968,-0.0173726,-0.0100757,-0.5668741,12.3122076,-0.0099139,-0.0046757,-0.0867826,-0.0527679,-0.0008855,5,-0.0003182,35.0514544,0.9833333,9.0215237
MOSEAN/WHOTS,B_subtropical_midlatitude_5,DJF,2005-02-01T04:00Z,0.75,1,7.0997587,12.0923833,12.0923833,32.2,-0.0600663,,-0.8894571,-0.6884874,,-0.9198554,-0.2556082,,-0.2253074,-0.2961786,-0.0868849,-0.2600426,6.3145127,-0.0504818,-0.0538232,-0.9975733,-0.2224192,-0.0050845,5,0.0051838,35.0684671,24.1166667,7.7568147
MOSEAN/WHOTS,B_subtropical_midlatitude_5,SON,2005-10-01T11:00Z,0.765,1,9.5420131,24.4,24.4,10.85,-0.1056039,,-0.0551435,-0.074344,,-0.0553177,-0.0292394,,-0.0303322,-0.0013081,-0.0345095,-0.2027636,2.2851938,-0.0512336,-0.0723082,-0.0037231,-0.0990706,0.0218193,5,-0.0227887,35.2700808,3.6583333,13.9216666
MOSEAN/WHOTS,B_subtropical_midlatitude_5,SON,2005-10-19T14:00Z,0.765,1,4.6444479,26.15,26.55,1.5,-0.2240723,,-0.037063,-0.0615022,,-0.0371276,-0.0077789,,-0.0109882,-0.0028756,-0.0120474,-1.1150702,5.1632,-0.0435403,-0.0514185,-0.0091669,-0.0727399,0.0018667,5,-0.0388433,35.1735146,0.625,14.7791667
MOSEAN/WHOTS,B_subtropical_midlatitude_5,DJF,2006-02-20T04:00Z,0.765,1,10.8281521,44.6800004,35.6400005,22.45,-0.1399141,,-0.1858738,-0.2277823,,-0.1865601,-0.0724955,,-0.0746646,-0.0479812,-0.1610189,-0.2623796,3.6439948,-0.1084598,-0.1353201,-0.1380706,-0.4284524,-0.0139026,5,0.0021328,35.1460809,9.6375,22.466667
MOSEAN/WHOTS,B_subtropical_midlatitude_5,MAM,2006-03-14T01:00Z,0.765,1,11.3308255,45.5799991,2.05,3.45,0.0044286,,-0.039089,-0.0465031,,-0.0391278,-0.0130697,,-0.013387,-0.0076003,-0.0300239,-0.0177546,4.2853384,0.0292467,-0.0222071,-0.0175017,-0.0853153,-0.0219387,5,0.0215897,34.9408136,1.9041667,1.1925
MOSEAN/WHOTS,B_subtropical_midlatitude_5,MAM,2006-03-19T12:00Z,0.765,1,10.2053634,23.7599998,3.21,10.1,-0.0173915,,-0.0386355,-0.0553479,,-0.0387238,-0.0199964,,-0.020703,-0.00144,-0.1161257,-0.0314389,2.6443872,-0.0421513,0.1267492,-0.0077678,-0.2851383,0.0029178,5,-0.0077627,34.8490191,2.2791667,1.1025
MOSEAN/WHOTS,B_subtropical_midlatitude_5,MAM,2006-03-22T11:00Z,0.765,1,5.4009328,13.0799999,2.76,2.95,-0.0189928,,-0.0589569,-0.0747647,,-0.0591095,-0.0149683,,-0.0161688,-0.0044109,-0.0173327,-0.0652451,4.5077354,-0.0376426,0.052413,-0.0032221,-0.0824154,-0.0064747,5,0.0079464,34.8136136,1.4541667,1.565
MOSEAN/WHOTS,B_subtropical_midlatitude_5,MAM,2006-04-01T09:00Z,0.765,1,5.9863892,23.4999996,14.91,13.9,-0.097391,,-0.538772,-0.702521,,-0.5460713,-0.1226621,,-0.1468326,-0.1364882,-0.0665167,-0.3757137,3.1546306,-0.1449612,-0.0157318,-0.4691153,-0.3261196,-0.0013691,5,-0.0076617,34.8652065,12.0125,13.2708333
MOSEAN/WHOTS,B_subtropical_midlatitude_5,JJA,2006-08-01T10:00Z,0.8,1,9.5072895,28.0438525,3.7438582,6.4,-0.0298221,,-0.0022635,-0.011582,,-0.0022986,-0.0092243,,-0.0097396,0.0034929,-0.0955834,-0.0734131,1.9580741,-0.0330215,-0.0557641,0.0203108,-0.3129261,0.0141325,5,-0.0008583,34.8901879,1.4708333,3.3073602
MOSEAN/WHOTS,B_subtropical_midlatitude_5,SON,2006-10-15T05:00Z,0.8,1,8.6514604,21.731353,12.1005958,22.5,-0.0152168,,-0.2530528,-0.2967053,,-0.254727,-0.0989692,,-0.1023977,-0.0897323,-0.1213586,-0.1068559,3.2770947,-0.0067763,-0.1889161,-0.1917943,-0.3854565,0.0091579,5,0.0071146,35.1811329,14.5708333,5.1713123
MOSEAN/WHOTS,B_subtropical_midlatitude_5,SON,2006-10-17T07:00Z,0.8,1,2.0366272,11.2456903,11.2556903,3.25,-0.1832896,,-0.0575938,-0.110359,,-0.0581724,-0.0216813,,-0.029237,-0.0285416,-0.0025234,-0.355314,2.9689848,-0.2080063,-0.0212316,-0.0765616,0.0656511,0.0312427,5,-0.0071943,35.1486387,3.0791667,10.0825004
MOSEAN/WHOTS,B_subtropical_midlatitude_5,SON,2006-11-01T16:00Z,0.8,1,7.0040696,13.3898966,0.7213477,0.1,-0.0050955,,0.0,-0.0004288,,0.0,-0.0001338,,-0.0001537,0.0,-0.0253284,-0.0162178,0.1200048,-0.0055403,-0.004435,0.0,-0.0990815,0.0074024,5,-0.0062392,35.1162552,0.0083333,0.6362354
MOSEAN/WHOTS,B_subtropical_midlatitude_5,DJF,2007-02-01T12:00Z,0.8,1,7.4792951,13.8885125,10.6722496,0.6,-0.007315,,-0.0014446,-0.0026579,,-0.0014452,-0.0008121,,-0.0009012,0.0003042,-0.0102606,-0.1841018,2.7551912,-0.0043267,-0.0173724,0.0007838,-0.0391082,-0.0117427,5,0.06952,35.1997542,0.1041667,5.6430264
MOSEAN/WHOTS,B_subtropical_midlatitude_5,MAM,2007-03-10T03:00Z,0.8,1,8.9422986,18.197948,18.5514035,28.35,-0.069509,,-0.6516512,-0.7011925,,-0.6600494,-0.2119707,,-0.2202363,-0.2528947,-0.1770047,-0.3071767,4.0681391,-0.1018835,-0.0312485,-0.7205158,-0.5745788,0.0077608,5,0.0024423,35.1334563,23.3541667,14.9739821
MOSEAN/WHOTS,B_subtropical_midlatitude_5,SON,2007-11-04T12:00Z,0.8,1,7.1035738,46.8739448,15.5929053,21.95,-0.0247707,,-0.1625066,-0.2489666,,-0.1640415,-0.0756684,,-0.0860608,-0.0050679,-0.2990214,-0.1280283,2.6856031,-0.0043048,-0.2188977,-0.003651,-0.9714568,0.0044849,5,0.0006553,35.0502419,6.425,3.5882425
MOSEAN/WHOTS,B_subtropical_midlatitude_5,SON,2007-11-28T02:00Z,0.8,1,8.041619,29.4302943,2.2855996,7.95,0.0250861,,-0.1634657,-0.1920417,,-0.1639977,-0.0475575,,-0.0497231,-0.0515655,-0.1136552,-0.0462145,4.3229209,0.0195108,-0.0235985,-0.1494019,-0.39778,0.0184032,5,0.0105241,34.9691802,6.1625,1.6536373
MOSEAN/WHOTS,B_subtropical_midlatitude_5,SON,2007-11-30T07:00Z,0.8,1,6.8942079,15.2281681,8.3013187,0.85,-0.0155169,,-0.0055213,-0.0099572,,-0.0055258,-0.0020979,,-0.0023618,0.0,-0.00753,-0.1359556,3.2266667,-0.0266674,0.04276,0.0,-0.0391208,0.00616,5,0.0165724,34.9895146,0.15,7.5140494
MOSEAN/WHOTS,B_subtropical_midlatitude_5,DJF,2007-12-04T14:00Z,0.8,1,9.8843533,23.2031962,4.9374266,5.3,-0.0329378,,-0.1011152,-0.113649,,-0.1014263,-0.0284262,,-0.0293537,-0.03055,-0.0151601,-0.0676836,5.1513817,-0.0269722,-0.0250812,-0.1022557,-0.0450836,-0.0043127,5,-0.0168424,34.9181812,3.7708333,2.6899772
MOSEAN/WHOTS,B_subtropical_midlatitude_5,DJF,2007-12-07T08:00Z,0.8,1,11.6013256,13.7847997,2.8032895,1.0,-0.0283757,,-0.0074067,-0.0094271,,-0.0074082,-0.0027363,,-0.0028121,-0.0013943,-0.0035855,-0.0377233,3.2814569,-0.0318197,0.0150892,-0.0027793,-0.0112116,0.017736,5,0.0241607,35.0110753,0.4583333,2.4038921
MOSEAN/WHOTS,B_subtropical_midlatitude_5,DJF,2007-12-27T11:00Z,0.8,1,11.4683698,22.0547123,15.2657716,0.0,0.0061482,,-0.0029225,-0.0029361,,-0.0029227,-0.0007053,,-0.0007087,-0.0008761,-0.0003663,-0.1069041,,0.0064095,0.0103038,-0.0037129,-0.0012747,-0.0072041,5,0.0032792,34.9548541,0.0,7.8649279
MOSEAN/WHOTS,B_subtropical_midlatitude_5,MAM,2008-03-16T13:00Z,0.8,1,10.2711881,17.8108713,0.8752768,0.0,-0.0046861,,-0.0028702,-0.0028938,,-0.0028704,-0.0007004,,-0.000706,-0.0008503,-0.0004097,-0.0106232,,-0.0017447,-0.0215605,-0.0036153,-0.0013529,0.0010757,5,0.0055537,35.2160611,0.0,0.5113966
MOSEAN/WHOTS,B_subtropical_midlatitude_5,MAM,2008-04-25T12:00Z,0.8,1,3.5133423,18.2196997,12.3897003,6.03,-0.0944859,,-0.5585792,-0.5767216,,-0.5643653,-0.1265596,,-0.1315442,-0.1590797,-0.0654306,-0.3475961,11.9203247,-0.0818602,-0.2288778,-0.6814824,-0.266457,-0.0121131,5,0.0052996,35.2770228,5.7608333,11.270568
MOSEAN/WHOTS,B_subtropical_midlatitude_5,SON,2008-09-12T12:00Z,0.91,1,3.1692313,13.1070186,7.6977351,1.25,-0.1248729,,-0.0658206,-0.0866321,,-0.0659849,-0.0128358,,-0.0161835,-0.014901,-0.008839,-0.6095112,5.3889247,-0.1991226,-0.0009465,-0.0705607,-0.0453481,-0.0075485,5,-0.0010623,35.1464845,1.0833333,5.5579709
MOSEAN/WHOTS,B_subtropical_midlatitude_5,SON,2008-10-26T15:00Z,0.91,1,4.1154052,15.377671,10.9416545,4.98,-0.1305302,,-0.1735163,-0.2879636,,-0.1744912,-0.0318162,,-0.0498935,-0.0097104,-0.0517791,-0.3864654,5.0537017,-0.0134952,-0.2414697,-0.0324869,-0.3049768,0.0008999,5,-0.0060769,35.2282012,2.2625,3.7879026
MOSEAN/WHOTS,B_subtropical_midlatitude_5,SON,2008-11-22T01:00Z,0.91,1,8.4797695,20.2534515,4.6675069,18.79,-0.004513,,-0.6783732,-0.8133017,,-0.6865355,-0.1391355,,-0.1576959,-0.1353984,-0.1817723,-0.1139786,6.2803188,-0.0009925,-0.0017621,-0.7101646,-0.7082617,0.0056457,5,0.0061873,35.2019115,11.0766667,3.3520951
MOSEAN/WHOTS,B_subtropical_midlatitude_5,DJF,2008-12-11T02:00Z,0.91,1,11.2116823,16.8047514,1.4672104,0.235,-0.0078738,,0.0016315,0.0011892,,0.0016319,-0.0001373,,-0.0001518,-0.000126,-0.0157053,-0.0219872,0.4404246,-0.0034121,-0.0212743,0.0022284,-0.0292564,0.010415,5,0.0409243,35.2059801,0.1566667,1.2770513
MOSEAN/WHOTS,B_subtropical_midlatitude_5,JJA,2009-08-13T09:00Z,0.78,1,8.2216381,30.9688332,18.8883868,11.98,-0.0325352,,-0.1287487,-0.1586402,,-0.1293009,-0.0458593,,-0.0482624,-0.0143959,-0.1104198,-0.2191314,5.9583099,-0.0201784,-0.0460465,-0.0629812,-0.3529996,-0.0024619,5,-0.0003035,35.2451079,3.99375,10.5772088
MOSEAN/WHOTS,B_subtropical_midlatitude_5,SON,2009-11-11T01:00Z,0.78,1,10.1624355,18.5024773,18.7939843,4.87,-0.0183003,,-0.0439533,-0.0547393,,-0.04402,-0.0157071,,-0.0162018,-0.0030889,-0.0158492,-0.0993943,3.6403756,-0.002389,-0.0333452,-0.0060155,-0.0540246,0.0027397,5,-0.0145291,35.3026817,2.13,6.6604169
MOSEAN/WHOTS,B_subtropical_midlatitude_5,SON,2009-11-13T08:00Z,0.78,1,12.2655808,30.0699165,27.6831753,4.235,-0.065235,,-0.0596635,-0.0597444,,-0.0598229,-0.0205831,,-0.0209448,-0.027193,-0.0052413,-0.1981593,4.5745205,-0.045026,-0.0100484,-0.0732218,-0.0091296,0.0023159,5,-0.0009749,35.2870271,3.65,17.5861494
MOSEAN/WHOTS,B_subtropical_midlatitude_5,DJF,2009-12-04T03:00Z,0.78,1,6.039802,10.520354,8.1007457,2.25,-0.0697305,,-0.083123,-0.1056318,,-0.0832866,-0.0170418,,-0.0195096,-0.0115994,-0.0127719,-0.2530267,5.278185,-0.0930994,-0.038019,-0.0427322,-0.0688253,-0.0088882,5,-0.0233688,35.4054455,1.4325,7.4013295
MOSEAN/WHOTS,B_subtropical_midlatitude_5,DJF,2009-12-30T03:00Z,0.78,1,6.9796699,12.0220453,6.8061198,4.775,-0.0104503,,-0.1237724,-0.1507504,,-0.1241039,-0.0290759,,-0.0320754,-0.0233386,-0.0234453,-0.1317257,6.6746736,-0.009568,-0.0038892,-0.0938138,-0.1155275,-0.0060057,5,0.0011042,35.4318278,2.8725,4.1990421
MOSEAN/WHOTS,B_subtropical_midlatitude_5,DJF,2010-01-05T01:00Z,0.78,1,5.9195798,12.7946789,7.8023375,0.735,-0.0075145,,-0.0233047,-0.0288248,,-0.0233234,-0.0049254,,-0.0053691,-0.0038961,-0.0040511,-0.0863697,5.3306122,-0.0033867,-0.0305801,-0.0100333,-0.0204683,-0.0013422,5,0.0011425,35.4537237,0.49,1.9814194
MOSEAN/WHOTS,B_subtropical_midlatitude_5,MAM,2010-03-07T11:00Z,0.78,1,7.2714642,20.3803818,19.9999671,1.915,-0.0672531,,-0.049913,-0.0624985,,-0.0499798,-0.0108517,,-0.0118117,-0.0095309,-0.0108205,-0.301984,5.0912681,-0.0318593,-0.0371244,-0.0326298,-0.0532257,-0.0125688,5,-0.0052036,35.2516859,1.1020833,10.6943887
MOSEAN/WHOTS,B_subtropical_midlatitude_5,MAM,2010-03-15T03:00Z,0.78,1,9.66484,12.0067654,5.2502999,0.76,-0.0063726,,-0.0143636,-0.0168703,,-0.014369,-0.003998,,-0.0041411,-0.0047534,-0.002088,-0.0735477,4.0452653,-0.0071044,0.0194058,-0.0144618,-0.0079752,0.0003122,5,0.0022229,35.210501,0.6333333,3.5199021
MOSEAN/WHOTS,B_subtropical_midlatitude_5,SON,2010-11-19T04:00Z,0.76,1,5.5090924,45.2119936,31.848215,53.51,-0.6114204,,-1.2484256,-1.6410031,,-1.2902287,-0.3767434,,-0.4386877,-0.2074399,-0.4463492,-0.8268407,3.5669127,-0.2623869,-0.3693066,-0.4266411,-1.7427679,0.0001273,5,-0.0077247,35.3094902,30.7066667,19.9350825
MOSEAN/WHOTS,B_subtropical_midlatitude_5,DJF,2010-12-09T13:00Z,0.76,1,6.283053,93.4223853,1.6789537,4.51,-0.0073557,,-0.0675847,-0.0918403,,-0.0676848,-0.0177479,,-0.0193778,-0.0090816,-0.1421133,-0.049897,5.6575115,-0.0082038,-0.0349892,-0.0421261,-0.4690141,0.0035486,5,-0.0019736,35.3848017,1.35625,1.0842577
MOSEAN/WHOTS,B_subtropical_midlatitude_5,DJF,2010-12-20T19:00Z,0.76,1,8.3588595,21.7249091,4.9315114,0.295,0.0077067,,0.0840371,0.1097867,,0.0847026,0.0162298,,0.0185301,0.0095474,0.0304253,-0.0846026,-10.8305085,0.0006402,0.0218812,0.0425693,0.1654724,0.0002954,5,0.0061195,35.2697028,0.295,3.7217774
MOSEAN/WHOTS,B_subtropical_midlatitude_5,DJF,2010-12-26T11:00Z,0.76,1,6.865769,29.3681518,28.5047169,22.37,-0.0761544,,-0.4825636,-0.5811562,,-0.4867698,-0.1352187,,-0.1450104,-0.1020824,-0.1350163,-0.3279576,5.6549921,-0.036229,-0.0654545,-0.3605982,-0.4965454,-0.0026701,5,0.0039097,35.2900729,10.8258333,12.1675368
MOSEAN/WHOTS,B_subtropical_midlatitude_5,DJF,2010-12-27T22:00Z,0.76,1,4.5447507,25.8638491,3.9209281,5.86,-0.0252831,,-0.3238309,-0.3813536,,-0.3257213,-0.0587785,,-0.0658132,-0.0552853,-0.1368873,-0.135257,9.360643,-0.037612,-0.0344757,-0.2792291,-0.5431646,0.00402,5,0.0180972,35.2483895,4.0483333,3.5435546
MOSEAN/WHOTS,B_subtropical_midlatitude_5,DJF,2011-01-06T07:00Z,0.76,1,9.6223785,13.5972072,9.1210191,1.225,-0.0053437,,-0.0224275,-0.0262392,,-0.022438,-0.0064492,,-0.0066495,-0.0077155,-0.0033142,-0.1204643,3.9643041,-0.008799,0.0068376,-0.0225913,-0.0123072,0.0055681,5,-0.002531,35.4767908,1.0458333,8.0877932
MOSEAN/WHOTS,B_subtropical_midlatitude_5,DJF,2011-01-12T17:00Z,0.76,1,11.6126677,12.0091317,5.3881088,19.31,-0.0134563,,-0.2030809,-0.2341753,,-0.2038541,-0.0888555,,-0.0907411,-0.100578,-0.0484111,-0.0683174,2.8479752,-0.006883,-0.009969,-0.1908214,-0.1203508,0.0005631,5,-0.0052884,35.4778096,15.6191667,4.1955749
MOSEAN/WHOTS,B_subtropical_midlatitude_5,DJF,2011-02-07T00:00Z,0.76,1,7.3929789,17.1340596,15.988209,14.305,-0.0373807,,-0.2101665,-0.2642884,,-0.2110755,-0.0644776,,-0.0683577,-0.0508697,-0.1842383,-0.1233097,4.215752,-0.0198674,-0.0632668,-0.1382509,-0.9019661,0.001139,5,-0.0127436,35.4612048,8.0308333,6.1384652
MOSEAN/WHOTS,B_subtropical_midlatitude_5,MAM,2011-03-03T18:00Z,0.76,1,8.2501818,32.1421225,2.8340643,3.99,-0.0076727,,-0.0733937,-0.085411,,-0.0735323,-0.0193144,,-0.0200166,-0.0206796,-0.0400152,-0.0655011,5.5529884,-0.0099618,0.0042111,-0.074272,-0.1469298,0.0037543,5,-0.0101241,35.2589754,2.48875,2.3123539
MOSEAN/WHOTS,B_subtropical_midlatitude_5,MAM,2011-05-08T16:00Z,0.76,1,9.4448812,17.6267282,4.2330774,7.525,0.0021101,,-0.1516614,-0.1646722,,-0.152064,-0.0421379,,-0.0429385,-0.0403193,-0.0567617,-0.0629907,7.2109504,0.0021382,-0.0294543,-0.1344113,-0.2019099,-0.0117391,5,-0.0006234,35.4058617,4.84,3.4441482
MOSEAN/WHOTS,B_subtropical_midlatitude_5,SON,2013-09-30T07:00Z,0.86,1,8.1749976,33.4704642,4.3,0.0,-0.0275458,,0.0,0.0,,0.0,0.0,,0.0,0.0,-0.0095752,-0.0783485,,-0.0238504,-0.0839995,0.0,-0.0281355,-0.0034342,5,-0.0291735,35.2381437,0.0,3.9416667
MOSEAN/WHOTS,B_subtropical_midlatitude_5,SON,2013-10-12T06:00Z,0.86,1,5.8160332,12.6718145,12.6718145,0.34,-0.0066732,,-0.0375959,-0.0377422,,-0.0376228,-0.0060012,,-0.006121,-0.0076614,-0.002862,-0.176718,17.6,0.0236144,0.0024395,-0.0463098,-0.0171934,0.045272,5,-0.0033544,35.165803,0.31875,5.322833
MOSEAN/WHOTS,B_subtropical_midlatitude_5,SON,2013-10-31T08:00Z,0.86,1,6.8539715,11.3274314,10.0903483,0.0,-0.0783451,,-0.0046467,-0.004965,,-0.0046475,-0.0007759,,-0.0008271,-0.0009821,-0.0004126,-0.0812084,,-0.0622646,-0.0919126,-0.0060852,-0.0019964,-0.0432344,5,-0.0752752,35.3423823,0.0,1.9206903
MOSEAN/WHOTS,B_subtropical_midlatitude_5,SON,2013-11-29T11:00Z,0.86,1,9.7083129,10.8017688,5.5058282,0.255,-0.018177,,-0.0035571,-0.0043704,,-0.0035575,-0.0010112,,-0.0010608,-0.0011498,-0.0027527,-0.1075756,4.0363723,-0.019117,-0.0240512,-0.0038637,-0.0105244,0.00754,5,-0.0071286,35.4478275,0.1558333,5.0470092
MOSEAN/WHOTS,B_subtropical_midlatitude_5,DJF,2013-12-01T19:00Z,0.86,1,3.6463543,32.9024789,30.892132,31.94,-0.2636429,,-1.9040142,-3.4376274,,-1.9937745,-0.2926252,,-0.5189548,-0.1777802,-0.3405878,-1.2632467,5.8589066,-0.2750601,-0.1933097,-0.9518745,-2.1744078,0.0107307,5,-0.0078459,35.4427772,22.3220833,26.9612145
MOSEAN/WHOTS,B_subtropical_midlatitude_5,DJF,2013-12-06T14:00Z,0.86,1,3.7123519,12.2745226,12.6722116,0.0,-0.8511123,,0.0,0.0,,0.0,0.0,,0.0,0.0,0.0,-0.6102908,,-0.8560165,-0.111749,0.0,0.0,-0.0002488,5,-0.0145804,35.5078365,0.0,8.3201596
MOSEAN/WHOTS,B_subtropical_midlatitude_5,DJF,2014-01-03T05:00Z,0.86,1,9.3315813,28.0304267,28.0304267,4.675,-0.0977359,,-0.1024684,-0.1172596,,-0.1026669,-0.0266874,,-0.0278425,-0.0232124,-0.0167681,-0.2861037,6.5192929,-0.1114718,-0.0210113,-0.0725684,-0.0710114,0.0005945,5,0.0008471,35.4901379,3.1379167,21.4724971
MOSEAN/WHOTS,B_subtropical_midlatitude_5,DJF,2014-01-30T08:00Z,0.86,1,7.7564589,11.0062869,11.0831404,0.08,-0.0150672,,-0.0016135,-0.0020579,,-0.0016137,-0.0003876,,-0.0004209,0.0,-0.0003301,-0.1326763,4.8,-0.0096915,-0.0089255,0.0,-0.0016765,-0.0002479,5,0.0023616,35.420961,0.04,6.76194
MOSEAN/WHOTS,B_subtropical_midlatitude_5,DJF,2014-02-06T00:00Z,0.86,1,6.8728722,12.2761817,10.233795,4.31,-0.0094303,,-0.1750433,-0.1882182,,-0.175668,-0.0361164,,-0.0375443,-0.0397327,-0.0183783,-0.1671495,8.9014372,-0.0102421,-0.0080389,-0.1814335,-0.0933547,0.0028317,5,0.0015628,35.4159056,3.1579167,6.9401745
MOSEAN/WHOTS,B_subtropical_midlatitude_5,DJF,2014-02-16T01:00Z,0.86,1,9.5873263,10.3477177,7.7473843,3.185,-0.0048339,,-0.0242431,-0.0333999,,-0.0242842,-0.008736,,-0.0092518,-0.0042608,-0.0048323,-0.0953465,-0.8206495,-0.0073094,0.0187541,-0.0065929,-0.0202216,-0.0034689,5,-0.0102394,35.3168336,1.5658333,5.4722523
MOSEAN/WHOTS,B_subtropical_midlatitude_5,MAM,2014-03-28T15:00Z,0.86,1,6.7444688,33.4047743,33.8866455,7.18,-0.1971106,,-0.1556907,-0.198671,,-0.1561935,-0.0362923,,-0.0396597,-0.0250938,-0.0407409,-0.5395916,5.5641188,-0.2785582,-0.1557738,-0.0940733,-0.2071607,0.0049121,5,0.0013901,35.285806,3.5766667,21.3718609
MOSEAN/WHOTS,B_subtropical_midlatitude_5,MAM,2014-03-29T21:00Z,0.86,1,10.2662895,14.5904999,14.3652615,14.19,-0.0579802,,-0.1775829,-0.2079671,,-0.1783468,-0.0540338,,-0.0563773,-0.0457966,-0.0340266,-0.1582879,4.2092382,-0.1169132,0.0036654,-0.1582118,-0.1270035,0.0084973,5,-0.0044846,35.1872983,8.0641667,12.7231736
MOSEAN/WHOTS,B_subtropical_midlatitude_5,MAM,2014-05-11T00:00Z,0.86,1,5.111012,11.2528463,10.0508357,0.0,-0.1359952,,-0.0107886,-0.021503,,-0.010792,-0.0014372,,-0.0028102,-0.0013573,-0.001308,-0.2482758,,-0.1647021,-0.0767625,-0.0106631,-0.0080573,0.0021182,5,0.0105936,34.9605898,0.0,8.7697527
MOSEAN/WHOTS,B_subtropical_midlatitude_5,MAM,2014-05-24T14:00Z,0.86,1,3.6984418,46.4258567,30.6733128,18.235,-0.3429554,,-0.8270621,-0.945374,,-0.8400695,-0.2149689,,-0.2396852,-0.2411979,-0.1256523,-0.8762218,7.0563129,-0.3205157,-0.2217524,-0.8249356,-0.4856267,0.0050147,5,-0.0060336,35.1788866,14.9491667,21.8086038
MOSEAN/WHOTS,B_subtropical_midlatitude_5,JJA,2014-08-31T06:00Z,0.81,1,7.1350807,11.9657031,3.6990549,0.0,0.0202104,,0.0,0.0,,0.0,0.0,,0.0,0.0,-0.0125762,-0.0640351,,0.0155553,-0.0095668,0.0,-0.0742598,0.0153835,5,0.0031776,35.094986,0.0,1.8697124
MOSEAN/WHOTS,B_subtropical_midlatitude_5,SON,2014-10-05T16:00Z,0.81,1,3.7046567,14.888289,14.9628371,1.615,-0.6145441,,-0.107277,-0.1249578,,-0.1075512,-0.0176267,,-0.0206373,-0.0196032,-0.009274,-0.5715976,9.3621422,-0.8458089,-0.3675236,-0.1065105,-0.0574554,0.0162819,5,0.0098269,35.1144018,1.35375,12.6330041
MOSEAN/WHOTS,B_subtropical_midlatitude_5,DJF,2014-12-24T09:00Z,0.81,1,8.2249744,29.3076786,29.5011235,5.0,-0.0457401,,-0.0662284,-0.0774538,,-0.0663387,-0.0211683,,-0.0218092,-0.0207372,-0.0118955,-0.236502,3.6895961,-0.0651181,-0.0016929,-0.0447174,-0.0416682,-0.0056918,5,0.0031021,35.387028,3.7166667,20.0204087
MOSEAN/WHOTS,B_subtropical_midlatitude_5,DJF,2015-01-02T18:00Z,0.81,1,4.9275676,19.7668315,6.4014162,9.68,-0.0192264,,-0.1796859,-0.2608129,,-0.1804604,-0.043302,,-0.0532448,-0.0202774,-0.1394939,-0.0681544,4.6362042,-0.0071165,-0.0579717,-0.1086894,-0.413734,0.0045068,5,-0.0131828,35.4078909,3.1258333,1.3714604
MOSEAN/WHOTS,B_subtropical_midlatitude_5,MAM,2015-05-22T15:00Z,0.81,1,2.9815067,10.5748601,10.5748601,0.315,-0.3278951,,-0.0330109,-0.0559889,,-0.0330531,-0.0044415,,-0.0079759,-0.0035884,-0.0037728,-0.8048466,7.0628571,-0.4542625,-0.0399705,-0.0254217,-0.0250588,0.020667,5,-0.007676,35.2370099,0.2625,9.4271867
MOSEAN/WHOTS,B_subtropical_midlatitude_5,JJA,2015-08-24T07:00Z,0.85,1,8.4682026,24.9220875,24.9220875,28.345,-0.0382193,,-1.0107846,-1.3526884,,-1.0309529,-0.2100707,,-0.2494109,-0.1985333,-0.1679401,-0.2480497,5.7427912,-0.0338801,-0.0319043,-1.030371,-0.7497141,-0.0001793,5,0.0197033,35.2090252,17.2933333,13.7227092
MOSEAN/WHOTS,B_subtropical_midlatitude_5,DJF,2015-12-13T00:00Z,0.85,1,4.6230156,30.9754951,30.9754951,1.17,-0.1115887,,-0.0266433,-0.0396914,,-0.0266656,-0.006195,,-0.0079015,-0.0024491,-0.0088037,-0.7526571,4.8774194,-0.0834874,-0.0164662,-0.0061068,-0.0511398,0.0005531,5,0.0017507,35.0366176,0.465,17.0947044
MOSEAN/WHOTS,B_subtropical_midlatitude_5,MAM,2016-03-21T17:00Z,0.85,1,3.5929525,20.4551111,20.4951111,8.6,-0.5211178,,-0.3805194,-0.587878,,-0.3845094,-0.0676935,,-0.1002576,-0.0376595,-0.0725263,-1.1738836,6.151501,-0.4428908,-0.2324556,-0.1761175,-0.4280515,-0.0216838,5,0.0364315,35.1529269,5.0395833,15.2222101
MOSEAN/WHOTS,B_subtropical_midlatitude_5,JJA,2016-07-24T11:00Z,0.8,1,8.9103499,157.4169877,15.2136835,3.135,-0.0260212,,-0.0728293,-0.0764807,,-0.0730514,-0.0192396,,-0.0197,-0.026228,-0.0140812,-0.1801262,6.4919106,-0.0489182,0.0019812,-0.0909767,-0.0422717,-0.0066046,5,0.0081935,34.9185062,2.7708333,13.6054573
MOSEAN/WHOTS,B_subtropical_midlatitude_5,MAM,2017-05-24T09:00Z,0.8,1,8.3663808,19.3690628,13.4143055,0.085,-0.0191781,,0.0,-0.0003564,,0.0,-0.0001123,,-0.0001287,0.0,-0.0038081,-0.1157234,0.1411831,-0.0042615,-0.0406134,0.0,-0.0135953,-0.0049483,5,-0.0117131,34.8825021,0.0070833,4.7360529
MOSEAN/WHOTS,B_subtropical_midlatitude_5,JJA,2017-07-24T14:00Z,0.8,1,13.5158865,12.9256508,13.1524391,33.205,0.0047526,,-0.2057637,-0.2487047,,-0.2065778,-0.0895944,,-0.0913943,-0.0643534,-0.0802664,-0.1052201,3.0029298,-0.0118533,0.0489853,-0.1399315,-0.2179239,0.0097896,5,0.0021665,34.8456157,16.0416667,11.8746388
MOSEAN/WHOTS,B_subtropical_midlatitude_5,SON,2017-10-24T01:00Z,0.97,0,8.71526,28.4277185,26.7622427,26.0,-0.0509607,,-0.2409297,-0.2870108,,-0.2426515,-0.0992411,,-0.1057168,-0.0509979,-0.0811254,-0.2258811,3.0739194,-0.0065746,-0.0478739,-0.0974927,-0.250689,0.0084662,5,-0.009668,35.0980996,14.6916667,9.9930801
MOSEAN/WHOTS,B_subtropical_midlatitude_5,DJF,2017-12-27T03:00Z,0.97,0,4.6979655,24.1897084,24.1897084,6.635,-0.4394843,,-0.3742669,-0.5921691,,-0.3768025,-0.0875939,,-0.1221568,-0.0950314,-0.0583179,-0.9250659,8.1347753,-0.5053788,-0.0679406,-0.3513697,-0.2626386,0.0068485,5,9.3e-06,35.0396445,5.8195833,21.0743937
MOSEAN/WHOTS,B_subtropical_midlatitude_5,DJF,2018-01-31T02:00Z,0.97,0,8.326275,22.4836678,7.1714924,9.905,-0.0276088,,-0.1459754,-0.1719195,,-0.1464486,-0.0556199,,-0.0587163,-0.0704573,-0.0274791,-0.0906408,2.9440525,-0.0454176,-0.0025278,-0.1605663,-0.075928,0.0089947,5,0.0102334,35.0061962,9.1425,6.2081271
MOSEAN/WHOTS,B_subtropical_midlatitude_5,DJF,2018-02-02T03:00Z,0.97,0,5.0017949,30.4949784,16.2181862,13.895,-0.0576927,,-0.3218237,-0.4368838,,-0.3243607,-0.0831205,,-0.1007519,-0.0475508,-0.0821788,-0.3005532,4.2745503,-0.0503319,-0.010256,-0.1336082,-0.3573878,0.0079048,5,0.0015374,35.1678723,7.99125,9.1572794
MOSEAN/WHOTS,B_subtropical_midlatitude_5,DJF,2018-02-05T03:00Z,0.97,0,5.428727,25.070015,6.5855978,12.43,-0.0646726,,-0.3456732,-0.4933388,,-0.348931,-0.0724685,,-0.094433,-0.0530865,-0.0616818,-0.2745575,4.8715073,-0.0684749,-0.0416482,-0.2357153,-0.3133661,0.0025699,5,0.0383188,35.1321943,7.4258333,5.2640038
MOSEAN/WHOTS,B_subtropical_midlatitude_5,DJF,2018-02-13T20:00Z,0.97,0,4.3782952,48.2026168,1.4905003,1.6,0.0144561,,-0.0588515,-0.0785912,,-0.0589313,-0.0119475,,-0.0147798,-0.0066609,-0.0113423,-0.0647246,7.9156812,0.0127096,-0.0007861,-0.0255326,-0.0617433,-0.0123138,5,0.0229359,35.0971644,0.8341667,1.2574314
MOSEAN/WHOTS,B_subtropical_midlatitude_5,MAM,2018-03-26T10:00Z,0.97,0,3.8907316,19.275073,1.6148379,1.125,-0.0093613,,-0.1350865,-0.135991,,-0.1356664,-0.0182824,,-0.01897,-0.0233716,-0.0032764,-0.0416222,25.5506952,-0.0102053,-0.3663381,-0.158855,-0.0440766,-0.0019792,5,0.0013317,35.2110105,0.9466667,0.7307863
MOSEAN/WHOTS,B_subtropical_midlatitude_5,MAM,2018-04-08T04:00Z,0.97,0,5.0392708,17.2580445,2.2761964,9.49,-0.0069617,,-0.3855948,-0.4720876,,-0.3883578,-0.0802536,,-0.092031,-0.0733703,-0.0595024,-0.0841994,7.0134124,-0.0179764,0.0101362,-0.3179277,-0.3000711,0.0041241,5,-0.0446915,35.0187252,6.4366667,1.5470157
MOSEAN/WHOTS,B_subtropical_midlatitude_5,MAM,2018-04-13T18:00Z,0.97,0,8.1670349,21.1582971,0.8010391,0.0,0.0161248,,0.0002087,0.000209,,0.0002087,0.0001214,,0.0001216,0.0001214,0.0001214,4.17e-05,,0.0172948,0.0090447,0.0002087,0.0002087,-0.0020197,5,0.0063493,35.1377987,0.0,0.4059365
MOSEAN/WHOTS,B_subtropical_midlatitude_5,JJA,2018-08-28T04:00Z,0.97,0,11.188897,29.9399642,29.3491401,13.555,-0.0382036,,-0.0979148,-0.0954132,,-0.0984934,-0.0354943,,-0.0356518,-0.0360995,-0.0314955,-0.1515053,3.6964273,-0.0381374,-0.0207403,-0.0875645,-0.0736769,-0.0019916,5,-0.0213413,34.8795705,9.2245833,16.1826788
MOSEAN/WHOTS,B_subtropical_midlatitude_5,SON,2018-10-19T20:00Z,0.72,1,4.5065707,13.5999272,13.9738443,0.0,-0.1624814,,0.0,0.0,,0.0,0.0,,0.0,0.0,0.0,-0.4116762,,-0.1393117,-0.0733742,0.0,0.0,0.0165825,5,-0.0099793,35.0256834,0.0,7.8180279
MOSEAN/WHOTS,B_subtropical_midlatitude_5,SON,2018-10-30T14:00Z,0.72,1,10.5582778,22.0503892,22.0503892,27.81,-0.0291028,,-0.1867397,-0.2328073,,-0.1881358,-0.0887803,,-0.0911638,-0.072295,-0.0883313,-0.1158097,3.0421724,-0.0083182,-0.0452226,-0.129721,-0.2887895,-0.0008265,5,-0.00324,34.9927389,15.9583333,6.9794214
MOSEAN/WHOTS,B_subtropical_midlatitude_5,SON,2018-11-10T03:00Z,0.72,1,8.8134581,16.9612615,16.0933373,16.29,-0.0843125,,-0.2441728,-0.284615,,-0.245234,-0.0843096,,-0.0866691,-0.0831165,-0.0589239,-0.1565905,3.9155682,-0.0822961,-0.0468149,-0.206347,-0.2004083,-0.0054544,5,-0.0058577,35.1426229,11.4254167,11.6501266
MOSEAN/WHOTS,B_subtropical_midlatitude_5,SON,2018-11-30T10:00Z,0.72,1,3.0809571,11.1961477,2.080448,0.65,-0.0086,,-0.0231034,-0.0775586,,-0.0231328,-0.0038064,,-0.0119752,-0.0010629,-0.0317279,-0.077395,5.4791269,-0.01376,-0.0124672,-0.0025708,-0.1381102,0.0001173,5,-0.0018792,35.1359653,0.3033333,1.8429724
MOSEAN/WHOTS,B_subtropical_midlatitude_5,DJF,2019-02-10T12:00Z,0.72,1,12.0574312,12.2888742,4.0766971,2.88,-0.0224336,,-0.03592,-0.0416707,,-0.0359433,-0.0116625,,-0.0118607,-0.0108592,-0.013405,-0.0339508,5.0260606,-0.0101202,-0.0558072,-0.0327057,-0.0444281,-0.0020099,5,0.0066798,35.0888554,1.65,1.9597026
MOSEAN/WHOTS,B_subtropical_midlatitude_5,MAM,2019-05-04T13:00Z,0.72,1,10.5267599,12.9318901,10.9488589,6.99,-0.0183089,,-0.0891278,-0.1050348,,-0.08928,-0.0291114,,-0.0297708,-0.023552,-0.0389378,-0.1036368,4.7726384,-0.0216544,-0.0021328,-0.0670112,-0.1523548,-0.0062522,5,-0.0015726,34.7992772,3.7279167,6.7151786
MOSEAN/WHOTS,B_subtropical_midlatitude_5,JJA,2019-06-25T22:00Z,0.72,1,6.9264826,21.0150668,12.2153112,25.74,-0.0184492,,-0.2941442,-0.3699961,,-0.297242,-0.1121584,,-0.118686,-0.0908687,-0.1809174,-0.179771,2.9531762,0.0244972,-0.0550228,-0.1648481,-0.5130776,-0.0480981,5,-0.0206517,34.8692066,15.8466667,5.9727123
MOSEAN/WHOTS,B_subtropical_midlatitude_5,SON,2019-10-10T22:00Z,0.85,1,7.4940302,13.9807605,0.734088,0.0,-0.0135628,,0.0,0.0,,0.0,0.0,,0.0,0.0,-0.0001148,-0.0151393,,-0.0150419,-0.0096004,0.0,0.0,-0.0039524,5,0.0022547,34.9755543,0.0,0.672914
MOSEAN/WHOTS,B_subtropical_midlatitude_5,SON,2019-10-30T20:00Z,0.85,1,4.2992375,13.5814476,13.5814476,35.54,-0.0687027,,-1.6536543,-1.9450264,,-1.7039292,-0.3926269,,-0.4486865,-0.362293,-0.302469,-0.5710367,7.2464027,-0.0323297,0.0328382,-1.4313458,-1.3456278,0.0082839,5,0.0063585,34.7836963,22.95125,11.6684929
MOSEAN/WHOTS,B_subtropical_midlatitude_5,SON,2019-11-03T11:00Z,0.85,1,6.5516329,41.7737525,4.4489562,0.475,-0.0436176,,-0.0075924,-0.0099687,,-0.0075948,-0.0019247,,-0.0020897,-0.0011724,-0.0043292,-0.1051578,4.6834084,-0.0355302,-0.0358628,-0.0024082,-0.0248849,0.0134432,5,0.0223417,34.8387797,0.2058333,4.0493757
MOSEAN/WHOTS,B_subtropical_midlatitude_5,SON,2019-11-17T07:00Z,0.85,1,6.9860563,15.9217381,6.1571523,0.0,-0.0149151,,0.003576,0.0189602,,0.0036275,0.0024436,,0.0043959,0.0003814,-0.0422456,-0.0751198,,-0.0299386,-0.0008929,-0.0102104,-0.1016279,-0.019567,5,0.0056811,34.5755513,0.0,5.6440563
MOSEAN/WHOTS,B_subtropical_midlatitude_5,DJF,2019-12-25T08:00Z,0.85,1,13.5136007,21.2889451,1.850213,21.76,-0.0078096,,-0.1661011,-0.1941646,,-0.166733,-0.0634098,,-0.064563,-0.0531852,-0.1548062,-0.0173833,4.1813147,-0.006727,-0.0258868,-0.1372672,-0.3552574,-0.0010156,5,0.0075379,34.7721071,11.46625,1.2905975
MOSEAN/WHOTS,B_subtropical_midlatitude_5,DJF,2020-02-06T00:00Z,0.85,1,5.8565744,14.5093852,6.462231,9.5,-0.0125034,,-0.2538774,-0.3213261,,-0.2551211,-0.0593278,,-0.0660029,-0.0490687,-0.0628998,-0.1480694,6.0478586,-0.0125615,-0.0550563,-0.1830695,-0.3150311,-0.0082598,5,-0.0055705,34.8117469,5.6729167,3.6808124
MOSEAN/WHOTS,B_subtropical_midlatitude_5,MAM,2020-03-17T04:00Z,0.85,1,11.6044004,31.6603905,0.6905385,4.19,-0.0045383,,-0.0591288,-0.0649434,,-0.059239,-0.0187923,,-0.0191266,-0.0238932,-0.0093717,-0.0095451,4.5695732,-0.0044339,-0.000373,-0.0679001,-0.0250685,-0.0027537,5,-6.52e-05,34.696866,3.6454167,0.6305146
MOSEAN/WHOTS,B_subtropical_midlatitude_5,JJA,2020-07-27T04:00Z,0.85,1,20.1549623,14.181494,14.181494,51.355,-0.016812,,-0.2225592,-0.2372862,,-0.2237784,-0.1135141,,-0.1138797,-0.0931549,-0.0896237,-0.0754976,3.6605942,-0.0284338,-0.0052701,-0.1760991,-0.2107626,0.0020868,5,-0.0015367,34.5805076,30.5475,9.2809725
MOSEAN/WHOTS,B_subtropical_midlatitude_5,DJF,2021-12-04T22:00Z,0.9,1,3.1553509,14.74,5.6983334,0.0,-0.1452945,,0.0014508,0.0014518,,0.0014508,0.0008548,,0.0008554,0.0008361,-0.0038188,-0.435932,,-0.2027767,-0.0304733,0.0014246,-0.0206193,-0.0007195,5,-0.0046763,35.038562,0.0,4.6714584
MOSEAN/WHOTS,B_subtropical_midlatitude_5,DJF,2021-12-06T17:00Z,0.9,1,7.8252183,110.1088887,46.1480553,20.51,-0.2007934,,-0.1609995,-0.2310418,,-0.1629087,-0.0590925,,-0.0689912,-0.0115123,-0.4105955,-0.4113748,3.7048276,-0.0036346,-0.7935562,-0.022506,-1.9760134,0.0035584,5,7.15e-05,35.0735866,9.0195833,13.0366666
MOSEAN/WHOTS,B_subtropical_midlatitude_5,DJF,2021-12-15T07:00Z,0.9,1,8.7191846,14.9005556,2.6116667,0.99,0.0032283,,-0.0092082,-0.0126518,,-0.0092116,-0.0030616,,-0.0032903,-0.00065,-0.0060806,-0.0378579,3.6027972,0.0027354,0.0004205,-0.0008046,-0.0248633,0.0004535,5,-7.77e-05,34.9565234,0.3575,1.6223611
MOSEAN/WHOTS,B_subtropical_midlatitude_5,DJF,2021-12-30T21:00Z,0.9,1,10.1958398,22.8598612,3.1883334,5.13,-0.0023402,,-0.0906798,-0.0972021,,-0.0908379,-0.0256924,,-0.02623,-0.0229705,-0.017678,-0.0293543,7.1413793,0.0004224,0.0002168,-0.0785716,-0.065285,0.0048351,5,-0.0033008,34.9968951,3.19,1.551088
MOSEAN/WHOTS,B_subtropical_midlatitude_5,MAM,2022-03-22T09:00Z,0.9,1,7.2279603,23.0334722,2.3149999,0.2,-0.0092849,,0.0,-0.0007398,,0.0,-0.000244,,-0.0002834,0.0,-0.0273264,-0.0603741,0.0599988,-0.0115996,-0.0484634,0.0,-0.0851383,-0.0106442,5,-0.0131865,35.0663273,0.0166667,1.8115046
MOSEAN/WHOTS,B_subtropical_midlatitude_5,SON,2022-09-11T07:00Z,0.75,1,2.3281504,12.1999969,12.1799984,0.0,-0.1325337,,0.0,0.0,,0.0,0.0,,0.0,0.0,0.0,-0.647682,,-0.2394312,-0.0382029,0.0,0.0,0.0025098,5,-0.0160102,34.9527649,0.0,10.1199994
MOSEAN/WHOTS,B_subtropical_midlatitude_5,DJF,2022-12-16T10:00Z,0.75,1,5.159781,18.8800049,11.5499954,29.455,-0.0409806,,-0.7634737,-0.9567126,,-0.7740111,-0.2230162,,-0.2499811,-0.1719586,-0.1746575,-0.3028778,4.589613,-0.0587533,-0.0046201,-0.5636104,-0.7139739,0.0044399,5,0.0137227,35.3923893,17.8908333,7.4491685
MOSEAN/WHOTS,B_subtropical_midlatitude_5,DJF,2022-12-18T15:00Z,0.75,1,5.9065843,24.1900177,9.0,23.525,0.108846,,-0.6257973,-0.8070216,,-0.6342788,-0.1679704,,-0.1934819,-0.1523424,-0.155979,-0.18621,3.776774,0.0920188,0.1461603,-0.3807418,-0.6117239,0.0061717,5,0.093594,35.2006007,16.3825,5.8350016
MOSEAN/WHOTS,B_subtropical_midlatitude_5,DJF,2023-01-21T23:00Z,0.75,1,6.1108636,11.3799744,8.3899994,8.805,-0.027886,,-0.2156506,-0.2747879,,-0.2166601,-0.0511101,,-0.0559873,-0.0377148,-0.0451734,-0.1862541,5.0705233,-0.0390627,-0.0168588,-0.1377816,-0.2307138,0.0088451,5,0.0047926,34.9915136,4.75375,6.4458351
MOSEAN/WHOTS,B_subtropical_midlatitude_5,DJF,2023-01-25T04:00Z,0.75,1,5.1772399,30.4600067,30.4600067,0.75,-0.6304646,,-0.1230819,-0.1366403,,-0.1233531,-0.0188198,,-0.0207177,-0.0224398,-0.0104861,-0.7904235,16.8738545,-0.9809997,-0.0632309,-0.1434374,-0.062436,0.0175376,5,-0.0053595,34.9779573,0.6770833,27.6000074
MOSEAN/WHOTS,B_subtropical_midlatitude_5,DJF,2023-02-03T14:00Z,0.75,1,9.7293923,17.8800049,13.6399841,2.875,-0.0272725,,-0.0582719,-0.0659428,,-0.0583293,-0.0158217,,-0.0162379,-0.0143089,-0.0104073,-0.1172786,5.5851064,-0.0227711,-0.0204699,-0.0506482,-0.0386742,-0.0261786,5,-0.0298995,35.0503372,1.88,7.9816564
MOSEAN/WHOTS,B_subtropical_midlatitude_5,DJF,2023-02-17T14:00Z,0.75,1,11.7307962,71.8799744,48.0099792,37.87,0.0587828,,-0.2445681,-0.2960175,,-0.2459557,-0.1093156,,-0.1118325,-0.0645384,-0.2050714,-0.199753,2.5622085,0.0380815,0.0342763,-0.1565087,-0.4896086,-0.0275406,5,0.0083772,34.9513024,18.0816667,16.172493
MOSEAN/WHOTS,B_subtropical_midlatitude_5,MAM,2023-03-06T09:00Z,0.75,1,6.34913,12.519989,13.1399841,0.935,-0.0175102,,-0.0094665,-0.0144783,,-0.0094706,-0.0029488,,-0.0032241,-0.0010547,-0.0154683,-0.1583121,4.1235616,-0.0127954,-0.0291057,-0.0027758,-0.0768632,0.0058557,5,-0.0005107,34.933913,0.2616667,4.9033229
MOSEAN/WHOTS,B_subtropical_midlatitude_5,MAM,2023-03-29T08:00Z,0.75,1,7.81796,21.6699524,17.5799561,4.615,-0.0932224,,-0.0797143,-0.1003119,,-0.0799258,-0.0232934,,-0.0248155,-0.0079402,-0.028523,-0.1992707,5.2186268,-0.0374232,-0.087552,-0.0183694,-0.1311029,-0.0037458,5,0.0030835,35.0300851,2.1833333,10.0349731
MOSEAN/WHOTS,B_subtropical_midlatitude_5,MAM,2023-04-03T01:00Z,0.75,1,13.7184727,16.8500061,16.8500061,28.565,-0.0511958,,-0.1814474,-0.2198388,,-0.1820998,-0.0761944,,-0.0774565,-0.0519016,-0.0776537,-0.1132961,3.0082326,-0.0220884,-0.0663625,-0.1133014,-0.2221931,0.0083408,5,0.0002175,34.9055603,14.3333333,8.2841873
MOSEAN/WHOTS,B_subtropical_midlatitude_5,MAM,2023-04-19T02:00Z,0.75,1,9.6411992,49.8200073,4.2199707,6.505,0.0151193,,-0.1405529,-0.1590687,,-0.1409078,-0.0379207,,-0.0390412,-0.0417243,-0.0919027,-0.0648934,4.9364612,0.0119122,-0.0785861,-0.1427116,-0.2256064,-0.0129991,5,0.0481155,34.909196,4.9904167,2.7949727
Papa,B_subtropical_midlatitude_5,JJA,2007-07-08T16:00Z,1.0,0,13.4640792,12.35,7.925,11.15,-0.0161667,-0.014,-0.109834,-0.1242329,-0.0810071,-0.110058,-0.035649,-0.0230636,-0.036323,-0.0322469,-0.0249725,-0.0573226,4.5013368,-0.0075,-0.0323333,-0.0934871,-0.0864275,0.0021333,5,-0.0001667,32.5295,6.9208333,4.4518056
Papa,B_subtropical_midlatitude_5,SON,2007-09-14T07:00Z,1.0,0,12.419559,14.3266667,6.2316667,15.1,-0.0088333,-0.0085,-0.1631324,-0.1857325,-0.1139,-0.1636657,-0.0557328,-0.0332421,-0.0572358,-0.0431134,-0.0720184,-0.0518301,4.8276037,-0.0058333,-0.014,-0.1214846,-0.2082083,0.0010333,5,0.0013333,32.4165,8.6583333,3.2884722
Papa,B_subtropical_midlatitude_5,SON,2007-10-18T12:00Z,1.0,0,8.4539436,13.4083333,9.575,4.45,-0.013,-0.0095,-0.0528545,-0.0627099,-0.0331007,-0.0529269,-0.0173717,-0.0088873,-0.018129,-0.018751,-0.0097461,-0.1035152,3.4829408,-0.0106667,-0.0115,-0.0445378,-0.0323032,0.0009667,5,0.002,32.468,3.5708333,6.6645833
Papa,B_subtropical_midlatitude_5,SON,2007-10-20T17:00Z,1.0,0,13.8183891,11.8833333,5.4533333,4.25,-0.0043333,-0.0036667,0.0010734,-0.0039724,0.003694,0.0010674,0.0032599,0.0053054,0.0031351,0.0079439,-0.0178527,-0.0292986,-13.5929353,-0.0015,-0.018,0.0100972,-0.0716954,-0.0004333,5,-0.0005,32.4625,0.8958333,2.2927778
Papa,B_subtropical_midlatitude_5,SON,2007-11-11T00:00Z,1.0,0,10.9389419,22.89,22.405,8.3,-0.031,-0.0215,-0.088893,-0.1105083,-0.0438525,-0.0891272,-0.0289729,-0.011033,-0.0308465,-0.013576,-0.0225331,-0.1477545,3.542301,-0.0045,-0.0228333,-0.0277178,-0.0811108,0.0002,5,0.0073333,32.4605,4.4541667,8.84375
Papa,B_subtropical_midlatitude_5,SON,2007-11-15T06:00Z,1.0,0,9.9900914,14.8666667,6.6166667,7.8,-0.0058333,-0.0041667,-0.0448086,-0.0604383,-0.0235691,-0.044892,-0.0186747,-0.0069619,-0.019737,-0.0041402,-0.0693428,-0.053191,2.9001739,-0.0036667,-0.018,-0.0008315,-0.2059238,-0.0003,5,-0.0006667,32.451,2.875,2.6666667
Papa,B_subtropical_midlatitude_5,DJF,2007-12-13T10:00Z,1.0,0,5.7613088,10.335,8.0183333,23.2,-0.0263333,,-1.0020744,-1.4562594,,-1.0225342,-0.1825871,,-0.2574917,-0.139772,-0.1690368,-0.2298522,6.3139057,-0.0146667,-0.0171667,-0.8297685,-0.8183472,-0.0010333,5,0.0001667,32.507,14.1666667,3.93125
Papa,B_subtropical_midlatitude_5,MAM,2008-04-10T09:00Z,1.0,0,5.0400135,13.6116667,1.5883333,0.585,-0.0075,,-0.0160682,-0.0225639,,-0.0160882,-0.0033698,,-0.0043074,0.0,-0.0132052,-0.0777792,5.1452991,-0.006,-0.0163333,0.0,-0.044242,0.0012333,5,-0.0023333,32.643,0.2925,1.1876389
Papa,B_subtropical_midlatitude_5,MAM,2008-04-30T03:00Z,1.0,0,8.1946998,12.14,3.465,1.195,-0.0105,,-0.0291585,-0.0346647,,-0.0291872,-0.0068766,,-0.0073849,-0.0075542,-0.0367214,-0.0624001,5.3167768,-0.008,-0.0178333,-0.0265521,-0.1056122,-0.0003667,5,0.0011667,32.641,0.94625,1.9148611
Papa,B_subtropical_midlatitude_5,JJA,2009-08-23T11:00Z,1.2,1,10.0054831,13.5633333,7.2716667,13.245,-0.0175,,-0.2001016,-0.2330563,,-0.200821,-0.0542267,,-0.0578608,-0.04383,-0.0704325,-0.0812169,5.5916827,-0.014,-0.0251667,-0.1716286,-0.2422442,-0.0003333,5,0.0055,32.476,7.0533333,3.9718056
Papa,B_subtropical_midlatitude_5,SON,2009-09-13T15:00Z,1.2,1,12.1180636,20.705,5.2433333,9.285,-0.0098333,,-0.0467615,-0.0622568,,-0.0468361,-0.0192782,,-0.0204304,-0.0075341,-0.0386585,-0.037041,2.9548936,-0.0073333,-0.0113333,-0.0170494,-0.1159863,-0.0008333,5,0.0011667,32.448,3.525,2.4288889
Papa,B_subtropical_midlatitude_5,SON,2009-10-20T01:00Z,1.2,1,14.3764121,13.76,6.8283333,12.48,-0.0036667,,-0.0861434,-0.1048503,,-0.0863112,-0.0309834,,-0.0321348,-0.0205671,-0.0425981,-0.0372154,3.4877425,0.0006667,-0.0156667,-0.0460232,-0.1475793,0.0010667,5,0.0008333,32.411,6.8904167,2.9468056
Papa,B_subtropical_midlatitude_5,DJF,2010-01-17T07:00Z,1.2,1,3.5578874,16.5516667,8.4816667,0.0,-0.0293333,,0.0,0.0,,0.0,0.0,,0.0,0.0,0.0,-0.2500442,,-0.0158333,-0.1148333,0.0,0.0,0.0058,5,0.0073333,32.5465,0.0,3.9206944
Papa,B_subtropical_midlatitude_5,DJF,2010-02-17T18:00Z,1.2,1,4.0142048,14.9583333,6.805,8.435,-0.0225,,-0.2463022,-0.3940766,,-0.2477466,-0.0464205,,-0.0752044,-0.027246,-0.0979402,-0.1858899,5.8066191,-0.008,-0.061,-0.1501649,-0.4930903,-0.0001333,5,0.0003333,32.511,4.6333333,3.12125
Papa,B_subtropical_midlatitude_5,JJA,2010-07-08T14:00Z,1.0,0,9.0015189,13.8816667,3.575,8.815,-0.0085,,-0.1824648,-0.2053855,,-0.1831431,-0.0425651,,-0.0438981,-0.0375108,-0.0695537,-0.0543164,7.5012421,-0.0068333,-0.0246667,-0.1761679,-0.2404411,-0.0008,5,-0.0006667,32.7015,4.3254167,1.4456944
Papa,B_subtropical_midlatitude_5,SON,2010-09-22T05:00Z,1.0,0,12.2168443,11.11,10.755,13.11,-0.0248333,,-0.1040366,-0.1241224,,-0.1042773,-0.038575,,-0.0396694,-0.033236,-0.0242164,-0.0946978,3.1250482,-0.014,-0.0206667,-0.0693265,-0.0749893,0.0013,5,0.017,32.559,9.0725,8.57125
Papa,B_subtropical_midlatitude_5,SON,2010-09-26T13:00Z,1.0,0,9.6167594,16.7066667,6.7916667,5.335,-0.008,,-0.0516248,-0.0641226,,-0.0516972,-0.0163797,,-0.0173145,-0.0069625,-0.0453184,-0.0732105,5.5404644,-0.0031667,-0.0193333,-0.0312661,-0.149378,-0.0032,5,0.0053333,32.5535,1.6908333,3.3456944
Papa,B_subtropical_midlatitude_5,SON,2010-10-11T18:00Z,1.0,0,4.7842756,21.1583333,6.7783333,5.25,-0.0266667,,-0.084363,-0.1460939,,-0.0847347,-0.0188599,,-0.027863,-0.0006114,-0.0645119,-0.1366277,4.6709592,-0.0091667,-0.0658333,-0.0023866,-0.3026601,0.0006333,5,-0.0005,32.5795,1.4491667,2.5570833
Papa,B_subtropical_midlatitude_5,SON,2010-10-17T04:00Z,1.0,0,10.2491267,10.3133333,8.8983333,7.19,0.007,,-0.0780415,-0.0969065,,-0.0781937,-0.0232831,,-0.0247206,-0.0140849,-0.0285702,-0.0991394,3.8854931,0.0126667,-0.0036667,-0.0409517,-0.1020839,-0.0013333,5,-0.014,32.561,3.6533333,4.3309722
Papa,B_subtropical_midlatitude_5,SON,2010-10-21T23:00Z,1.0,0,4.4694895,13.5366667,8.9483333,0.6,-0.0355,,-0.0055604,-0.018087,,-0.0055718,-0.0013377,,-0.0036019,0.0,-0.0091617,-0.2020428,3.66,-0.0116667,-0.0898333,0.0,-0.0612054,0.0003667,5,-0.0038333,32.589,0.1,4.5668056
Papa,B_subtropical_midlatitude_5,SON,2010-11-16T11:00Z,1.0,0,3.8045456,10.61,9.6416667,6.615,-0.063,,-0.1777241,-0.2925741,,-0.1789418,-0.0364862,,-0.0557708,-0.0052435,-0.0450987,-0.4526315,4.8587406,-0.043,-0.0243333,-0.0287218,-0.24103,0.0001,5,0.0006667,32.638,2.8770833,5.32125
Papa,B_subtropical_midlatitude_5,DJF,2010-12-30T23:00Z,1.0,0,10.0738438,10.7216667,9.7883333,21.455,-0.0101667,,-0.1628567,-0.2045022,,-0.1634847,-0.0672217,,-0.0708066,-0.042689,-0.0613867,-0.0928169,2.9744368,-0.0051667,-0.0163333,-0.083508,-0.1891392,6.67e-05,5,-0.0025,32.6465,11.2075,5.4079167
Papa,B_subtropical_midlatitude_5,DJF,2011-02-04T19:00Z,1.0,0,10.9134241,10.3433333,1.8166667,0.81,-0.0008333,,0.006797,0.004763,,0.0068005,0.0039956,,0.0039017,0.0030593,-0.0286016,-0.0132082,-3.2458333,0.0003333,-0.0048333,0.0055911,-0.0813957,-6.67e-05,5,0.0018333,32.638,0.72,1.5963889
Papa,B_subtropical_midlatitude_5,MAM,2011-05-03T10:00Z,1.0,0,12.0867799,13.45,3.6233333,4.005,-0.0018333,,-0.0473372,-0.0549253,,-0.047381,-0.0150815,,-0.0155209,-0.0120895,-0.0295376,-0.0269509,5.327638,-0.0016667,-0.0045,-0.0338703,-0.0883219,-6.67e-05,5,-0.002,32.733,2.3804167,1.6336111
Papa,B_subtropical_midlatitude_5,JJA,2011-08-17T05:00Z,1.0,0,6.1817124,15.46,4.2816667,16.825,-0.0163333,,-0.2705335,-0.3602577,,-0.2721771,-0.0689441,,-0.0797904,-0.0412222,-0.1377208,-0.0948948,4.6232658,-0.014,-0.0413333,-0.1570277,-0.5081645,0.0004,5,-0.0028333,32.571,7.2029167,2.1595833
Papa,B_subtropical_midlatitude_5,JJA,2011-08-19T06:00Z,1.0,0,8.8073481,24.9866667,1.13,1.975,-0.0008333,,-0.0615801,-0.0726188,,-0.0616672,-0.0136439,,-0.0147331,-0.0167841,-0.0244942,-0.0259375,5.9350668,-0.0005,-0.0093333,-0.0676359,-0.0854018,0.0034,5,-0.023,32.5035,1.77875,0.8813889
Papa,B_subtropical_midlatitude_5,SON,2011-09-08T09:00Z,1.0,0,8.4892539,10.6833333,10.7333333,9.075,-0.0221667,,-0.1416755,-0.17339,,-0.1421268,-0.0397493,,-0.0426652,-0.0274172,-0.0292601,-0.1472638,4.5024401,-0.015,-0.0233333,-0.0839131,-0.1172014,-0.0025,5,-0.001,32.509,5.48125,6.3933333
Papa,B_subtropical_midlatitude_5,SON,2011-10-07T19:00Z,1.0,0,6.7379246,16.3025,10.4141667,21.26,-0.0283333,,-0.4147355,-0.5244616,,-0.4182182,-0.1085614,,-0.1242476,-0.0671238,-0.1338938,-0.1884091,5.2229306,-0.0163333,-0.0371667,-0.2800677,-0.4711381,0.0009,5,-0.0011667,32.528,9.4270833,4.2639583
Papa,B_subtropical_midlatitude_5,JJA,2012-06-15T03:00Z,1.0,0,10.3720158,14.7933333,11.92,9.305,-0.0163333,,-0.1232833,-0.1443163,,-0.1235613,-0.040621,,-0.0421531,-0.0386858,-0.0345095,-0.0981795,5.2997935,-0.0113333,-0.026,-0.1105932,-0.1219727,0.0017333,5,-0.0001667,32.697,6.0525,5.4752778
Papa,B_subtropical_midlatitude_5,JJA,2012-08-09T17:00Z,1.0,0,10.6613186,11.9533333,2.1666667,5.4,-0.009,,-0.0684118,-0.0778811,,-0.0685145,-0.0207883,,-0.0214493,-0.0176118,-0.0202037,-0.0327731,4.5664312,-0.0058333,-0.0105,-0.0505419,-0.0647391,-0.0014,5,-0.0018333,32.6195,3.5920833,1.6186111
Papa,B_subtropical_midlatitude_5,JJA,2012-08-12T12:00Z,1.0,0,11.6433969,10.375,10.375,16.34,-0.0096667,,-0.2206075,-0.2554907,,-0.2214789,-0.0682086,,-0.0710261,-0.0619972,-0.0612711,-0.0692571,4.9654083,-0.0023333,-0.0245,-0.1938281,-0.2050346,0.0017667,5,-0.0001667,32.603,9.4795833,3.9815278
Papa,B_subtropical_midlatitude_5,SON,2012-09-12T16:00Z,1.0,0,9.8957194,14.3883333,0.9333333,0.98,-0.0008333,,-0.0125105,-0.0146274,,-0.0125145,-0.0040105,,-0.0041564,-0.0050174,-0.0110761,-0.01179,3.5358792,-0.0006667,-0.0041667,-0.0135942,-0.0310359,-6.67e-05,5,0.0005,32.569,0.8733333,0.7802778
Papa,B_subtropical_midlatitude_5,SON,2012-10-10T11:00Z,1.0,0,11.5550307,12.5233333,8.4716667,12.89,-0.0153333,,-0.1728803,-0.1921302,,-0.1734266,-0.0612841,,-0.0628878,-0.0565879,-0.0378309,-0.0818841,5.5503027,-0.0106667,-0.0186667,-0.1555074,-0.1116859,-0.0024333,5,-0.0016667,32.475,8.6725,5.5906944
Papa,B_subtropical_midlatitude_5,SON,2012-11-04T04:00Z,1.0,0,10.3023912,17.7683333,8.0533333,11.83,-0.0125,,-0.0685115,-0.090987,,-0.0686449,-0.0237062,,-0.0251713,-0.0081163,-0.08282,-0.0839271,3.2807809,-0.0093333,-0.0291667,-0.0240118,-0.217267,0.0040667,5,0.0088333,32.524,3.71375,2.9297222
Papa,B_subtropical_midlatitude_5,DJF,2013-01-19T09:00Z,1.0,0,10.1994783,12.6383333,0.9233333,1.455,0.0023333,,-0.0234032,-0.0266294,,-0.0234155,-0.007205,,-0.0074417,-0.0092794,-0.0136701,-0.0143346,4.3582833,0.0021667,0.0001667,-0.0275177,-0.0372502,0.0014,5,-0.0023333,32.6265,1.3583333,0.7158333
Papa,B_subtropical_midlatitude_5,JJA,2013-08-06T16:00Z,1.0,0,8.6763681,11.0383333,3.115,8.58,-0.0058333,,-0.1602277,-0.1870502,,-0.1606984,-0.041921,,-0.0442782,-0.0367643,-0.0450036,-0.0556615,6.4072985,-0.0038333,-0.0133333,-0.1358729,-0.169917,0.0016667,5,0.011,32.4435,4.9325,2.3840278
Papa,B_subtropical_midlatitude_5,JJA,2013-08-11T03:00Z,1.0,0,9.1263478,32.9283333,4.5333333,6.51,-0.0088333,,-0.1072874,-0.1214439,,-0.1075348,-0.0298323,,-0.0311163,-0.0258875,-0.0441638,-0.0494079,6.6803442,-0.006,-0.0383333,-0.090469,-0.1741917,0.0002667,5,-0.0013333,32.429,3.63125,2.3502778
Papa,B_subtropical_midlatitude_5,SON,2013-10-20T19:00Z,1.0,0,4.4237436,18.4933333,11.0,11.57,-0.0533333,,-0.4207195,-0.2048233,,-0.4287445,-0.0854778,,-0.0578128,-0.0621075,-0.1263794,-0.3169747,7.1046,-0.0293333,-0.0986667,-0.361435,-0.5365087,-0.0006667,5,-0.0028333,32.467,5.0629167,4.92
Papa,B_subtropical_midlatitude_5,SON,2014-09-06T06:00Z,1.3,1,10.0947912,10.4516667,10.7283333,11.535,-0.0336,,-0.1498496,-0.1762957,,-0.1502959,-0.0524712,,-0.0561627,-0.0588703,-0.0296494,-0.1130441,3.7189757,-0.035,-0.0295167,-0.150057,-0.0884194,0.00121,5,-0.0088333,32.3596,9.2245833,8.8598611
Papa,B_subtropical_midlatitude_5,SON,2014-09-23T09:00Z,1.3,1,14.8171545,11.5066667,6.3066667,16.435,-0.0019167,,-0.1411729,-0.1577104,,-0.1415657,-0.0459413,,-0.0470429,-0.039187,-0.0378537,-0.0284466,4.7797925,0.00115,-0.0110667,-0.1144159,-0.1296318,0.0007633,5,0.0002667,32.33225,9.5508333,2.6219444
Papa,B_subtropical_midlatitude_5,SON,2014-10-01T16:00Z,1.3,1,7.8438035,15.415,7.8316667,6.865,-0.0062,,-0.0710165,-0.1017284,,-0.0712911,-0.0175777,,-0.0237523,-0.0128161,-0.0269824,-0.0641947,5.3725245,-0.0015667,-0.0499,-0.0384848,-0.1279758,0.00052,5,0.0057833,32.3823,4.2129167,3.4240278
Papa,B_subtropical_midlatitude_5,SON,2014-11-10T08:00Z,1.3,1,11.191937,12.63,7.3316667,13.475,-0.0179667,,-0.0822448,-0.1075791,,-0.0824159,-0.0312029,,-0.0336378,-0.0169194,-0.0659352,-0.0531562,3.1878,-0.0053167,-0.0285167,-0.0377386,-0.2037974,0.0019333,5,0.0069167,32.40575,5.57375,3.17375
Papa,B_subtropical_midlatitude_5,SON,2014-11-14T07:00Z,1.3,1,8.4236026,11.725,3.41,0.0,-0.0024167,,-0.012571,-0.0131244,,-0.0125797,-0.002535,,-0.0026638,-0.0036545,-0.0028026,-0.0301286,,-0.0010167,-0.01185,-0.0180118,-0.0146172,0.00104,5,0.0031667,32.39885,0.0,1.3766667
Papa,B_subtropical_midlatitude_5,DJF,2014-12-06T20:00Z,1.3,1,8.1933694,19.345,18.315,19.13,-0.0914333,,-0.3193148,-0.4594893,,-0.3218119,-0.0830994,,-0.1093477,-0.05218,-0.0725358,-0.288613,3.7973748,-0.0671,-0.03705,-0.1911327,-0.2792757,-0.0015167,5,0.0028167,32.4819,10.5383333,8.7026389
Papa,B_subtropical_midlatitude_5,DJF,2014-12-22T11:00Z,1.3,1,6.0311793,37.1516667,7.9566667,6.305,-0.01385,,-0.0806603,-0.1237215,,-0.0809057,-0.0199243,,-0.0266778,-0.0041332,-0.1014745,-0.1820684,4.3402844,-0.0198,-0.0830167,-0.0123567,-0.357901,-0.00791,5,-0.0156667,32.4373,2.11,3.6461111
Papa,B_subtropical_midlatitude_5,DJF,2015-01-24T09:00Z,1.3,1,7.2478143,20.55,18.5416667,24.745,-0.0624667,,-0.4869632,-0.6268791,,-0.4915891,-0.1399555,,-0.1698699,-0.1116811,-0.1074203,-0.2998311,4.2481461,-0.0366667,-0.0541,-0.3785539,-0.3729421,0.0010133,5,0.0020333,32.4869,15.94625,9.3393056
Papa,B_subtropical_midlatitude_5,JJA,2015-07-01T04:00Z,1.3,1,11.5562611,13.4466667,12.8833333,28.645,-0.0230833,,-0.258962,-0.3047935,,-0.2602243,-0.1029827,,-0.1089596,-0.0837199,-0.0849263,-0.0971301,3.5028503,-0.0103833,-0.0369333,-0.2002457,-0.2416679,0.0001767,5,-0.0032333,32.55545,17.76125,6.9552778
Papa,B_subtropical_midlatitude_5,JJA,2015-07-29T11:00Z,1.3,1,5.9946069,10.7533333,2.0883333,6.055,-0.0157667,,-0.1839314,-0.2420779,,-0.184601,-0.035893,,-0.0446335,-0.028291,-0.0292989,-0.0625111,6.9142857,-0.0175167,-0.0054833,-0.1346112,-0.1545204,-0.0039367,5,-0.0019167,32.51225,3.64,1.3784722
Papa,B_subtropical_midlatitude_5,JJA,2015-08-09T16:00Z,1.3,1,7.025316,13.3683333,13.3683333,14.93,-0.0547333,,-0.2504884,-0.3273019,,-0.251948,-0.0731204,,-0.0874083,-0.061977,-0.0540273,-0.203902,3.7574303,-0.0271833,-0.05765,-0.1710279,-0.2087857,0.0020333,5,-0.0035833,32.33585,10.00125,8.50625
Papa,B_subtropical_midlatitude_5,SON,2015-10-11T01:00Z,1.3,1,14.5450277,11.07,7.4283333,7.165,-0.0085833,,-0.0388715,-0.0495855,,-0.038914,-0.0144054,,-0.0151415,-0.0068186,-0.043631,-0.0452445,3.1534137,-0.0033667,-0.0167167,-0.0144636,-0.1374807,-0.0021633,5,0.0004167,32.4928,3.1125,3.2320833
Papa,B_subtropical_midlatitude_5,SON,2015-10-14T18:00Z,1.3,1,15.2099677,15.6866667,9.4016667,18.69,0.0062833,,-0.1468362,-0.1677444,,-0.1472298,-0.049787,,-0.0511685,-0.0407901,-0.0829408,-0.0446913,4.8433729,0.0158167,-0.0118667,-0.1184622,-0.2328629,0.0023967,5,0.0103167,32.47555,10.21375,3.5945833
Papa,B_subtropical_midlatitude_5,SON,2015-10-26T10:00Z,1.3,1,12.8032645,10.4133333,4.6483333,7.35,0.0101667,,-0.074316,-0.1256727,,-0.0744467,-0.0212702,,-0.0302041,-0.017495,-0.0731344,-0.0370515,6.1652081,-0.00015,-0.01995,-0.0529793,-0.502094,-0.0134633,5,-0.0065,32.46485,4.1341667,2.5473611
Papa,B_subtropical_midlatitude_5,SON,2015-10-30T20:00Z,1.3,1,6.576404,14.0083333,14.325,13.365,-0.09785,,-0.4720471,-0.7674771,,-0.4788533,-0.0921815,,-0.1526252,-0.0714652,-0.0768512,-0.5464516,4.7989318,-0.0886833,-0.03515,-0.3281564,-0.3700322,0.00118,5,0.0025167,32.48655,10.2991667,10.5059722
Papa,B_subtropical_midlatitude_5,DJF,2015-12-02T04:00Z,1.3,1,9.8264416,11.245,8.175,22.68,-0.01825,,-0.1768953,-0.2243304,,-0.1777231,-0.0738704,,-0.0811474,-0.0382462,-0.0699302,-0.116637,2.6886845,-0.01105,-0.01515,-0.0729626,-0.2137287,-0.0012967,5,-0.0008,32.53665,12.505,4.8354167
Papa,B_subtropical_midlatitude_5,DJF,2016-02-29T12:00Z,1.3,1,13.8389665,15.3216667,13.3666667,6.535,-0.0137833,,-0.1026774,-0.0918964,,-0.1029686,-0.0304522,,-0.0305961,-0.0361173,-0.0102602,-0.1031518,10.8175719,-0.0052667,-0.0083333,-0.1089022,-0.0429221,-0.00046,5,0.0001667,32.6877,5.2358333,8.4691667
Papa,B_subtropical_midlatitude_5,SON,2016-09-13T21:00Z,1.3,1,8.458225,35.73,11.945,1.905,-0.03855,,-0.0114958,-0.0178184,,-0.0115148,-0.0037085,,-0.003843,0.0002066,-0.0016887,-0.1282688,3.6636644,-0.0380833,-0.0405667,0.0012862,-0.0058501,0.00125,5,-0.0043333,32.56805,1.0366667,8.6090278
Papa,B_subtropical_midlatitude_5,SON,2016-09-21T14:00Z,1.3,1,17.2356432,13.6133333,4.55,14.135,-0.0168833,,-0.0757582,-0.0899564,,-0.0758795,-0.0272122,,-0.0279363,-0.0162577,-0.0446233,-0.024207,4.4964898,-0.0094333,-0.0285833,-0.0504948,-0.1372094,0.0002067,5,0.0039167,32.5516,6.3391667,2.1872222
Papa,B_subtropical_midlatitude_5,SON,2016-10-18T19:00Z,1.3,1,11.4105364,10.695,11.0366667,8.6,-0.02075,,-0.1113137,-0.13253,,-0.1116002,-0.0378713,,-0.040867,-0.0416804,-0.021512,-0.079201,3.9669254,-0.0259167,-0.0088833,-0.1017055,-0.0660016,-0.0058767,5,-0.0011,32.48415,6.92375,10.0583333
Papa,B_subtropical_midlatitude_5,DJF,2016-12-07T10:00Z,1.3,1,4.0181676,14.4466667,6.6083333,0.0,-0.0229333,,0.0,0.0,,0.0,0.0,,0.0,0.0,0.0,-0.2162645,,-0.01805,-0.03125,0.0,0.0,0.0001033,5,0.0053,32.62395,0.0,3.3329167
Papa,B_subtropical_midlatitude_5,MAM,2017-04-24T18:00Z,1.3,1,8.5050014,14.3233333,6.49,7.65,-0.0128667,,-0.0984032,-0.12501,,-0.0986295,-0.0296983,,-0.033235,-0.0182327,-0.0401121,-0.0719618,4.3523825,-0.0102667,-0.0209167,-0.0560794,-0.1706141,-4.33e-05,5,0.00085,32.5274,4.2491667,3.0777778
Papa,B_subtropical_midlatitude_5,MAM,2017-04-28T17:00Z,1.3,1,4.6008003,10.915,3.96,0.93,-0.0349,,-0.0056902,-0.0151951,,-0.0056958,-0.0017208,,-0.0035229,0.0,-0.0184952,-0.0826718,3.2,-0.0275167,-0.0534167,0.0,-0.0994664,0.0100667,5,-0.00985,32.56735,0.155,1.5580556
Papa,B_subtropical_midlatitude_5,MAM,2017-05-01T22:00Z,1.3,1,9.4732747,10.0416667,2.2133333,0.27,-0.0003333,,-0.0003746,-0.000978,,-0.0003746,-0.0003187,,-0.0003762,0.0,-0.0707127,-0.0229449,1.4518519,0.0008,-0.0070167,0.0,-0.1535948,0.0003233,5,-0.0031333,32.4997,0.03375,1.0111111
Papa,B_subtropical_midlatitude_5,JJA,2017-06-28T03:00Z,1.3,1,11.7449939,10.1983333,2.8766667,8.235,-0.0097667,,-0.0477949,-0.0457988,,-0.0478832,-0.013062,,-0.0128293,-0.0059231,-0.0423768,-0.0291419,6.9070664,-0.00795,-0.0149667,-0.034964,-0.1422073,-0.0007733,5,-0.0023,32.43635,2.91875,1.5877778
Papa,B_subtropical_midlatitude_5,SON,2017-09-04T22:00Z,1.3,1,3.5314308,19.2416667,5.72,13.93,-0.0206667,,-0.3902823,-0.8171386,,-0.3950829,-0.0697138,,-0.1423558,-0.0608182,-0.123922,-0.1027746,7.3428258,-0.0071833,-0.0692167,-0.2702115,-0.7253666,0.0022633,5,-0.0003,32.36305,8.8079167,2.1102778
Papa,B_subtropical_midlatitude_5,DJF,2017-12-04T23:00Z,1.3,1,11.6227186,11.64,4.0416667,5.03,-0.0075667,,-0.039294,-0.0497949,,-0.039345,-0.0120563,,-0.0130262,-0.0054611,-0.0089229,-0.050332,2.0901106,-0.00515,-0.00675,-0.0129033,-0.0361941,0.0004233,5,-0.0015,32.48805,2.7429167,2.5473611
Papa,B_subtropical_midlatitude_5,MAM,2018-03-27T23:00Z,1.3,1,5.9422441,22.605,6.505,9.855,-0.0255667,,-0.094171,-0.1396671,,-0.0945544,-0.0285561,,-0.0356237,-0.0024528,-0.0714053,-0.1425701,3.6199174,-0.0150333,-0.0288,-0.0026642,-0.2914768,0.0010633,5,-0.0003667,32.5372,3.2133333,2.7681944
Papa,B_subtropical_midlatitude_5,JJA,2018-07-02T06:00Z,1.3,1,8.0982093,30.165,4.9333333,8.88,-0.01095,,-0.1752426,-0.1971875,,-0.1760399,-0.0421226,,-0.0450455,-0.0323871,-0.0978933,-0.0683672,7.4442723,-0.0053,-0.0560167,-0.145435,-0.3744764,-0.0026767,5,0.0090667,32.4098,4.9616667,2.5277778
Papa,B_subtropical_midlatitude_5,SON,2018-09-03T03:00Z,1.3,1,7.1914539,12.4316667,6.8166667,10.34,-0.0258667,,-0.2379383,-0.2941149,,-0.2391212,-0.0519224,,-0.0592859,-0.0381315,-0.0635791,-0.1312479,7.0142864,-0.01935,-0.0326333,-0.1723925,-0.2789034,0.0007667,5,-0.0001167,32.28425,5.4654167,3.4561111
Papa,B_subtropical_midlatitude_5,SON,2018-10-31T10:00Z,1.3,1,12.2508832,15.685,11.6333333,32.555,-0.01535,,-0.172108,-0.2150402,,-0.1729586,-0.0729228,,-0.0780698,-0.0450613,-0.0845092,-0.0554776,2.4563608,-0.0067,-0.0271667,-0.1062297,-0.2380917,0.0008733,5,0.0036667,32.2918,15.3120833,4.0972222
Papa,B_subtropical_midlatitude_5,DJF,2018-12-06T00:00Z,1.3,1,11.1905138,12.725,2.99,4.33,0.0006833,,-0.0386563,-0.0313989,,-0.0387187,-0.0082533,,-0.007924,-0.0068451,-0.0137142,-0.0251231,6.5748532,0.00115,-0.00235,-0.0299168,-0.0662373,-0.0002267,5,-0.00165,32.27925,2.8233333,1.7827778
Papa,B_subtropical_midlatitude_5,SON,2019-09-25T04:00Z,1.3,1,6.2680828,12.925,7.6283333,10.115,-0.0184,,-0.409077,-0.5307908,,-0.4120152,-0.0733856,,-0.0895723,-0.0624229,-0.1128973,-0.1341623,9.6488698,-0.0095167,-0.0295167,-0.3740565,-0.445725,-0.0011967,5,0.0021667,32.32495,4.645,2.9884722
Papa,B_subtropical_midlatitude_5,SON,2019-10-04T00:00Z,1.3,1,7.5444969,16.4566667,2.7016667,7.31,-0.0082,,-0.0736063,-0.1005882,,-0.0737821,-0.021082,,-0.0244617,-0.0058631,-0.0505312,-0.0671012,3.9089647,-0.0062833,-0.0153667,-0.0172078,-0.1645301,0.0007833,5,-0.0017833,32.33405,2.8304167,1.38625
Papa,B_subtropical_midlatitude_5,SON,2019-10-13T13:00Z,1.3,1,14.5816319,11.7666667,8.705,24.1,-0.0108333,,-0.179571,-0.2070313,,-0.1802076,-0.0658314,,-0.068195,-0.053913,-0.0586641,-0.0556301,3.7207263,-0.0067833,-0.0115667,-0.1380886,-0.1792097,0.0024367,5,-0.0039167,32.30775,13.4229167,4.23125
Papa,B_subtropical_midlatitude_5,SON,2019-11-10T13:00Z,1.3,1,17.2634292,14.015,5.0516667,28.735,0.0098167,,-0.1611896,-0.1870743,,-0.1617009,-0.0697888,,-0.0715279,-0.0583986,-0.0458033,-0.0298142,3.1274428,0.0045333,0.00805,-0.1206692,-0.1156757,-0.0007333,5,0.0036167,32.2999,18.8908333,2.7773611
Papa,B_subtropical_midlatitude_5,SON,2019-11-25T17:00Z,1.3,1,3.6892484,10.8833333,7.5216667,10.46,-0.031,,-0.1757361,-0.3806218,,-0.1774787,-0.0345218,,-0.0716708,0.0,-0.0771633,-0.2103623,4.7976417,-0.0152667,-0.03035,0.0,-0.4147698,-0.0009833,5,0.0018,32.3016,3.3929167,3.2931944
Papa,B_subtropical_midlatitude_5,MAM,2020-04-26T01:00Z,1.3,1,10.935853,13.0066667,8.5566667,8.435,-0.0149333,,-0.0607868,-0.1169989,,-0.0608763,-0.019893,,-0.0295641,-0.0118168,-0.0382894,-0.058781,3.7711481,-0.00875,-0.02995,-0.029401,-0.1879639,0.00378,5,0.0009833,32.43585,4.0695833,3.8744444
Papa,B_subtropical_midlatitude_5,SON,2020-09-03T18:00Z,1.3,1,3.896202,23.7783333,6.2983333,9.345,-0.0420667,0.0088667,-0.4345192,-1.1517112,-0.0067824,-0.4389872,-0.062969,0.0007245,-0.1695178,-0.0283181,-0.0865004,-0.2983028,7.381006,-0.01575,-0.0244333,-0.224696,-0.5312853,-0.0021567,5,-0.0013167,32.22725,5.6683333,4.3265278
Papa,B_subtropical_midlatitude_5,SON,2020-10-14T21:00Z,1.3,1,13.221736,14.7716667,7.085,14.13,-0.00595,-0.0047,-0.1111854,-0.1358262,-0.074353,-0.1114541,-0.0389234,-0.0217108,-0.0411544,-0.0273178,-0.0580675,-0.0732337,3.4852478,-0.0044833,-0.01485,-0.066838,-0.1735592,-0.00157,5,0.0037667,32.28725,7.7558333,4.41875
Papa,B_subtropical_midlatitude_5,SON,2020-10-16T15:00Z,1.3,1,8.1787045,51.2816667,19.1416667,11.99,-0.0477833,-0.0356333,-0.1651091,-0.2108441,-0.0835916,-0.1657195,-0.0463483,-0.0183194,-0.0524727,-0.0334389,-0.1447068,-0.189821,4.4860704,-0.0194667,-0.2080333,-0.1048656,-0.6254373,0.0007067,5,-0.0080167,32.2678,6.82,10.5470833
Papa,B_subtropical_midlatitude_5,SON,2020-10-26T18:00Z,1.3,1,5.1848762,28.4,5.0666667,6.675,-0.0183333,-0.00455,-0.1346078,-0.2053075,-0.031628,-0.1350652,-0.0293685,-0.0062319,-0.0417468,-0.015928,-0.0755047,-0.0988072,5.7569194,-0.0089667,-0.0789333,-0.0580856,-0.3871897,0.0015767,5,-0.0036333,32.2767,3.11625,2.0308333
Papa,B_subtropical_midlatitude_5,SON,2020-10-31T23:00Z,1.3,1,4.7865038,47.085,14.6866667,6.72,-0.0571167,-0.0173667,-0.1816302,-0.274734,-0.013363,-0.1825526,-0.0319544,0.0008925,-0.0446232,-0.019515,-0.0874048,-0.2199407,4.1823403,-0.0184833,-0.13,-0.1150969,-0.3900608,-0.0017167,5,-0.0067667,32.23905,3.4825,4.7791667
Papa,B_subtropical_midlatitude_5,SON,2020-11-04T02:00Z,1.3,1,12.2348591,28.9416667,16.575,6.655,-0.0079667,-0.0039333,-0.0432717,-0.0575327,-0.0292368,-0.043324,-0.015682,-0.0084085,-0.0169663,-0.0081203,-0.0267203,-0.0869301,3.2891677,-0.0020833,-0.0717667,-0.0169388,-0.1223305,-0.0004767,5,-0.0096833,32.22105,3.4504167,6.5915278
Papa,B_subtropical_midlatitude_5,SON,2020-11-14T06:00Z,1.3,1,11.1001016,14.7666667,11.0766667,13.11,-0.0179,-0.0132833,-0.2484093,-0.3054803,-0.0911069,-0.2495097,-0.0604869,-0.0221984,-0.0680815,-0.05248,-0.0464237,-0.1092847,5.3938445,-0.0148167,-0.0264333,-0.2311143,-0.1823447,0.00013,5,0.00055,32.26875,7.2695833,5.3791667
Papa,B_subtropical_midlatitude_5,DJF,2020-12-11T15:00Z,1.3,1,13.5084433,16.7883333,3.6283333,14.295,-0.00515,-0.0042167,-0.1035685,-0.123639,-0.0778594,-0.103817,-0.0400936,-0.0255634,-0.041761,-0.0352055,-0.0281844,-0.0310625,3.0713377,-0.0047833,-0.0044,-0.0680024,-0.0784973,-0.0002933,5,0.0026167,32.33385,9.9666667,2.5220833
Papa,B_subtropical_midlatitude_5,JJA,2022-06-23T00:00Z,1.3,1,10.185656,20.3283333,3.18,12.91,-0.0153167,-0.0100167,-0.1676463,-0.2052875,-0.0913706,-0.1682454,-0.0528693,-0.0235387,-0.0582093,-0.0481139,-0.0923946,-0.0457338,3.834269,-0.0105667,-0.0410333,-0.1310896,-0.2476203,0.0008167,5,-0.0002,32.3569,8.55,1.8527778
Papa,B_subtropical_midlatitude_5,JJA,2022-08-23T11:00Z,1.3,1,5.5980365,10.9083333,10.6566667,9.065,-0.04965,-0.0161,-0.2409972,-0.3260508,-0.0739288,-0.2422663,-0.0518609,-0.0138774,-0.0660951,-0.0372923,-0.0439194,-0.200568,5.9790029,-0.0124167,-0.0752833,-0.1482427,-0.2201724,4.33e-05,5,0.0011333,32.27265,5.69125,5.1105556
Papa,B_subtropical_midlatitude_5,SON,2022-09-24T16:00Z,1.3,1,1.6810105,16.495,1.7416667,4.405,-0.0145333,-0.0008667,-0.097792,-1.0986716,0.0018577,-0.0985534,-0.012684,-0.0001574,-0.1587243,0.0011555,-0.0501997,-0.0675921,8.0321531,-0.00175,-0.0155333,0.0080377,-0.3362396,0.00199,5,-0.0077,32.25945,2.6125,1.3248611
Papa,B_subtropical_midlatitude_5,SON,2022-10-05T23:00Z,1.3,1,9.6273312,26.1016667,8.3183333,5.01,-0.0098167,,-0.0250628,-0.0376922,,-0.0250874,-0.0088923,,-0.0101973,-0.0027838,-0.0201432,-0.0824079,2.1139964,-0.0062833,-0.0318833,-0.0099138,-0.0771234,-0.0010833,5,0.0022167,32.23235,1.6433333,4.1940278
Papa,B_subtropical_midlatitude_5,SON,2022-10-14T08:00Z,1.3,1,8.7249575,29.4816667,4.3783333,2.225,-0.0079,,-0.023502,-0.0299758,,-0.0235258,-0.0073054,,-0.0080635,-0.0021022,-0.0066156,-0.0987496,3.6616912,-0.0066167,-0.0085,-0.0012021,-0.024656,0.0022867,5,-0.0003167,32.21915,1.1833333,2.9265278
Papa,B_subtropical_midlatitude_5,SON,2022-11-20T19:00Z,1.3,1,8.999593,16.0,4.3383333,5.28,-0.0088667,,-0.0548044,-0.0751466,,-0.0548697,-0.0176684,,-0.0205003,-0.0147468,-0.0501162,-0.0432202,3.8835335,-0.0055,-0.0602167,-0.0407329,-0.2442527,0.00078,5,0.0016,32.3562,2.9908333,1.8809722
Papa,B_subtropical_midlatitude_5,DJF,2022-12-21T13:00Z,1.3,1,18.6480499,14.425,7.6716667,31.99,-0.0015667,,-0.1385329,-0.162589,,-0.1390034,-0.0591822,,-0.0605239,-0.0366717,-0.0707236,-0.0336084,3.5603344,0.0041667,-0.0117,-0.0868736,-0.1873255,5e-05,5,0.0023333,32.3907,16.3995833,3.3723611
Papa,B_subtropical_midlatitude_5,MAM,2023-04-28T00:00Z,1.3,1,7.2944387,14.93,3.1633333,3.15,-0.01575,-0.011,-0.0636863,-0.0857911,-0.0197717,-0.0637804,-0.0141258,-0.0035572,-0.0174465,-0.0091016,-0.0273957,-0.0695126,4.7335165,-0.0153333,-0.0176667,-0.0368766,-0.1135711,0.0013633,5,0.0005,32.4154,1.82,1.6005556
Papa,B_subtropical_midlatitude_5,JJA,2023-08-06T21:00Z,1.3,1,11.5286536,23.5833333,13.205,30.94,-0.0225833,-0.0196833,-0.1485521,-0.1915325,-0.0951139,-0.1492048,-0.0729122,-0.0349477,-0.0782653,-0.026165,-0.1087955,-0.0821295,2.63726,-0.0073,-0.0578833,-0.0509042,-0.2878673,0.00243,5,0.0008,32.2615,13.1754167,5.46125
Papa,B_subtropical_midlatitude_5,SON,2023-09-20T21:00Z,1.3,1,12.1805356,11.6783333,1.415,1.05,0.0202167,0.0206667,-0.0113047,-0.0130601,-0.0084035,-0.0113083,-0.0036271,-0.0023479,-0.0037809,-0.0042976,-0.0109796,-0.0141317,4.1414795,0.02605,-0.0023833,-0.0125706,-0.0377074,0.0016633,5,-0.0151167,32.24265,0.8458333,1.2079167
Papa,B_subtropical_midlatitude_5,SON,2023-10-09T12:00Z,1.3,1,9.5941335,10.5383333,8.9083333,10.34,-0.0058833,0.0015333,-0.1236722,-0.161524,-0.0516582,-0.1240397,-0.034717,-0.0123063,-0.0399871,-0.0198055,-0.0646149,-0.1786025,3.9663866,-0.00215,0.0060833,-0.0666555,-0.2053578,0.0021133,5,0.0072,32.27655,5.0575,5.5009722
Papa,B_subtropical_midlatitude_5,SON,2023-10-16T21:00Z,1.3,1,13.3183111,10.1016667,5.8833333,16.165,-0.0106,-0.00855,-0.1276306,-0.1477497,-0.0972111,-0.1279689,-0.0537817,-0.0358091,-0.0558217,-0.0609815,-0.0291372,-0.0396345,3.017686,-0.0092833,-0.00755,-0.122674,-0.0727008,6.33e-05,5,-0.0004167,32.26175,12.9904167,3.8797222
Papa,B_subtropical_midlatitude_5,SON,2023-10-29T02:00Z,1.3,1,13.7860968,18.6766667,18.6766667,25.16,-0.0242167,-0.0214833,-0.1400535,-0.1699686,-0.1047251,-0.1406382,-0.0630078,-0.0396086,-0.0656567,-0.0448622,-0.0477268,-0.0859209,2.7780371,-0.0108,-0.0360667,-0.0807611,-0.1232824,0.0017767,5,-0.0015333,32.2974,15.6095833,7.1913889
Papa,B_subtropical_midlatitude_5,SON,2023-11-08T08:00Z,1.3,1,14.2206848,14.8083333,12.6816667,19.04,-0.00505,-0.0026167,-0.0880794,-0.1154457,-0.061179,-0.0883174,-0.0389663,-0.0209442,-0.0412842,-0.0152145,-0.0725859,-0.0511398,2.747102,-0.0003,-0.0255,-0.0233147,-0.2135504,-0.0006167,5,0.00185,32.275,8.5479167,3.8815278
Papa,B_subtropical_midlatitude_5,SON,2023-11-25T02:00Z,1.3,1,9.7359782,10.775,3.6416667,3.23,-0.0102833,-0.0082333,-0.071682,-0.0867029,-0.0347153,-0.071813,-0.0179776,-0.0074225,-0.0203273,-0.0229269,-0.0085579,-0.0803465,4.130619,-0.01295,-0.0073167,-0.0823294,-0.035404,-0.00147,5,0.0046333,32.29595,3.00875,3.0051389
Papa,B_subtropical_midlatitude_5,DJF,2024-02-20T20:00Z,1.3,1,9.3255339,18.93,3.485,2.15,-0.0051167,-0.0043,-0.0325426,-0.0384419,-0.0208697,-0.0325635,-0.0097514,-0.0053527,-0.0104294,-0.0085932,-0.0440774,-0.0366864,5.2136787,-0.00305,-0.0516333,-0.025005,-0.1689449,0.0011933,5,-0.0004167,32.41085,1.5229167,1.7476389
Papa,B_subtropical_midlatitude_5,MAM,2024-03-14T15:00Z,1.3,1,7.0016954,12.2133333,8.7266667,14.475,-0.0206167,-0.0145833,-0.2766595,-0.3396821,-0.1309709,-0.2783282,-0.0847398,-0.0364028,-0.0956829,-0.0876418,-0.0610657,-0.1551948,4.7259589,-0.0111333,-0.0242667,-0.2405487,-0.2197199,-0.0005833,5,0.0029833,32.4417,10.65625,4.6186111
Papa,B_subtropical_midlatitude_5,JJA,2024-08-16T10:00Z,1.3,1,6.6135842,17.8333333,12.4716667,16.875,-0.0338167,,-0.2713894,-0.36163,,-0.2729398,-0.0711038,,-0.0865007,-0.0448338,-0.1098754,-0.1611069,5.0459348,-0.0181667,-0.0898667,-0.1735251,-0.4490141,0.00064,5,-0.0027667,32.272,7.5995833,4.7720833
Papa,B_subtropical_midlatitude_5,SON,2024-09-21T08:00Z,1.3,1,8.6585621,10.5566667,8.5766667,12.59,-0.0144333,,-0.1370456,-0.1726127,,-0.1376084,-0.0444173,,-0.0498327,-0.0272197,-0.0399629,-0.0997639,2.9560647,-0.00515,-0.0193833,-0.0687015,-0.1390219,-0.0014767,5,-0.0019667,32.25175,7.42,4.47
Papa,B_subtropical_midlatitude_5,SON,2024-09-30T00:00Z,1.3,1,16.2608339,15.235,10.1933333,36.22,-0.0148833,,-0.1522148,-0.186991,,-0.1527541,-0.0716179,,-0.074095,-0.0457041,-0.1721975,-0.0510754,2.4842023,-0.0101833,-0.0201167,-0.0868226,-0.3199887,0.0005567,5,-0.0004833,32.21115,19.29875,4.6938889
Papa,B_subtropical_midlatitude_5,SON,2024-10-11T17:00Z,1.3,1,11.8576126,11.08,7.1466667,7.015,-0.0101167,,-0.0728403,-0.0821733,,-0.0729959,-0.0229784,,-0.0239257,-0.0218998,-0.0406118,-0.0564929,5.6973283,-0.0040333,-0.0292833,-0.0655346,-0.1726563,0.0004333,5,-0.0023,32.2618,4.4454167,3.5869444
Papa,B_subtropical_midlatitude_5,DJF,2025-01-27T23:00Z,1.3,1,7.7712783,16.77,8.6433333,9.36,-0.02235,,-0.1334055,-0.1811277,,-0.1338657,-0.0313586,,-0.0364112,-0.0143987,-0.0406755,-0.1720485,4.0250537,-0.0227,-0.0161333,-0.0611362,-0.1674675,-0.0064333,5,-0.0022167,32.4276,4.07125,4.0905556
SOFS,B_subtropical_midlatitude_5,DJF,2012-01-01T23:00Z,0.93,1,6.8560782,13.1213243,13.1213243,7.42,-0.0779572,,-0.1399916,-0.1763437,,-0.1405085,-0.0353293,,-0.0388981,-0.0241247,-0.0311701,-0.2072553,4.972087,-0.0389092,-0.1531197,-0.082022,-0.1606857,0.0060397,5,-0.0004694,34.7662442,4.4454167,6.1852906
SOFS,B_subtropical_midlatitude_5,DJF,2012-01-29T03:00Z,0.93,1,5.9014333,17.0208261,14.2125618,28.3,-0.0849744,,-0.3106318,-0.464631,,-0.3146056,-0.1049989,,-0.1308442,-0.0211132,-0.2203419,-0.1848283,3.2800914,-0.0239925,-0.2145436,-0.0843471,-1.0482915,0.0139317,5,0.0414106,34.7329742,10.1966667,4.455716
SOFS,B_subtropical_midlatitude_5,MAM,2012-03-15T01:00Z,0.93,1,13.9262816,15.1333882,13.7477681,24.035,-0.0138,,-0.1096237,-0.1398146,,-0.1100661,-0.0513068,,-0.0525928,-0.022604,-0.0473347,-0.0940675,2.6783813,-0.0080106,-0.0152892,-0.0477636,-0.1209078,-0.0022532,5,0.0004044,34.4647,10.9454167,7.0789941
SOFS,B_subtropical_midlatitude_5,MAM,2012-03-20T02:00Z,0.93,1,9.1906004,11.9972725,8.8865287,32.925,-0.0127894,,-0.2508982,-0.3246056,,-0.2526122,-0.1166484,,-0.1246629,-0.0504018,-0.1778255,-0.109718,2.7075503,-0.0067836,-0.0213997,-0.0880696,-0.6064578,0.0029922,5,-0.0008769,34.4837958,15.71125,5.1181748
SOFS,B_subtropical_midlatitude_5,MAM,2012-04-05T10:00Z,0.93,1,4.8229911,24.4655374,3.1261155,7.395,-0.0188053,,-0.2685528,-0.3237217,,-0.2698716,-0.059015,,-0.0653723,-0.0569122,-0.0425916,-0.095804,6.919427,-0.0195608,-0.0348208,-0.2173127,-0.2035306,-0.0007993,5,-0.0228181,34.4658458,5.585,1.8690219
SOFS,B_subtropical_midlatitude_5,JJA,2012-06-24T06:00Z,0.93,1,10.3243318,12.8676039,12.9683477,22.9,-0.0242681,,-0.3384761,-0.4152642,,-0.3410896,-0.1218149,,-0.1330833,-0.112042,-0.0743355,-0.2057293,2.6142103,-0.0144925,-0.0141197,-0.2279097,-0.2355782,-0.0116354,5,0.0638639,34.8092192,16.34375,7.161977
SOFS,B_subtropical_midlatitude_5,JJA,2012-07-15T22:00Z,0.93,1,14.8940245,10.888347,2.6485124,4.695,0.0006031,,-0.0387786,-0.0458227,,-0.0388181,-0.0127069,,-0.0129419,-0.012727,-0.0070961,-0.0185859,3.1654779,-0.0012828,0.0037969,-0.0269225,-0.0248643,-0.0009397,5,0.0034386,34.5085617,3.505,1.9468113
SOFS,B_subtropical_midlatitude_5,JJA,2013-06-08T13:00Z,0.55,1,7.423789,11.7649587,5.1087602,7.83,-0.0064328,,-0.1772277,-0.2131804,,-0.1778754,-0.0453621,,-0.0467578,-0.0359863,-0.091275,-0.1093004,6.5875465,-0.0038622,-0.0085722,-0.1183765,-0.47489,-0.0046092,5,0.0048533,34.59091,4.9783333,2.5507438
SOFS,B_subtropical_midlatitude_5,JJA,2013-08-15T23:00Z,0.55,1,12.3230292,17.5602482,1.849091,2.43,-0.007821,,-0.0287086,-0.031459,,-0.0287265,-0.0085961,,-0.0086293,-0.0107759,-0.0818517,-0.0147818,5.1135311,-0.0080222,-0.0227011,-0.0321188,-0.2899398,0.001192,5,0.0143169,34.6824242,2.1433333,1.1387741
SOFS,B_subtropical_midlatitude_5,MAM,2021-04-18T17:00Z,0.88,1,11.9118154,20.4462824,5.8925619,6.355,-0.0001939,,-0.0718863,-0.087841,,-0.0720576,-0.021864,,-0.0227169,-0.0184803,-0.0266057,-0.0560865,3.3617534,-0.0019055,0.0013353,-0.0477895,-0.0848384,0.006015,5,-0.0271394,34.4243629,3.9916667,2.3154274
