c6,e5proxy,g6,group,lam,low0,low1,low10,low5,lowg1,lowg10,lowg5,model_ok,obs05,obs05_m,obs1,obs10,obs1_m,obs20,obs25,obs5,onset_utc,pcum_cmorph_model,pcum_gauge_model,pcum_gauge_obs,rain24,rho,rim0,rim05,rim1,rim10,rim1_k27,rim1_m,rim1_m3,rim1_shift1,rim1_shift2,rim20,rim25,rim5,s0_1,s0_10,s0_20,s0_25,s0_5,season,shift1_pad_zero,shift2_pad_zero,station,u10,z1,zeta
12.59,0.852973,31.278333,A_tropical_8,0.905303,-0.049444,-0.035107,,,-0.082275,,,True,-0.36,-0.36,-0.294333,,-0.3535,,,,2014-11-07T13:00Z,8.1675,22.962569,21.659306,31.826667,0.057397,-0.878225,-0.717078,-0.611648,,-0.682703,-0.606294,-0.533361,-0.555343,-0.489919,,,,34.129,,,,,SON,1,2,TAO165E,3.740475,1.0,1.670271
0.0,,7.818333,A_tropical_8,4.371766,0.000284,0.000271,,,-0.028273,,,True,-0.005,-0.005,-0.036833,,-0.0205,,,,2014-11-26T03:00Z,0.0,6.338403,6.012639,19.65,,0.010338,0.010242,0.009958,,0.009958,0.01521,0.004138,0.011152,0.012681,,,,34.3015,,,,,SON,1,2,TAO165E,2.301807,1.0,1.280077
31.905,0.913121,62.158333,A_tropical_8,0.6654,-0.080938,-0.059656,,,-0.128263,,,True,-0.4945,-0.4945,-0.3705,,-0.4495,,,,2014-12-05T04:00Z,15.421667,41.339514,38.749583,121.765,0.119548,-0.708345,-0.546489,-0.499011,,-0.612364,-0.694609,-0.443326,-0.411527,-0.329718,,,,34.4335,,,,,DJF,0,0,TAO165E,4.862557,1.0,1.750599
34.43,0.840397,14.103333,A_tropical_8,-0.888352,-0.077103,-0.055057,,,-0.027906,,,True,-0.043,-0.043,-0.035833,,-0.033,,,,2014-12-14T10:00Z,21.713333,12.132917,11.545278,48.565,0.076106,-1.091766,-0.860816,-0.723428,,-0.845915,-1.009109,-0.787194,-0.61779,-0.505099,,,,34.494,,,,,DJF,1,2,TAO165E,6.371241,1.0,0.172597
15.135,0.604499,16.838333,A_tropical_8,0.105984,-0.072757,-0.041664,,,-0.048896,,,True,-0.333,-0.333,-0.321833,,-0.317,,,,2014-12-21T11:00Z,7.79625,15.459514,14.757917,32.715,0.063066,-1.640144,-1.092865,-0.660635,,-0.72137,-0.67023,-0.916758,-0.53935,-0.425578,,,,34.3395,,,,,DJF,1,2,TAO165E,2.766877,1.0,1.787292
2.945,0.899709,1.36,A_tropical_8,-0.735064,-0.005798,-0.004084,,,-0.002599,,,True,-0.003,-0.003,0.0,,-0.0025,,,,2014-12-25T01:00Z,0.870833,1.22,1.163333,31.086667,0.132347,-0.053704,-0.034295,-0.030855,,-0.045347,-0.05622,-0.084861,-0.020217,-0.011031,,,,34.2225,,,,,DJF,0,0,TAO165E,6.080007,1.0,0.01969
12.125,0.896621,11.451667,A_tropical_8,-0.056653,-0.041051,-0.028462,,,-0.029053,,,True,0.005,0.005,-0.007167,,-0.016,,,,2014-12-27T18:00Z,7.167917,10.098958,9.621806,15.963333,0.072885,-0.538355,-0.435528,-0.390503,,-0.456878,-0.298858,-0.428499,-0.346385,-0.295176,,,,34.2445,,,,,DJF,1,2,TAO165E,3.833428,1.0,0.587372
1.425,0.899726,6.503333,A_tropical_8,1.46558,-0.004525,-0.003392,,,-0.016095,,,True,-0.0145,-0.0145,-0.0245,,-0.0265,,,,2015-01-01T02:00Z,1.290417,5.944583,5.673611,28.856667,0.069533,-0.066683,-0.054212,-0.048776,,-0.056627,-0.063596,-0.0265,-0.043893,-0.038709,,,,34.3295,,,,,DJF,1,2,TAO165E,4.928047,1.0,0.176904
4.75,1.001742,0.811667,A_tropical_8,-1.67146,-0.00544,-0.005051,,,-0.001489,,,True,-0.03,-0.03,-0.045,,-0.0385,,,,2015-01-06T06:00Z,2.343333,0.665903,0.632083,62.52,0.053417,-0.102749,-0.094386,-0.094551,,-0.111842,-0.069704,-0.074112,-0.08468,-0.072637,,,,34.251,,,,,DJF,1,2,TAO165E,6.280702,1.0,0.010777
16.69,0.965102,7.093333,A_tropical_8,-0.847629,-0.032924,-0.02773,,,-0.01295,,,True,0.0115,0.0115,0.028,,0.0105,,,,2015-01-23T19:00Z,10.715833,5.868333,5.572778,41.47,0.067875,-0.469206,-0.423309,-0.408537,,-0.445735,-0.378011,-0.401246,-0.397366,-0.377164,,,,34.1425,,,,,DJF,1,2,TAO165E,7.879623,1.0,0.044677
28.905,0.98848,37.765,A_tropical_8,0.266559,-0.015192,-0.015546,,,-0.029874,,,True,-0.0785,-0.0785,-0.089,,-0.0855,,,,2015-01-25T11:00Z,14.16625,20.802847,19.229306,40.786667,0.067714,-0.232836,-0.232263,-0.229587,,-0.233119,-0.17814,-0.240829,-0.21641,-0.202811,,,,34.382,,,,,DJF,0,0,TAO165E,13.002631,1.0,0.039672
0.0,,7.991667,A_tropical_8,4.39342,0.0,0.0,,,-0.03299,,,True,-0.057,-0.057,-0.076,,-0.0755,,,,2015-01-30T16:00Z,0.0,7.506181,7.173194,26.218333,,0.0,0.0,0.0,,0.0,0.0,-0.002568,0.0,0.0,,,,34.4355,,,,,DJF,1,2,TAO165E,1.847904,1.0,2.001326
14.1,0.926537,10.328333,A_tropical_8,-0.308716,-0.027508,-0.020805,,,-0.017838,,,True,-0.0585,-0.0585,-0.130667,,-0.105,,,,2015-02-10T14:00Z,5.3125,5.359097,4.92875,16.591667,0.104747,-0.279489,-0.214367,-0.198619,,-0.249204,-0.197777,-0.194238,-0.159611,-0.120828,,,,34.493,,,,,DJF,1,2,TAO165E,5.671071,1.0,0.18473
2.13,0.695845,3.918333,A_tropical_8,0.588866,-0.010528,-0.007043,,,-0.013019,,,True,-0.133,-0.133,-0.118667,,-0.133,,,,2015-02-16T05:00Z,1.3275,3.681458,3.518194,10.208333,0.071258,-0.189509,-0.142046,-0.098842,,-0.111927,-0.102842,-0.071444,-0.076807,-0.053539,,,,34.497,,,,,DJF,1,2,TAO165E,2.292753,1.0,0.652782
2.75,0.748273,6.241667,A_tropical_8,0.799823,-0.009325,-0.005913,,,-0.018976,,,True,-0.0375,-0.0375,-0.0445,,-0.0445,,,,2015-03-02T11:00Z,1.228333,4.494653,4.234583,18.591667,0.059197,-0.181655,-0.133487,-0.099885,,-0.115871,-0.085751,-0.096332,-0.08352,-0.069309,,,,34.3715,,,,,MAM,1,2,TAO165E,3.361417,1.0,0.439829
10.21,0.56404,36.508333,A_tropical_8,1.267162,-0.02752,-0.018165,,,-0.035789,,,True,0.0055,0.0055,-0.066667,,0.003,,,,2015-03-04T00:00Z,3.821667,6.661875,5.140694,41.121667,0.122699,-0.413176,-0.262471,-0.148044,,-0.184572,-0.051003,-0.189548,-0.090598,-0.041177,,,,34.3235,,,,,MAM,0,0,TAO165E,4.493157,1.0,1.134328
5.31,0.938941,10.105,A_tropical_8,0.634629,-0.009736,-0.007522,-0.001834,-0.003371,-0.016159,-0.005989,-0.009179,True,-0.0275,-0.0275,0.033333,0.018,0.014,,0.013,0.0075,2015-03-05T18:00Z,2.002917,7.381458,6.960417,19.646667,0.092104,-0.112836,-0.086974,-0.081663,-0.001666,-0.102436,-0.037976,-0.111877,-0.061635,-0.04318,,7.9e-05,-0.019385,34.307,34.362,,34.344,34.3265,MAM,0,0,TAO165E,6.739735,1.0,0.108435
4.13,0.983603,7.125,A_tropical_8,0.535345,-0.00529,-0.00463,-0.002062,-0.002996,-0.006655,-0.002156,-0.003592,True,0.0035,0.0035,0.011,0.014167,0.011,,0.016333,0.0145,2015-03-09T05:00Z,2.496667,3.147569,2.850694,14.005,0.099764,-0.056758,-0.047188,-0.046414,-0.012918,-0.055199,-0.049519,-0.051448,-0.042644,-0.037675,,-0.000595,-0.02996,34.3865,34.4345,,34.409,34.403,MAM,1,2,TAO165E,10.306677,1.0,0.017667
2.695,0.941206,7.091667,A_tropical_8,0.945091,-0.00405,-0.00311,,,-0.011343,,,True,-0.031,-0.031,-0.014,,-0.0155,,,,2015-03-25T19:00Z,0.799583,5.461181,5.165694,12.335,0.124776,-0.038186,-0.026482,-0.024925,,-0.034502,-0.037169,-0.03662,-0.020926,-0.018304,,,,34.664,,,,,MAM,1,2,TAO165E,6.52727,1.0,0.08311
1.455,,9.341667,A_tropical_8,1.803657,-0.001584,-0.000946,,,-0.021557,,,True,-0.059,-0.059,-0.045833,,-0.047,,,,2015-04-10T11:00Z,0.194167,6.624653,6.235417,12.078333,,0.018502,0.027217,0.027696,,0.020418,0.034345,0.005189,0.031963,0.033151,,,,34.458,,,,,MAM,1,2,TAO165E,5.00591,1.0,0.239521
18.23,1.003168,10.18,A_tropical_8,-0.578339,-0.014522,-0.012988,,,-0.011971,,,True,-0.027,-0.027,-0.004,,-0.0125,,,,2015-04-17T04:00Z,8.749167,6.939722,6.515556,12.708333,0.078642,-0.171027,-0.164631,-0.165153,,-0.172888,-0.171548,-0.151435,-0.175003,-0.183621,,,,34.435,,,,,MAM,1,2,TAO165E,9.680749,1.0,0.032006
20.535,0.912015,10.773333,A_tropical_8,-0.640675,-0.054448,-0.040455,,,-0.021128,,,True,-0.019,-0.019,-0.021833,,-0.0155,,,,2015-04-30T18:00Z,10.478333,6.421944,5.973056,10.608333,0.091532,-0.610192,-0.484619,-0.44198,,-0.525968,-0.318235,-0.478193,-0.376358,-0.314975,,,,34.542,,,,,MAM,1,2,TAO165E,5.604978,1.0,0.195063
0.0,,2.448333,A_tropical_8,3.238025,0.0,0.0,,,-0.00637,,,True,-0.012,-0.012,-0.026833,,-0.0205,,,,2015-05-03T19:00Z,0.0,2.337986,2.235972,28.03,,0.0,0.0,0.0,,0.0,0.0,0.000711,0.0,0.0,,,,34.4485,,,,,MAM,1,2,TAO165E,4.350709,1.0,0.092884
53.985,0.974817,70.521667,A_tropical_8,0.26678,-0.064943,-0.055327,-0.02057,-0.032577,-0.068896,-0.023848,-0.039091,True,-0.043,-0.043,-0.046333,0.018167,-0.0785,,0.0605,-0.006167,2015-05-06T19:00Z,27.534167,30.525764,27.587361,108.743333,0.181604,-0.383288,-0.312529,-0.304658,-0.045633,-0.368436,-0.389295,-0.307388,-0.257405,-0.209046,,-0.002894,-0.155722,34.409,34.4725,,34.4475,34.432,MAM,0,0,TAO165E,9.509027,1.0,0.234937
10.05,0.785962,23.671667,A_tropical_8,0.851021,-0.029896,-0.019959,-0.003367,-0.007046,-0.046617,-0.009846,-0.019312,True,-0.0965,-0.0965,-0.079,0.00075,-0.0745,,0.002,-0.00475,2015-05-16T07:00Z,3.784583,10.288958,9.302639,24.256667,0.101363,-0.360366,-0.250527,-0.196905,-0.000492,-0.245811,-0.310753,-0.207074,-0.147418,-0.099532,,-0.0,-0.015166,34.6635,34.693,,34.658,34.648,MAM,1,2,TAO165E,3.51805,1.0,1.491623
7.42,0.887316,17.87,A_tropical_8,0.871138,-0.011642,-0.011063,-0.005675,-0.007954,-0.044136,-0.012694,-0.021309,True,-0.7235,-0.7235,-0.4025,0.016,-0.5635,,0.02025,0.01575,2015-05-21T04:00Z,3.939167,13.58625,12.841667,18.37,0.028173,-0.481293,-0.442533,-0.392667,-0.013848,-0.398572,-0.31666,-0.406795,-0.400011,-0.374171,,-1.6e-05,-0.076647,34.5035,34.567,,34.569,34.519,MAM,1,2,TAO165E,4.54567,1.0,0.578241
0.0,,12.678333,A_tropical_8,4.850336,0.0,0.0,,,-0.031174,,,True,-0.186,-0.186,-0.170167,,-0.1835,,,,2015-05-29T02:00Z,0.0,12.140903,11.612639,14.008333,,0.0,0.0,0.0,,0.0,0.0,0.0,0.0,0.0,,,,34.552,,,,,MAM,1,2,TAO165E,3.85727,1.0,0.64003
19.39,0.925158,54.221667,A_tropical_8,1.025022,-0.049628,-0.038755,,,-0.05632,,,True,-0.154,-0.154,-0.098833,,-0.158,,,,2015-06-15T07:00Z,12.645833,17.872986,15.61375,81.061667,0.071181,-0.689809,-0.588496,-0.544452,,-0.610145,-0.553892,-0.495458,-0.507893,-0.467267,,,,34.5115,,,,,JJA,1,2,TAO165E,7.211746,1.0,0.439498
12.835,0.896327,2.053333,A_tropical_8,-1.79292,-0.043518,-0.033587,,,-0.003764,,,True,0.0115,0.0115,-0.003,,-0.002,,,,2015-06-24T09:00Z,6.93375,1.176944,1.091389,22.1,0.075609,-0.592922,-0.495603,-0.444222,,-0.498308,-0.385531,-0.425204,-0.39824,-0.346876,,,,34.4105,,,,,JJA,1,2,TAO165E,4.394167,1.0,0.073152
20.545,0.984839,7.486667,A_tropical_8,-1.001081,-0.034323,-0.027755,-0.008506,-0.014314,-0.010663,-0.003671,-0.005925,True,-0.0185,-0.0185,-0.028,-0.023,-0.023,,-0.016667,-0.024833,2015-07-27T12:00Z,10.01375,4.792778,4.480833,19.425,0.167613,-0.221252,-0.16814,-0.165591,-0.017383,-0.212615,-0.075467,-0.176859,-0.127764,-0.090979,,5.5e-05,-0.081213,34.3715,34.45,,34.419,34.3965,JJA,1,2,TAO165E,7.94783,1.0,0.046301
16.61,0.973591,3.72,A_tropical_8,-1.475757,-0.027929,-0.023845,,,-0.003394,,,True,0.0195,0.0195,0.0205,,0.0195,,,,2015-08-05T22:00Z,10.075833,0.941111,0.786111,46.248333,0.101008,-0.282445,-0.242476,-0.236073,,-0.270967,-0.247347,-0.206084,-0.21545,-0.191331,,,,34.254,,,,,JJA,1,2,TAO165E,8.258077,1.0,0.02052
2.955,0.882187,4.955,A_tropical_8,0.503598,-0.005942,-0.003395,-0.000237,-0.000593,-0.007614,-0.001086,-0.002234,True,-0.0025,-0.0025,-0.003167,0.0005,-0.002,,-0.00275,0.0025,2015-08-27T02:00Z,0.467917,1.454931,1.248472,52.418333,0.233717,-0.040265,-0.016466,-0.014526,-7.6e-05,-0.030225,-0.011946,-0.013703,-0.012036,-0.010178,,-0.0,-0.002013,34.419,34.509,,34.494,34.446,JJA,1,2,TAO165E,4.355236,1.0,0.187395
24.86,0.974588,35.208333,A_tropical_8,0.346844,-0.024861,-0.023249,,,-0.054835,,,True,0.0635,0.0635,0.051,,0.05,,,,2015-08-31T09:00Z,13.859583,29.059375,27.592361,34.905,0.053607,-0.473667,-0.444997,-0.433689,,-0.461866,-0.389558,-0.410648,-0.437222,-0.401525,,,,34.0575,,,,,JJA,1,2,TAO165E,7.219895,1.0,0.273597
0.0,0.963327,0.46,A_tropical_8,1.722767,0.000295,0.000105,,,-0.002005,,,True,-0.011,-0.011,-0.010667,,-0.0115,,,,2015-09-07T07:00Z,0.0,0.434722,0.415556,30.42,-0.001024,-0.064676,-0.106978,-0.103055,,-0.07867,-0.002342,-0.076141,-0.113619,-0.122929,,,,34.1775,,,,,SON,1,2,TAO165E,2.233601,1.0,0.079472
29.715,0.885444,60.431667,A_tropical_8,0.708155,-0.095504,-0.071089,,,-0.132233,,,True,-0.592,-0.592,-0.541833,,-0.5015,,,,2015-09-16T11:00Z,18.208333,43.792569,41.274583,73.745,0.084068,-1.177485,-0.955021,-0.845618,,-0.959487,-0.795562,-0.802266,-0.753042,-0.661656,,,,34.236,,,,,SON,0,0,TAO165E,4.454225,1.0,2.111576
5.155,-0.057555,2.738333,A_tropical_8,-0.615963,-0.042448,-0.015889,-0.000744,-0.003159,-0.009802,-0.002151,-0.004197,True,-0.0585,-0.0585,-0.072333,-0.036833,-0.0555,,-0.035833,,2015-09-23T03:00Z,2.164167,2.225625,2.111528,15.788333,,-1.466696,-0.265321,0.015271,0.014892,0.013508,0.055422,0.019955,0.035181,0.046978,,1.5e-05,0.036351,34.2485,34.3335,,34.293,34.25,SON,1,2,TAO165E,2.280682,1.0,0.4503
2.75,0.947051,9.671667,A_tropical_8,1.232168,-0.006756,-0.005449,-0.001888,,-0.016584,-0.006882,,True,0.0055,0.0055,-0.006,0.001667,0.004,,-0.003833,,2015-09-26T18:00Z,1.81,8.973403,8.570417,10.133333,0.066499,-0.101633,-0.086528,-0.081947,-0.006286,-0.093325,-0.059514,-0.088122,-0.074653,-0.064846,,-1.1e-05,,34.278,34.359,,34.209,,SON,1,2,TAO165E,6.131916,1.0,0.132224
0.0,,18.183333,A_tropical_8,5.208575,0.0,0.0,0.0,0.0,-0.070341,-0.015428,-0.02722,True,-0.0165,-0.0165,-0.024333,0.004,-0.0085,,0.0,0.006167,2016-09-05T10:00Z,0.0,17.240139,16.4825,19.071667,,0.0,0.0,0.0,0.0,0.0,0.0,0.0,0.0,0.0,,0.0,0.0,35.143,35.1515,,35.13,35.1245,SON,1,2,TAO165E,3.04785,1.0,1.650925
0.0,,1.555,A_tropical_8,2.806386,0.0,0.0,0.0,0.0,-0.000474,-0.000153,-0.000214,True,0.0105,0.0105,0.007833,0.007333,0.0095,,0.003167,0.008167,2016-09-12T22:00Z,0.0,0.722986,0.658194,13.97,,0.0,0.0,0.0,0.0,0.0,0.0,0.0,0.0,0.0,,0.0,0.0,35.017,35.0425,,35.043,35.014,SON,1,2,TAO165E,8.211299,1.0,0.008956
0.0,,1.766667,A_tropical_8,2.926739,0.0,0.0,0.0,0.0,-0.005334,-0.001598,-0.002556,True,-0.0275,-0.0275,-0.036833,0.002333,-0.029,,-0.010667,-0.014,2016-12-10T15:00Z,0.0,1.6775,1.603889,22.361667,,0.0,0.0,0.0,0.0,0.0,0.0,0.0,0.0,0.0,,0.0,0.0,35.2355,35.245,,35.089,35.233,DJF,1,2,TAO165E,3.40216,1.0,0.125758
74.96,0.861366,55.13,A_tropical_8,-0.306782,-0.205756,-0.144291,-0.031686,-0.057886,-0.125831,-0.029631,-0.051818,True,-0.4575,-0.4575,-0.453167,-0.0295,-0.461,,0.0035,-0.063833,2017-01-18T19:00Z,35.041667,32.707083,30.41,55.13,0.088911,-2.396437,-1.884053,-1.62286,-0.002297,-1.905002,-2.052557,-1.376083,-1.382531,-1.127373,,-0.0,-0.127633,34.668,34.658,,34.6245,34.6725,DJF,1,2,TAO165E,4.699284,1.0,1.642389
8.27,0.940569,20.235,A_tropical_8,0.88769,-0.020081,-0.015898,-0.005203,-0.008259,-0.02332,-0.003154,-0.007391,True,-0.013,-0.013,-0.0315,-0.011167,-0.021,,-0.002167,-0.013,2017-01-26T08:00Z,3.87,4.442153,3.599028,40.408333,0.058172,-0.34016,-0.290554,-0.273286,-0.008853,-0.309803,-0.248409,-0.220573,-0.249474,-0.22505,,3.5e-05,-0.076417,34.4085,34.3965,,34.34,34.417,DJF,1,2,TAO165E,5.611617,1.0,0.380749
0.79,,17.168333,A_tropical_8,2.965408,-0.000893,-0.000602,-1.7e-05,-0.000124,-0.027284,-0.008628,-0.013862,True,-0.081,-0.081,-0.034333,-0.000333,-0.0585,,0.005,-0.013833,2017-01-28T14:00Z,0.065833,10.938264,10.222917,18.376667,,-0.004188,0.0,0.0,0.0,-0.003641,0.0,0.0,0.0,0.0,,0.0,0.0,34.4015,34.389,,34.326,34.409,DJF,1,2,TAO165E,6.030874,1.0,0.261364
17.08,0.808758,13.973333,A_tropical_8,-0.199464,-0.069571,-0.049871,-0.013284,-0.02305,-0.036071,-0.011761,-0.019059,True,-0.026,-0.026,-0.006,-0.005167,-0.0335,,0.010167,-0.041833,2017-02-07T02:00Z,12.565417,11.996667,11.414444,13.465,0.078822,-1.010015,-0.782323,-0.63271,-0.010669,-0.706219,-0.394225,-0.677626,-0.569167,-0.500133,,-4e-06,-0.096212,34.7875,34.855,,34.7885,34.859,DJF,1,2,TAO165E,3.303774,1.0,0.992363
0.0,,3.928333,A_tropical_8,3.695938,0.002527,0.00227,,0.000955,-0.011484,,-0.005505,True,-0.0065,-0.0065,-0.019667,,-0.027,,0.015,0.004833,2019-10-19T20:00Z,0.0,3.750208,3.586528,10.206667,,0.043401,0.033156,0.030958,,0.034254,0.022949,0.02343,0.027709,0.016747,,0.000163,-0.012251,34.0835,,,34.0835,34.081,SON,1,2,TAO165E,3.406687,1.0,0.269702
4.085,0.949214,0.543333,A_tropical_8,-1.872599,-0.010366,-0.008304,,-0.004382,-0.000897,,-0.000456,True,0.003,0.003,-0.000167,,-0.0015,,0.022333,0.001833,2019-10-31T01:00Z,2.885833,0.45875,0.436111,47.410833,0.070314,-0.148917,-0.124423,-0.118104,,-0.136941,-0.14777,-0.159012,-0.106591,-0.094865,,-5e-06,-0.040455,34.478,,,34.4775,34.4725,SON,0,0,TAO165E,5.21747,1.0,0.012209
21.5,0.832864,32.263333,A_tropical_8,0.404333,-0.072427,-0.04938,,-0.020494,-0.071704,,-0.040554,True,-0.326,-0.326,-0.354167,,-0.2915,,0.0225,-0.051,2019-11-07T08:00Z,12.42875,25.174028,23.829722,101.145,0.084763,-0.942072,-0.699476,-0.582568,,-0.691348,-0.58801,-0.555338,-0.496152,-0.420066,,-1.8e-05,-0.084436,34.8035,,,34.7505,34.7475,SON,1,2,TAO165E,4.0302,1.0,1.386126
0.195,0.876037,13.341667,A_tropical_8,3.819139,-0.000931,-0.000678,,-0.000326,-0.046956,,-0.022067,True,-0.016,-0.016,-0.021333,,-0.035,,-0.010667,-0.038333,2019-11-12T08:00Z,0.195,12.735208,12.179306,13.138333,0.053983,-0.017077,-0.014337,-0.01256,,-0.013817,-0.014358,-0.01308,-0.01182,-0.011034,,0.0,-0.001474,34.5115,,,34.7895,34.5405,SON,1,2,TAO165E,2.581272,1.0,1.717553
8.705,,5.306667,A_tropical_8,-0.487687,0.004939,0.003622,,0.000843,-0.010275,,-0.005032,True,0.006,0.006,0.009167,,0.005,,-0.085833,0.009167,2019-11-13T18:00Z,4.572917,3.6575,3.436389,34.88,,0.032881,0.034627,0.02125,,0.013687,-0.028981,-0.020925,0.017687,0.034703,,-0.002153,-0.064793,34.6625,,,34.795,34.6605,SON,0,0,TAO165E,5.955063,1.0,0.082311
3.4,0.744439,10.625,A_tropical_8,1.119814,-0.010255,-0.006807,,-0.003011,-0.023259,,-0.009933,True,0.173,0.173,0.1115,,0.1385,,-0.041167,0.1155,2019-11-20T14:00Z,1.6025,6.362569,5.919861,13.598333,0.056097,-0.220241,-0.162997,-0.121341,,-0.135401,-0.117039,-0.122047,-0.105307,-0.090801,,-0.0,-0.016989,33.915,,,34.1325,33.92,SON,1,2,TAO165E,4.927141,1.0,0.242154
6.895,0.985367,30.963333,A_tropical_8,1.490833,-0.009792,-0.008451,,-0.004356,-0.061769,,-0.030944,True,-0.1065,-0.1065,-0.129833,,-0.1515,,-0.0025,-0.034167,2019-11-28T09:00Z,4.075833,23.786806,22.496667,31.35,0.052143,-0.184225,-0.164489,-0.162082,,-0.191671,-0.118985,-0.17901,-0.151108,-0.125478,,0.002754,-0.040481,34.16,,,34.1495,34.15,SON,0,0,TAO165E,6.385727,1.0,0.383685
7.245,0.897907,3.353333,A_tropical_8,-0.75468,-0.011275,-0.008082,,-0.002614,-0.00787,,-0.004392,True,0.0255,0.0255,0.021333,,0.0235,,0.026833,0.025167,2019-12-06T07:00Z,1.634167,3.176389,3.036667,66.688333,0.163104,-0.08871,-0.055184,-0.04955,,-0.076363,-0.114058,-0.050656,-0.035051,-0.01695,,-8.7e-05,-0.006354,34.2385,,,34.238,34.2365,DJF,1,2,TAO165E,5.103089,1.0,0.080832
0.185,,10.743333,A_tropical_8,3.638817,-4.8e-05,0.000187,,0.000348,-0.018573,,-0.010955,True,-0.0485,-0.0485,-0.045333,,-0.06,,-0.0075,-0.026167,2019-12-13T13:00Z,0.015417,9.22375,8.776111,36.153333,,0.08388,0.085427,0.082131,,0.080897,0.088528,0.095776,0.079897,0.077467,,0.0,0.028162,34.1985,,,34.196,34.1955,DJF,1,2,TAO165E,5.619766,1.0,0.179956
0.0,,25.73,A_tropical_8,5.554122,0.000529,0.000519,,0.000484,-0.085234,,-0.03722,True,0.0715,0.0715,0.040667,,0.033,,0.007,0.008667,2019-12-21T08:00Z,0.0,22.575139,21.503056,25.551667,,0.052305,0.051631,0.049753,,0.049753,0.046452,0.038655,0.062356,0.072694,,0.0,0.016376,33.8575,,,34.1475,34.075,DJF,1,2,TAO165E,3.137182,1.0,2.112616
11.205,0.940623,2.101667,A_tropical_8,-1.63603,-0.031527,-0.024629,,-0.014323,-0.00504,,-0.002447,True,-0.0365,-0.0365,-0.025833,,-0.0285,,-0.009667,-0.023333,2020-01-07T05:00Z,9.207083,1.686875,1.599306,21.106667,0.061876,-0.459128,-0.42316,-0.398034,,-0.420983,-0.376107,-0.464962,-0.393339,-0.38204,,-0.0,-0.107561,34.2635,,,34.2655,34.262,DJF,1,2,TAO165E,4.688722,1.0,0.065325
8.25,0.939919,18.716667,A_tropical_8,0.812481,-0.020612,-0.017068,,-0.009603,-0.037666,,-0.017186,True,-0.051,-0.051,-0.031,,-0.0365,,0.031667,0.007,2020-01-09T22:00Z,4.8425,11.180139,10.400278,22.233333,0.044873,-0.440192,-0.404669,-0.380356,,-0.409746,-0.375595,-0.35709,-0.368588,-0.348364,,-0.0,-0.076151,34.197,,,34.1865,34.196,DJF,1,2,TAO165E,4.555025,1.0,0.61867
12.625,0.931707,11.983333,A_tropical_8,-0.051741,-0.020439,-0.015529,,-0.007139,-0.026032,,-0.012551,True,-0.1105,-0.1105,-0.101167,,-0.102,,0.0015,-0.046833,2020-02-03T19:00Z,4.750833,9.839583,9.340278,19.321667,0.075595,-0.269881,-0.220481,-0.205423,,-0.242379,-0.261123,-0.22023,-0.185121,-0.168604,,-7e-06,-0.05881,34.1725,,,34.1745,34.173,DJF,1,2,TAO165E,5.814425,1.0,0.196468
0.47,,18.47,A_tropical_8,3.483666,-0.000638,-0.000435,,-9.3e-05,-0.036063,,-0.018199,True,-0.079,-0.079,-0.074167,,-0.094,,-0.000333,-0.035167,2020-02-06T09:00Z,0.086667,11.948472,11.178889,59.38,,-0.004349,-0.001569,-0.001262,,-0.003552,0.003703,-0.004781,0.000639,0.001761,,-0.000183,0.001114,34.1885,,,34.189,34.188,DJF,0,0,TAO165E,5.523794,1.0,0.360573
15.06,0.907694,11.455,A_tropical_8,-0.271542,-0.034247,-0.025815,,-0.01255,-0.022274,,-0.008963,True,0.0055,0.0055,0.002333,,0.0085,,0.034167,0.01,2020-02-09T09:00Z,8.642083,5.393542,4.91625,31.438333,0.077629,-0.459983,-0.366366,-0.332548,,-0.394004,-0.250731,-0.32173,-0.297713,-0.261185,,-0.000121,-0.082635,34.19,,,34.1805,34.1895,DJF,1,2,TAO165E,5.191817,1.0,0.253361
25.475,0.971812,14.073333,A_tropical_8,-0.590253,-0.031666,-0.025955,,-0.01328,-0.016721,,-0.009071,True,0.01,0.01,0.000333,,0.009,,0.025833,0.007167,2020-02-11T14:00Z,9.532917,7.570833,6.984444,23.261667,0.167666,-0.211116,-0.159291,-0.154801,,-0.200998,-0.135804,-0.169842,-0.12414,-0.098738,,-0.000237,-0.075974,34.1515,,,34.147,34.152,DJF,1,2,TAO165E,8.738538,1.0,0.063498
35.55,0.683957,10.653333,A_tropical_8,-1.198533,-0.117604,-0.080482,,-0.038621,-0.024272,,-0.012043,True,-0.05,-0.05,-0.030167,,-0.038,,-0.009667,-0.026167,2020-03-01T22:00Z,23.71,7.52,7.076111,20.306667,0.085725,-1.971904,-1.372658,-0.938838,,-1.029578,-1.14883,-0.973372,-0.808516,-0.67122,,-0.001422,-0.146159,34.5015,,,34.5495,34.503,MAM,1,2,TAO165E,5.091017,1.0,0.199246
2.51,0.866147,9.761667,A_tropical_8,1.329305,-0.004498,-0.003464,,-0.001984,-0.017028,,-0.006718,True,0.01,0.01,0.001,,-0.0145,,0.002833,0.023,2020-03-10T16:00Z,1.107917,4.765208,4.358472,18.68,0.038632,-0.118796,-0.103524,-0.089667,,-0.094685,-0.098444,-0.088653,-0.087921,-0.085189,,-3e-06,-0.01637,34.489,,,34.5255,34.4915,MAM,1,2,TAO165E,5.560915,1.0,0.175225
1.8,,0.868333,A_tropical_8,-0.674033,0.002309,0.001581,,0.000528,-0.001994,,-0.001158,True,0.0075,0.0075,0.009833,,0.0115,,0.009,0.010667,2020-03-17T15:00Z,0.3,0.815208,0.779028,42.141667,,0.030036,0.02057,0.015646,,0.021007,0.016694,0.005819,0.014167,0.007577,,-0.000125,-0.014465,34.481,,,34.486,34.4835,MAM,0,0,TAO165E,6.296697,1.0,0.01124
17.985,0.982723,9.508333,A_tropical_8,-0.632452,-0.019835,-0.017641,,-0.012049,-0.007819,,-0.006037,True,-0.0045,-0.0045,0.003,,-0.0015,,0.0015,0.004833,2020-03-24T19:00Z,12.032083,6.922708,6.526528,14.528333,0.113531,-0.18981,-0.158114,-0.155382,,-0.184522,-0.17848,-0.156588,-0.137814,-0.120512,,-0.00357,-0.101897,34.8545,,,34.8645,34.857,MAM,1,2,TAO165E,11.206334,1.0,0.0163
0.0,,27.9205,A_tropical_8,5.635521,0.0,0.0,,0.0,-0.058964,,-0.030777,True,0.007,0.007,-0.0095,,-0.0065,,0.026167,0.026667,2020-04-05T11:00Z,0.0,18.328424,17.165069,29.038833,,0.0,0.0,0.0,,0.0,0.0,0.0,0.0,0.0,,0.0,0.0,35.305,,,35.2905,35.306,MAM,1,2,TAO165E,4.544764,1.0,0.929878
1.32,0.877719,2.245,A_tropical_8,0.501629,-0.004888,-0.003529,,-0.001602,-0.005177,,-0.002117,True,-0.0135,-0.0135,-0.008167,,-0.0125,,-0.0085,-0.007833,2020-04-16T12:00Z,1.012917,1.711736,1.618194,62.288333,0.060508,-0.081633,-0.06645,-0.058324,,-0.066324,-0.04037,-0.057827,-0.052676,-0.046677,,-5.2e-05,-0.007222,35.2765,,,35.2985,35.286,MAM,1,2,TAO165E,3.326409,1.0,0.166229
0.0,,0.503333,A_tropical_8,1.7973,0.0,0.0,,0.0,-0.000751,,-0.000422,True,0.0,0.0,0.004167,,0.0035,,0.005667,0.0055,2020-04-27T05:00Z,0.0,0.467361,0.446389,17.801667,,0.0,0.0,0.0,,0.0,0.0,0.0,0.0,0.0,,0.0,0.0,35.42,,,35.4405,35.4285,MAM,0,0,TAO165E,7.923384,1.0,0.003295
0.0,,3.621667,A_tropical_8,3.616757,0.0,0.0,,,-0.016895,,,True,-0.081,-0.081,-0.073,,-0.0775,,,,2010-10-27T22:00Z,0.0,3.268264,3.117361,29.881667,,0.0,0.0,0.0,,0.0,0.0,0.010597,0.0,0.0,,,,35.064,,,,,SON,1,2,TAO8S165E,1.641173,1.0,1.184589
0.0,,1.26,A_tropical_8,2.61007,4.6e-05,4.5e-05,,,-0.004708,,,True,0.0,0.0,-0.037833,,-0.041,,,,2010-11-08T08:00Z,0.0,1.177778,1.125278,16.960833,,0.006463,0.006398,0.006231,,0.006231,0.005683,0.005808,0.006049,0.005989,,,,34.8665,,,,,SON,1,2,TAO8S165E,3.628508,1.0,0.074358
0.0,,0.916667,A_tropical_8,2.319114,9e-06,9e-06,,,-0.002742,,,True,0.0,0.0,0.019167,,0.019,,,,2010-12-08T17:00Z,0.0,0.82125,0.783056,16.22,,0.0,0.0,0.0,,0.0,0.000964,0.000468,0.00024,0.000964,,,,35.019,,,,,DJF,1,2,TAO8S165E,3.596216,1.0,0.056643
0.0,,17.313333,A_tropical_8,5.159821,0.000711,0.000688,,,-0.043196,,,True,0.0065,0.0065,-0.009,,-0.0445,,,,2010-12-13T01:00Z,0.0,12.811389,12.09,25.006667,,0.024982,0.024812,0.024361,,0.024361,0.021582,0.025778,0.019198,0.02173,,,,35.101,,,,,DJF,1,2,TAO8S165E,4.398996,1.0,0.62516
0.095,,0.493333,A_tropical_8,1.112757,0.000681,0.00069,,,-0.000979,,,True,0.0,0.0,0.006833,,0.0055,,,,2010-12-21T05:00Z,0.015833,0.470833,0.450278,51.476667,,0.044742,0.044854,0.044097,,0.043767,0.046197,0.039104,0.046301,0.048102,,,,35.1015,,,,,DJF,0,0,TAO8S165E,5.931221,1.0,0.007955
0.0,,2.013333,A_tropical_8,3.050852,0.0,0.0,,,-0.004066,,,True,0.0,0.0,-0.014833,,-0.012,,,,2010-12-27T10:00Z,0.0,1.881389,1.7975,11.465,,0.0,0.0,0.0,,0.0,0.0,0.0,0.0,0.0,,,,35.1635,,,,,DJF,0,0,TAO8S165E,6.6498,1.0,0.023212
4.465,0.805428,41.665,A_tropical_8,2.21364,-0.015523,-0.010319,,,-0.09381,,,True,0.033,0.033,-0.1095,,-0.093,,,,2011-01-24T22:00Z,2.050417,26.600347,24.864306,41.295,0.070294,-0.244163,-0.182268,-0.146804,,-0.174371,-0.176345,-0.170827,-0.119032,-0.088022,,,,34.9855,,,,,DJF,1,2,TAO8S165E,4.909637,1.0,1.121631
0.38,,2.913333,A_tropical_8,1.837016,-0.000354,-0.000277,,,-0.003733,,,True,0.0,0.0,-0.022167,,-0.022,,,,2011-01-30T17:00Z,0.095,1.853056,1.731667,20.535,,0.005181,0.006207,0.006259,,0.005315,0.00772,0.007343,0.007244,0.008013,,,,35.126,,,,,DJF,1,2,TAO8S165E,8.556555,1.0,0.0146
0.57,0.914702,20.051667,A_tropical_8,3.403765,-0.001767,-0.001311,,,-0.046204,,,True,0.0,0.0,0.007667,,0.018,,,,2011-02-04T15:00Z,0.419583,19.121458,18.285972,20.56,0.057586,-0.029909,-0.024893,-0.022769,,-0.026003,-0.018878,-0.012354,-0.020829,-0.018725,,,,35.0415,,,,,DJF,1,2,TAO8S165E,5.460719,1.0,0.414721
0.0,,17.79,A_tropical_8,5.186827,0.003286,0.003042,,,-0.061728,,,True,0.0,0.0,-0.062,,-0.0695,,,,2011-02-10T08:00Z,0.0,13.392361,12.651111,18.501667,,0.170982,0.107273,0.094086,,0.094086,0.146627,0.048117,0.105674,0.080743,,,,34.9125,,,,,DJF,1,2,TAO8S165E,2.345266,1.0,2.829665
17.05,0.975024,8.865,A_tropical_8,-0.64867,-0.018754,-0.015559,,,-0.010798,,,True,0.0,0.0,0.000833,,0.001,,,,2011-02-19T10:00Z,6.708333,4.376181,4.006806,16.12,0.145931,-0.141546,-0.10935,-0.106619,,-0.135829,-0.164547,-0.121609,-0.080864,-0.060419,,,,34.9045,,,,,DJF,1,2,TAO8S165E,8.595185,1.0,0.043307
4.1,0.795669,12.426667,A_tropical_8,1.092775,-0.013547,-0.009875,,,-0.028985,,,True,-0.08,-0.08,-0.062167,,-0.095,,,,2011-03-09T19:00Z,3.15,9.907778,9.39,12.426667,0.09218,-0.180916,-0.134638,-0.107128,,-0.127369,-0.141478,-0.073645,-0.07794,-0.044916,,,,34.9925,,,,,MAM,1,2,TAO8S165E,3.914008,1.0,0.575159
0.0,,15.588333,A_tropical_8,5.055502,0.00156,0.001496,,,-0.043577,,,True,-0.126,-0.126,-0.118667,,-0.0675,,,,2011-03-26T00:00Z,0.0,14.938264,14.28875,15.585,,0.076055,0.074338,0.069188,,0.069188,0.090946,0.057397,0.075196,0.082416,,,,34.925,,,,,MAM,1,2,TAO8S165E,4.815778,1.0,0.453905
24.16,0.687508,18.371667,A_tropical_8,-0.272591,-0.094292,-0.059693,,,-0.051763,,,True,0.0,0.0,-0.049667,,-0.0615,,,,2011-04-11T13:00Z,11.985417,12.556181,11.790694,26.415,0.075959,-1.67681,-1.14305,-0.785856,,-0.896301,-1.047613,-0.760254,-0.646098,-0.537339,,,,34.67,,,,,MAM,1,2,TAO8S165E,3.453466,1.0,1.20679
1.445,0.935504,5.751667,A_tropical_8,1.331703,-0.004339,-0.003355,,,-0.010123,,,True,0.0,0.0,0.013333,,0.017,,,,2011-04-15T17:00Z,1.166667,3.368681,3.129028,11.018333,0.054265,-0.076312,-0.066089,-0.061827,,-0.068799,-0.067744,-0.044295,-0.057166,-0.053907,,,,34.6675,,,,,MAM,1,2,TAO8S165E,5.694913,1.0,0.103797
8.415,0.909727,14.761667,A_tropical_8,0.556956,-0.027494,-0.021924,,,-0.024178,,,True,-0.0815,-0.0815,-0.068,,-0.0275,,,,2011-05-01T03:00Z,5.794583,5.312986,4.697917,14.255,0.07288,-0.387113,-0.330671,-0.30082,,-0.333759,-0.238547,-0.370699,-0.270759,-0.237263,,,,35.075,,,,,MAM,1,2,TAO8S165E,4.493459,1.0,0.487847
0.0,,11.675,A_tropical_8,4.768564,0.0,0.0,,,-0.047979,,,True,0.0,0.0,0.009667,,-0.0005,,,,2011-05-13T07:00Z,0.0,11.130208,10.64375,26.616667,,0.0,0.0,0.0,,0.0,0.0,0.0,0.0,0.0,,,,34.9195,,,,,MAM,1,2,TAO8S165E,1.740163,1.0,3.31599
0.0,,5.576667,A_tropical_8,4.038949,3.4e-05,3.4e-05,,,-0.014128,,,True,0.0,0.0,-0.02,,-0.03,,,,2011-05-17T11:00Z,0.0,4.732083,4.499722,23.392333,,0.009771,0.009716,0.009573,,0.009573,0.009539,0.005267,0.009318,0.00904,,,,34.8835,,,,,MAM,1,2,TAO8S165E,4.140054,1.0,0.240951
1.14,0.834939,10.463333,A_tropical_8,2.142278,-0.005094,-0.00371,,,-0.029889,,,True,0.0,0.0,0.043333,,0.05,,,,2011-05-22T06:00Z,1.037083,9.993194,9.557222,10.278333,0.047346,-0.112812,-0.093857,-0.078365,,-0.084853,-0.064809,-0.09023,-0.072849,-0.066987,,,,34.8925,,,,,MAM,1,2,TAO8S165E,4.599691,1.0,0.338867
1.045,0.892311,3.726667,A_tropical_8,1.206589,-0.002212,-0.001488,,,-0.0077,,,True,0.0,0.0,-0.012167,,-0.006,,,,2011-05-27T06:00Z,0.197917,1.883056,1.727778,18.986667,0.103947,-0.024282,-0.016047,-0.014319,,-0.020199,-0.010001,-0.013858,-0.010703,-0.010015,,,,35.158,,,,,MAM,1,2,TAO8S165E,3.882621,1.0,0.192539
19.135,0.96393,12.875667,A_tropical_8,-0.393656,-0.046091,-0.040014,,,-0.019746,,,True,0.0,0.0,-0.024667,,-0.0285,,,,2011-06-03T15:00Z,14.79125,8.756014,8.219528,12.740667,0.070102,-0.635156,-0.592153,-0.570794,,-0.600177,-0.543809,-0.522751,-0.570596,-0.545687,,,,35.2705,,,,,JJA,1,2,TAO8S165E,7.299871,1.0,0.106127
0.0,,1.011667,A_tropical_8,2.408445,0.00025,0.000245,,,-0.001989,,,True,-0.092,-0.092,-0.004833,,-0.002,,,,2011-06-05T00:00Z,0.0,0.969514,0.927361,24.536667,,0.008373,0.008342,0.008249,,0.008249,0.011296,0.0092,0.009542,0.012083,,,,35.221,,,,,JJA,0,0,TAO8S165E,6.153645,1.0,0.014808
6.205,0.966347,9.005,A_tropical_8,0.367481,-0.01119,-0.009319,,,-0.014376,,,True,-0.019,-0.019,-0.030333,,-0.0275,,,,2011-06-21T00:00Z,3.649167,7.841181,7.465972,15.291667,0.082005,-0.141452,-0.117595,-0.113638,,-0.134143,-0.086677,-0.108152,-0.100609,-0.085651,,,,34.827,,,,,JJA,1,2,TAO8S165E,7.750756,1.0,0.062556
0.0,,2.508333,A_tropical_8,3.261297,0.0,0.0,,,-0.004439,,,True,0.0,0.0,0.0095,,0.007,,,,2011-06-23T09:00Z,0.0,2.403819,2.299306,13.073333,,0.0,0.0,0.0,,0.0,0.0,-0.002555,0.0,0.0,,,,34.863,,,,,JJA,1,2,TAO8S165E,8.089976,1.0,0.015068
0.0,,9.645,A_tropical_8,4.579339,0.008452,0.006624,,,-0.014548,,,True,-0.019,-0.019,-0.0275,,-0.0225,,,,2011-07-13T23:00Z,0.0,7.978681,7.576806,13.531667,,0.054231,0.024145,0.021596,,0.049146,0.01524,0.020999,-0.006945,-0.036995,,,,35.0025,,,,,JJA,1,2,TAO8S165E,8.606955,1.0,0.047055
7.425,0.977527,15.23,A_tropical_8,0.711581,-0.009391,-0.008172,,,-0.019482,,,True,0.0,0.0,-0.003,,-0.0115,,,,2011-07-17T11:00Z,3.405417,10.844861,10.210278,15.203333,0.076888,-0.124288,-0.108729,-0.106285,,-0.120107,-0.084094,-0.140771,-0.098557,-0.089502,,,,35.006,,,,,JJA,1,2,TAO8S165E,9.035507,1.0,0.06213
18.835,0.952711,22.648333,A_tropical_8,0.18348,-0.033822,-0.027167,,,-0.042996,,,True,0.0,0.0,-0.065667,,-0.1035,,,,2011-08-06T13:00Z,11.85375,17.084931,16.14125,32.433333,0.085504,-0.39506,-0.333504,-0.317733,,-0.364777,-0.375272,-0.328615,-0.293303,-0.267922,,,,35.3125,,,,,JJA,1,2,TAO8S165E,6.597589,1.0,0.265151
1.35,1.03955,11.326667,A_tropical_8,2.064386,-0.000557,-0.000339,,,-0.019948,,,True,0.0,0.0,-0.096333,,-0.0535,,,,2011-09-24T06:00Z,0.740833,8.074167,7.602222,11.326667,0.003935,-0.055572,-0.082884,-0.086162,,-0.069208,-0.098929,-0.08605,-0.104178,-0.111194,,,,35.3335,,,,,SON,1,2,TAO8S165E,6.57767,1.0,0.135811
7.3,0.817269,13.64,A_tropical_8,0.618831,-0.021698,-0.015835,,,-0.041563,,,True,0.0,0.0,-0.132,,-0.1535,,,,2011-10-03T07:00Z,4.560417,11.343889,10.775556,13.611667,0.041887,-0.551937,-0.462561,-0.378037,,-0.404552,-0.426804,-0.454843,-0.345213,-0.317216,,,,35.0995,,,,,SON,1,2,TAO8S165E,3.807775,1.0,0.733606
32.81,0.833861,41.33,A_tropical_8,0.230229,-0.109943,-0.069858,,,-0.091175,,,True,0.0,0.0,-0.555333,,-0.696,,,,2011-10-07T14:00Z,12.935,18.976528,17.254444,47.208333,0.08787,-1.346963,-0.953416,-0.795016,,-0.972905,-0.744243,-0.818893,-0.633134,-0.491637,,,,35.032,,,,,SON,1,2,TAO8S165E,3.855761,1.0,2.144052
0.0,,7.823333,A_tropical_8,4.372397,3.6e-05,3.5e-05,,,-0.017029,,,True,0.0,0.0,-0.096333,,-0.118,,,,2011-10-24T07:00Z,0.0,7.487639,7.161667,49.363,,0.004548,0.004529,0.004517,,0.004517,0.003193,-0.004863,0.004624,0.004677,,,,35.121,,,,,SON,1,2,TAO8S165E,4.666389,1.0,0.242439
11.045,0.810229,15.775,A_tropical_8,0.353755,0.033266,-0.021324,,,-0.052985,,,True,-0.1,-0.1,-0.314833,,-0.304,,,,2011-10-28T20:00Z,8.61625,13.844653,13.187361,33.573333,0.013257,-0.18845,-1.985287,-1.608538,,-1.563049,-1.314485,-1.359012,-1.683378,-1.677308,,,,34.9845,,,,,SON,1,2,TAO8S165E,2.868884,1.0,1.617742
21.165,0.839017,12.62,A_tropical_8,-0.513887,-0.084541,-0.062486,,,-0.037166,,,True,0.0,0.0,-0.233833,,-0.427,,,,2011-10-30T11:00Z,12.297083,10.841667,10.315833,13.33,0.056159,-1.417535,-1.326149,-1.112662,,-1.239738,-1.096411,-0.904924,-1.007536,-0.897372,,,,34.526,,,,,SON,0,0,TAO8S165E,3.070183,1.0,1.118473
25.535,0.971481,12.493333,A_tropical_8,-0.710791,-0.03537,-0.029594,-0.010577,-0.016515,-0.014743,-0.005365,-0.008463,True,0.1675,0.1675,0.162,0.1725,0.173,0.185167,,0.1655,2013-12-08T11:00Z,12.42875,7.533333,7.012778,116.593333,0.119097,-0.302168,-0.255782,-0.248487,-0.043256,-0.288432,-0.233313,-0.258416,-0.228518,-0.204734,-0.003825,,-0.124371,31.106,31.096,31.13,,31.0985,DJF,1,2,BOBOA,8.003964,1.0,0.069167
2.185,,10.345,A_tropical_8,1.519757,0.000477,0.000354,0.000661,0.000419,-0.014136,-0.006073,-0.008852,True,-0.0035,-0.0035,-0.007833,0.000167,-0.007,0.004167,,-0.004167,2014-05-13T13:00Z,1.487083,9.151458,8.720417,10.29,,0.013895,0.01298,0.014275,-0.00584,0.009426,0.016671,0.03566,0.023062,0.033709,-0.002018,,0.005773,32.466,32.458,32.4525,,32.472,MAM,1,2,BOBOA,8.691458,1.0,0.04543
0.0,,2.16,A_tropical_8,3.11795,0.0,0.0,0.0,0.0,-0.004214,-0.001661,-0.002471,True,-0.033,-0.033,-0.025667,-0.021333,-0.0305,0.011,,-0.0225,2014-05-18T05:00Z,0.0,2.054444,1.964444,10.961667,,0.0,0.0,0.0,0.0,0.0,0.0,0.0,0.0,0.0,0.0,,0.0,32.594,32.5875,32.583,,32.6015,MAM,1,2,BOBOA,4.298498,1.0,0.075364
18.97,0.965085,42.91,A_tropical_8,0.813316,-0.028011,-0.023489,-0.009235,-0.013828,-0.052259,-0.020746,-0.0314,True,-0.0415,-0.0415,-0.047833,0.003,-0.0465,0.0155,,-0.032833,2014-06-07T08:00Z,8.2,28.357639,26.569722,48.681667,0.100777,-0.284267,-0.241513,-0.23308,-0.032591,-0.270125,-0.190311,-0.203236,-0.213011,-0.208132,-0.003185,,-0.11201,32.6755,32.6795,33.1165,,32.684,JJA,1,2,BOBOA,8.27528,1.0,0.21787
2.98,0.913185,8.173333,A_tropical_8,0.988108,-0.007116,-0.005321,-0.001469,-0.002455,-0.013273,-0.00375,-0.006393,True,-0.0715,-0.0715,-0.033,-0.018833,-0.0355,0.050167,,-0.022,2014-06-09T21:00Z,1.718333,4.476944,4.136389,20.968333,0.060684,-0.11727,-0.096023,-0.087687,-0.001059,-0.102071,-0.062858,-0.07355,-0.077556,-0.066935,-1e-06,,-0.016615,32.729,32.737,32.975,,32.738,JJA,1,2,BOBOA,5.718152,1.0,0.135413
39.71,0.977713,51.585,A_tropical_8,0.261049,-0.052395,-0.045317,-0.019238,-0.028376,-0.04293,-0.00994,-0.020095,True,-0.12,-0.12,-0.023,0.000667,-0.0695,0.0045,,-0.0055,2014-06-13T10:00Z,23.083333,12.365069,10.215694,87.621667,0.137473,-0.397052,-0.337159,-0.329645,-0.076273,-0.384117,-0.377561,-0.334918,-0.298344,-0.264761,-0.010609,,-0.194548,32.9855,32.998,33.011,,32.998,JJA,1,2,BOBOA,9.633367,1.0,0.1583
47.945,0.883253,18.066667,A_tropical_8,-0.97255,-0.102734,-0.079269,-0.025382,-0.040999,-0.02951,-0.010018,-0.01609,True,-0.06,-0.06,-0.062667,-0.048333,-0.057,0.003333,,-0.057833,2014-06-15T12:00Z,29.258333,11.711944,10.959167,17.836667,0.157059,-0.764347,-0.571418,-0.504707,-0.043791,-0.616831,-0.331276,-0.505241,-0.410827,-0.325792,-0.004993,,-0.162073,32.9085,32.918,32.93,,32.919,JJA,1,2,BOBOA,6.516104,1.0,0.181044
38.965,0.890546,15.448333,A_tropical_8,-0.921273,-0.08305,-0.062245,-0.019628,-0.030651,-0.028957,-0.010322,-0.015938,True,-0.122,-0.122,-0.136333,-0.117,-0.1275,-0.089833,,-0.130667,2014-06-17T13:00Z,24.325417,12.157431,11.51375,15.28,0.09107,-0.932715,-0.767492,-0.683487,-0.077292,-0.775479,-0.803477,-0.661464,-0.620113,-0.560934,-0.016343,,-0.168208,33.158,33.169,33.179,,33.168,JJA,1,2,BOBOA,6.072462,1.0,0.201295
4.45,0.987787,15.605,A_tropical_8,1.238852,8e-05,-6.9e-05,-0.00124,-0.000736,-0.02069,-0.009191,-0.013268,True,-0.0785,-0.0785,-0.040333,-0.015167,-0.064,-0.001667,,-0.021333,2014-07-09T02:00Z,1.61625,14.638958,13.98875,34.57,0.002482,-0.019652,-0.028071,-0.027728,-0.016754,-0.020223,-0.027298,-0.035377,-0.030963,-0.034009,-0.009663,,-0.021693,32.3945,32.4,32.4015,,32.393,JJA,1,2,BOBOA,9.69765,1.0,0.046292
14.885,0.982092,12.88,A_tropical_8,-0.14364,-0.015006,-0.013304,-0.005946,-0.008776,-0.011369,-0.004729,-0.007239,True,0.002,0.002,-0.0045,0.003,-0.0035,0.005333,,0.001167,2014-07-18T07:00Z,7.470833,6.548333,6.011667,34.798333,0.104678,-0.154238,-0.129411,-0.127094,-0.030207,-0.150423,-0.145674,-0.130668,-0.112434,-0.098762,-0.002904,,-0.0801,32.616,32.6235,32.623,,32.6255,JJA,1,2,BOBOA,11.288423,1.0,0.022038
27.1,0.9853,13.721667,A_tropical_8,-0.67698,-0.024451,-0.021886,-0.010411,-0.014944,-0.009944,-0.004432,-0.00663,True,0.0985,0.0985,0.076333,0.0825,0.0845,0.085833,,0.082,2014-07-24T02:00Z,15.755,6.380764,5.809028,20.208333,0.124093,-0.212727,-0.178999,-0.176368,-0.051392,-0.208328,-0.169313,-0.178933,-0.15885,-0.14059,-0.007207,,-0.119504,32.754,32.7665,32.762,,32.7675,JJA,1,2,BOBOA,12.368555,1.0,0.016529
2.07,0.986583,12.655,A_tropical_8,1.771196,-0.001259,-0.001288,-0.001272,-0.001329,-0.016011,-0.006497,-0.009843,True,-0.0405,-0.0405,-0.027,-0.017833,-0.047,-0.0075,,-0.022,2014-07-31T04:00Z,1.2825,8.410208,7.882917,14.875,0.034406,-0.037076,-0.037949,-0.037439,-0.011656,-0.036512,-0.02374,-0.033646,-0.03974,-0.039768,0.00055,,-0.025521,33.124,33.1385,33.1285,,33.1365,JJA,1,2,BOBOA,8.878572,1.0,0.051039
21.375,0.834492,14.868333,A_tropical_8,-0.360953,-0.04506,-0.030444,-0.006674,-0.012229,-0.028677,-0.006088,-0.011232,True,0.0545,0.0545,0.0245,0.019333,0.062,0.06,,-0.026167,2014-08-21T23:00Z,11.537083,7.408819,6.789306,15.238333,0.091807,-0.531704,-0.397376,-0.331607,-0.049169,-0.40351,-0.34465,-0.446819,-0.276428,-0.216399,-0.007909,,-0.055874,32.7545,33.0135,33.0135,,32.931,JJA,1,2,BOBOA,4.412879,1.0,0.501528
0.0,,0.6,A_tropical_8,1.94591,0.000192,0.000186,0.00014,0.000165,-0.001003,-0.000447,-0.000635,True,-0.009,-0.009,-0.000667,0.005333,-0.01,-0.008333,,-0.000833,2014-08-24T20:00Z,0.0,0.575,0.55,10.52,,0.005029,0.005012,0.004912,-0.000449,0.004912,0.005472,0.005588,0.005502,0.006254,-0.000514,,0.002542,31.008,31.015,32.545,,31.0205,JJA,1,2,BOBOA,7.925497,1.0,0.003443
23.355,0.970255,35.125,A_tropical_8,0.406672,-0.030448,-0.025825,-0.009968,-0.015297,-0.038575,-0.014561,-0.022777,True,-0.171,-0.171,-0.144167,-0.102667,-0.172,-0.068,,-0.120667,2014-09-02T01:00Z,12.009167,19.145347,17.681806,67.955,0.096772,-0.32177,-0.275049,-0.266867,-0.034599,-0.308474,-0.306234,-0.285759,-0.237087,-0.216428,7.9e-05,,-0.131351,32.109,32.1145,32.1045,,32.119,SON,1,2,BOBOA,8.740651,1.0,0.147427
4.835,0.951525,19.625,A_tropical_8,1.385534,-0.007921,-0.006524,-0.002565,-0.003793,-0.026646,-0.011415,-0.017013,True,0.0255,0.0255,0.006333,0.0235,0.006,0.036167,,0.015333,2014-09-04T08:00Z,2.6925,15.730069,14.912361,42.873333,0.069445,-0.115513,-0.098731,-0.093945,-0.006715,-0.107262,-0.080534,-0.101326,-0.085372,-0.075547,0.001419,,-0.034288,31.8775,31.8845,31.885,,31.892,SON,1,2,BOBOA,8.46179,1.0,0.090279
4.99,0.98382,1.228333,A_tropical_8,-1.343353,-0.009602,-0.009165,-0.006423,-0.007746,-0.00221,-0.000976,-0.001406,True,0.212,0.212,0.140833,0.1145,0.1975,-0.028,,0.1415,2014-09-13T00:00Z,4.57375,1.144931,1.09375,53.586667,0.054802,-0.169536,-0.169992,-0.167242,-0.046496,-0.166035,-0.162223,-0.150867,-0.178671,-0.182492,-0.004808,,-0.111475,31.9995,32.0425,32.2645,,32.0105,SON,1,2,BOBOA,5.648437,1.0,0.02049
0.0,,5.06,A_tropical_8,3.943522,0.000132,0.000131,0.000122,0.000127,-0.005385,-0.002262,-0.0034,True,0.0075,0.0075,0.010667,0.014167,0.009,0.018333,,0.0115,2014-09-17T05:00Z,0.0,3.354722,3.143889,20.376667,,0.006237,0.006245,0.00622,0.004678,0.00622,0.006114,0.009644,0.006193,0.006287,0.001845,,0.00581,31.913,31.915,31.9085,,31.9195,SON,0,0,BOBOA,9.94784,1.0,0.013505
2.57,0.458636,23.838333,A_tropical_8,2.193403,-0.004878,-0.002417,-0.000148,0.000254,-0.069336,-0.02052,-0.03263,True,-0.0675,-0.0675,-0.095,0.015667,-0.0615,0.213167,,-0.002167,2014-10-04T15:00Z,2.27,22.769236,21.775972,25.731667,0.262077,-0.048087,-0.020109,-0.009223,-0.020457,-0.024044,0.034984,-0.028811,-0.026929,-0.002505,-0.000476,,-0.020584,32.2685,32.2735,32.3185,,32.285,SON,0,0,BOBOA,2.983567,1.0,2.0905
45.085,0.959474,6.876667,A_tropical_8,-1.868194,-0.050392,-0.041358,-0.011998,-0.021259,-0.007927,-0.002677,-0.00433,True,-0.026,-0.026,-0.0345,-0.029833,-0.023,-0.071667,,-0.030167,2014-11-03T21:00Z,15.989167,3.909306,3.622778,12.626667,0.164586,-0.337648,-0.261897,-0.251283,-0.012335,-0.318437,-0.119387,-0.241329,-0.196148,-0.142335,-0.002343,,-0.091967,32.292,32.2995,32.3515,,32.291,SON,1,2,BOBOA,8.600617,1.0,0.0305
0.525,0.969408,13.555,A_tropical_8,3.084109,-0.001026,-0.000867,-0.000343,-0.000516,-0.022137,-0.008415,-0.012808,True,-0.041,-0.041,0.0255,0.058833,-0.043,0.088833,,0.038333,2014-12-23T10:00Z,0.42875,10.738819,10.174028,13.555,0.074022,-0.01407,-0.012084,-0.011715,-0.001386,-0.013432,-0.015652,-0.00999,-0.010899,-0.010019,-2.7e-05,,-0.005603,33.95,33.96,33.9645,,33.9595,DJF,0,0,BOBOA,7.107023,1.0,0.122015
36.3,0.944828,11.488333,A_tropical_8,-1.14457,-0.086298,-0.068949,-0.02321,-0.036672,-0.022403,-0.007939,-0.012321,True,0.0515,0.0515,0.041,0.052,0.0515,0.065167,,0.044667,2014-12-29T03:00Z,27.222083,9.824097,9.345417,26.95,0.106808,-0.810087,-0.683239,-0.645543,-0.035417,-0.741008,-0.468369,-0.632453,-0.586708,-0.52282,-0.001646,,-0.203956,33.785,33.796,33.803,,33.7925,DJF,0,0,BOBOA,6.959746,1.0,0.106841
2.285,0.973515,25.193333,A_tropical_8,2.361342,-0.00377,-0.003325,-0.002027,-0.002451,-0.040532,-0.01553,-0.023673,True,-0.073,-0.073,-0.082667,-0.038667,-0.094,-0.004167,,-0.065167,2016-05-22T05:00Z,1.895417,20.941111,19.891389,25.193333,0.0484,-0.074204,-0.070568,-0.068699,-0.018298,-0.071213,-0.068515,-0.070031,-0.071119,-0.071873,-0.002998,,-0.040636,33.1295,33.138,33.132,,33.136,MAM,1,2,BOBOA,8.336846,1.0,0.127544
5.95,0.834168,12.453333,A_tropical_8,0.729928,-0.008255,-0.006075,-0.001178,-0.002494,-0.027443,-0.008621,-0.01403,True,0.0235,0.0235,0.018333,0.081,0.018,0.128667,,0.034333,2016-06-01T06:00Z,1.8125,9.796944,9.278056,12.698333,0.11832,-0.090984,-0.061551,-0.051344,0.010231,-0.070929,0.002683,-0.131301,-0.034288,-0.016825,0.000796,,0.005143,33.3085,33.3155,33.325,,33.311,JJA,1,2,BOBOA,6.037755,1.0,0.164005
1.09,0.841406,14.24,A_tropical_8,2.4891,-0.003154,-0.002517,-0.000708,-0.001312,-0.038988,-0.010466,-0.017502,True,-0.0395,-0.0395,-0.108,-0.014,-0.0625,-0.013333,,-0.027833,2016-06-04T09:00Z,1.035417,11.952778,11.359444,18.595,0.242256,-0.019004,-0.012348,-0.010389,0.013617,-0.015532,-0.005538,-0.010552,-0.009345,-0.007495,0.001371,,0.013104,33.461,33.4685,33.462,,33.4635,JJA,1,2,BOBOA,4.687514,1.0,0.419542
6.65,0.980308,29.953333,A_tropical_8,1.493431,-0.00933,-0.008193,-0.003764,-0.005377,-0.030866,-0.012294,-0.019114,True,-0.012,-0.012,-0.031167,-0.024667,-0.0165,-0.011167,,-0.028667,2016-06-13T07:00Z,3.557917,15.490556,14.2425,29.816667,0.085436,-0.112573,-0.097818,-0.095891,-0.021393,-0.109206,-0.08567,-0.101555,-0.088496,-0.080111,-0.002343,,-0.05714,33.3145,33.325,33.322,,33.32,JJA,0,0,BOBOA,9.8908,1.0,0.084844
2.515,0.984828,12.421667,A_tropical_8,1.566196,-0.00189,-0.001702,-0.000951,-0.00119,-0.011934,-0.00598,-0.008382,True,-0.032,-0.032,-0.005167,-0.001,-0.0075,0.001667,,-0.003,2016-07-01T14:00Z,1.825,9.763819,9.24625,27.628333,0.082736,-0.022418,-0.020887,-0.02057,-0.005899,-0.021953,-0.014018,-0.017272,-0.018459,-0.016271,0.002105,,-0.013156,32.2785,32.2895,32.2865,,32.2835,JJA,1,2,BOBOA,11.424835,1.0,0.020126
44.73,0.985577,18.511667,A_tropical_8,-0.879089,-0.043896,-0.039149,-0.018131,-0.026333,-0.01655,-0.007477,-0.010976,True,0.024,0.024,0.0015,0.0115,0.015,0.017833,,0.0085,2016-07-07T14:00Z,25.820417,11.122569,10.35125,25.185,0.145179,-0.324032,-0.273606,-0.26966,-0.072052,-0.31682,-0.266871,-0.274895,-0.240772,-0.210805,-0.007973,,-0.177819,32.554,32.563,32.559,,32.5565,JJA,1,2,BOBOA,11.921594,1.0,0.025686
0.0,,15.186667,A_tropical_8,5.029566,0.0,0.0,0.0,0.0,-0.021782,-0.00959,-0.013906,True,-0.0275,-0.0275,-0.030333,-0.0055,-0.0305,0.001667,,-0.017,2016-07-15T19:00Z,0.0,13.555,12.922222,15.683333,,0.0,0.0,0.0,0.0,0.0,0.0,0.000977,0.0,0.0,0.0,,0.0,32.7245,32.7325,32.726,,32.726,JJA,1,2,BOBOA,8.266226,1.0,0.079426
4.19,0.798836,14.606667,A_tropical_8,1.232014,-0.00963,-0.006793,-0.001575,-0.002898,-0.046075,-0.011371,-0.019988,True,-0.048,-0.048,-0.055833,-0.020667,-0.069,-0.02,,-0.019,2016-07-18T01:00Z,1.420417,12.994167,12.385556,14.45,0.067618,-0.166678,-0.125753,-0.100456,0.000894,-0.11697,-0.132407,-0.121944,-0.084737,-0.070236,0.000111,,-0.010131,32.817,32.8235,32.8165,,32.816,JJA,1,2,BOBOA,4.054646,1.0,0.565487
10.03,0.751848,17.575,A_tropical_8,0.55665,-0.048449,-0.033056,-0.009018,-0.015295,-0.051293,-0.012467,-0.022395,True,-0.119,-0.119,-0.118333,0.064333,-0.1165,0.0565,,0.032833,2016-07-27T08:00Z,7.21125,13.521875,12.789583,18.37,0.052268,-1.083458,-0.841169,-0.632431,-0.006051,-0.675576,-0.606908,-0.653224,-0.583325,-0.524639,-2.3e-05,,-0.074769,32.973,32.985,32.9795,,32.981,JJA,1,2,BOBOA,2.984774,1.0,1.519578
16.325,0.987778,13.446667,A_tropical_8,-0.192664,-0.01802,-0.016355,-0.008645,-0.011752,-0.013089,-0.007085,-0.009583,True,-0.0625,-0.0625,-0.07,-0.0675,-0.06,-0.0575,,-0.0695,2016-08-04T09:00Z,14.4925,11.187222,10.626944,13.446667,0.144159,-0.131815,-0.114853,-0.113449,-0.036185,-0.129258,-0.091563,-0.126204,-0.105139,-0.097095,-0.001823,,-0.080066,32.8935,32.9085,32.9065,,32.906,JJA,1,2,BOBOA,10.469044,1.0,0.029846
12.885,0.926313,7.533333,A_tropical_8,-0.53127,-0.028694,-0.021601,-0.00726,-0.011093,-0.011164,-0.005399,-0.007602,True,-0.0265,-0.0265,-0.041167,-0.033333,-0.03,-0.001,,-0.040167,2017-04-14T01:00Z,7.607083,6.8925,6.578611,80.021667,0.085188,-0.350646,-0.273744,-0.253572,-0.024294,-0.301344,-0.313358,-0.251554,-0.22098,-0.192636,-0.001925,,-0.092712,32.693,32.689,32.6555,,32.682,MAM,1,2,BOBOA,6.29217,1.0,0.086227
0.0,,2.601667,A_tropical_8,3.296454,0.0,0.0,0.0,0.0,-0.00672,-0.002013,-0.003135,True,-0.088,-0.088,-0.0965,-0.020167,-0.0875,-0.019,,-0.062,2017-05-25T13:00Z,0.0,2.404653,2.29625,12.965,,0.0,0.0,0.0,0.0,0.0,0.0,0.0,0.0,0.0,0.0,,0.0,33.5465,33.559,33.5695,,33.546,MAM,0,0,BOBOA,5.199664,1.0,0.05892
23.29,0.962471,14.043333,A_tropical_8,-0.503065,-0.021865,-0.018097,-0.004913,-0.009279,-0.012745,-0.004155,-0.007055,True,-0.124,-0.124,-0.114833,-0.099333,-0.1285,-0.004167,,-0.108167,2017-05-28T00:00Z,5.837083,5.492361,4.907222,38.753333,0.193768,-0.135328,-0.097035,-0.093393,-0.005326,-0.128311,-0.035915,-0.10304,-0.067007,-0.044251,-0.000312,,-0.034365,32.7815,32.7865,32.953,,32.7775,MAM,1,2,BOBOA,9.046975,1.0,0.053574
18.065,0.965427,30.095,A_tropical_8,0.50818,-0.027853,-0.022721,-0.007257,-0.011962,-0.048188,-0.019106,-0.02815,True,-0.127,-0.127,-0.149833,-0.086167,-0.1395,-0.061167,,-0.1045,2017-06-17T00:00Z,7.853333,27.501597,26.247639,29.861667,0.100536,-0.285499,-0.234097,-0.226003,-0.023743,-0.270663,-0.180653,-0.205344,-0.197532,-0.175497,-0.000637,,-0.100305,33.5805,33.5835,33.5815,,33.5775,JJA,1,2,BOBOA,7.854273,1.0,0.191783
7.835,0.979236,5.745,A_tropical_8,-0.305697,-0.006474,-0.005619,-0.002196,-0.003457,-0.00608,-0.002903,-0.004157,True,-0.012,-0.012,-0.013833,-0.011833,-0.0125,-0.011167,,-0.012667,2017-06-23T11:00Z,5.34125,4.066181,3.826806,63.605,0.168918,-0.045663,-0.033973,-0.033267,-0.00784,-0.043875,-0.043527,-0.0393,-0.028947,-0.021039,-0.001464,,-0.020837,32.8785,32.885,32.8845,,32.881,JJA,1,2,BOBOA,10.528498,1.0,0.012492
0.0,,1.04,A_tropical_8,2.433613,0.000325,0.000323,0.000301,0.000313,-0.001196,-0.000447,-0.000708,True,-0.02,-0.02,-0.0225,-0.022667,-0.021,-0.022667,,-0.0225,2017-06-26T01:00Z,0.0,0.996667,0.953333,11.42,,0.01982,0.019837,0.019761,0.014962,0.019761,0.017618,0.020722,0.020356,0.020797,0.007849,,0.018412,32.782,32.7835,32.7845,,32.7795,JJA,1,2,BOBOA,9.730546,1.0,0.003091
8.86,0.953927,22.245,A_tropical_8,0.913832,-0.01756,-0.014448,-0.005349,-0.008194,-0.034848,-0.013667,-0.020485,True,0.029,0.029,0.039667,0.053167,0.037,0.058167,,0.046667,2017-06-29T13:00Z,6.17,18.063681,17.136806,25.526667,0.083129,-0.2165,-0.182192,-0.173798,-0.017417,-0.201687,-0.192686,-0.139601,-0.158151,-0.138509,-0.000211,,-0.068503,32.793,32.792,32.804,,32.7875,JJA,0,0,BOBOA,7.74804,1.0,0.14144
23.9,0.976624,19.443333,A_tropical_8,-0.20542,-0.023136,-0.019872,-0.007141,-0.011708,-0.015544,-0.005668,-0.009296,True,-0.0145,-0.0145,-0.019167,-0.011333,-0.022,-0.009333,,-0.012,2017-07-06T10:00Z,7.7675,7.01875,6.208611,41.721667,0.14376,-0.178293,-0.141542,-0.138233,-0.022735,-0.172348,-0.169231,-0.132839,-0.116262,-0.096606,-0.001589,,-0.076318,32.889,32.8875,32.8905,,32.8835,JJA,0,0,BOBOA,10.045622,1.0,0.050974
3.645,0.972505,2.648333,A_tropical_8,-0.309427,-0.005025,-0.004218,-0.001509,-0.002391,-0.003607,-0.001503,-0.002228,True,-0.0305,-0.0305,-0.052333,-0.051333,-0.03,-0.049667,,-0.051833,2017-07-12T06:00Z,1.624583,2.192708,2.082361,17.753333,0.098777,-0.054565,-0.04391,-0.042703,-0.007259,-0.052305,-0.03237,-0.048452,-0.037222,-0.033063,-0.000488,,-0.022285,33.12,33.122,33.125,,33.118,JJA,1,2,BOBOA,8.593072,1.0,0.012331
5.855,0.971836,31.033333,A_tropical_8,1.654048,-0.007661,-0.006528,-0.002483,-0.003869,-0.022991,-0.005039,-0.010729,True,-0.0975,-0.0975,-0.077,-0.066,-0.093,-0.063167,,-0.069,2017-07-21T01:00Z,3.0775,6.105833,4.812778,87.523333,0.093813,-0.086132,-0.071599,-0.069582,-0.009075,-0.082646,-0.081804,-0.078156,-0.061212,-0.052615,-0.000398,,-0.034603,32.5205,32.523,32.5285,,32.52,JJA,1,2,BOBOA,8.947382,1.0,0.122803
2.43,0.981338,0.753333,A_tropical_8,-1.086824,-0.000901,-0.000801,-0.000419,-0.00034,-0.000972,-0.000446,-0.000637,True,0.031,0.031,-0.005333,-0.006,0.018,-0.006167,,-0.004667,2017-08-16T17:00Z,2.055,0.697222,0.665833,10.973333,0.03793,-0.018123,-0.021513,-0.021112,-0.011849,-0.017625,-0.021836,-0.022237,-0.020087,-0.014173,-0.009345,,-0.014953,32.8755,32.8795,32.902,,32.878,JJA,1,2,BOBOA,9.06961,1.0,0.002873
15.39,0.908134,20.425,A_tropical_8,0.281449,-0.031443,-0.02446,-0.009643,-0.013807,-0.04122,-0.012715,-0.02075,True,-0.022,-0.022,-0.102167,-0.029167,-0.052,-0.02,,-0.041167,2017-08-18T20:00Z,9.170833,16.031458,15.180417,21.513333,0.062063,-0.507771,-0.433994,-0.394124,-0.029952,-0.436493,-0.345019,-0.401561,-0.368182,-0.334631,0.003825,,-0.118576,32.899,32.8975,32.914,,32.8975,JJA,1,2,BOBOA,6.957633,1.0,0.17805
27.36,0.965893,43.028333,A_tropical_8,0.45145,-0.035604,-0.029653,-0.009888,-0.016308,-0.046543,-0.015938,-0.02595,True,-0.244,-0.244,-0.244167,-0.258333,-0.2495,-0.127333,,-0.226167,2017-08-24T11:00Z,12.855417,21.222153,19.429306,47.276667,0.124212,-0.304378,-0.24716,-0.23873,-0.019977,-0.29007,-0.243668,-0.237099,-0.198705,-0.163803,0.001791,,-0.105272,31.755,31.8,32.4515,,31.7515,JJA,1,2,BOBOA,8.464506,1.0,0.199927
17.055,0.949563,82.958333,A_tropical_8,1.577253,-0.039481,-0.032989,-0.01318,-0.019475,-0.138225,-0.048573,-0.076046,True,-0.3865,-0.3865,-0.4265,-0.056167,-0.384,0.051667,,-0.156333,2017-08-31T03:00Z,12.9525,61.252569,57.795972,82.958333,0.065785,-0.582473,-0.528103,-0.501468,-0.014894,-0.545257,-0.473049,-0.4744,-0.479101,-0.449979,3.4e-05,,-0.155782,32.217,32.2125,32.2755,,32.2085,JJA,1,2,BOBOA,6.435222,1.0,0.959535
29.97,0.963094,57.1,A_tropical_8,0.643026,-0.040539,-0.032022,-0.007844,-0.014801,-0.08107,-0.027187,-0.043867,True,-0.541,-0.541,-0.803833,-0.657833,-0.5825,0.0545,,-0.740167,2017-09-16T04:00Z,9.463333,32.995833,30.616667,108.908333,0.182095,-0.243703,-0.182593,-0.175854,0.000841,-0.225645,-0.276367,-0.17276,-0.129682,-0.088681,0.00241,,-0.048322,33.607,33.612,33.618,,33.5995,SON,1,2,BOBOA,7.199976,1.0,0.470365
0.0,,15.121667,A_tropical_8,5.025305,0.001094,0.00101,0.000362,0.000733,-0.038133,-0.010854,-0.017376,True,-0.329,-0.329,-0.089333,0.0255,-0.17,-0.014,,0.028833,2017-09-30T17:00Z,0.0,12.811319,12.18125,25.473333,,0.024419,0.024041,0.021711,-0.004235,0.022497,0.022944,0.013162,0.017425,0.019612,-0.000253,,0.001164,32.488,32.5095,32.5665,,32.496,SON,1,2,BOBOA,4.448491,1.0,0.50181
0.0,,4.43,A_tropical_8,3.813307,0.0,0.0,0.0,0.0,-0.015377,-0.0033,-0.006222,True,-0.039,-0.039,-0.0965,-0.040167,-0.063,-0.176167,,-0.0205,2017-10-12T07:00Z,0.0,3.922083,3.7375,15.36,,0.0,0.0,0.0,0.0,0.0,0.0,0.0,0.0,0.0,0.0,,0.0,32.2985,32.33,32.652,,32.2955,SON,1,2,BOBOA,2.668189,1.0,0.500375
6.34,0.960138,25.618333,A_tropical_8,1.384676,-0.012079,-0.009938,-0.003602,-0.005539,-0.036673,-0.012683,-0.020201,True,-0.171,-0.171,-0.137667,-0.0965,-0.1605,-0.1675,,-0.113167,2017-11-07T19:00Z,4.9275,16.453403,15.385972,26.165,0.073102,-0.165932,-0.141584,-0.13594,-0.011891,-0.156671,-0.166965,-0.105561,-0.12441,-0.112701,-0.000143,,-0.057202,32.3865,32.388,32.486,,32.383,SON,1,2,BOBOA,7.313754,1.0,0.200507
5.12,,7.721667,A_tropical_8,0.4044,0.009427,0.007028,0.00191,0.004638,-0.011769,-0.005035,-0.007365,True,-0.0825,-0.0825,-0.0595,-0.0365,-0.0735,-0.016333,,-0.048333,2017-11-09T14:00Z,2.934167,7.270764,6.949028,35.856667,,0.041736,0.025958,0.023101,-0.036305,0.037718,-0.00178,-0.018591,-0.011237,-0.072965,0.001022,,-0.037696,32.315,32.3145,32.3215,,32.3105,SON,1,2,BOBOA,7.824395,1.0,0.048076
0.0,,1.055,A_tropical_8,2.446685,0.0,0.0,0.0,0.0,-0.001693,-0.000392,-0.000641,True,-0.092,-0.092,-0.0395,-0.035833,-0.096,0.6585,,-0.0405,2017-11-23T15:00Z,0.0,0.520486,0.476528,20.261667,,0.0,0.0,0.0,0.0,0.0,0.0,-0.016367,0.0,0.0,0.0,,0.0,31.4865,31.5035,31.6865,,31.492,SON,1,2,BOBOA,4.204035,1.0,0.03959
23.28,0.970196,4.66,A_tropical_8,-1.591633,-0.027104,-0.023083,-0.008146,-0.01334,-0.005475,-0.002175,-0.003327,True,-0.033,-0.033,-0.028333,-0.026333,-0.031,-0.0265,,-0.0255,2017-12-05T22:00Z,9.42375,2.6825,2.488333,72.155,0.136025,-0.216402,-0.174907,-0.169694,-0.021877,-0.208247,-0.206515,-0.199546,-0.143883,-0.11753,-0.000727,,-0.085604,33.264,33.288,33.295,,33.271,DJF,0,0,BOBOA,9.485486,1.0,0.0154
0.0,,3.456667,A_tropical_8,3.571409,0.0,0.0,0.0,0.0,-0.005149,-0.002065,-0.003068,True,-0.0225,-0.0225,-0.038167,-0.036,-0.0255,-0.035333,,-0.037,2017-12-29T03:00Z,0.0,2.990972,2.846944,13.296667,,0.0,0.0,0.0,0.0,0.0,0.0,-2.5e-05,0.0,0.0,0.0,,0.0,32.7795,32.777,32.79,,32.776,DJF,1,2,BOBOA,8.27196,1.0,0.018158
4.39,0.906736,8.415333,A_tropical_8,0.640016,-0.016145,-0.01218,-0.00379,-0.006039,-0.021899,-0.006592,-0.010571,True,0.0,0.0,-0.061333,-0.000833,-0.088,,-0.0015,-0.031167,2008-06-23T16:00Z,3.629583,6.929639,6.579,10.372,0.057829,-0.272276,-0.232286,-0.210622,-0.001319,-0.234238,-0.257467,-0.187706,-0.195797,-0.179887,,-0.0,-0.036151,35.2855,35.3595,,35.4115,35.434,JJA,1,2,TAO170W,4.03865,1.0,0.397585
0.23,0.922666,2.708333,A_tropical_8,2.141254,-0.000561,-0.000424,-0.000104,-0.000187,-0.00627,-0.002243,-0.003417,True,0.0,0.0,-0.002,-0.0,-0.0055,,-0.0025,-0.001,2008-07-08T12:00Z,0.105417,2.595486,2.482639,12.206667,0.073985,-0.007855,-0.006204,-0.005724,-2.2e-05,-0.006952,-0.002683,-0.006142,-0.004791,-0.003728,,-0.0,-0.00091,35.2615,35.545,,35.4555,35.462,JJA,1,2,TAO170W,5.516551,1.0,0.055213
2.52,1.201452,7.531667,A_tropical_8,1.069132,0.014557,0.007964,-0.000976,0.000326,-0.017393,-0.005959,-0.009451,True,0.05,0.05,-0.076,-0.0195,-0.111,,-0.000833,-0.059167,2015-12-04T10:00Z,1.894583,6.913403,6.599583,25.413333,-0.102865,-0.015838,-0.064441,-0.077423,-0.01407,-0.058655,0.002547,0.076823,-0.098589,-0.143317,,-0.001151,-0.089855,34.28,34.2735,,34.2985,34.2785,DJF,0,0,TAO170W,5.526812,1.0,0.144113
1.935,0.660133,10.603333,A_tropical_8,1.660059,-0.010552,-0.006057,-0.001243,-0.002283,-0.035177,-0.010105,-0.016738,True,0.0145,0.0145,-0.078,-0.000667,-0.025,,-0.004833,-0.005333,2015-12-11T06:00Z,0.930417,10.012083,9.570278,10.57,0.06941,-0.235486,-0.132195,-0.087266,-7.7e-05,-0.095635,-0.072732,-0.074692,-0.077798,-0.069668,,0.0,-0.007194,34.141,34.1595,,34.185,34.166,DJF,1,2,TAO170W,2.096283,1.0,2.087709
0.795,0.694985,5.128333,A_tropical_8,1.765024,-0.002682,-0.001529,-0.000123,-0.000348,-0.013655,-0.004241,-0.00658,True,0.0185,0.0185,-0.0475,-0.007,-0.048,,0.0,-0.0235,2015-12-13T23:00Z,0.19875,4.324375,4.110694,11.47,0.106481,-0.034281,-0.020664,-0.014361,-0.0,-0.0196,-0.009916,-0.005984,-0.008176,-0.003305,,0.0,-5.2e-05,34.1855,34.1805,,34.2135,34.1865,DJF,0,0,TAO170W,3.307094,1.0,0.377427
6.205,0.947848,2.648333,A_tropical_8,-0.830348,-0.014489,-0.011466,-0.003828,-0.00595,-0.004894,-0.001989,-0.002956,True,-0.0085,-0.0085,0.003333,0.0075,0.004,,0.008,0.005333,2015-12-19T00:00Z,3.415833,2.470486,2.360139,38.456667,0.061594,-0.233592,-0.196394,-0.186152,-0.01147,-0.214048,-0.172315,-0.212516,-0.172897,-0.159967,,-4.9e-05,-0.062051,34.185,34.177,,34.225,34.1855,DJF,1,2,TAO170W,6.32567,1.0,0.033961
18.565,0.835808,10.1475,A_tropical_8,-0.599616,-0.05535,-0.035389,-0.006365,-0.012343,-0.022029,-0.004468,-0.00817,True,0.0895,0.0895,-0.032167,0.004833,-0.0785,,0.032833,-0.000833,2016-01-03T22:00Z,7.834583,5.631076,5.208264,25.809167,0.075285,-0.770819,-0.562401,-0.470059,-0.016065,-0.56303,-0.678729,-0.497115,-0.369039,-0.296252,,-0.000325,-0.067455,34.123,34.1175,,34.1555,34.1265,DJF,1,2,TAO170W,3.910085,1.0,0.49731
15.11,0.989175,15.09,A_tropical_8,-0.001316,-0.016506,-0.014866,-0.008112,-0.011042,-0.018593,-0.008947,-0.012626,True,0.012,0.012,-0.029167,-0.023167,-0.0335,,-0.015167,-0.0255,2016-01-09T04:00Z,12.295,12.544028,11.915278,43.295,0.110218,-0.157961,-0.136351,-0.134875,-0.04531,-0.15434,-0.144169,-0.153385,-0.128419,-0.114524,,0.000172,-0.092941,34.4965,34.4905,,34.511,34.501,DJF,1,2,TAO170W,9.293845,1.0,0.054423
23.57,0.845638,48.510833,A_tropical_8,0.719638,-0.063604,-0.04636,-0.012263,-0.021063,-0.078324,-0.013795,-0.027284,True,-0.0025,-0.0025,-0.106167,0.0085,-0.227,,0.013667,-0.026,2016-01-16T19:00Z,12.589583,17.242188,15.220903,68.769167,0.090243,-0.794701,-0.607498,-0.513723,-0.013269,-0.60369,-0.679388,-0.518543,-0.431843,-0.35774,,6e-06,-0.116796,34.228,34.2245,,34.248,34.237,DJF,1,2,TAO170W,5.183971,1.0,1.095082
73.7,0.839371,92.2,A_tropical_8,0.223685,-0.225211,-0.153348,-0.037711,-0.064908,-0.231935,-0.059393,-0.101319,True,0.041,0.041,-0.824667,-0.0125,-1.04,,-0.014167,-0.023167,2016-01-18T23:00Z,40.4475,67.601111,63.759444,93.695,0.062002,-3.641475,-2.946599,-2.473289,-0.037213,-2.763977,-2.436388,-2.692502,-2.220909,-1.939192,,-0.00058,-0.209589,34.2325,34.2275,,34.248,34.2395,DJF,0,0,TAO170W,5.207511,1.0,1.865901
6.81,0.915482,11.915,A_tropical_8,0.553186,-0.025305,-0.019157,-0.006386,-0.009763,-0.029261,-0.008777,-0.013771,True,0.272,0.272,-0.136,0.019667,-0.135,,0.02,-0.033667,2016-01-23T20:00Z,5.865833,10.597153,10.100694,24.72,0.054848,-0.444264,-0.381529,-0.349283,0.012851,-0.38429,-0.379735,-0.319255,-0.331784,-0.310536,,0.001534,-0.052013,34.195,34.1915,,34.213,34.2035,DJF,1,2,TAO170W,4.53903,1.0,0.386808
7.12,0.977279,3.185,A_tropical_8,-0.787488,-0.01174,-0.009451,-0.002693,-0.004724,-0.005895,-0.002237,-0.003318,True,0.145,0.145,0.0055,0.005333,0.0025,,0.01,0.005833,2016-01-27T11:00Z,3.149583,3.047569,2.914861,19.310333,0.096162,-0.12593,-0.100564,-0.098279,-0.007762,-0.121567,-0.098932,-0.087499,-0.082766,-0.062758,,-3.8e-05,-0.039755,34.2875,34.286,,34.3135,34.2975,DJF,1,2,TAO170W,7.215066,1.0,0.02746
12.275,0.985467,15.945,A_tropical_8,0.259719,0.005797,-0.011075,-0.016653,-0.020504,-0.042459,-0.011064,-0.019378,True,0.1915,0.1915,-0.140667,0.027833,-0.1285,,0.002333,0.026167,2016-02-02T02:00Z,8.47125,11.894514,11.230139,16.825,0.009326,-0.983257,-1.205082,-1.187568,-0.013636,-1.106548,-1.003973,-1.14711,-1.331357,-1.397702,,-9.7e-05,-0.17283,34.1875,34.183,,34.306,34.1775,DJF,1,2,TAO170W,3.782123,1.0,0.763749
7.925,0.641587,34.196667,A_tropical_8,1.452486,-0.004664,-0.002561,-0.004875,-0.003978,-0.074723,-0.019181,-0.034349,True,-0.371,-0.371,-0.236333,-0.019333,-0.21,,0.015,-0.094833,2016-02-06T02:00Z,4.98625,20.662083,19.237222,61.25,0.036126,-0.179009,-0.110507,-0.0709,-0.071953,-0.021829,-0.092022,-0.059139,-0.09305,-0.129492,,-0.000139,-0.189783,34.177,34.168,,34.2035,34.1815,DJF,0,0,TAO170W,4.164802,1.0,1.322712
53.975,0.751685,58.188333,A_tropical_8,0.07503,-0.128086,-0.095854,-0.026755,-0.044822,-0.103487,-0.029171,-0.048845,True,0.0915,0.0915,-0.341833,-0.0225,-0.2745,,-0.014,-0.110167,2016-02-12T11:00Z,28.755417,33.692153,31.267639,62.983333,0.101979,-1.7082,-1.250444,-0.93994,0.002204,-1.102767,-0.922912,-0.995243,-0.813323,-0.702446,,0.009513,-0.16486,34.204,34.178,,34.215,34.195,DJF,1,2,TAO170W,5.311329,1.0,1.234669
42.525,0.963635,34.594,A_tropical_8,-0.205874,-0.07201,-0.059096,-0.019302,-0.031694,-0.054948,-0.022293,-0.033199,True,0.016,0.016,-0.240333,-0.024833,-0.3085,,-0.030167,-0.1285,2016-02-23T11:00Z,21.81875,29.184694,27.743278,34.594,0.137063,-0.537969,-0.447429,-0.431159,-0.022452,-0.507323,-0.435293,-0.448311,-0.376076,-0.322601,,0.003911,-0.165958,34.7145,34.71,,34.743,34.7255,DJF,1,2,TAO170W,7.927307,1.0,0.220619
0.56,0.955245,1.113333,A_tropical_8,0.608887,-0.001285,-0.00104,-0.000347,-0.000556,-0.001836,-0.000701,-0.000999,True,-0.0925,-0.0925,0.012667,0.014167,0.0055,,0.028833,0.014833,2016-03-03T05:00Z,0.458333,0.969444,0.923056,59.936667,0.070147,-0.018639,-0.015526,-0.014831,-0.000129,-0.017299,-0.015723,-0.01238,-0.013492,-0.012044,,-0.000224,-0.004604,34.833,34.8265,,34.843,34.842,MAM,0,0,TAO170W,6.685412,1.0,0.012477
13.975,0.751552,3.981667,A_tropical_8,-1.237895,-0.047453,-0.03046,-0.007639,-0.013137,-0.010283,-0.001424,-0.003147,True,0.0045,0.0045,-0.0235,0.009167,-0.0515,,0.017333,-0.002167,2016-03-05T16:00Z,7.66875,1.881042,1.715139,12.36,0.052877,-0.999347,-0.766472,-0.576044,0.049263,-0.625507,-0.725352,-0.56387,-0.520954,-0.460051,,0.011835,-0.002715,34.835,34.829,,34.847,34.846,MAM,1,2,TAO170W,3.188488,1.0,0.323168
0.0,,1.493333,A_tropical_8,2.768413,0.0,0.0,0.0,0.0,-0.002458,-0.001063,-0.001476,True,-0.426,-0.426,-0.0015,0.000167,-0.014,,0.002333,-0.002167,2016-03-17T21:00Z,0.0,1.308333,1.246111,55.321333,,0.0,0.0,0.0,0.0,0.0,0.0,-0.000213,0.0,0.0,,0.0,0.0,35.0115,35.0065,,35.0225,35.025,MAM,1,2,TAO170W,6.925944,1.0,0.01504
11.945,0.876088,13.095,A_tropical_8,0.091188,-0.045003,-0.032611,-0.009182,-0.015258,-0.030769,-0.011074,-0.016953,True,0.001,0.001,-0.188,0.006167,-0.0515,,-0.012167,-0.0255,2016-03-25T12:00Z,7.154167,11.991597,11.445972,15.128333,0.063354,-0.724531,-0.58754,-0.514737,-0.012157,-0.578314,-0.394907,-0.52281,-0.4653,-0.405458,,-1e-06,-0.108679,35.124,35.114,,35.154,35.1305,MAM,1,2,TAO170W,4.03352,1.0,0.591763
0.0,,1.083333,A_tropical_8,2.47092,0.0,0.0,0.0,0.0,-0.002342,-0.000584,-0.000979,True,-0.0385,-0.0385,0.0215,0.015833,0.0195,,0.002833,0.014833,2016-03-27T19:00Z,0.0,0.702083,0.656944,14.286,,0.0,0.0,0.0,0.0,0.0,0.0,0.0,0.0,0.0,,0.0,0.0,35.097,35.093,,35.117,35.1075,MAM,1,2,TAO170W,4.206148,1.0,0.045995
8.1,0.950319,17.73,A_tropical_8,0.776748,-0.015429,-0.012791,-0.004537,-0.007167,-0.028045,-0.010577,-0.016128,True,0.0255,0.0255,-0.1115,-0.08,-0.0955,,-0.047333,-0.093333,2016-03-29T20:00Z,5.516667,13.727361,12.988611,17.68,0.106997,-0.150134,-0.125794,-0.119544,0.031511,-0.141332,-0.129975,-0.155932,-0.102132,-0.082545,,0.012469,-0.019369,35.102,35.0985,,35.1145,35.113,MAM,1,2,TAO170W,7.401275,1.0,0.143873
0.0,0.915653,0.6,A_tropical_8,1.94591,-0.002288,-0.002109,-0.001115,-0.001558,-0.002055,-0.000763,-0.001174,True,-0.0225,-0.0225,-0.010333,-0.045,-0.006,,0.007,-0.015667,2016-04-20T09:00Z,0.0,0.553889,0.528889,18.015,0.03168,-0.075214,-0.072713,-0.06658,-0.000466,-0.06658,-0.080732,-0.026375,-0.067687,-0.06397,,-0.0,-0.012288,35.0995,35.126,,35.2145,35.0965,MAM,0,0,TAO170W,3.502357,1.0,0.039554
0.255,0.939578,12.703333,A_tropical_8,3.585343,-0.000651,-0.000505,,,-0.025853,,,True,-0.0745,-0.0745,-0.059167,,-0.0745,,-0.007333,,2017-07-06T01:00Z,0.17,10.203472,9.674167,19.09,0.060379,-0.010705,-0.008909,-0.008371,,-0.009715,-0.010836,-0.005836,-0.00758,-0.006717,,-0.0,,35.3165,,,35.367,,JJA,1,2,TAO170W,5.930919,1.0,0.208317
12.81,0.95725,6.505,A_tropical_8,-0.670175,-0.023861,-0.01929,,,-0.010475,,,True,-0.012,-0.012,-0.008833,,-0.012,,-0.005833,,2017-07-22T14:00Z,6.42875,3.894236,3.623194,10.565,0.097514,-0.253952,-0.206648,-0.197813,,-0.23747,-0.206301,-0.185301,-0.170378,-0.138337,,-1e-06,,35.442,,,35.4825,,JJA,0,0,TAO170W,7.031573,1.0,0.063116
1.35,0.910198,2.803333,A_tropical_8,0.694296,-0.00448,-0.003582,,,-0.007224,,,True,-0.015,-0.015,-0.017167,,-0.015,,0.002167,,2017-07-26T03:00Z,1.04625,2.534028,2.417222,12.111667,0.040582,-0.107324,-0.096968,-0.08826,,-0.092776,-0.078283,-0.133923,-0.086597,-0.080444,,-0.0,,35.3925,,,35.4325,,JJA,0,0,TAO170W,5.306802,1.0,0.063733
1.775,0.946692,14.963333,A_tropical_8,2.083655,-0.002452,-0.001944,,,-0.023033,,,True,0.0,0.0,-0.040833,,-0.055,,,,2010-01-26T07:00Z,0.452917,11.747639,11.124167,23.185,0.127411,-0.022954,-0.016118,-0.015259,,-0.02118,-0.033161,-0.02469,-0.008606,-0.004205,,,,35.285,,,,,DJF,1,2,TAO155W,7.661424,1.0,0.107576
0.99,0.71239,16.458333,A_tropical_8,2.720712,-0.003411,-0.002132,,,-0.048042,,,True,0.0,0.0,-0.078,,-0.087,,,,2010-02-01T12:00Z,0.4125,10.509514,9.82375,61.763333,0.113035,-0.041449,-0.02648,-0.018864,,-0.025431,-0.006455,-0.046912,-0.008509,0.000167,,,,35.391,,,,,DJF,1,2,TAO155W,3.077124,1.0,1.477503
1.65,0.800679,16.633333,A_tropical_8,2.257787,-0.011606,-0.008754,,,-0.039305,,,True,-0.102,-0.102,-0.320833,,-0.226,,,,2010-02-11T02:00Z,1.191667,8.31,7.616944,16.491667,0.03033,-0.416081,-0.360461,-0.288613,,-0.292576,-0.280616,-0.195203,-0.285319,-0.273264,,,,35.3645,,,,,DJF,1,2,TAO155W,4.086334,1.0,0.727117
17.08,0.93599,26.678333,A_tropical_8,0.443847,-0.039894,-0.032717,,,-0.047133,,,True,0.0,0.0,-0.108167,,-0.0935,,,,2010-02-14T12:00Z,12.683333,21.669514,20.557917,26.396667,0.091957,-0.442737,-0.380119,-0.355787,,-0.408003,-0.297607,-0.401578,-0.328925,-0.292229,,,,35.3095,,,,,DJF,1,2,TAO155W,6.18292,1.0,0.369398
24.09,0.958118,15.26,A_tropical_8,-0.454173,-0.02198,-0.019488,,,-0.035059,,,True,-0.006,-0.006,-0.0815,,-0.0765,,,,2010-02-18T02:00Z,12.815833,11.200556,10.564722,34.923333,0.028046,-0.766543,-0.725241,-0.694866,,-0.726219,-0.626858,-0.687698,-0.673171,-0.629702,,,,35.3145,,,,,DJF,0,0,TAO155W,4.641943,1.0,0.503407
6.37,0.867478,13.846667,A_tropical_8,0.768064,-0.027115,-0.021514,,,-0.034508,,,True,-0.0385,-0.0385,-0.062667,,-0.079,,,,2010-02-21T02:00Z,5.460833,12.211944,11.635,13.838333,0.059316,-0.49083,-0.418111,-0.362702,,-0.386521,-0.36305,-0.288315,-0.352077,-0.326278,,,,35.3725,,,,,DJF,1,2,TAO155W,5.615541,1.0,0.232599
4.34,0.976464,16.475,A_tropical_8,1.317241,-0.006595,-0.006003,,,-0.02206,,,True,0.0,0.0,-0.055,,-0.061,,,,2010-02-25T08:00Z,2.777917,14.285486,13.599028,20.871667,0.052148,-0.125839,-0.117892,-0.115118,,-0.121981,-0.102452,-0.217476,-0.113349,-0.10957,,,,35.3835,,,,,DJF,1,2,TAO155W,9.924601,1.0,0.048778
0.0,,2.123333,A_tropical_8,3.101593,0.0,0.0,,,-0.005453,,,True,-0.0625,-0.0625,-0.0285,,-0.043,,,,2010-03-11T20:00Z,0.0,2.034861,1.946389,45.26,,0.0,0.0,0.0,,0.0,0.0,0.0,0.0,0.0,,,,35.3565,,,,,MAM,1,2,TAO155W,3.372282,1.0,0.148804
8.505,0.702842,17.236667,A_tropical_8,0.70048,-0.032043,-0.02506,,,-0.035496,,,True,0.0,0.0,-0.1065,,-0.117,,,,2010-03-16T12:00Z,4.68875,11.493472,10.775278,21.976667,0.029556,-1.457601,-1.206342,-0.847868,,-0.886169,-0.741663,-0.764428,-0.797051,-0.72782,,,,35.3485,,,,,MAM,0,0,TAO155W,4.744554,1.0,0.496427
3.795,0.890258,4.55,A_tropical_8,0.177174,-0.008899,-0.006216,,,-0.00839,,,True,0.0,0.0,-0.0075,,-0.006,,,,2010-04-03T10:00Z,1.1775,2.590972,2.401389,26.438333,0.111809,-0.092374,-0.06245,-0.055597,,-0.076067,-0.098772,-0.068076,-0.037715,-0.02213,,,,35.3905,,,,,MAM,1,2,TAO155W,5.244934,1.0,0.105176
7.5,0.959997,21.681667,A_tropical_8,1.05292,-0.010355,-0.008538,-0.002568,,-0.026217,-0.008171,,True,-0.037,-0.037,-0.038389,-0.019889,-0.032583,,,,2004-06-10T10:00Z,2.7375,8.962153,8.05875,22.966667,0.109302,-0.102719,-0.08137,-0.078115,-0.002025,-0.096572,-0.10568,-0.106646,-0.06276,-0.046031,,,,35.36625,35.342833,,,,JJA,1,2,TAO140W,7.362041,1.0,0.173202
0.15,,5.816667,A_tropical_8,3.164068,-0.000418,-0.000294,,,-0.015928,,,True,-0.0655,-0.0655,-0.057528,,-0.097417,,,,2005-03-27T17:00Z,0.1125,5.212083,4.969722,12.16,,0.000935,0.00225,0.002785,,0.001933,0.005648,-0.009036,0.003347,0.003822,,,,34.971583,,,,,MAM,1,2,TAO140W,3.606477,1.0,0.356225
17.15,0.583257,1.97,A_tropical_8,-2.120264,-0.087584,-0.051029,,,-0.005454,,,True,-0.0295,-0.0295,-0.028694,,-0.032167,,,,2005-06-03T02:00Z,9.9125,1.291806,1.209722,17.58,0.080586,-1.854272,-1.085671,-0.633225,,-0.700818,-0.597161,-0.487743,-0.531027,-0.425846,,,,35.045417,,,,,JJA,1,2,TAO140W,2.842326,1.0,0.198925
0.695,0.950575,0.666667,A_tropical_8,-0.03629,-0.001711,-0.00136,,,-0.001266,,,True,0.0,0.0,0.005,,0.004,,,,2008-06-11T14:00Z,0.550417,0.550833,0.523056,11.675,0.05745,-0.02931,-0.024901,-0.02367,,-0.027058,-0.026862,-0.021213,-0.021901,-0.019973,,,,35.368,,,,,JJA,1,2,TAO140W,6.825748,1.0,0.007074
2.295,0.958107,6.606667,A_tropical_8,1.029719,-0.00273,-0.002008,-0.000282,-0.000683,-0.008768,-0.001799,-0.003521,True,0.012,0.012,-0.002,0.008667,0.001,0.0095,,0.001833,2008-08-06T02:00Z,0.37,2.008333,1.733056,11.563333,0.212122,-0.019509,-0.009878,-0.009464,-0.000397,-0.016999,-0.013248,-0.008078,-0.00698,-0.005847,-1e-06,,-0.003283,35.2995,35.351,35.3545,,35.33,JJA,1,2,TAO140W,5.296541,1.0,0.146495
1.84,0.966289,11.981667,A_tropical_8,1.829001,-0.003105,-0.002589,-0.000882,-0.001442,-0.014722,-0.00414,-0.007184,True,0.0,0.0,-0.0125,-0.010333,-0.0085,-0.007667,,-0.012333,2009-07-10T13:00Z,0.958333,5.381042,4.881806,13.896667,0.095608,-0.034614,-0.028027,-0.027082,-0.00209,-0.0328,-0.030741,-0.030232,-0.023165,-0.018608,-3.3e-05,,-0.011048,35.2295,35.345,35.404,,35.3105,JJA,1,2,TAO140W,7.514449,1.0,0.092896
23.29,0.707737,34.27,A_tropical_8,0.384876,-0.072086,-0.044542,-0.01615,-0.022981,-0.104704,-0.026297,-0.047216,True,-0.6275,-0.6275,-0.608833,-0.0165,-0.6085,-0.000167,,-0.020333,2015-04-12T14:00Z,13.625417,25.832361,24.404444,34.241667,0.058324,-1.536612,-1.079064,-0.763694,-0.036264,-0.78187,-0.828201,-1.056189,-0.749738,-0.768993,-0.000192,,-0.295226,34.92,34.9285,34.963,,34.915,MAM,1,2,TAO140W,2.930753,1.0,3.305625
1.125,0.957012,1.93,A_tropical_8,0.505095,-0.004438,-0.003709,-0.001651,-0.002306,-0.00358,-0.001159,-0.001828,True,-0.019,-0.019,-0.021167,-0.0175,-0.0195,-0.01,,-0.018833,2015-06-30T06:00Z,1.07375,1.384028,1.303611,24.223333,0.043089,-0.09839,-0.089945,-0.086078,-0.006034,-0.091997,-0.083409,-0.082758,-0.085164,-0.082182,-6.1e-05,,-0.033602,35.2335,35.2395,35.2765,,35.2205,JJA,1,2,TAO140W,6.370336,1.0,0.025376
0.345,1.129912,4.608333,A_tropical_8,2.359015,0.018151,0.007657,-0.00266,-0.001518,-0.015072,-0.004402,-0.007445,True,-0.1025,-0.1025,-0.088167,0.0035,-0.099,-0.038167,,-0.001167,2016-03-03T02:00Z,0.14375,4.273264,4.08125,14.94,-0.038132,-0.059113,-0.177722,-0.20081,-0.001348,-0.162839,-0.181167,-0.259398,-0.260321,-0.307699,-0.0,,-0.039549,34.9565,34.9255,35.0015,,34.922,MAM,1,2,TAO140W,2.36609,1.0,0.710437
0.58,,3.343333,A_tropical_8,1.622102,-0.000975,-0.000614,-2.6e-05,-0.000116,-0.006112,-0.001788,-0.002939,True,0.0085,0.0085,0.012,0.015,0.009,0.002,,0.010833,2016-03-09T07:00Z,0.0675,2.23625,2.096944,23.328333,,-0.006432,-0.002221,-0.001859,-0.0,-0.005075,-0.005578,-0.001548,0.0,0.0,0.0,,-6e-06,35.017,35.025,35.053,,35.021,MAM,1,2,TAO140W,6.001238,1.0,0.052264
5.99,0.962644,8.883333,A_tropical_8,0.388723,-0.010749,-0.00884,,,-0.013118,,,True,0.0,0.0,-0.037167,,-0.021,,,,2010-04-24T12:00Z,3.592083,7.869306,7.499167,12.728333,0.086889,-0.128151,-0.105688,-0.10174,,-0.120643,-0.099518,-0.095277,-0.089596,-0.077859,,,,34.7305,,,,,MAM,0,0,TAO125W,7.777918,1.0,0.059655
9.95,0.886127,11.408333,A_tropical_8,0.135499,-0.026181,-0.017911,-0.003619,-0.006798,-0.021392,-0.005581,-0.009869,True,-0.0415,-0.0415,-0.047333,-0.003,-0.042,0.003667,,,2015-05-05T08:00Z,4.126667,5.916875,5.441528,10.985,0.090276,-0.315213,-0.223899,-0.198403,-0.002463,-0.252204,-0.190888,-0.214589,-0.157435,-0.122779,-3e-06,,-0.03553,34.9455,34.947,34.942,,34.9415,MAM,0,0,TAO110W,4.714978,1.0,0.344249
0.68,,1.571667,A_tropical_8,0.762282,-0.001212,-0.000519,0.000408,0.000104,-0.002408,-0.000395,-0.000897,True,-0.0285,-0.0285,-0.025167,-0.0235,-0.0245,-0.026167,,-0.023667,2015-05-06T15:00Z,0.642083,1.339792,1.274306,18.971667,,0.083681,0.09066,0.092977,0.030449,0.088958,0.112442,0.09825,0.103904,0.112912,0.004987,,0.074346,34.831,34.832,34.8355,,34.827,MAM,0,0,TAO110W,6.635314,1.0,0.017553
0.0,1.520452,16.558333,A_tropical_8,5.115496,0.005102,0.003237,-0.000543,,-0.04731,-0.013247,,True,-0.0195,-0.0195,-0.003667,-0.009667,-0.0195,-0.064,,,2018-02-28T15:00Z,0.0,14.591736,13.901806,16.54,-0.347934,0.017129,-0.006119,-0.009304,-0.015976,0.009122,-0.050074,-0.008813,-0.027636,-0.0461,-0.000633,,,33.854,34.054,34.6615,,,DJF,1,2,TAO110W,3.766127,1.0,0.891233
53.6,0.943081,82.144167,B_subtropical_midlatitude_5,0.426279,-0.110754,-0.087507,,,-0.129357,,,True,-0.4405,-0.4405,-0.396833,,-0.256,,,,2007-10-19T21:00Z,28.445833,44.252882,40.830208,105.439167,0.151957,-0.77282,-0.610621,-0.575865,,-0.701987,-0.375827,-0.581676,-0.481763,-0.391511,,,,34.5085,,,,,SON,0,0,KEO,6.917796,1.0,0.778082
5.4,0.98382,33.531667,B_subtropical_midlatitude_5,1.81072,-0.006713,-0.006021,,,-0.04166,,,True,-0.2015,-0.2015,-0.138167,,-0.1105,,,,2007-11-06T00:00Z,3.608333,24.248125,22.850972,46.351667,0.075393,-0.090101,-0.081173,-0.079859,,-0.087876,-0.071429,-0.088917,-0.077516,-0.071992,,,,34.3485,,,,,SON,0,0,KEO,10.136765,1.0,0.089787
4.4,0.626278,12.065,B_subtropical_midlatitude_5,0.994486,0.008131,0.003886,,,-0.013497,,,True,0.004,0.004,-0.0065,,-0.008,,,,2007-11-28T09:00Z,2.245833,6.092292,5.589583,95.243333,-0.054205,-0.125043,-0.114472,-0.071691,,-0.054855,-0.112357,-0.082199,-0.088562,-0.106292,,,,34.536,,,,,SON,0,0,KEO,9.185198,1.0,0.044007
8.3,0.977822,9.726667,B_subtropical_midlatitude_5,0.156868,-0.012609,-0.010856,,,-0.011877,,,True,-0.016,-0.016,-0.0305,,-0.0315,,,,2007-12-13T00:00Z,5.270833,5.093056,4.687778,20.266667,0.096348,-0.136343,-0.115229,-0.112674,,-0.131387,-0.10207,-0.112043,-0.10459,-0.095975,,,,34.658,,,,,DJF,1,2,KEO,9.311048,1.0,0.034723
8.05,1.009191,8.573333,B_subtropical_midlatitude_5,0.062235,-0.002868,-0.003461,,,-0.007913,,,True,-0.0075,-0.0075,-0.008833,,-0.009,,,,2007-12-22T12:00Z,4.608333,6.679444,6.322222,28.086667,0.064284,-0.051247,-0.053342,-0.053832,,-0.053635,-0.09225,-0.064951,-0.076117,-0.088664,,,,34.718,,,,,DJF,1,2,KEO,13.359054,1.0,0.008107
8.68,0.992461,27.876667,B_subtropical_midlatitude_5,1.158894,-0.006759,-0.006271,,,-0.022774,,,True,-0.091,-0.091,-0.050333,,-0.0825,,,,2008-01-20T23:00Z,5.929167,12.267361,11.105833,27.93,0.067364,-0.101141,-0.093802,-0.093095,,-0.099912,-0.099227,-0.085045,-0.092275,-0.090521,,,,34.7045,,,,,DJF,1,2,KEO,14.225514,1.0,0.020507
8.255,0.982363,10.35,B_subtropical_midlatitude_5,0.223742,-0.008336,-0.007393,,,-0.010229,,,True,-0.086,-0.086,-0.051833,,-0.0555,,,,2008-01-28T14:00Z,3.710417,5.702361,5.271111,11.45,0.108147,-0.084118,-0.069591,-0.068364,,-0.081947,-0.063423,-0.081348,-0.057765,-0.050936,,,,34.6605,,,,,DJF,1,2,KEO,11.364778,1.0,0.018311
0.0,,3.265,B_subtropical_midlatitude_5,3.516013,2.7e-05,2.7e-05,,,-0.005159,,,True,-0.0595,-0.0595,-0.042,,-0.0555,,,,2008-02-02T04:00Z,0.0,2.320903,2.184861,14.48,,0.001211,0.001208,0.001203,,0.001203,0.001134,0.000891,0.001258,0.001319,,,,34.566,,,,,DJF,1,2,KEO,7.400068,1.0,0.026251
4.365,0.992346,1.675,B_subtropical_midlatitude_5,-0.922469,-0.002386,-0.00222,,,-0.001343,,,True,0.0165,0.0165,0.007667,,0.015,,,,2008-02-26T16:00Z,1.22625,1.319653,1.249861,11.42,0.082549,-0.031182,-0.027105,-0.026897,,-0.030821,-0.03178,-0.025259,-0.02385,-0.02072,,,,34.683,,,,,DJF,1,2,KEO,15.600502,1.0,0.000862
11.875,0.988182,2.256667,B_subtropical_midlatitude_5,-1.625573,-0.008221,-0.007305,,,-0.00187,,,True,0.016,0.016,0.011,,0.0055,,,,2008-03-19T18:00Z,4.567083,1.240694,1.146667,12.776667,0.115983,-0.078553,-0.063738,-0.062984,,-0.077213,-0.036029,-0.065276,-0.056822,-0.051584,,,,34.668,,,,,MAM,1,2,KEO,12.750631,1.0,0.002551
8.07,0.804996,15.736667,B_subtropical_midlatitude_5,0.661859,-0.020739,-0.012738,,,-0.030126,,,True,-0.122,-0.122,-0.058167,,-0.0285,,,,2008-03-24T21:00Z,2.769583,7.107361,6.451667,19.978333,0.122249,-0.21656,-0.129437,-0.104196,,-0.148024,-0.032063,-0.098518,-0.062594,-0.041799,,,,34.687,,,,,MAM,1,2,KEO,5.016775,1.0,0.397854
8.96,0.970127,2.851667,B_subtropical_midlatitude_5,-1.121499,-0.017076,-0.014369,,,-0.004735,,,True,-0.0075,-0.0075,-0.007,,-0.0075,,,,2008-03-30T08:00Z,6.030417,2.260069,2.14125,12.088333,0.076093,-0.227134,-0.194654,-0.188839,,-0.216564,-0.199584,-0.193753,-0.174878,-0.159348,,,,34.6905,,,,,MAM,1,2,KEO,7.608006,1.0,0.020933
6.555,0.990354,1.583333,B_subtropical_midlatitude_5,-1.374592,-0.007108,-0.006524,,,-0.001505,,,True,0.0035,0.0035,-0.006667,,-0.011,,,,2008-04-03T01:00Z,3.402083,1.065417,0.999444,10.263333,0.077846,-0.095663,-0.084625,-0.083809,,-0.094227,-0.058721,-0.075909,-0.080967,-0.076903,,,,34.6745,,,,,MAM,1,2,KEO,13.323743,1.0,0.001528
8.605,0.985847,17.916667,B_subtropical_midlatitude_5,0.7274,-0.0091,-0.008383,,,-0.015809,,,True,-0.0115,-0.0115,0.001833,,0.0005,,,,2008-04-10T14:00Z,3.520417,6.822083,6.075556,22.863333,0.059033,-0.150429,-0.144042,-0.142003,,-0.147417,-0.116306,-0.149421,-0.144905,-0.144261,,,,34.7215,,,,,MAM,0,0,KEO,10.605758,1.0,0.040538
7.33,0.988807,2.833333,B_subtropical_midlatitude_5,-0.929386,-0.010134,-0.009371,,,-0.002859,,,True,-0.0065,-0.0065,-0.001333,,-0.002,,,,2008-05-01T23:00Z,4.1425,1.6625,1.544444,29.695,0.068836,-0.148412,-0.137679,-0.136138,,-0.145953,-0.13293,-0.132913,-0.136969,-0.135557,,,,34.705,,,,,MAM,1,2,KEO,11.367796,1.0,0.00502
1.105,0.730371,7.335,B_subtropical_midlatitude_5,1.819719,-0.00499,-0.002793,,,-0.022174,,,True,-0.057,-0.057,-0.067833,,-0.057,,,,2008-05-15T18:00Z,0.57125,4.996042,4.690417,12.988333,0.038775,-0.119992,-0.098635,-0.07204,,-0.077336,-0.049813,-0.059477,-0.064147,-0.053518,,,,34.6555,,,,,MAM,1,2,KEO,2.710441,1.0,0.846317
11.1,0.683941,3.333333,B_subtropical_midlatitude_5,-1.182382,-0.052075,-0.032957,,,-0.010276,,,True,-0.026,-0.026,-0.029333,,-0.0335,,,,2008-05-23T17:00Z,6.494167,1.984167,1.845278,17.076667,0.04262,-1.496812,-1.130611,-0.773271,,-0.820188,-0.784136,-0.79552,-0.69847,-0.616681,,,,34.564,,,,,MAM,1,2,KEO,2.870393,1.0,0.336127
27.39,0.977051,18.69,B_subtropical_midlatitude_5,-0.380497,-0.025651,-0.02174,,,-0.018684,,,True,0.0295,0.0295,-0.051333,,-0.06,,,,2008-05-29T16:00Z,14.084583,9.589861,8.811111,23.25,0.109884,-0.237536,-0.202488,-0.197841,,-0.228045,-0.250404,-0.18606,-0.17516,-0.157886,,,,34.419,,,,,MAM,1,2,KEO,10.49198,1.0,0.042687
53.57,0.990933,16.136667,B_subtropical_midlatitude_5,-1.195582,-0.032541,-0.029946,,,-0.008961,,,True,-0.091,-0.091,0.01,,-0.0175,,,,2008-06-02T19:00Z,24.981667,6.344861,5.6725,35.781667,0.149071,-0.242782,-0.202723,-0.200885,,-0.239703,-0.238192,-0.20356,-0.174943,-0.152377,,,,34.4065,,,,,JJA,1,2,KEO,15.339145,1.0,0.008771
11.17,0.987367,10.86,B_subtropical_midlatitude_5,-0.027892,-0.015191,-0.013717,,,-0.01158,,,True,-0.0435,-0.0435,-0.045167,,-0.0485,,,,2008-06-05T05:00Z,7.484167,7.244167,6.791667,10.86,0.074295,-0.205451,-0.186986,-0.184623,,-0.201532,-0.175766,-0.18905,-0.183011,-0.177643,,,,34.391,,,,,JJA,1,2,KEO,11.328864,1.0,0.01911
4.575,0.975373,5.945,B_subtropical_midlatitude_5,0.257002,-0.006529,-0.005597,,,-0.00802,,,True,0.0195,0.0195,-0.002333,,-0.001,,,,2008-06-09T06:00Z,2.574167,4.563125,4.315417,13.436667,0.097649,-0.071003,-0.05876,-0.057313,,-0.0683,-0.043862,-0.048449,-0.052093,-0.045383,,,,34.361,,,,,JJA,1,2,KEO,9.351187,1.0,0.021311
10.295,0.786703,1.295,B_subtropical_midlatitude_5,-2.008431,-0.031886,-0.023788,,,-0.002313,,,True,-0.0285,-0.0285,0.015,,0.016,,,,2008-06-15T23:00Z,6.883333,0.672153,0.618194,26.661667,0.033436,-1.075417,-0.904345,-0.711451,,-0.753785,-0.76697,-0.726066,-0.672255,-0.624872,,,,34.479,,,,,JJA,1,2,KEO,5.271794,1.0,0.028319
13.4,0.976182,2.533333,B_subtropical_midlatitude_5,-1.634439,-0.020912,-0.017697,,,-0.003958,,,True,0.001,0.001,0.003167,,0.0075,,,,2008-09-15T15:00Z,9.0725,1.683333,1.577778,13.266667,0.082609,-0.245866,-0.21945,-0.214224,,-0.235725,-0.179929,-0.202645,-0.213026,-0.204779,,,,34.0935,,,,,SON,1,2,KEO,7.596236,1.0,0.018324
6.425,0.961446,0.633333,B_subtropical_midlatitude_5,-2.185796,-0.017443,-0.015195,,,-0.001468,,,True,0.0025,0.0025,-0.008167,,-0.006,,,,2008-09-17T01:00Z,5.7375,0.604167,0.577778,120.666667,0.053784,-0.310477,-0.293837,-0.282508,,-0.293818,-0.1997,-0.29385,-0.279676,-0.275333,,,,33.886,,,,,SON,0,0,KEO,5.767345,1.0,0.010772
0.93,,0.616667,B_subtropical_midlatitude_5,-0.362703,0.000285,0.000222,,,-0.0008,,,True,0.029,0.029,0.009333,,0.009,,,,2008-09-28T20:00Z,0.802917,0.582639,0.556944,20.733333,,0.021035,0.021451,0.021476,,0.021096,0.013873,0.021512,0.022925,0.024006,,,,34.082,,,,,SON,1,2,KEO,9.244049,1.0,0.002246
10.33,0.973147,34.606667,B_subtropical_midlatitude_5,1.202246,-0.016967,-0.014596,,,-0.051373,,,True,-0.095,,-0.0704,,,,,,2008-10-01T03:00Z,7.379167,24.250833,22.808889,34.89,0.092214,-0.192441,-0.162656,-0.158288,,-0.184311,,-0.170091,-0.14542,-0.128046,,,,34.128,,,,,SON,1,2,KEO,8.537843,1.0,0.164237
13.565,0.968121,20.375,B_subtropical_midlatitude_5,0.404367,-0.024224,-0.02028,,,-0.031919,,,True,-0.036,-0.036,-0.095667,,-0.1,,,,2008-10-07T19:00Z,9.399583,15.276875,14.427917,61.841667,0.105471,-0.238385,-0.198612,-0.192281,,-0.226095,-0.251617,-0.222511,-0.171675,-0.14788,,,,34.1835,,,,,SON,1,2,KEO,7.707901,1.0,0.140848
6.455,0.969862,42.965,B_subtropical_midlatitude_5,1.882482,-0.006911,-0.005775,,,-0.056248,,,True,-0.09,-0.09,0.015167,,-0.019,,,,2008-10-11T04:00Z,2.16,28.703958,26.91375,93.398333,0.134087,-0.059765,-0.044405,-0.043067,,-0.057093,-0.058648,-0.058033,-0.033955,-0.026921,,,,33.915,,,,,SON,1,2,KEO,9.008647,1.0,0.172946
4.16,0.970847,7.3,B_subtropical_midlatitude_5,0.552211,-0.006672,-0.005604,,,-0.011349,,,True,0.011,0.011,-0.012167,,-0.014,,,,2008-10-26T18:00Z,2.694583,6.181944,5.877778,12.425,0.063858,-0.104851,-0.090395,-0.08776,,-0.100124,-0.07685,-0.076467,-0.081861,-0.076053,,,,34.0035,,,,,SON,0,0,KEO,9.835571,1.0,0.020707
15.2,0.84094,21.483333,B_subtropical_midlatitude_5,0.344069,-0.040959,-0.030432,,,-0.042157,,,True,-0.0575,-0.0575,-0.039,,-0.0175,,,,2008-10-31T21:00Z,10.440833,13.921528,13.026389,21.483333,0.063129,-0.709652,-0.573236,-0.482057,,-0.530097,-0.320516,-0.520063,-0.442826,-0.394806,,,,34.174,,,,,SON,1,2,KEO,5.112445,1.0,0.479543
4.745,0.978377,12.15,B_subtropical_midlatitude_5,0.927579,-0.003818,-0.003258,,,-0.014305,,,True,-0.0105,-0.0105,0.008167,,0.013,,,,2008-11-03T02:00Z,2.270417,7.315972,6.809722,20.3,0.136993,-0.0324,-0.024308,-0.023782,,-0.031436,-0.019106,-0.020845,-0.012575,-0.001133,,,,34.1735,,,,,SON,1,2,KEO,9.742014,1.0,0.037215
15.81,0.989264,13.5,B_subtropical_midlatitude_5,-0.156878,-0.019158,-0.017453,,,-0.013411,,,True,0.0075,0.0075,-0.034333,,-0.0445,,,,2008-11-07T04:00Z,12.1875,10.826389,10.263889,14.3,0.096026,-0.206328,-0.183728,-0.181755,,-0.20272,-0.174007,-0.16708,-0.173598,-0.160928,,,,34.241,,,,,SON,1,2,KEO,12.705663,1.0,0.015445
9.55,0.928493,14.3,B_subtropical_midlatitude_5,0.40027,-0.011957,-0.009823,,,-0.014635,,,True,-0.025,-0.025,-0.036167,,-0.0475,,,,2008-11-27T16:00Z,4.809583,6.3375,5.741667,14.3,0.032499,-0.351791,-0.325516,-0.302239,,-0.312206,-0.267288,-0.304385,-0.303818,-0.300855,,,,34.11,,,,,SON,1,2,KEO,9.36175,1.0,0.04258
11.035,0.976297,4.216667,B_subtropical_midlatitude_5,-0.94761,-0.011956,-0.00994,,,-0.003807,,,True,0.007,0.007,0.085333,,0.0815,,,,2008-12-09T17:00Z,4.334583,1.074306,0.898611,12.916667,0.129834,-0.103159,-0.078418,-0.07656,,-0.099078,-0.077041,-0.074237,-0.063418,-0.054476,,,,34.2115,,,,,DJF,1,2,KEO,10.427094,1.0,0.009939
8.615,0.94547,7.433333,B_subtropical_midlatitude_5,-0.145708,-0.022013,-0.017242,,,-0.013984,,,True,-0.0275,-0.0275,-0.02,,-0.02,,,,2008-12-13T20:00Z,4.96375,4.329167,4.019444,16.266667,0.075157,-0.290339,-0.242644,-0.229413,,-0.265213,-0.235903,-0.225794,-0.211279,-0.188913,,,,34.4075,,,,,DJF,1,2,KEO,5.344829,1.0,0.161102
9.295,0.975231,9.683333,B_subtropical_midlatitude_5,0.040503,-0.014248,-0.01216,,,-0.010945,,,True,0.0265,0.0265,0.021333,,0.033,,,,2008-12-17T12:00Z,5.210833,4.782639,4.379167,14.683333,0.098699,-0.152597,-0.126336,-0.123206,,-0.146421,-0.104707,-0.127074,-0.108051,-0.096465,,,,34.4905,,,,,DJF,1,2,KEO,8.785317,1.0,0.042842
10.97,0.987901,2.23,B_subtropical_midlatitude_5,-1.55837,-0.010018,-0.008983,,,-0.002229,,,True,0.0145,0.0145,0.0095,,0.0105,,,,2009-01-22T20:00Z,6.608333,1.625972,1.533056,10.163333,0.092032,-0.115272,-0.098807,-0.097611,,-0.113052,-0.095218,-0.108756,-0.089066,-0.079359,,,,34.551,,,,,DJF,1,2,KEO,12.406884,1.0,0.002773
6.665,0.996355,3.95,B_subtropical_midlatitude_5,-0.513045,-0.008012,-0.006991,,,-0.004735,,,True,-0.0185,-0.0185,-0.010167,,-0.0105,,,,2009-02-27T08:00Z,4.023333,2.740972,2.576389,12.488333,0.093925,-0.089106,-0.074701,-0.074429,,-0.085168,-0.072379,-0.076403,-0.06855,-0.062102,,,,34.655,,,,,DJF,1,2,KEO,10.574974,1.0,0.008925
7.64,0.986847,5.951667,B_subtropical_midlatitude_5,-0.246068,-0.00549,-0.005123,,,-0.004771,,,True,-0.0055,-0.0055,-0.004167,,-0.0055,,,,2009-03-01T00:00Z,3.455,3.163681,2.915694,12.768333,0.060189,-0.091349,-0.086244,-0.085109,,-0.08974,-0.083454,-0.086442,-0.07825,-0.080716,,,,34.651,,,,,MAM,0,0,KEO,11.721804,1.0,0.009308
16.335,0.9957,9.983333,B_subtropical_midlatitude_5,-0.488529,-0.007944,-0.00752,,,-0.006524,,,True,-0.0155,-0.0155,-0.0085,,-0.01,,,,2009-03-03T22:00Z,7.854583,4.900694,4.484722,17.733333,0.100604,-0.087841,-0.075073,-0.07475,,-0.087045,-0.086002,-0.074267,-0.067984,-0.063841,,,,34.657,,,,,MAM,1,2,KEO,15.355442,1.0,0.005505
15.525,0.731698,5.9,B_subtropical_midlatitude_5,-0.957113,-0.059419,-0.032379,,,-0.01598,,,True,-0.0205,-0.0205,-0.010167,,-0.0115,,,,2009-03-07T23:00Z,8.42375,2.6625,2.416667,10.25,0.041305,-1.572131,-1.071365,-0.783915,,-0.774761,-0.864381,-0.796437,-0.794766,-0.82678,,,,34.652,,,,,MAM,1,2,KEO,1.970736,1.0,1.319731
24.17,0.98407,13.65,B_subtropical_midlatitude_5,-0.568202,-0.015955,-0.015535,,,-0.008899,,,True,-0.014,-0.014,-0.013667,,-0.009,,,,2009-03-09T15:00Z,9.915417,6.067361,5.498611,33.95,0.069668,-0.242523,-0.226594,-0.222985,,-0.24016,-0.20392,-0.202245,-0.208948,-0.19865,,,,34.6505,,,,,MAM,0,0,KEO,13.982265,1.0,0.010401
21.88,0.987056,10.5,B_subtropical_midlatitude_5,-0.729279,-0.023152,-0.020799,,,-0.008646,,,True,-0.015,-0.015,-0.018667,,-0.013,,,,2009-03-20T09:00Z,15.0,5.0375,4.6,10.5,0.120914,-0.205234,-0.174271,-0.172016,,-0.201091,-0.142673,-0.158724,-0.156034,-0.138551,,,,34.6895,,,,,MAM,1,2,KEO,13.088945,1.0,0.010706
26.045,0.992407,10.133333,B_subtropical_midlatitude_5,-0.938008,-0.017489,-0.016163,,,-0.005859,,,True,-0.013,-0.013,-0.006,,-0.008,,,,2009-03-22T16:00Z,13.21875,4.869444,4.447222,10.133333,0.121412,-0.16203,-0.134148,-0.133129,,-0.160092,-0.163994,-0.133206,-0.116394,-0.101215,,,,34.694,,,,,MAM,1,2,KEO,16.423804,1.0,0.004265
1.465,0.969541,17.033333,B_subtropical_midlatitude_5,2.39314,-0.002183,-0.001837,,,-0.024599,,,True,0.02,0.02,-0.038667,,-0.0865,,,,2009-03-24T07:00Z,0.5775,13.443056,12.733333,51.916667,0.096988,-0.024116,-0.019531,-0.018936,,-0.022964,-0.01332,-0.017549,-0.01537,-0.010884,,,,34.6825,,,,,MAM,0,0,KEO,9.111258,1.0,0.067192
4.435,0.978017,4.033333,B_subtropical_midlatitude_5,-0.092741,-0.006005,-0.005148,,,-0.005991,,,True,0.0185,0.0185,-0.004167,,0.002,,,,2009-04-05T07:00Z,2.49375,3.609722,3.441667,18.65,0.067442,-0.086743,-0.078043,-0.076327,,-0.083533,-0.073307,-0.082288,-0.07531,-0.071348,,,,34.6765,,,,,MAM,1,2,KEO,8.471448,1.0,0.020551
16.025,0.985532,14.233333,B_subtropical_midlatitude_5,-0.117783,-0.013667,-0.012144,,,-0.010863,,,True,-0.0205,-0.0205,-0.012167,,-0.014,,,,2009-04-12T02:00Z,5.950833,5.915278,5.322222,20.383333,0.13141,-0.117758,-0.093768,-0.092411,,-0.115107,-0.096654,-0.098916,-0.078859,-0.066112,,,,34.6825,,,,,MAM,1,2,KEO,12.340488,1.0,0.01843
18.345,0.996314,26.233333,B_subtropical_midlatitude_5,0.356042,-0.010585,-0.009735,,,-0.019546,,,True,-0.0175,-0.0175,-0.0165,,-0.0145,,,,2009-04-14T20:00Z,12.1475,17.615278,16.522222,26.233333,0.100695,-0.105175,-0.097032,-0.096675,,-0.104259,-0.106245,-0.094224,-0.097466,-0.098967,,,,34.6775,,,,,MAM,1,2,KEO,14.634147,1.0,0.017253
5.18,0.991018,6.016667,B_subtropical_midlatitude_5,0.147091,-0.006573,-0.006137,,,-0.00479,,,True,-0.005,-0.005,-0.001833,,-0.0025,,,,2009-04-25T07:00Z,3.594167,4.382639,4.131944,11.883333,0.075787,-0.089882,-0.081708,-0.080974,,-0.088686,-0.070333,-0.0784,-0.076682,-0.071294,,,,34.6995,,,,,MAM,1,2,KEO,14.830315,1.0,0.003794
0.0,,4.316667,B_subtropical_midlatitude_5,3.78797,7.5e-05,7.1e-05,,,-0.007251,,,True,0.0345,0.0345,0.046,,0.054,,,,2009-05-18T13:00Z,0.0,3.764583,3.584722,39.233333,,0.000732,-0.000272,-0.000277,,0.000652,-0.00011,-0.01437,-0.000233,-0.001639,,,,34.6165,,,,,MAM,1,2,KEO,7.84371,1.0,0.028628
20.205,0.993221,10.766667,B_subtropical_midlatitude_5,-0.625167,-0.013277,-0.012406,,,-0.008305,,,True,-0.0255,-0.0255,0.011,,0.01,,,,2009-05-27T16:00Z,10.786667,5.934722,5.486111,37.408333,0.084307,-0.163752,-0.148156,-0.147151,,-0.162119,-0.150378,-0.150767,-0.142159,-0.134297,,,,34.569,,,,,MAM,1,2,KEO,13.553713,1.0,0.009691
8.35,0.97184,14.116667,B_subtropical_midlatitude_5,0.520249,-0.012371,-0.010442,,,-0.019237,,,True,-0.0415,-0.0415,-0.030333,,-0.0305,,,,2009-06-03T18:00Z,4.165417,9.645139,9.056944,14.683333,0.093048,-0.140111,-0.115473,-0.112221,,-0.134032,-0.076615,-0.112218,-0.098045,-0.083098,,,,34.6715,,,,,JJA,1,2,KEO,8.724957,1.0,0.064922
9.66,0.964152,1.216667,B_subtropical_midlatitude_5,-2.003189,-0.018305,-0.015548,,,-0.001799,,,True,-0.0055,-0.0055,-0.004333,,-0.006,,,,2009-06-12T03:00Z,6.2275,0.924306,0.873611,10.9,0.067695,-0.27145,-0.23822,-0.229681,,-0.256907,-0.202036,-0.21909,-0.215046,-0.193465,,,,34.53,,,,,JJA,1,2,KEO,8.2451,1.0,0.006582
34.31,0.853704,15.1,B_subtropical_midlatitude_5,-0.817052,-0.033975,-0.034239,,,-0.020306,,,True,-0.0315,-0.0315,-0.038667,,-0.043,,,,2009-06-18T19:00Z,15.845833,8.173611,7.544444,15.1,0.036294,-1.151695,-1.105052,-0.943388,,-0.948516,-0.742519,-0.866907,-0.972365,-0.965865,,,,34.6085,,,,,JJA,1,2,KEO,7.653577,1.0,0.10244
38.84,0.942373,17.906667,B_subtropical_midlatitude_5,-0.77128,-0.103174,-0.082146,,,-0.037795,,,True,-0.2165,-0.2165,-0.168333,,-0.252,,,,2009-07-27T16:00Z,30.3525,14.326111,13.58,17.84,0.10114,-0.99424,-0.861865,-0.812198,,-0.904376,-0.864361,-0.804164,-0.769559,-0.712969,,,,34.423,,,,,JJA,1,2,KEO,5.960495,1.0,0.272373
4.55,0.975034,3.966667,B_subtropical_midlatitude_5,-0.134044,-0.011263,-0.01027,,,-0.005897,,,True,-0.218,-0.218,-0.157833,,-0.16,,,,2009-08-02T23:00Z,3.07125,3.434722,3.269444,41.066667,0.052253,-0.212248,-0.201586,-0.196553,,-0.204061,-0.199815,-0.202843,-0.203948,-0.198441,,,,34.4435,,,,,JJA,1,2,KEO,7.546741,1.0,0.027896
2.015,0.903606,7.521667,B_subtropical_midlatitude_5,1.28194,-0.006183,-0.004415,,,-0.017369,,,True,-0.064,-0.064,-0.052,,-0.064,,,,2009-09-07T16:00Z,1.847083,7.157153,6.84375,26.422828,0.051387,-0.112841,-0.09509,-0.085924,,-0.096073,-0.092377,-0.056136,-0.080236,-0.07416,,,,34.0645,,,,,SON,1,2,KEO,6.673642,1.0,0.080952
0.64,0.908559,55.06,B_subtropical_midlatitude_5,4.311343,-0.002688,-0.001673,,,-0.110672,,,True,-0.0705,-0.0705,-0.093,,-0.0705,,,,2009-10-05T02:00Z,0.233333,32.776667,30.4825,54.993333,0.051633,-0.0475,-0.035673,-0.032411,,-0.036197,-0.032233,-0.031731,-0.031593,-0.030127,,,,34.121,,,,,SON,1,2,KEO,4.116514,1.0,2.274247
4.14,0.960116,4.09,B_subtropical_midlatitude_5,-0.011863,3e-06,-0.000539,,,-0.006176,,,True,-0.0115,-0.0115,-0.006167,,-0.0115,,,,2010-04-15T15:00Z,1.97125,2.162083,1.991667,26.201667,0.017314,-0.034931,-0.032415,-0.031122,,-0.029893,-0.041662,-0.028893,-0.034408,-0.046709,,,,34.6625,,,,,MAM,1,2,KEO,5.802957,1.0,0.067128
17.285,0.981568,8.681667,B_subtropical_midlatitude_5,-0.682942,-0.021161,-0.018571,,,-0.00827,,,True,-0.002,-0.002,-0.0015,,-0.002,,,,2010-04-20T11:00Z,8.724167,3.801319,3.439583,11.375,0.126103,-0.178797,-0.150038,-0.147272,,-0.173792,-0.167346,-0.147233,-0.129838,-0.110508,,,,34.6635,,,,,MAM,1,2,KEO,11.08139,1.0,0.016891
11.695,0.968161,9.535,B_subtropical_midlatitude_5,-0.202273,-0.014965,-0.011889,,,-0.009763,,,True,-0.012,-0.012,-0.014333,,-0.012,,,,2010-04-23T08:00Z,3.380417,3.063819,2.666528,22.93,0.155911,-0.107272,-0.078763,-0.076255,,-0.101429,-0.060888,-0.076045,-0.056126,-0.046904,,,,34.6395,,,,,MAM,1,2,KEO,9.58176,1.0,0.030948
7.31,1.000965,1.361667,B_subtropical_midlatitude_5,-1.623253,-0.001592,-0.001425,,,-0.000997,,,True,-0.0015,-0.0015,-0.002833,,-0.0015,,,,2010-04-28T04:00Z,4.025,0.922708,0.865972,29.558333,0.065827,-0.023722,-0.02162,-0.021641,,-0.023446,-0.03679,-0.017484,-0.019215,-0.015364,,,,34.6625,,,,,MAM,1,2,KEO,13.837704,1.0,0.001134
29.85,0.99512,10.646667,B_subtropical_midlatitude_5,-1.024934,-0.018924,-0.017822,,,-0.007516,,,True,-0.0155,-0.0155,-0.020167,,-0.0155,,,,2010-05-11T00:00Z,18.386667,5.325,4.881389,11.876667,0.090081,-0.21353,-0.198815,-0.197845,,-0.212028,-0.203156,-0.201407,-0.196049,-0.192764,,,,34.668,,,,,MAM,1,2,KEO,13.920397,1.0,0.00866
19.455,0.96695,3.375,B_subtropical_midlatitude_5,-1.727637,-0.031464,-0.026507,,,-0.005651,,,True,-0.0065,-0.0065,-0.007,,-0.0065,,,,2010-06-08T02:00Z,9.894167,2.364653,2.224028,32.638333,0.070201,-0.440055,-0.390489,-0.377584,,-0.417788,-0.371154,-0.379913,-0.358084,-0.331784,,,,34.736,,,,,JJA,1,2,KEO,7.659915,1.0,0.023899
29.2,0.964873,14.668333,B_subtropical_midlatitude_5,-0.685102,-0.053045,-0.043814,,,-0.01949,,,True,-0.01,-0.01,-0.0155,,-0.01,,,,2010-06-14T20:00Z,17.534167,7.572708,6.961528,14.668333,0.121175,-0.448671,-0.374738,-0.361574,,-0.424454,-0.361229,-0.32872,-0.320984,-0.275541,,,,34.6985,,,,,JJA,1,2,KEO,7.626416,1.0,0.107099
11.49,1.000341,18.393333,B_subtropical_midlatitude_5,0.467268,-0.008884,-0.008367,,,-0.023442,,,True,-0.1475,-0.1475,-0.107167,,-0.1475,,,,2010-07-31T22:00Z,7.939167,11.254722,10.488333,18.12,0.071213,-0.127668,-0.117456,-0.117497,,-0.127456,-0.095114,-0.153231,-0.118224,-0.120822,,,,34.2865,,,,,JJA,1,2,KEO,8.362801,1.0,0.097019
0.99,0.97431,6.653333,B_subtropical_midlatitude_5,1.823859,-0.001464,-0.001224,,,-0.009684,,,True,-0.0015,-0.0015,0.001667,,-0.0015,,,,2010-09-22T19:00Z,0.81,5.698056,5.420833,11.45,0.080134,-0.017886,-0.01568,-0.015277,,-0.017304,-0.016737,-0.00642,-0.014924,-0.014224,,,,34.2275,,,,,SON,0,0,KEO,8.798898,1.0,0.029431
33.44,0.947614,21.031667,B_subtropical_midlatitude_5,-0.461966,-0.057822,-0.045347,,,-0.028589,,,True,-0.014,-0.014,-0.0345,,-0.017,,,,2010-10-10T17:00Z,16.245,11.627569,10.75125,20.673333,0.160937,-0.398896,-0.297342,-0.281765,,-0.362907,-0.252867,-0.266654,-0.217123,-0.167968,,,,34.5905,,,,,SON,1,2,KEO,8.290154,1.0,0.108613
4.005,0.989058,44.15,B_subtropical_midlatitude_5,2.37765,-0.00238,-0.002142,,,-0.030628,,,True,0.017,0.017,-0.0155,,0.017,,,,2010-10-18T15:00Z,1.682083,14.224028,12.384444,70.458333,0.095014,-0.027784,-0.022799,-0.022549,,-0.027319,-0.018645,-0.035459,-0.019745,-0.018923,,,,34.624,,,,,SON,0,0,KEO,12.135282,1.0,0.060747
4.71,0.972521,7.896667,B_subtropical_midlatitude_5,0.508328,-0.007282,-0.006303,,,-0.009159,,,True,-0.0275,-0.0275,-0.0175,,-0.027,,,,2010-11-25T22:00Z,3.677917,7.534861,7.205833,21.695,0.099403,-0.077656,-0.065205,-0.063413,,-0.074425,-0.081779,-0.069665,-0.055926,-0.047156,,,,34.6385,,,,,SON,1,2,KEO,8.282593,1.0,0.03929
17.53,0.964432,5.858333,B_subtropical_midlatitude_5,-1.084811,-0.022444,-0.018511,,,-0.006692,,,True,-0.005,-0.005,-0.0105,,-0.0085,,,,2010-12-01T05:00Z,6.555833,2.437292,2.193194,11.558333,0.117273,-0.207427,-0.163664,-0.157843,,-0.196433,-0.164147,-0.156698,-0.12979,-0.105018,,,,34.649,,,,,DJF,1,2,KEO,8.520561,1.0,0.028963
8.445,0.921435,6.823333,B_subtropical_midlatitude_5,-0.210449,-0.017713,-0.013114,,,-0.012036,,,True,-0.0135,-0.0135,-0.012667,,-0.015,,,,2010-12-16T05:00Z,4.153333,3.145694,2.861389,24.488333,0.08454,-0.220534,-0.168343,-0.155117,,-0.192746,-0.173578,-0.156184,-0.130901,-0.107479,,,,34.634,,,,,DJF,1,2,KEO,6.005998,1.0,0.101434
9.815,0.95724,38.696667,B_subtropical_midlatitude_5,1.364286,-0.018168,-0.015118,,,-0.064599,,,True,-0.197,-0.043,-0.04025,,-0.046,,,,2011-11-22T19:00Z,6.225417,27.686806,26.074444,38.688333,0.079667,-0.234618,-0.198246,-0.189769,,-0.218547,-0.271248,-0.197778,-0.170751,-0.148718,,,,34.593,,,,,SON,1,2,KEO,8.131926,1.0,0.204965
28.805,0.986841,24.818333,B_subtropical_midlatitude_5,-0.148411,-0.024564,-0.02177,,,-0.020738,,,True,-0.0045,-0.0045,-0.0235,,-0.008,,,,2011-11-28T21:00Z,10.649167,9.665347,8.63125,49.336667,0.129735,-0.201472,-0.170042,-0.167804,,-0.197423,-0.116268,-0.171302,-0.150724,-0.133799,,,,34.624,,,,,SON,1,2,KEO,11.659935,1.0,0.039786
14.005,0.991285,19.176667,B_subtropical_midlatitude_5,0.312366,-0.006596,-0.006073,,,-0.01358,,,True,0.0355,0.0355,0.0335,,0.036,,,,2011-12-01T20:00Z,5.392083,8.280417,7.481389,19.386667,0.099738,-0.072897,-0.061421,-0.060885,,-0.071766,-0.058527,-0.062477,-0.051772,-0.046626,,,,34.576,,,,,DJF,1,2,KEO,13.532587,1.0,0.016993
6.11,0.851121,4.238333,B_subtropical_midlatitude_5,-0.358671,-0.01512,-0.011218,,,-0.008111,,,True,0.004,0.004,0.001667,,0.0,,,,2011-12-08T07:00Z,3.358333,2.972014,2.795417,14.303333,0.060169,-0.272269,-0.219044,-0.186433,,-0.209285,-0.203252,-0.168631,-0.166724,-0.144396,,,,34.465,,,,,DJF,1,2,KEO,6.792248,1.0,0.038884
10.48,0.983024,12.771667,B_subtropical_midlatitude_5,0.196063,-0.013229,-0.011799,,,-0.017471,,,True,0.0145,0.0145,0.0005,,-0.0055,,,,2012-01-01T17:00Z,7.312917,6.571458,6.039306,15.313333,0.100286,-0.137487,-0.119689,-0.117657,,-0.133842,-0.123364,-0.116852,-0.110505,-0.101088,,,,34.6895,,,,,DJF,1,2,KEO,9.624313,1.0,0.036479
16.065,0.885796,10.173333,B_subtropical_midlatitude_5,-0.453297,-0.028772,-0.022145,,,-0.012582,,,True,-0.0275,-0.0275,-0.022167,,-0.028,,,,2012-01-16T01:00Z,5.979583,3.779722,3.355833,14.013333,0.069441,-0.438558,-0.360022,-0.318905,,-0.365059,-0.343645,-0.329244,-0.285015,-0.247009,,,,34.7475,,,,,DJF,1,2,KEO,6.224568,1.0,0.119639
12.41,0.98314,8.656667,B_subtropical_midlatitude_5,-0.356713,-0.012227,-0.010724,,,-0.006979,,,True,-0.0065,-0.0065,-0.009333,,-0.014,,,,2012-01-22T07:00Z,5.494583,3.835417,3.474722,13.248333,0.141208,-0.096088,-0.077244,-0.075942,,-0.0936,-0.110532,-0.072897,-0.062475,-0.045705,,,,34.717,,,,,DJF,1,2,KEO,13.605018,1.0,0.007499
6.985,0.929383,4.366667,B_subtropical_midlatitude_5,-0.461337,-0.0104,-0.007499,,,-0.00594,,,True,-0.0245,-0.0245,-0.026167,,-0.0225,,,,2012-02-15T03:00Z,1.799583,2.028889,1.846944,20.858333,0.136037,-0.090126,-0.059314,-0.055125,,-0.080346,-0.029114,-0.060328,-0.03828,-0.027984,,,,34.7555,,,,,DJF,1,2,KEO,6.600305,1.0,0.050503
9.595,0.998214,5.666667,B_subtropical_midlatitude_5,-0.519516,-0.00296,-0.002795,,,-0.003727,,,True,-0.014,-0.014,-0.009833,,-0.0095,,,,2012-02-29T01:00Z,4.248333,2.459167,2.223056,19.605,0.050218,-0.054742,-0.055752,-0.055653,,-0.054694,-0.058473,-0.056504,-0.060725,-0.064372,,,,34.7305,,,,,DJF,1,2,KEO,14.940773,1.0,0.003492
10.305,1.003842,0.761667,B_subtropical_midlatitude_5,-2.491173,-0.00434,-0.004295,,,-0.000473,,,True,-0.005,-0.005,-0.004,,-0.005,,,,2012-03-17T15:00Z,8.249167,0.645486,0.61375,12.143333,0.057369,-0.076748,-0.074582,-0.074869,,-0.077246,-0.092279,-0.079043,-0.08188,-0.092404,,,,34.7315,,,,,MAM,1,2,KEO,14.545117,1.0,0.000523
25.985,0.947225,7.465,B_subtropical_midlatitude_5,-1.237828,-0.0546,-0.044521,,,-0.013666,,,True,-0.02,-0.02,-0.020333,,-0.0215,,,,2012-05-17T02:00Z,15.071667,4.174236,3.863194,24.651667,0.065597,-0.785762,-0.716525,-0.67871,,-0.724836,-0.618605,-0.691429,-0.66822,-0.636682,,,,34.632,,,,,MAM,1,2,KEO,6.023872,1.0,0.113426
38.215,0.987668,7.436667,B_subtropical_midlatitude_5,-1.626061,-0.038367,-0.0348,,,-0.00609,,,True,-0.089,-0.089,-0.019333,,-0.0185,,,,2012-05-20T14:00Z,20.009583,3.572083,3.262222,16.218333,0.112736,-0.359134,-0.312536,-0.308682,,-0.35267,-0.280931,-0.31847,-0.288561,-0.266047,,,,34.603,,,,,MAM,1,2,KEO,12.487162,1.0,0.009187
49.72,0.999754,22.261667,B_subtropical_midlatitude_5,-0.801068,-0.026657,-0.024985,,,-0.01417,,,True,-0.3125,-0.3125,-0.041167,,-0.038,,,,2012-06-05T17:00Z,31.32875,11.649653,10.722083,23.183333,0.129346,-0.209341,-0.193208,-0.19316,,-0.208458,-0.205777,-0.191464,-0.193418,-0.183532,,,,34.589,,,,,JJA,1,2,KEO,15.380793,1.0,0.012028
2.27,,1.861667,B_subtropical_midlatitude_5,-0.189096,-0.002138,-0.001543,,,-0.004721,,,True,-0.0285,-0.0285,-0.023667,,-0.0285,,,,2012-06-24T13:00Z,1.07625,1.537986,1.460417,20.043333,,0.016013,0.03031,0.036263,,0.033145,0.014068,0.035531,0.040151,0.049504,,,,34.5205,,,,,JJA,0,0,KEO,4.059474,1.0,0.085292
19.315,0.964072,28.126667,B_subtropical_midlatitude_5,0.374221,-0.028948,-0.024077,,,-0.034471,,,True,-0.057,-0.057,-0.051167,,-0.0595,,,,2012-06-28T16:00Z,9.54125,13.980556,12.808611,28.126667,0.092294,-0.326217,-0.270594,-0.260872,,-0.30875,-0.307524,-0.275405,-0.231384,-0.19877,,,,34.528,,,,,JJA,1,2,KEO,8.148827,1.0,0.160525
17.42,0.979545,53.475,B_subtropical_midlatitude_5,1.117739,-0.017959,-0.015536,,,-0.061384,,,True,-0.072,-0.072,-0.130567,,-0.083,,,,2012-07-07T18:00Z,6.514167,41.611042,39.382917,54.83,0.156839,-0.129513,-0.101123,-0.099054,,-0.125417,-0.057943,-0.099324,-0.080439,-0.065944,,,,34.4892,,,,,JJA,1,2,KEO,10.744566,1.0,0.115973
12.92,0.840549,19.611667,B_subtropical_midlatitude_5,0.414724,-0.044827,-0.031492,,,-0.045128,,,True,-0.0615,-0.0615,-0.070183,,-0.0599,,,,2012-07-19T20:00Z,7.524167,10.920625,10.103472,27.515,0.081094,-0.602807,-0.462015,-0.388346,,-0.454481,-0.388869,-0.430137,-0.329215,-0.262129,,,,34.19845,,,,,JJA,1,2,KEO,3.974278,1.0,0.898229
31.535,0.985861,28.466667,B_subtropical_midlatitude_5,-0.102024,-0.032808,-0.029454,,,-0.02358,,,True,-0.025,-0.025,-0.013783,,-0.01915,,,,2012-08-06T08:00Z,15.719583,14.501667,13.315556,33.116667,0.117838,-0.29332,-0.253539,-0.249954,,-0.286995,-0.240313,-0.257874,-0.228095,-0.20207,,,,33.976,,,,,JJA,1,2,KEO,11.787844,1.0,0.04304
4.345,0.652595,10.091667,B_subtropical_midlatitude_5,0.829791,-0.02035,-0.017711,,,-0.034976,,,True,-0.0165,-0.0165,-0.058,,-0.1706,,,,2012-08-16T22:00Z,4.07625,8.351458,7.930972,10.055,0.047157,-0.764686,-0.575526,-0.375585,,-0.390876,-0.340048,-0.387112,-0.356387,-0.331669,,,,33.9577,,,,,JJA,1,2,KEO,2.468632,1.0,1.355614
1.785,,13.215,B_subtropical_midlatitude_5,1.954963,0.012522,0.009278,,,-0.030012,,,True,0.091,0.091,-0.007867,,0.0837,,,,2012-09-01T06:00Z,1.0625,10.847431,10.296806,14.446667,,0.083928,0.06202,0.05627,,0.073994,0.018578,0.045573,0.053378,0.049132,,,,34.2265,,,,,SON,1,2,KEO,5.805097,1.0,0.217085
13.435,0.984256,6.318333,B_subtropical_midlatitude_5,-0.74612,-0.011814,-0.010338,,,-0.007732,,,True,-0.0325,-0.0325,-0.035883,,-0.0317,,,,2012-10-02T23:00Z,5.21375,5.819514,5.55625,18.513333,0.119725,-0.108544,-0.087732,-0.086351,,-0.105797,-0.079744,-0.093745,-0.072748,-0.059933,,,,34.68285,,,,,SON,1,2,KEO,10.840629,1.0,0.013338
18.63,0.982292,35.041667,B_subtropical_midlatitude_5,0.629261,-0.038734,-0.035269,,,-0.052528,,,True,-0.0145,-0.0145,0.036483,,-0.0272,,,,2012-10-06T04:00Z,16.755,28.533264,27.073194,41.848333,0.09177,-0.406977,-0.391254,-0.384325,,-0.397212,-0.277274,-0.386971,-0.391838,-0.384697,,,,34.4912,,,,,SON,1,2,KEO,8.238418,1.0,0.196114
38.4,0.886939,33.96,B_subtropical_midlatitude_5,-0.122535,-0.079189,-0.060885,,,-0.056838,,,True,-0.1655,-0.1655,-0.1237,,-0.1548,,,,2012-10-14T22:00Z,22.450833,23.354444,21.939444,33.815,0.147194,-0.602398,-0.466361,-0.413634,,-0.497459,-0.550822,-0.444568,-0.337002,-0.260344,,,,34.3391,,,,,SON,1,2,KEO,6.741636,1.0,0.317813
0.525,0.939492,24.258333,B_subtropical_midlatitude_5,3.662878,-0.001825,-0.001439,,,-0.066982,,,True,-0.1295,-0.1295,-0.294583,,-0.14355,,,,2012-10-26T12:00Z,0.48125,22.770903,21.760139,42.833333,0.068089,-0.026384,-0.022488,-0.021128,,-0.023905,-0.009221,-0.007489,-0.019275,-0.017306,,,,34.39465,,,,,SON,1,2,KEO,4.169709,1.0,1.005358
12.895,0.973159,15.506667,B_subtropical_midlatitude_5,0.183134,-0.020738,-0.017681,,,-0.020859,,,True,-0.066,-0.066,-0.067833,,-0.06675,,,,2012-10-29T02:00Z,8.500417,7.659167,7.013056,23.338333,0.106993,-0.207085,-0.169815,-0.165257,,-0.197968,-0.162865,-0.17734,-0.145845,-0.127445,,,,34.4651,,,,,SON,1,2,KEO,8.297323,1.0,0.081976
4.52,0.67877,6.331667,B_subtropical_midlatitude_5,0.330839,-0.014071,-0.009766,,,-0.018601,,,True,-0.041,-0.041,-0.126683,,-0.10835,,,,2012-11-01T00:00Z,2.354167,4.678125,4.414306,10.433333,0.045837,-0.3431,-0.3139,-0.213066,,-0.239388,-0.16975,-0.238777,-0.184597,-0.157393,,,,34.44085,,,,,SON,1,2,KEO,3.109495,1.0,0.538818
6.83,0.990952,16.636667,B_subtropical_midlatitude_5,0.881742,-0.00653,-0.005988,,,-0.016779,,,True,-0.0415,-0.0415,-0.02735,,-0.04395,,,,2012-11-17T20:00Z,5.288333,15.730139,15.036944,16.636667,0.080288,-0.083775,-0.075259,-0.074578,,-0.082604,-0.078079,-0.074631,-0.071785,-0.066753,,,,34.75585,,,,,SON,1,2,KEO,13.462303,1.0,0.015403
23.22,0.990607,27.085,B_subtropical_midlatitude_5,0.153354,-0.015913,-0.014632,,,-0.016212,,,True,-0.029,-0.029,-0.0297,,-0.0275,,,,2012-12-02T20:00Z,11.472083,8.895903,7.767361,40.883333,0.075725,-0.209831,-0.195056,-0.193224,,-0.207062,-0.171337,-0.19027,-0.191694,-0.180227,,,,34.72235,,,,,DJF,1,2,KEO,13.416657,1.0,0.025289
12.59,,37.035,B_subtropical_midlatitude_5,1.073746,-0.047214,-0.028518,,,-0.080294,,,True,-0.477,-0.477,-0.5087,,-0.7721,,,,2014-08-06T22:00Z,6.995,23.897153,22.354028,63.673333,0.081767,-0.813097,-0.512189,-0.348774,,-0.390104,-0.365371,-0.454338,-0.315955,-0.281215,,,,34.593,,,,,JJA,1,2,KEO,4.066492,1.3,2.106547
0.0,,15.313333,B_subtropical_midlatitude_5,5.037818,1.5e-05,1.5e-05,,,-0.016142,,,True,-0.055,-0.055,-0.044717,,-0.06645,,,,2014-08-10T21:00Z,0.0,9.940278,9.302222,15.311667,,0.000425,0.000425,0.00042,,0.00042,0.000537,0.000371,0.000455,0.000496,,,,34.51475,,,,,JJA,1,2,KEO,10.565988,1.3,0.046119
0.0,,1.216667,B_subtropical_midlatitude_5,2.577688,0.0,0.0,,,-0.001583,,,True,-0.047,-0.047,-0.045633,,-0.0459,,,,2014-08-26T19:00Z,0.0,1.165972,1.115278,12.358333,,0.0,0.0,0.0,,0.0,0.0,0.0,0.0,0.0,,,,34.4273,,,,,JJA,1,2,KEO,10.100378,1.3,0.004314
18.795,,36.915,B_subtropical_midlatitude_5,0.672426,-0.01625,-0.014842,,,-0.029114,,,True,-0.052,-0.052,-0.084233,,-0.048967,,,,2014-09-08T19:00Z,15.004583,33.967708,32.429583,39.635,0.10451,-0.160322,-0.143956,-0.142014,,-0.157587,-0.115969,-0.13032,-0.137473,-0.131342,,,,34.4832,,,,,SON,1,2,KEO,16.999978,1.3,0.01703
7.165,,8.253333,B_subtropical_midlatitude_5,0.139592,-0.033258,-0.018926,,,-0.014991,,,True,-0.011,-0.011,-0.01265,,-0.0144,,,,2014-09-17T02:00Z,4.115417,3.171667,2.827778,13.726667,0.065908,-0.682122,-0.49213,-0.287159,,-0.31116,-0.293319,-0.298386,-0.250565,-0.216264,,,,34.37195,,,,,SON,1,2,KEO,2.989631,1.3,0.990277
4.465,,1.981667,B_subtropical_midlatitude_5,-0.78525,-0.003824,-0.003403,,,-0.001734,,,True,-0.012,-0.012,-0.00545,,-0.0103,,,,2014-09-26T19:00Z,2.185,1.714097,1.631528,11.888333,0.096124,-0.042565,-0.036082,-0.0354,,-0.041511,-0.037316,-0.036173,-0.031435,-0.028081,,,,34.5251,,,,,SON,1,2,KEO,14.033437,1.3,0.002016
6.76,,1.405,B_subtropical_midlatitude_5,-1.516915,-0.007132,-0.005544,,,-0.001333,,,True,0.026,0.026,0.015267,,0.0245,,,,2014-10-03T00:00Z,1.839167,0.619792,0.56125,58.045,0.146688,-0.056819,-0.040369,-0.037793,,-0.052083,-0.017187,-0.039183,-0.028025,-0.019239,,,,34.4115,,,,,SON,0,0,KEO,9.052444,1.3,0.007339
14.9,,22.011667,B_subtropical_midlatitude_5,0.388055,-0.014726,-0.012418,,,-0.019167,,,True,-0.035,-0.035,-0.046317,,-0.0501,,,,2014-11-01T13:00Z,7.324583,12.405347,11.488194,33.635,0.125367,-0.126085,-0.102334,-0.099051,,-0.120635,-0.137717,-0.095521,-0.085232,-0.076648,,,,34.47625,,,,,SON,1,2,KEO,11.327897,1.3,0.050944
37.405,,21.446667,B_subtropical_midlatitude_5,-0.554253,-0.050611,-0.041364,,,-0.02601,,,True,-0.064,-0.064,-0.0683,,-0.0645,,,,2014-11-09T11:00Z,20.402917,14.279444,13.385833,28.166667,0.129916,-0.401564,-0.334022,-0.318387,,-0.376698,-0.329295,-0.319391,-0.280826,-0.242513,,,,34.28645,,,,,SON,1,2,KEO,9.365435,1.3,0.09897
28.385,,15.82,B_subtropical_midlatitude_5,-0.581801,-0.024144,-0.021243,,,-0.012303,,,True,-0.042,-0.042,-0.09035,,-0.05815,,,,2014-12-04T12:00Z,16.157083,9.833889,9.174722,17.45,0.134418,-0.196129,-0.161681,-0.158035,,-0.190374,-0.114305,-0.155414,-0.138422,-0.118507,,,,34.51415,,,,,DJF,1,2,KEO,14.102607,1.3,0.01574
0.08,,2.085,B_subtropical_midlatitude_5,2.496414,1.5e-05,4.2e-05,,,-0.003816,,,True,-0.01,-0.01,-0.006717,,-0.01175,,,,2014-12-08T12:00Z,0.006667,1.955347,1.868472,13.881667,,0.001722,0.000797,0.000602,,0.001663,0.000737,-0.000106,-0.000493,-0.001767,,,,34.55205,,,,,DJF,0,0,KEO,6.892598,1.3,0.027121
0.705,,2.915,B_subtropical_midlatitude_5,1.320513,-0.000821,-0.000734,,,-0.002293,,,True,-0.0025,-0.0025,-0.0012,,-0.00175,,,,2015-01-26T12:00Z,0.13,1.441042,1.319583,27.058333,0.076788,-0.010953,-0.009739,-0.009564,,-0.010699,-0.010172,-0.008613,-0.009509,-0.008876,,,,34.76615,,,,,DJF,0,0,KEO,12.733308,1.3,0.004378
0.445,,40.871667,B_subtropical_midlatitude_5,4.31985,-0.001731,-0.001467,,,-0.100539,,,True,-0.5725,-0.5725,-0.7224,,-0.78965,,,,2015-09-14T01:00Z,0.445,38.886458,37.183472,40.846667,0.016035,-0.154584,-0.143596,-0.0915,,-0.088699,-0.085918,-0.084124,-0.086897,-0.082401,,,,34.55505,,,,,SON,1,2,KEO,3.546117,1.3,3.294087
0.0,,15.906667,B_subtropical_midlatitude_5,5.07559,0.0,0.0,,,-0.047596,,,True,-0.3805,-0.3805,-0.3769,,-0.36495,,,,2015-09-15T08:00Z,0.0,14.271944,13.609167,15.783333,,0.0,0.0,0.0,,0.0,0.0,0.0,0.0,0.0,,,,34.61985,,,,,SON,0,0,KEO,2.830858,1.3,2.133411
28.655,,50.54,B_subtropical_midlatitude_5,0.56593,-0.067312,-0.044646,,,-0.074465,,,True,-0.0505,-0.0505,-0.1602,,-0.1212,,,,2015-09-18T11:00Z,14.275,15.559167,13.453333,60.476667,0.096932,-0.729361,-0.563237,-0.460594,,-0.544569,-0.422117,-0.46021,-0.387268,-0.319309,,,,34.5214,,,,,SON,1,2,KEO,5.731129,1.3,1.131699
4.345,,3.195,B_subtropical_midlatitude_5,-0.299374,-0.004413,-0.003811,,,-0.002379,,,True,-0.034,-0.034,0.003833,,-0.0301,,,,2015-09-24T19:00Z,2.244167,1.502708,1.369583,11.863333,0.08924,-0.051932,-0.043925,-0.042705,,-0.050028,-0.043696,-0.05109,-0.039075,-0.035465,,,,34.4868,,,,,SON,0,0,KEO,12.165446,1.3,0.00564
14.94,,28.515,B_subtropical_midlatitude_5,0.643218,-0.023487,-0.020023,,,-0.041832,,,True,-0.1465,-0.1465,-0.10065,,-0.12175,,,,2015-09-27T04:00Z,8.014583,17.035764,15.847639,28.515,0.050457,-0.452188,-0.432342,-0.396837,,-0.411246,-0.314349,-0.424255,-0.394395,-0.380355,,,,34.4386,,,,,SON,0,0,KEO,7.403086,1.3,0.29039
10.745,,1.618333,B_subtropical_midlatitude_5,-1.842349,-0.009879,-0.008731,,,-0.000968,,,True,-0.001,-0.001,0.00075,,-0.0006,,,,2015-10-16T04:00Z,5.97625,0.611458,0.544028,44.728333,0.092662,-0.113263,-0.096201,-0.094224,,-0.110118,-0.100493,-0.096788,-0.084911,-0.075195,,,,34.59715,,,,,SON,0,0,KEO,13.390742,1.3,0.001988
13.615,,11.961667,B_subtropical_midlatitude_5,-0.128458,-0.010379,-0.009242,,,-0.008461,,,True,-0.016,-0.016,-0.0212,,-0.01895,,,,2015-10-27T16:00Z,7.519583,6.940764,6.442361,17.3,0.105713,-0.108308,-0.089084,-0.087421,,-0.105549,-0.10689,-0.087125,-0.076054,-0.064541,,,,34.5572,,,,,SON,0,0,KEO,14.872567,1.3,0.009695
7.05,,15.95,B_subtropical_midlatitude_5,0.808596,-0.015772,-0.012472,,,-0.027942,,,True,-0.0545,-0.0545,-0.056783,,-0.06075,,,,2015-10-31T07:00Z,4.07,9.679583,9.015,29.066667,0.039797,-0.417956,-0.378699,-0.313394,,-0.332916,-0.291736,-0.314984,-0.299589,-0.276484,,,,34.65345,,,,,SON,0,0,KEO,5.263343,1.3,0.4499
4.86,,12.215,B_subtropical_midlatitude_5,0.909412,-0.000796,-0.000866,,,-0.010096,,,True,-0.028,-0.028,-0.034333,,-0.03255,,,,2015-11-22T05:00Z,2.795833,7.967431,7.458472,12.446667,0.018513,-0.045936,-0.047141,-0.046781,,-0.04532,-0.048803,-0.046291,-0.051653,-0.056991,,,,34.82925,,,,,SON,1,2,KEO,13.997355,1.3,0.012015
16.035,,21.508333,B_subtropical_midlatitude_5,0.292088,-0.034261,-0.026378,,,-0.037793,,,True,-0.0235,-0.0235,-0.032983,,-0.03395,,,,2015-11-24T01:00Z,11.606667,18.402986,17.506806,25.775,0.092582,-0.370006,-0.308455,-0.284916,,-0.331091,-0.343447,-0.321534,-0.254882,-0.2235,,,,34.72205,,,,,SON,1,2,KEO,6.77233,1.3,0.300296
1.7,,0.913333,B_subtropical_midlatitude_5,-0.574541,-0.007375,-0.005873,,,-0.002246,,,True,0.0135,0.0135,0.00835,,0.0115,,,,2015-11-30T11:00Z,1.3975,0.792222,0.754167,11.53,0.038785,-0.19288,-0.179202,-0.151431,,-0.15603,-0.148411,-0.14584,-0.148908,-0.143336,,,,34.68175,,,,,SON,1,2,KEO,4.062191,1.3,0.054274
18.96,,17.07,B_subtropical_midlatitude_5,-0.104428,-0.015743,-0.01412,,,-0.011815,,,True,-0.017,-0.017,-0.0164,,-0.02005,,,,2015-12-02T22:00Z,12.897083,10.079861,9.368611,16.973333,0.111329,-0.151419,-0.128781,-0.12683,,-0.147898,-0.145132,-0.127023,-0.115654,-0.103216,,,,34.718,,,,,DJF,0,0,KEO,15.089861,1.3,0.013109
9.8,,12.688333,B_subtropical_midlatitude_5,0.255999,-0.017659,-0.01276,,,-0.017709,,,True,-0.056,-0.056,-0.057983,,-0.05655,,,,2015-12-07T17:00Z,5.155833,6.814097,6.285417,13.516667,0.048883,-0.371107,-0.311078,-0.261024,,-0.283999,-0.250496,-0.261497,-0.234252,-0.21695,,,,34.78965,,,,,DJF,1,2,KEO,8.226992,1.3,0.067218
26.75,,12.298333,B_subtropical_midlatitude_5,-0.772704,-0.013133,-0.012247,,,-0.00669,,,True,-0.018,-0.018,-0.020483,,-0.0199,,,,2016-01-18T02:00Z,16.63625,6.893125,6.380694,13.371667,0.088608,-0.154061,-0.139424,-0.13821,,-0.1524,-0.134291,-0.143187,-0.12507,-0.117663,,,,34.81315,,,,,DJF,0,0,KEO,17.842251,1.3,0.004752
0.0,,2.485,B_subtropical_midlatitude_5,3.252311,-0.000482,-0.000464,,,-0.003433,,,True,-0.0005,-0.0005,-0.0024,,-0.0011,,,,2016-02-05T03:00Z,0.0,1.955625,1.852083,14.206667,0.043359,-0.011021,-0.010975,-0.010701,,-0.010701,-0.013507,-0.010123,-0.011212,-0.011145,,,,34.83465,,,,,DJF,1,2,KEO,7.898033,1.3,0.019597
0.88,,2.136667,B_subtropical_midlatitude_5,0.825189,-0.003602,-0.002323,,,-0.00617,,,True,-0.105,-0.105,-0.07975,,-0.10155,,,,2016-02-28T07:00Z,0.66,1.842083,1.753056,27.76,0.074925,-0.052193,-0.03908,-0.030998,,-0.034372,-0.036566,-0.017802,-0.02869,-0.026311,,,,34.9224,,,,,DJF,1,2,KEO,2.583384,1.3,0.347526
10.88,,2.755,B_subtropical_midlatitude_5,-1.347004,-0.008093,-0.00719,,,-0.001952,,,True,-0.0045,-0.0045,-0.003883,,-0.00355,,,,2016-03-07T06:00Z,4.882917,1.356875,1.242083,38.911667,0.094941,-0.091913,-0.077244,-0.075728,,-0.089309,-0.055642,-0.077436,-0.065114,-0.05554,,,,34.83975,,,,,MAM,0,0,KEO,13.698576,1.3,0.003112
4.515,,1.955,B_subtropical_midlatitude_5,-0.809036,-0.005056,-0.004423,,,-0.002105,,,True,-0.014,-0.014,-0.00475,,-0.0042,,,,2016-03-19T09:00Z,2.690417,1.865486,1.784028,15.511667,0.088926,-0.059296,-0.050682,-0.049734,,-0.057396,-0.040438,-0.046755,-0.04569,-0.04149,,,,34.8759,,,,,MAM,0,0,KEO,12.18959,1.3,0.003479
13.51,,3.431667,B_subtropical_midlatitude_5,-1.349035,-0.037902,-0.025952,,,-0.0067,,,True,-0.03,-0.03,-0.025283,,-0.0206,,,,2016-04-10T00:00Z,9.200417,1.860625,1.717639,28.393333,0.078229,-0.463684,-0.378674,-0.33174,,-0.377993,-0.279041,-0.332726,-0.291681,-0.267765,,,,34.89155,,,,,MAM,1,2,KEO,4.421329,1.3,0.161597
17.03,,23.89,B_subtropical_midlatitude_5,0.336806,-0.019729,-0.016803,,,-0.021271,,,True,-0.042,-0.042,-0.0414,,-0.0507,,,,2016-04-14T02:00Z,8.52125,11.351806,10.356389,25.05,0.098996,-0.207004,-0.17479,-0.169739,,-0.197468,-0.169918,-0.198338,-0.149577,-0.129124,,,,34.89055,,,,,MAM,1,2,KEO,11.525636,1.3,0.050491
14.265,,11.586667,B_subtropical_midlatitude_5,-0.206346,-0.034918,-0.0226,,,-0.021415,,,True,-0.062,-0.062,-0.046583,,-0.0531,,,,2016-04-18T23:00Z,5.454583,5.695,5.212222,12.548333,0.081406,-0.450571,-0.34633,-0.277623,,-0.332712,-0.289853,-0.277381,-0.227497,-0.182718,,,,34.86365,,,,,MAM,1,2,KEO,4.973618,1.3,0.402743
3.62,,3.71,B_subtropical_midlatitude_5,0.023906,-0.012391,-0.007942,,,-0.008962,,,True,-0.0125,-0.0125,-0.02525,,-0.0175,,,,2016-04-24T09:00Z,2.322083,2.995139,2.840556,12.066667,0.056295,-0.222246,-0.180106,-0.14108,,-0.154562,-0.109308,-0.147543,-0.126405,-0.109103,,,,34.89195,,,,,MAM,1,2,KEO,4.004849,1.3,0.22856
13.005,,5.073333,B_subtropical_midlatitude_5,-0.929477,0.003512,-6.4e-05,,,-0.005198,,,True,-0.007,-0.007,-0.003817,,-0.0042,,,,2016-04-27T20:00Z,7.82125,4.100833,3.889444,22.751667,0.000585,-0.05576,-0.089851,-0.109803,,-0.093308,-0.133884,-0.119049,-0.148792,-0.192084,,,,34.83375,,,,,MAM,1,2,KEO,12.563818,1.3,0.00797
9.745,,3.138333,B_subtropical_midlatitude_5,-1.111905,-0.016538,-0.014458,,,-0.003781,,,True,-0.0115,-0.0115,-0.010317,,-0.0094,,,,2016-05-07T06:00Z,7.635417,2.312014,2.18125,13.606667,0.086983,-0.190649,-0.171278,-0.166221,,-0.183246,-0.159062,-0.159852,-0.160506,-0.147783,,,,34.90085,,,,,MAM,1,2,KEO,10.267141,1.3,0.010623
6.165,,1.181667,B_subtropical_midlatitude_5,-1.586817,-0.021769,-0.014522,,,-0.002787,,,True,-0.017,-0.017,-0.007,,-0.00935,,,,2016-05-18T08:00Z,3.892083,0.871042,0.821806,10.428333,0.059036,-0.36932,-0.305741,-0.245986,,-0.273863,-0.277485,-0.231934,-0.222193,-0.197336,,,,34.8744,,,,,MAM,1,2,KEO,4.095388,1.3,0.068867
11.47,,9.583333,B_subtropical_midlatitude_5,-0.178009,-2.1e-05,-0.010046,,,-0.01543,,,True,-0.04,-0.04,-0.04215,,-0.03975,,,,2016-06-05T06:00Z,9.52375,7.55125,7.151944,10.715,0.017028,-0.513982,-0.595552,-0.589959,,-0.562734,-0.691261,-0.608449,-0.657867,-0.694018,,,,35.00335,,,,,JJA,0,0,KEO,7.934249,1.3,0.080464
26.82,,24.713333,B_subtropical_midlatitude_5,-0.081488,-0.034514,-0.02954,,,-0.029169,,,True,-0.093,-0.093,-0.084733,,-0.09215,,,,2016-06-09T04:00Z,16.02875,18.35,17.320278,58.73,0.110391,-0.3145,-0.27716,-0.267598,,-0.301339,-0.243582,-0.270927,-0.250919,-0.233082,,,,35.1088,,,,,JJA,1,2,KEO,9.648457,1.3,0.104596
41.085,,32.838333,B_subtropical_midlatitude_5,-0.223437,-0.040842,-0.033829,,,-0.027321,,,True,-0.0125,-0.0125,-0.018583,,-0.0125,,,,2016-06-12T20:00Z,18.07125,11.167014,9.79875,41.718333,0.156343,-0.271382,-0.223874,-0.216374,,-0.258933,-0.21697,-0.205047,-0.190076,-0.164477,,,,34.7816,,,,,JJA,1,2,KEO,11.181587,1.3,0.079899
11.325,,3.061667,B_subtropical_midlatitude_5,-1.284705,-0.022143,-0.018779,,,-0.004316,,,True,-0.0155,-0.0155,-0.012783,,-0.01815,,,,2016-07-09T12:00Z,8.852083,2.081042,1.953472,13.285,0.094402,-0.232714,-0.207437,-0.198924,,-0.220431,-0.169,-0.203973,-0.187396,-0.172008,,,,34.6822,,,,,JJA,1,2,KEO,8.223974,1.3,0.02225
22.635,,15.518333,B_subtropical_midlatitude_5,-0.37546,-0.078318,-0.052569,,,-0.028482,,,True,-0.0015,-0.0015,0.0937,,0.02295,,,,2016-07-13T04:00Z,11.529167,6.745625,6.099028,19.318333,0.082,-1.102277,-0.867067,-0.641088,,-0.713401,-0.729331,-0.641866,-0.577159,-0.5007,,,,34.46585,,,,,JJA,1,2,KEO,3.787555,1.3,1.071312
30.215,,22.358333,B_subtropical_midlatitude_5,-0.299981,-0.006557,-0.006392,,,-0.006495,,,True,-0.035833,-0.035833,-0.041733,,-0.041733,,,,2016-08-29T07:00Z,16.860417,10.322014,9.390417,34.806667,0.063678,-0.106309,-0.100922,-0.100383,,-0.106403,-0.100383,-0.101883,-0.102895,-0.10521,,,,34.6167,,,,,JJA,1,2,KEO,26.633166,1.3,0.001619
9.22,,35.651667,B_subtropical_midlatitude_5,1.344434,-0.013584,-0.010827,,,-0.052137,,,True,-0.0095,-0.0095,-0.00255,,-0.0103,,,,2016-10-13T17:00Z,5.975833,32.665625,31.180139,35.388333,0.085787,-0.158545,-0.133496,-0.126206,,-0.146943,-0.113279,-0.121133,-0.114067,-0.10176,,,,34.56205,,,,,SON,1,2,KEO,10.872451,1.3,0.090612
7.905,,8.593333,B_subtropical_midlatitude_5,0.08249,-0.020253,-0.014529,,,-0.015477,,,True,-0.088,-0.088,-0.112617,,-0.1114,,,,2016-10-22T11:00Z,4.82375,5.015,4.656944,14.54,0.04858,-0.447068,-0.382839,-0.299066,,-0.309689,-0.278058,-0.298224,-0.286091,-0.272191,,,,34.6521,,,,,SON,1,2,KEO,5.724432,1.3,0.184219
9.17,,5.445,B_subtropical_midlatitude_5,-0.513887,-0.013131,-0.010038,,,-0.00791,,,True,-0.008,-0.008,-0.008933,,-0.0091,,,,2018-01-12T00:00Z,5.558333,3.507847,3.280972,11.36,0.059289,-0.210891,-0.18331,-0.169309,,-0.188223,-0.144498,-0.172993,-0.16473,-0.151675,,,,34.83265,,,,,DJF,1,2,KEO,7.557306,1.3,0.051834
22.26,,14.976667,B_subtropical_midlatitude_5,-0.394125,-0.063948,-0.045428,,,-0.027578,,,True,-0.044,-0.044,-0.057133,,-0.04785,,,,2018-02-01T17:00Z,13.234167,8.597361,7.973333,14.976667,0.085749,-0.754052,-0.615251,-0.529779,,-0.607417,-0.503471,-0.516468,-0.470355,-0.411649,,,,34.8485,,,,,DJF,0,0,KEO,5.229431,1.3,0.443141
10.745,,12.381667,B_subtropical_midlatitude_5,0.140557,-0.012419,-0.010657,,,-0.014354,,,True,-0.014,-0.014,-0.016467,,-0.01355,,,,2018-02-11T04:00Z,6.392917,9.910764,9.394861,11.81,0.073261,-0.161242,-0.149421,-0.145461,,-0.154943,-0.120078,-0.138918,-0.144937,-0.143224,,,,34.8476,,,,,DJF,1,2,KEO,10.482939,1.3,0.038634
8.395,,9.833333,B_subtropical_midlatitude_5,0.156418,-0.014748,-0.011853,,,-0.014283,,,True,0.0325,0.0325,0.029867,,0.03,,,,2018-04-15T18:00Z,6.01625,6.452222,6.0425,15.725,0.092347,-0.165391,-0.136957,-0.128356,,-0.151059,-0.095284,-0.140332,-0.118148,-0.102878,,,,34.8742,,,,,MAM,1,2,KEO,8.185076,1.3,0.069691
9.355,,7.456667,B_subtropical_midlatitude_5,-0.224114,-0.009164,-0.008094,,,-0.007068,,,True,-0.0065,-0.0065,-0.012067,,-0.0101,,,,2018-04-17T20:00Z,6.132917,5.270139,4.959444,12.573333,0.087108,-0.106437,-0.094769,-0.092925,,-0.103479,-0.08734,-0.086127,-0.090155,-0.086413,,,,34.821,,,,,MAM,1,2,KEO,12.082326,1.3,0.013645
4.09,,2.0,B_subtropical_midlatitude_5,-0.690763,0.018508,0.013263,,,-0.004107,,,True,-0.0155,-0.0155,-0.014567,,-0.0149,,,,2018-04-26T05:00Z,3.155417,1.380278,1.296944,17.293333,-0.077505,-0.14071,-0.182568,-0.171124,,-0.12857,-0.21087,-0.1721,-0.230451,-0.293409,,,,34.79905,,,,,MAM,1,2,KEO,4.537944,1.3,0.08682
37.935,,43.336667,B_subtropical_midlatitude_5,0.132797,-0.076431,-0.05683,,,-0.064542,,,True,-0.237,-0.237,-0.1799,,-0.2231,,,,2018-05-09T16:00Z,20.447917,26.996528,25.190833,60.686667,0.103552,-0.746616,-0.616931,-0.548807,,-0.635286,-0.632609,-0.555515,-0.487812,-0.431117,,,,34.7865,,,,,MAM,1,2,KEO,6.717546,1.3,0.608025
14.935,,13.34,B_subtropical_midlatitude_5,-0.112145,-0.022105,-0.017973,,,-0.016262,,,True,-0.0555,-0.0555,-0.043133,,-0.0539,,,,2018-05-19T16:00Z,9.398333,8.559722,8.003889,13.34,0.100952,-0.223876,-0.186831,-0.178035,,-0.209413,-0.236701,-0.170865,-0.158521,-0.137339,,,,34.77735,,,,,MAM,1,2,KEO,9.364663,1.3,0.062246
6.82,,8.926667,B_subtropical_midlatitude_5,0.265767,-0.007353,-0.006492,,,-0.00813,,,True,-0.01,-0.01,-0.0057,,-0.0087,,,,2018-05-23T07:00Z,4.667917,4.9175,4.545556,15.063333,0.075386,-0.097781,-0.088039,-0.086111,,-0.094823,-0.075263,-0.09398,-0.084955,-0.080481,,,,34.7395,,,,,MAM,1,2,KEO,11.914467,1.3,0.017201
16.985,,11.235,B_subtropical_midlatitude_5,-0.410306,-0.071099,-0.049198,,,-0.02441,,,True,-0.065,-0.065,-0.131783,,-0.12215,,,,2018-05-26T02:00Z,11.415417,8.380486,7.912361,22.073333,0.044601,-1.632486,-1.407508,-1.103083,,-1.165978,-1.095031,-1.056415,-1.058208,-0.993566,,,,34.7415,,,,,MAM,1,2,KEO,5.530326,1.3,0.265965
2.215,,7.131667,B_subtropical_midlatitude_5,1.13906,-0.009082,-0.005718,,,-0.019826,,,True,-0.107,-0.107,-0.116733,,-0.12315,,,,2018-06-03T14:00Z,1.591667,6.326181,6.029028,30.245,0.053482,-0.186157,-0.151067,-0.106924,,-0.116859,-0.106918,-0.116864,-0.095864,-0.083988,,,,34.71635,,,,,JJA,1,2,KEO,3.733412,1.3,0.521067
13.895,,43.515,B_subtropical_midlatitude_5,1.136701,-0.037121,-0.027362,,,-0.085045,,,True,-0.269,-0.269,-0.254733,,-0.2839,,,,2018-06-09T01:00Z,10.573333,38.297986,36.484861,70.976667,0.083675,-0.437198,-0.368589,-0.327006,,-0.370316,-0.364305,-0.348773,-0.30321,-0.27644,,,,34.64635,,,,,JJA,1,2,KEO,5.913095,1.3,0.910258
0.77,,10.653333,B_subtropical_midlatitude_5,2.514478,-0.001662,-0.001631,,,-0.025949,,,True,-0.2125,-0.2125,-0.1619,,-0.23085,,,,2018-06-12T22:00Z,0.7425,8.493611,8.049722,10.578333,0.060645,-0.028998,-0.027934,-0.026898,,-0.028011,-0.007574,-0.071746,-0.027246,-0.029783,,,,34.6776,,,,,JJA,1,2,KEO,4.789319,1.3,0.375698
28.025,,33.38,B_subtropical_midlatitude_5,0.174289,-0.017804,-0.017181,,,-0.022024,,,True,-0.0325,-0.0325,-0.00945,,-0.02265,,,,2018-06-15T04:00Z,15.394167,9.603333,8.2125,45.891667,0.068952,-0.260421,-0.251826,-0.24917,,-0.257439,-0.19092,-0.250921,-0.255705,-0.253718,,,,34.6514,,,,,JJA,1,2,KEO,13.951831,1.3,0.034268
37.865,,29.538333,B_subtropical_midlatitude_5,-0.247596,-0.030707,-0.02746,,,-0.021146,,,True,-0.032,-0.032,-0.030367,,-0.02805,,,,2018-06-18T05:00Z,19.828333,11.675903,10.445139,59.796667,0.109147,-0.284292,-0.255396,-0.251585,,-0.279173,-0.251275,-0.242672,-0.24758,-0.238541,,,,34.6917,,,,,JJA,1,2,KEO,12.16618,1.3,0.052106
0.0,,12.02,B_subtropical_midlatitude_5,4.797442,0.0,0.0,,,-0.029598,,,True,-0.102,-0.102,-0.12,,-0.10585,,,,2018-07-14T01:00Z,0.0,11.519167,11.018333,12.02,,0.0,0.0,0.0,,0.0,0.0,0.0,0.0,0.0,,,,34.4963,,,,,JJA,1,2,KEO,4.036091,1.3,0.722584
21.4,,73.913333,B_subtropical_midlatitude_5,1.236192,-0.087447,-0.048753,,,-0.182936,,,True,-0.2725,-0.2725,-0.505783,,-0.5153,,,,2018-07-23T22:00Z,10.358333,44.396667,41.316944,73.823333,0.083762,-1.560986,-1.100127,-0.582041,,-0.654096,-0.912151,-0.512253,-0.442316,-0.303371,,,,34.71715,,,,,JJA,1,2,KEO,4.241271,1.3,3.718096
18.615,,24.276667,B_subtropical_midlatitude_5,0.264301,-0.03005,-0.024154,,,-0.035896,,,True,-0.08,-0.08,-0.032717,,-0.0554,,,,2018-07-26T20:00Z,12.146667,20.637639,19.626111,41.19,0.105394,-0.290828,-0.24264,-0.229175,,-0.269341,-0.240387,-0.239988,-0.205055,-0.184978,,,,34.6423,,,,,JJA,1,2,KEO,8.58702,1.3,0.149356
35.34,,16.285,B_subtropical_midlatitude_5,-0.771475,-0.016925,-0.016288,,,-0.006131,,,True,-0.031917,-0.031917,-0.0319,,-0.0317,,,,2018-08-07T00:00Z,26.303333,8.497292,7.81875,28.105,0.089624,-0.198117,-0.182884,-0.181736,,-0.196999,-0.18225,-0.181381,-0.176941,-0.168075,,,,34.6544,,,,,JJA,1,2,KEO,23.40522,1.3,0.002045
0.0,,18.423333,B_subtropical_midlatitude_5,5.221616,0.0,0.0,,,-0.022197,,,True,-0.1015,-0.1015,-0.074533,,-0.08715,,,,2018-10-01T04:00Z,0.0,15.819306,15.051667,18.13,,0.0,0.0,0.0,,0.0,0.0,-0.002547,0.0,0.0,,,,34.5282,,,,,SON,1,2,KEO,10.271812,1.3,0.061467
1.845,,5.056667,B_subtropical_midlatitude_5,0.975028,-0.006041,-0.005047,,,-0.007633,,,True,-0.108,-0.108,-0.06675,,-0.08345,,,,2018-10-13T02:00Z,1.716667,4.70125,4.490556,50.713333,0.036313,-0.1574,-0.147666,-0.138987,,-0.1456,-0.146244,-0.145095,-0.140441,-0.136175,,,,34.4964,,,,,SON,1,2,KEO,10.605743,1.3,0.014377
30.53,,24.3,B_subtropical_midlatitude_5,-0.227397,-0.103638,-0.064395,,,-0.049583,,,True,-0.1545,-0.1545,-0.16355,,-0.174,,,,2018-10-17T17:00Z,16.949583,14.803611,13.791111,39.458333,0.090724,-1.32729,-1.003814,-0.709795,,-0.819701,-0.681331,-0.674938,-0.591798,-0.47442,,,,34.3978,,,,,SON,1,2,KEO,4.292586,1.3,1.173431
5.58,,11.961667,B_subtropical_midlatitude_5,0.753081,-0.016589,-0.012687,,,-0.02532,,,True,0.173,0.173,0.1763,,0.16455,,,,2018-11-12T20:00Z,4.5225,10.719931,10.221528,14.401667,0.088196,-0.196766,-0.165537,-0.143849,,-0.161821,-0.149577,-0.158164,-0.132285,-0.119868,,,,34.33975,,,,,SON,1,2,KEO,3.782389,1.3,0.748378
2.815,,10.393333,B_subtropical_midlatitude_5,1.28087,0.000133,-0.000171,,,-0.006018,,,True,-0.009,-0.009,-0.011733,,-0.0096,,,,2018-11-24T00:00Z,1.093333,3.660278,3.227222,13.008333,0.004121,-0.035762,-0.041523,-0.0414,,-0.035922,-0.046192,-0.042422,-0.049328,-0.054396,,,,34.7476,,,,,SON,1,2,KEO,14.070239,1.3,0.010497
11.65,,1.45,B_subtropical_midlatitude_5,-2.025598,-0.020546,-0.017688,,,-0.001944,,,True,-0.0165,-0.0165,-0.019083,,-0.0179,,,,2018-12-05T05:00Z,10.419167,1.360417,1.3,38.345,0.12441,-0.165616,-0.147363,-0.142179,,-0.157692,-0.155264,-0.143262,-0.132357,-0.121791,,,,34.6829,,,,,DJF,1,2,KEO,7.850076,1.3,0.012056
1.415,,2.533333,B_subtropical_midlatitude_5,0.552835,-0.002426,-0.001942,,,-0.00329,,,True,0.0115,0.0115,0.008433,,0.0044,,,,2019-02-04T09:00Z,1.157083,2.403056,2.2975,14.508333,0.070816,-0.034467,-0.029216,-0.027429,,-0.031624,-0.017947,-0.024775,-0.024842,-0.02194,,,,34.6723,,,,,DJF,1,2,KEO,9.176707,1.3,0.01253
20.725,,5.321667,B_subtropical_midlatitude_5,-1.345751,-0.020059,-0.01683,,,-0.005081,,,True,-0.004,-0.004,-0.0046,,-0.00495,,,,2019-02-22T14:00Z,9.106667,3.538542,3.316806,21.695,0.137692,-0.159566,-0.126103,-0.122232,,-0.152712,-0.112131,-0.122555,-0.102251,-0.085591,,,,34.7875,,,,,DJF,1,2,KEO,11.618461,1.3,0.01123
10.085,,6.096667,B_subtropical_midlatitude_5,-0.496905,-0.005238,-0.004801,,,-0.004339,,,True,0.0055,0.0055,0.0034,,0.00735,,,,2019-03-03T03:00Z,2.995,2.500417,2.246389,28.11,0.081358,-0.065996,-0.059788,-0.059005,,-0.064924,-0.043421,-0.060987,-0.057224,-0.054705,,,,34.84635,,,,,MAM,1,2,KEO,13.027445,1.3,0.008349
23.645,,8.543333,B_subtropical_midlatitude_5,-1.010584,-0.021694,-0.019238,,,-0.004662,,,True,-0.007,-0.007,-0.007683,,-0.0064,,,,2019-03-10T11:00Z,13.089167,2.963472,2.6075,17.57,0.094382,-0.240912,-0.20869,-0.203828,,-0.233728,-0.210434,-0.199467,-0.187939,-0.169683,,,,34.84075,,,,,MAM,1,2,KEO,14.299023,1.3,0.007998
3.925,,0.881667,B_subtropical_midlatitude_5,-1.411028,-0.008569,-0.006208,,,-0.001384,,,True,0.0225,0.0225,0.0346,,0.0223,,,,2019-03-15T12:00Z,2.03625,0.655208,0.618472,17.45,0.084216,-0.106809,-0.084567,-0.073719,,-0.088497,-0.05346,-0.075087,-0.061371,-0.047929,,,,34.8216,,,,,MAM,1,2,KEO,6.942754,1.3,0.01094
10.255,,10.558333,B_subtropical_midlatitude_5,0.028873,-0.011607,-0.009486,,,-0.008918,,,True,-0.0105,-0.0105,-0.002033,,-0.0105,,,,2019-03-19T10:00Z,3.6475,3.002847,2.562917,31.38,0.128946,-0.098894,-0.076567,-0.073566,,-0.093335,-0.094466,-0.074657,-0.058968,-0.047855,,,,34.81775,,,,,MAM,1,2,KEO,10.435572,1.3,0.033206
6.085,,8.391667,B_subtropical_midlatitude_5,0.316958,-0.00909,-0.006046,,,-0.008905,,,True,-0.0015,-0.0015,-0.005167,,-0.0059,,,,2019-03-25T23:00Z,2.669167,3.598958,3.249306,11.723333,0.06926,-0.202345,-0.145867,-0.087287,,-0.098691,-0.081098,-0.08297,-0.073511,-0.058003,,,,34.8401,,,,,MAM,1,2,KEO,7.952006,1.3,0.051908
19.985,,13.178333,B_subtropical_midlatitude_5,-0.41384,-0.042648,-0.034488,,,-0.021053,,,True,-0.0315,-0.0315,-0.04025,,-0.03885,,,,2019-04-07T21:00Z,14.962083,10.223681,9.674583,14.226667,0.090399,-0.469182,-0.413182,-0.381506,,-0.424075,-0.35537,-0.381324,-0.357228,-0.326727,,,,34.83855,,,,,MAM,1,2,KEO,6.781303,1.3,0.180835
8.585,,13.036667,B_subtropical_midlatitude_5,0.41381,-0.015431,-0.010961,,,-0.015668,,,True,-0.012,-0.012,-0.014183,,-0.01255,,,,2019-04-12T11:00Z,3.711667,6.844583,6.301389,17.5,0.114688,-0.147307,-0.110039,-0.09557,,-0.119034,-0.07664,-0.107302,-0.072855,-0.058931,,,,34.83725,,,,,MAM,1,2,KEO,8.508329,1.3,0.080181
31.99,,7.241667,B_subtropical_midlatitude_5,-1.474979,-0.027889,-0.024142,,,-0.005978,,,True,0.01,0.01,0.00895,,0.0107,,,,2019-04-17T09:00Z,14.920833,3.939375,3.637639,21.92,0.132017,-0.229454,-0.188033,-0.182867,,-0.221174,-0.132396,-0.182633,-0.158443,-0.13344,,,,34.83525,,,,,MAM,1,2,KEO,13.026347,1.3,0.009722
16.97,,18.11,B_subtropical_midlatitude_5,0.064648,-0.021973,-0.01786,,,-0.018888,,,True,-0.008,-0.008,-0.029083,,-0.023,,,,2019-04-25T08:00Z,7.825417,8.510417,7.755833,27.71,0.134038,-0.173715,-0.139588,-0.133246,,-0.162825,-0.137643,-0.135447,-0.110175,-0.088414,,,,34.8353,,,,,MAM,1,2,KEO,9.588948,1.3,0.078343
9.7,,9.833333,B_subtropical_midlatitude_5,0.013514,-0.002757,-0.002583,,,-0.006312,,,True,-0.001,-0.001,-0.000233,,-0.00195,,,,2019-04-30T11:00Z,5.05,3.634444,3.224722,21.553333,0.059971,-0.045507,-0.041175,-0.043076,,-0.047623,-0.029776,-0.035985,-0.043315,-0.043433,,,,34.80855,,,,,MAM,1,2,KEO,13.973956,1.3,0.010282
16.97,,11.203333,B_subtropical_midlatitude_5,-0.412225,-0.028774,-0.022636,,,-0.014293,,,True,-0.039,-0.039,-0.045417,,-0.0415,,,,2019-05-29T15:00Z,9.2375,7.734583,7.267778,11.118333,0.130458,-0.23524,-0.186722,-0.173511,,-0.212079,-0.118517,-0.186758,-0.145639,-0.115811,,,,34.7794,,,,,MAM,1,2,KEO,8.606062,1.3,0.065387
10.35,,5.985,B_subtropical_midlatitude_5,-0.540775,-0.005249,-0.007403,,,-0.007622,,,True,-0.009,-0.009,-0.01105,,-0.00985,,,,2019-06-02T07:00Z,6.21,3.116458,2.867083,51.245,0.024232,-0.291497,-0.312722,-0.305489,,-0.287526,-0.218817,-0.308184,-0.343115,-0.360442,,,,34.8557,,,,,JJA,1,2,KEO,8.127821,1.3,0.044419
9.315,,4.21,B_subtropical_midlatitude_5,-0.781366,-0.026199,-0.016954,,,-0.007987,,,True,-0.001,-0.001,-0.011733,,-0.00075,,,,2019-06-09T06:00Z,4.241667,2.110694,1.935278,26.68,0.061118,-0.464623,-0.373775,-0.277389,,-0.293226,-0.240869,-0.268698,-0.252732,-0.233097,,,,34.7349,,,,,JJA,1,2,KEO,3.800307,1.3,0.277839
10.015,,2.513333,B_subtropical_midlatitude_5,-1.353393,-0.038586,-0.024909,,,-0.006231,,,True,-0.0245,-0.0245,-0.018783,,-0.0223,,,,2019-06-18T20:00Z,6.06375,1.715278,1.610556,43.28,0.049464,-0.820345,-0.682625,-0.503568,,-0.544352,-0.469492,-0.471305,-0.4621,-0.413856,,,,34.6506,,,,,JJA,1,2,KEO,4.452457,1.3,0.110096
8.275,,13.206667,B_subtropical_midlatitude_5,0.463014,-0.014057,-0.011518,,,-0.015001,,,True,-0.012,-0.012,-0.029017,,-0.01175,,,,2019-07-12T21:00Z,5.991667,4.8275,4.277222,15.426667,0.1022,-0.139499,-0.118422,-0.112701,,-0.130439,-0.097406,-0.117374,-0.103013,-0.092417,,,,34.57125,,,,,JJA,1,2,KEO,7.86804,1.3,0.110885
19.87,,14.523333,B_subtropical_midlatitude_5,-0.311613,-0.029863,-0.024984,,,-0.023689,,,True,-0.195,-0.195,-0.1561,,-0.183,,,,2019-08-04T17:00Z,12.869583,10.257639,9.6525,14.936667,0.074665,-0.372636,-0.349274,-0.33461,,-0.349851,-0.309412,-0.396634,-0.344966,-0.353805,,,,34.5139,,,,,JJA,1,2,KEO,6.745642,1.3,0.200806
3.16,,2.431667,B_subtropical_midlatitude_5,-0.252849,-0.001135,-0.002058,,,-0.001463,,,True,0.0055,0.0055,0.0067,,0.00325,,,,2019-08-25T06:00Z,2.905,0.813403,0.712083,13.1,0.019317,-0.094807,-0.107432,-0.106516,,-0.095378,-0.122734,-0.103677,-0.121675,-0.128777,,,,34.4879,,,,,JJA,1,2,KEO,10.408584,1.3,0.00773
4.38,,0.895,B_subtropical_midlatitude_5,-1.504636,-0.00396,-0.003443,,,-0.000843,,,True,-0.0095,-0.0095,-0.001317,,-0.006,,,,2019-09-15T06:00Z,1.644167,0.643264,0.605972,10.248333,0.104471,-0.041228,-0.033776,-0.032961,,-0.039892,-0.028355,-0.037851,-0.029404,-0.02592,,,,34.44555,,,,,SON,1,2,KEO,12.227055,1.3,0.00155
11.105,,11.028333,B_subtropical_midlatitude_5,-0.006866,-0.008868,-0.007754,,,-0.010588,,,True,0.012,0.012,-0.006983,,0.00795,,,,2019-09-19T18:00Z,6.2375,9.037431,8.577917,12.308333,0.177022,-0.057284,-0.043028,-0.043805,,-0.057434,-0.027258,-0.043304,-0.03504,-0.025235,,,,34.3512,,,,,SON,1,2,KEO,12.048032,1.3,0.020213
0.0,,15.085,B_subtropical_midlatitude_5,5.022893,0.0,0.0,,0.0,-0.053966,,-0.024099,True,-0.033,-0.033,-0.1225,,-0.1236,,,0.00125,2019-10-08T23:00Z,0.0,13.508125,12.879583,34.546667,,0.0,0.0,0.0,,0.0,0.0,-0.001979,0.0,0.0,,,0.0,34.42135,,,,34.4248,SON,1,2,KEO,2.054903,1.3,4.018672
3.18,,3.788333,B_subtropical_midlatitude_5,0.170137,-0.002883,-0.002362,,-0.001421,-0.004378,,-0.002913,True,-0.002,-0.002,-0.000217,,-0.0028,,,0.00245,2019-10-20T20:00Z,1.335,3.379931,3.222083,23.143333,0.186526,-0.01992,-0.013456,-0.012662,,-0.018509,-0.012417,-0.012968,-0.008903,-0.005929,,,-0.004346,34.2582,,,,34.2617,SON,0,0,KEO,11.213252,1.3,0.009044
29.445,,1.58,B_subtropical_midlatitude_5,-2.867121,-0.018394,-0.016998,,-0.013796,-0.001094,,-0.000845,True,0.078,0.078,0.049367,,0.07675,,,0.050983,2019-10-24T04:00Z,16.765833,1.011667,0.945833,11.405,0.09217,-0.207733,-0.186719,-0.184425,,-0.204617,-0.187043,-0.182944,-0.177683,-0.169862,,,-0.153046,34.32255,,,,34.32385,SON,1,2,KEO,15.69642,1.3,0.001026
11.83,,19.838333,B_subtropical_midlatitude_5,0.513588,-0.016316,-0.013117,,-0.008867,-0.03235,,-0.020687,True,-0.0985,-0.0985,-0.09425,,-0.10885,,,-0.0643,2019-11-08T17:00Z,8.054167,17.033681,16.207083,46.955,0.07599,-0.194139,-0.179246,-0.17262,,-0.18452,-0.158973,-0.189864,-0.172193,-0.171341,,,-0.113595,34.46525,,,,34.4694,SON,0,0,KEO,6.892455,1.3,0.256352
4.055,,4.195,B_subtropical_midlatitude_5,0.033139,-0.005071,-0.004446,,-0.003234,-0.004315,,-0.003199,True,-0.038,-0.038,-0.028583,,-0.03405,,,-0.023883,2019-11-27T16:00Z,3.067083,3.808264,3.633472,12.74,0.088447,-0.058946,-0.051571,-0.050272,,-0.056979,-0.052962,-0.055679,-0.046981,-0.043078,,,-0.035085,34.52345,,,,34.52315,SON,1,2,KEO,11.441055,1.3,0.009375
16.58,,10.68,B_subtropical_midlatitude_5,-0.436518,-0.034427,-0.023745,,-0.012652,-0.015216,,-0.007854,True,-0.0285,-0.0285,-0.024933,,-0.03325,,,-0.018533,2019-12-02T16:00Z,9.101667,5.5925,5.1475,13.53,0.113661,-0.338609,-0.248304,-0.208914,,-0.257122,-0.286954,-0.22549,-0.173307,-0.138902,,,-0.079677,34.5994,,,,34.5998,DJF,1,2,KEO,7.701537,1.3,0.079523
11.165,,6.38,B_subtropical_midlatitude_5,-0.55298,-0.016348,-0.013275,,-0.008694,-0.008066,,-0.004493,True,-0.0205,-0.0205,-0.016933,,-0.0184,,,-0.012017,2019-12-07T02:00Z,6.89375,3.307222,3.041389,11.221667,0.065445,-0.241622,-0.214664,-0.202841,,-0.223408,-0.194724,-0.192404,-0.194839,-0.181069,,,-0.105815,34.5778,,,,34.5785,DJF,0,0,KEO,8.029739,1.3,0.050262
2.78,,11.618333,B_subtropical_midlatitude_5,1.403364,-0.00481,-0.003956,,-0.002544,-0.015727,,-0.007644,True,-0.035,-0.035,-0.02455,,-0.04685,,,-0.006733,2019-12-11T04:00Z,1.712917,4.674792,4.190694,11.395,0.075912,-0.063618,-0.055086,-0.052108,,-0.059104,-0.055728,-0.055395,-0.04766,-0.041745,,,-0.026309,34.58915,,,,34.5904,DJF,1,2,KEO,7.79901,1.3,0.096766
12.545,,6.528333,B_subtropical_midlatitude_5,-0.645908,-0.012488,-0.014542,,-0.010681,-0.006815,,-0.003643,True,-0.001,-0.001,-0.003967,,-0.0024,,,-0.00105,2019-12-22T02:00Z,7.921667,2.551319,2.279306,42.695,0.034791,-0.26046,-0.384368,-0.417965,,-0.454403,-0.425981,-0.389799,-0.400247,-0.374956,,,-0.105247,34.6182,,,,34.62315,DJF,0,0,KEO,7.805841,1.3,0.054731
2.88,,35.13,B_subtropical_midlatitude_5,2.469975,-0.004653,-0.003757,,-0.002368,-0.050245,,-0.033112,True,-0.1165,-0.1165,-0.18115,,-0.11685,,,-0.126283,2019-12-30T15:00Z,1.6875,29.481528,28.017778,37.908333,0.081478,-0.058817,-0.048781,-0.046105,,-0.054303,-0.036187,-0.046256,-0.041915,-0.036725,,,-0.023864,34.6887,,,,34.69505,DJF,1,2,KEO,8.742954,1.3,0.201072
0.195,,22.013333,B_subtropical_midlatitude_5,4.316961,-0.000441,-0.000391,,-0.000295,-0.025701,,-0.01724,True,-0.086,-0.086,-0.0557,,-0.07645,,,-0.040333,2020-01-15T01:00Z,0.17875,17.2675,16.350278,22.006667,0.071009,-0.006114,-0.005656,-0.005502,,-0.005898,-0.005012,-0.007819,-0.005205,-0.004889,,,-0.003799,34.80035,,,,34.80765,DJF,1,2,KEO,10.538091,1.3,0.067104
11.865,,3.5,B_subtropical_midlatitude_5,-1.201052,-0.008772,-0.012272,,-0.008858,-0.003234,,-0.002338,True,-0.064,-0.064,-0.0411,,-0.0606,,,-0.039283,2020-01-17T16:00Z,4.838333,1.587222,1.441389,10.211667,0.038129,-0.337357,-0.391418,-0.321858,,-0.34863,-0.268453,-0.318324,-0.306977,-0.286352,,,-0.066504,34.79775,,,,34.80575,DJF,1,2,KEO,8.90576,1.3,0.017854
3.205,,19.093333,B_subtropical_midlatitude_5,1.759127,-0.004094,-0.003527,,-0.002468,-0.021154,,-0.01487,True,-0.0545,-0.0545,-0.0725,,-0.05215,,,-0.058417,2020-02-26T03:00Z,2.164583,15.969444,15.173889,20.731667,0.094306,-0.045087,-0.038577,-0.037401,,-0.043261,-0.029102,-0.031133,-0.033869,-0.029922,,,-0.024595,34.7508,,,,34.75795,DJF,1,2,KEO,11.168173,1.3,0.0466
4.295,,1.3,B_subtropical_midlatitude_5,-1.143995,-0.003713,-0.00332,,-0.002496,-0.001012,,-0.000758,True,-0.0025,-0.0025,-0.0053,,0.00205,,,-0.0041,2020-03-08T10:00Z,2.77875,0.950556,0.896389,44.071667,0.086265,-0.043966,-0.039206,-0.038489,,-0.042814,-0.040747,-0.037067,-0.034885,-0.029843,,,-0.02923,34.74745,,,,34.7535,MAM,1,2,KEO,14.920856,1.3,0.001043
12.725,,3.405,B_subtropical_midlatitude_5,-1.297206,-0.007547,-0.008302,,-0.008413,-0.003512,,-0.00239,True,0.0025,0.0025,0.002533,,0.00215,,,0.003933,2020-03-31T05:00Z,7.049167,1.673403,1.531528,17.313333,0.039725,-0.201364,-0.210697,-0.208981,,-0.202481,-0.188166,-0.191649,-0.232982,-0.246229,,,-0.163879,34.8007,,,,34.805,MAM,1,2,KEO,10.838352,1.3,0.009341
9.93,,7.686667,B_subtropical_midlatitude_5,-0.253168,-0.014501,-0.011784,,-0.007711,-0.011125,,-0.005965,True,-0.01,-0.01,-0.0138,,-0.0114,,,-0.010983,2020-04-12T12:00Z,4.32125,5.500833,5.180556,10.338333,0.058158,-0.253827,-0.224988,-0.202621,,-0.222174,-0.185861,-0.202155,-0.193872,-0.175533,,,-0.073322,34.758,,,,34.76325,MAM,1,2,KEO,10.023258,1.3,0.025707
2.1,,10.131667,B_subtropical_midlatitude_5,1.53703,0.002403,0.002187,,0.001637,-0.009603,,-0.00726,True,-0.0215,-0.0215,-0.0144,,-0.02035,,,-0.012383,2020-04-18T14:00Z,1.608333,8.232847,7.810694,10.131667,-0.115648,-0.004868,-0.018485,-0.018911,,-0.005741,-0.027331,-0.022772,-0.034201,-0.049644,,,-0.024927,34.77295,,,,34.7755,MAM,1,2,KEO,12.285709,1.3,0.017068
31.93,,4.631667,B_subtropical_midlatitude_5,-1.912395,-0.063407,-0.045694,,-0.0235,-0.005948,,-0.002262,True,0.0025,0.0025,0.000283,,0.0013,,,0.00345,2020-04-26T14:00Z,15.641667,1.371736,1.17875,19.075,0.129955,-0.504608,-0.389427,-0.351613,,-0.430367,-0.337167,-0.352554,-0.29561,-0.24656,,,-0.129982,34.77385,,,,34.7763,MAM,0,0,KEO,6.519447,1.3,0.07127
19.55,,138.083124,B_subtropical_midlatitude_5,1.950502,-0.041626,-0.033255,,,-0.333552,,,True,-0.0325,-0.0325,-1.194197,,-1.002094,,,,2004-12-22T07:00Z,9.1125,82.736202,76.982738,166.1984,0.098131,-0.474731,-0.359706,-0.338883,,-0.415291,-0.468107,-0.331366,-0.275996,-0.21303,,,,34.930474,,,,,DJF,1,2,MOSEAN/WHOTS,6.430864,0.75,1.189601
13.3,,15.158733,B_subtropical_midlatitude_5,0.129897,-0.0369,-0.031194,,,-0.031433,,,True,0.231,0.231,-0.047945,,-0.039931,,,,2004-12-27T10:00Z,11.275,13.197027,12.565413,43.480288,0.081739,-0.448723,-0.387133,-0.381631,,-0.42848,-0.413501,-0.373844,-0.357531,-0.331628,,,,34.944038,,,,,DJF,1,2,MOSEAN/WHOTS,7.582125,0.75,0.082976
33.15,,78.565755,B_subtropical_midlatitude_5,0.861153,-0.058348,-0.050816,,,-0.106414,,,True,0.072,0.072,-0.251958,,-0.240273,,,,2005-01-01T17:00Z,20.1125,40.18607,36.912497,94.353255,0.121317,-0.507893,-0.424412,-0.418873,,-0.491685,-0.408755,-0.418683,-0.382555,-0.332416,,,,34.865707,,,,,DJF,1,2,MOSEAN/WHOTS,8.276496,0.75,0.313587
20.65,,15.037954,B_subtropical_midlatitude_5,-0.315341,-0.035391,-0.033034,,,-0.018529,,,True,0.099,0.099,-0.034945,,-0.035433,,,,2005-01-09T09:00Z,18.691667,14.264915,13.638334,15.037954,0.11688,-0.31081,-0.28215,-0.282631,,-0.30734,-0.274986,-0.290922,-0.27719,-0.266497,,,,35.008882,,,,,DJF,1,2,MOSEAN/WHOTS,9.806477,0.75,0.034332
0.0,,15.63193,B_subtropical_midlatitude_5,5.058277,0.0,0.0,,,-0.015803,,,True,-0.1145,-0.1145,-0.009486,,-0.010989,,,,2005-01-11T16:00Z,0.0,9.375071,8.723741,27.614083,,0.0,0.0,0.0,,0.0,0.0,-0.000197,0.0,0.0,,,,35.018525,,,,,DJF,1,2,MOSEAN/WHOTS,11.073018,0.75,0.023118
0.6,,8.870642,B_subtropical_midlatitude_5,2.550632,-0.001075,-0.001004,,,-0.010691,,,True,0.032,0.032,0.000821,,-0.011427,,,,2005-01-16T03:00Z,0.6,8.501032,8.131422,10.356194,0.06726,-0.016249,-0.014905,-0.014931,,-0.01609,-0.016837,-0.01653,-0.015151,-0.014606,,,,35.031951,,,,,DJF,1,2,MOSEAN/WHOTS,11.771962,0.75,0.010435
1.3,,25.015076,B_subtropical_midlatitude_5,2.886996,-0.004719,-0.004109,,,-0.048418,,,True,-0.1385,-0.1385,-0.254434,,-0.610227,,,,2005-01-26T08:00Z,0.983333,10.063818,9.021524,24.748509,0.045675,-0.100146,-0.091513,-0.089959,,-0.09564,-0.084295,-0.090852,-0.088431,-0.08609,,,,35.051454,,,,,DJF,1,2,MOSEAN/WHOTS,6.080973,0.75,0.249173
32.2,,12.092383,B_subtropical_midlatitude_5,-0.974256,-0.007509,-0.016989,,,-0.021565,,,True,-0.0235,-0.0235,-0.060066,,-0.067418,,,,2005-02-01T04:00Z,24.116667,8.260664,7.756815,12.092383,0.0191,-0.688487,-0.867657,-0.889457,,-0.769192,-0.514587,-0.878017,-1.075704,-1.208366,,,,35.068467,,,,,DJF,1,2,MOSEAN/WHOTS,7.099759,0.75,0.080791
10.85,,24.4,B_subtropical_midlatitude_5,0.805334,-0.011968,-0.010598,,,-0.030643,,,True,0.0645,0.0645,-0.105604,,-0.115076,,,,2005-10-01T11:00Z,3.658333,14.938333,13.921667,24.4,0.192184,-0.074344,-0.055555,-0.055143,,-0.072633,-0.070224,-0.071091,-0.040294,-0.024676,,,,35.270081,,,,,SON,1,2,MOSEAN/WHOTS,9.542013,0.765,0.063809
1.5,,26.55,B_subtropical_midlatitude_5,2.812786,-0.004172,-0.003027,,,-0.075262,,,True,-0.002,-0.002,-0.224072,,-0.244359,,,,2005-10-19T14:00Z,0.625,15.885417,14.779167,26.15,0.08167,-0.061502,-0.042358,-0.037063,,-0.047217,-0.038801,-0.041178,-0.028108,-0.019374,,,,35.173515,,,,,SON,1,2,MOSEAN/WHOTS,4.644448,0.765,0.623353
22.45,,35.64,B_subtropical_midlatitude_5,0.460535,-0.024994,-0.022371,,,-0.039081,,,True,-0.021,-0.021,-0.139914,,-0.183958,,,,2006-02-20T04:00Z,9.6375,23.951667,22.466667,44.68,0.120357,-0.227782,-0.186576,-0.185874,,-0.223643,-0.206196,-0.197898,-0.166646,-0.142673,,,,35.146081,,,,,DJF,1,2,MOSEAN/WHOTS,10.828152,0.765,0.057851
3.45,,2.05,B_subtropical_midlatitude_5,-0.50148,-0.004245,-0.003856,,,-0.001968,,,True,0.0255,0.0255,0.004429,,-0.002996,,,,2006-03-14T01:00Z,1.904167,1.277917,1.1925,45.579999,0.098653,-0.046503,-0.03939,-0.039089,,-0.04579,-0.040578,-0.051027,-0.036162,-0.031244,,,,34.940814,,,,,MAM,1,2,MOSEAN/WHOTS,11.330826,0.765,0.002833
10.1,,3.21,B_subtropical_midlatitude_5,-1.12544,-0.008681,-0.007707,,,-0.002518,,,True,0.0795,0.0795,-0.017392,,-0.044535,,,,2006-03-19T12:00Z,2.279167,1.23625,1.1025,23.76,0.199489,-0.055348,-0.039123,-0.038636,,-0.054176,-0.008369,-0.058744,-0.025235,-0.016369,,,,34.849019,,,,,MAM,1,2,MOSEAN/WHOTS,10.205363,0.765,0.006421
2.95,,2.76,B_subtropical_midlatitude_5,-0.06432,-0.006309,-0.005286,,,-0.004895,,,True,0.037,0.037,-0.018993,,-0.026721,,,,2006-03-22T11:00Z,1.454167,1.68,1.565,13.08,0.089664,-0.074765,-0.060708,-0.058957,,-0.071017,-0.072071,-0.110118,-0.051073,-0.042124,,,,34.813614,,,,,MAM,1,2,MOSEAN/WHOTS,5.400933,0.765,0.043997
13.9,,14.91,B_subtropical_midlatitude_5,0.069659,-0.047016,-0.036823,,,-0.038243,,,True,0.105,0.105,-0.097391,,-0.134381,,,,2006-04-01T09:00Z,12.0125,13.892083,13.270833,23.5,0.068346,-0.702521,-0.575539,-0.538772,,-0.612649,-0.409475,-0.592235,-0.49601,-0.449814,,,,34.865206,,,,,MAM,1,2,MOSEAN/WHOTS,5.986389,0.765,0.169084
6.4,,3.743858,B_subtropical_midlatitude_5,-0.525326,-0.005213,-0.004392,,,-0.005391,,,True,0.026,0.026,-0.029822,,-0.021507,,,,2006-08-01T10:00Z,1.470833,3.463354,3.30736,28.043852,,-0.011582,-0.00172,-0.002263,,-0.011335,0.021323,-0.000406,0.00609,0.013719,,,,34.890188,,,,,JJA,1,2,MOSEAN/WHOTS,9.507289,0.8,0.010213
22.5,,12.100596,B_subtropical_midlatitude_5,-0.616465,-0.032543,-0.028619,,,-0.014423,,,True,0.003,0.003,-0.015217,,-0.007595,,,,2006-10-15T05:00Z,14.570833,5.675504,5.171312,21.731353,0.113096,-0.296705,-0.256566,-0.253053,,-0.290628,-0.244854,-0.258225,-0.225939,-0.202879,,,,35.181133,,,,,SON,1,2,MOSEAN/WHOTS,8.65146,0.8,0.046818
3.25,,11.25569,B_subtropical_midlatitude_5,1.220759,-0.013748,-0.010692,,,-0.042092,,,True,0.0195,0.0195,-0.18329,,-0.167339,,,,2006-10-17T07:00Z,3.079167,10.551487,10.0825,11.24569,0.185651,-0.110359,-0.07086,-0.057594,,-0.074664,-0.081436,-0.050781,-0.040996,-0.02298,,,,35.148639,,,,,SON,1,2,MOSEAN/WHOTS,2.036627,0.8,1.902995
0.1,,0.721348,B_subtropical_midlatitude_5,1.412629,-0.000101,-7.6e-05,,,-0.000955,,,True,0.0035,0.0035,-0.005096,,-0.0034,,,,2006-11-01T16:00Z,0.008333,0.666292,0.636235,13.389897,,-0.000429,0.0,0.0,,-0.0004,0.0,-0.001958,0.0,0.0,,,,35.116255,,,,,SON,1,2,MOSEAN/WHOTS,7.00407,0.8,0.005647
0.6,,10.67225,B_subtropical_midlatitude_5,2.733648,-0.000479,-0.000378,,,-0.016381,,,True,-0.008,-0.008,-0.007315,,0.004927,,,,2007-02-01T12:00Z,0.104167,6.087703,5.643026,13.888513,,-0.002658,-0.001501,-0.001445,,-0.002467,0.001772,-0.000841,-0.000669,-0.000227,,,,35.199754,,,,,DJF,1,2,MOSEAN/WHOTS,7.479295,0.8,0.066399
28.35,,18.551404,B_subtropical_midlatitude_5,-0.422227,-0.05026,-0.04343,,,-0.028229,,,True,0.012,0.012,-0.069509,,-0.060358,,,,2007-03-10T03:00Z,23.354167,15.746957,14.973982,18.197948,0.066646,-0.701193,-0.666221,-0.651651,,-0.68032,-0.611991,-0.594126,-0.640908,-0.608448,,,,35.133456,,,,,MAM,1,2,MOSEAN/WHOTS,8.942299,0.8,0.060994
21.95,,15.592905,B_subtropical_midlatitude_5,-0.340104,-0.040013,-0.031397,,,-0.021598,,,True,-0.0015,-0.0015,-0.024771,,-0.005912,,,,2007-11-04T12:00Z,6.425,4.237947,3.588243,46.873945,0.193205,-0.248967,-0.169083,-0.162507,,-0.230675,-0.037462,-0.183427,-0.105538,-0.062166,,,,35.050242,,,,,SON,1,2,MOSEAN/WHOTS,7.103574,0.8,0.113652
7.95,,2.2856,B_subtropical_midlatitude_5,-1.216222,-0.015803,-0.013803,,,-0.003652,,,True,0.026,0.026,0.025086,,0.026208,,,,2007-11-28T02:00Z,6.1625,1.748871,1.653637,29.430294,0.08444,-0.192042,-0.165952,-0.163466,,-0.186517,-0.169734,-0.182349,-0.152049,-0.138598,,,,34.96918,,,,,SON,1,2,MOSEAN/WHOTS,8.041619,0.8,0.011277
0.85,,8.301319,B_subtropical_midlatitude_5,2.179682,-0.001199,-0.000943,,,-0.015732,,,True,-0.0005,-0.0005,-0.015517,,-0.008062,,,,2007-11-30T07:00Z,0.15,7.859938,7.514049,15.228168,0.170768,-0.009957,-0.005751,-0.005521,,-0.009269,-0.016564,-0.00296,-0.002277,0.0,,,,34.989515,,,,,SON,1,2,MOSEAN/WHOTS,6.894208,0.8,0.068008
5.3,,4.937427,B_subtropical_midlatitude_5,-0.069504,-0.008914,-0.007904,,,-0.005878,,,True,-0.0325,-0.0325,-0.032938,,-0.034401,,,,2007-12-04T14:00Z,3.770833,2.895703,2.689977,23.203196,0.078167,-0.113649,-0.102152,-0.101115,,-0.111563,-0.105334,-0.098019,-0.092046,-0.081697,,,,34.918181,,,,,DJF,1,2,MOSEAN/WHOTS,9.884353,0.8,0.011585
1.0,,2.80329,B_subtropical_midlatitude_5,0.970534,-0.000993,-0.000895,,,-0.003261,,,True,-0.0415,-0.0415,-0.028376,,-0.033263,,,,2007-12-07T08:00Z,0.458333,2.520696,2.403892,13.7848,0.120862,-0.009427,-0.007474,-0.007407,,-0.009269,-0.006936,-0.008543,-0.006169,-0.005022,,,,35.011075,,,,,DJF,1,2,MOSEAN/WHOTS,11.601326,0.8,0.003722
0.0,,15.265772,B_subtropical_midlatitude_5,5.034728,-0.000136,-0.000134,,,-0.013976,,,True,0.0075,0.0075,0.006148,,0.006871,,,,2007-12-27T11:00Z,0.0,8.501002,7.864928,22.054712,,-0.002936,-0.002931,-0.002923,,-0.002923,-0.002116,-0.00249,-0.003346,-0.003579,,,,34.954854,,,,,DJF,1,2,MOSEAN/WHOTS,11.46837,0.8,0.021155
0.0,,0.875277,B_subtropical_midlatitude_5,2.277551,-0.000118,-0.000116,,,-0.001002,,,True,-0.0025,-0.0025,-0.004686,,-0.005808,,,,2008-03-16T13:00Z,0.0,0.547866,0.511397,17.810871,,-0.002894,-0.002884,-0.00287,,-0.00287,0.000303,-0.004061,-0.003275,-0.003439,,,,35.216061,,,,,MAM,1,2,MOSEAN/WHOTS,10.271188,0.8,0.001817
6.03,,12.3897,B_subtropical_midlatitude_5,0.71171,-0.028189,-0.02664,,,-0.035751,,,True,-0.0225,-0.0225,-0.094486,,-0.048805,,,,2008-04-25T12:00Z,5.760833,11.786806,11.270568,18.2197,0.047692,-0.576722,-0.573308,-0.558579,,-0.55446,-0.604148,-0.451844,-0.584998,-0.583654,,,,35.277023,,,,,MAM,1,2,MOSEAN/WHOTS,3.513342,0.8,0.646788
1.25,,7.697735,B_subtropical_midlatitude_5,1.753729,-0.005591,-0.004153,,,-0.025381,,,True,-0.0715,-0.0715,-0.124873,,-0.066625,,,,2008-09-12T12:00Z,1.083333,5.87871,5.557971,13.107019,0.063094,-0.086632,-0.072057,-0.065821,,-0.074058,-0.035557,-0.048303,-0.061617,-0.057132,,,,35.146484,,,,,SON,1,2,MOSEAN/WHOTS,3.169231,0.91,0.588193
4.98,,10.941655,B_subtropical_midlatitude_5,0.776364,-0.017498,-0.011784,,,-0.02383,,,True,-0.014,-0.014,-0.13053,,-0.130322,,,,2008-10-26T15:00Z,2.2625,4.243805,3.787903,15.377671,0.067915,-0.287964,-0.211299,-0.173516,,-0.207443,-0.092369,-0.216817,-0.138173,-0.102527,,,,35.228201,,,,,SON,1,2,MOSEAN/WHOTS,4.115405,0.91,0.438077
18.79,,4.667507,B_subtropical_midlatitude_5,-1.376809,-0.031745,-0.027077,,,-0.006614,,,True,-0.025,-0.025,-0.004513,,-0.024486,,,,2008-11-22T01:00Z,11.076667,3.546575,3.352095,20.253451,0.039914,-0.813302,-0.738766,-0.678373,,-0.71679,-0.57084,-0.739427,-0.66295,-0.633252,,,,35.201911,,,,,SON,1,2,MOSEAN/WHOTS,8.479769,0.91,0.019955
0.235,,1.46721,B_subtropical_midlatitude_5,1.542922,-0.00013,-0.000106,,,-0.00188,,,True,-0.0065,-0.0065,-0.007874,,-0.008615,,,,2008-12-11T02:00Z,0.156667,1.338185,1.277051,16.804751,,0.001189,0.001636,0.001631,,0.001198,0.002794,0.00369,0.002315,0.003136,,,,35.20598,,,,,DJF,0,0,MOSEAN/WHOTS,11.211682,0.91,0.002519
11.98,,18.888387,B_subtropical_midlatitude_5,0.452276,-0.016915,-0.014532,,,-0.027919,,,True,-0.019,-0.019,-0.032535,,-0.027671,,,,2009-08-13T09:00Z,3.99375,11.364225,10.577209,30.968833,0.112874,-0.15864,-0.130635,-0.128749,,-0.153749,-0.080524,-0.131539,-0.109893,-0.088841,,,,35.245108,,,,,JJA,1,2,MOSEAN/WHOTS,8.221638,0.78,0.084539
4.87,,18.793984,B_subtropical_midlatitude_5,1.335424,-0.005681,-0.005086,,,-0.017515,,,True,-0.0225,-0.0225,-0.0183,,-0.019774,,,,2009-11-11T01:00Z,2.13,7.4435,6.660417,18.502477,0.115722,-0.054739,-0.044356,-0.043953,,-0.053677,-0.044841,-0.042846,-0.037387,-0.030202,,,,35.302682,,,,,SON,1,2,MOSEAN/WHOTS,10.162436,0.78,0.039439
4.235,,27.683175,B_subtropical_midlatitude_5,1.857709,-0.005217,-0.00486,,,-0.028448,,,True,-0.0565,-0.0565,-0.065235,,-0.05459,,,,2009-11-13T08:00Z,3.65,18.739615,17.586149,30.069917,0.081456,-0.059744,-0.059985,-0.059663,,-0.058938,-0.057571,-0.063716,-0.05348,-0.044761,,,,35.287027,,,,,SON,1,2,MOSEAN/WHOTS,12.265581,0.78,0.0289
2.25,,8.100746,B_subtropical_midlatitude_5,1.24981,-0.006425,-0.005069,,,-0.021709,,,True,-0.044,-0.044,-0.06973,,-0.073401,,,,2009-12-04T03:00Z,1.4325,7.738861,7.40133,10.520354,0.060983,-0.105632,-0.086834,-0.083123,,-0.096686,-0.070815,-0.080991,-0.074504,-0.064926,,,,35.405446,,,,,DJF,1,2,MOSEAN/WHOTS,6.039802,0.78,0.092993
4.775,,6.80612,B_subtropical_midlatitude_5,0.348288,-0.010289,-0.008523,,,-0.011533,,,True,-0.0045,-0.0045,-0.01045,,-0.005995,,,,2009-12-30T03:00Z,2.8725,4.48263,4.199042,12.022045,0.068862,-0.15075,-0.127201,-0.123772,,-0.140705,-0.093498,-0.122485,-0.122545,-0.105922,,,,35.431828,,,,,DJF,1,2,MOSEAN/WHOTS,6.97967,0.78,0.050451
0.735,,7.802337,B_subtropical_midlatitude_5,2.247482,-0.001907,-0.00158,,,-0.012308,,,True,-0.0075,-0.0075,-0.007515,,-0.012711,,,,2010-01-05T01:00Z,0.49,2.306517,1.981419,12.794679,0.067787,-0.028825,-0.023952,-0.023305,,-0.027235,-0.028812,-0.023096,-0.021116,-0.018717,,,,35.453724,,,,,DJF,1,2,MOSEAN/WHOTS,5.91958,0.78,0.097627
1.915,,19.999967,B_subtropical_midlatitude_5,2.300099,-0.004029,-0.003314,,,-0.035162,,,True,-0.0685,-0.0685,-0.067253,,-0.059815,,,,2010-03-07T11:00Z,1.102083,11.527721,10.694389,20.380382,0.06639,-0.062498,-0.051267,-0.049913,,-0.059177,-0.040312,-0.040278,-0.045515,-0.040634,,,,35.251686,,,,,MAM,1,2,MOSEAN/WHOTS,7.271464,0.78,0.132827
0.76,,5.2503,B_subtropical_midlatitude_5,1.827976,-0.001216,-0.001076,,,-0.006403,,,True,-0.004,-0.004,-0.006373,,-0.004881,,,,2010-03-15T03:00Z,0.633333,3.738665,3.519902,12.006765,0.074919,-0.01687,-0.014526,-0.014364,,-0.016478,-0.008587,-0.009343,-0.013419,-0.012403,,,,35.210501,,,,,MAM,1,2,MOSEAN/WHOTS,9.66484,0.78,0.013241
53.51,,31.848215,B_subtropical_midlatitude_5,-0.517619,-0.14992,-0.117215,,,-0.077136,,,True,-0.745,-0.745,-0.61142,,-0.654675,,,,2010-11-19T04:00Z,30.706667,21.262091,19.935082,45.211994,0.09389,-1.641003,-1.310667,-1.248426,,-1.479899,-1.385005,-1.221053,-1.086963,-0.916196,,,,35.30949,,,,,SON,1,2,MOSEAN/WHOTS,5.509092,0.76,0.480558
4.51,,1.678954,B_subtropical_midlatitude_5,-0.952202,-0.007749,-0.006289,,,-0.003049,,,True,-0.006,-0.006,-0.007356,,-0.005936,,,,2010-12-09T13:00Z,1.35625,1.154214,1.084258,93.422385,0.09305,-0.09184,-0.069165,-0.067585,,-0.087135,-0.086045,-0.086057,-0.058128,-0.048622,,,,35.384802,,,,,DJF,0,0,MOSEAN/WHOTS,6.283053,0.76,0.017442
0.295,,4.931511,B_subtropical_midlatitude_5,2.54459,0.010267,0.008609,,,-0.007042,,,True,0.0045,0.0045,0.007707,,0.007956,,,,2010-12-20T19:00Z,0.295,3.927257,3.721777,21.724909,,0.109787,0.08648,0.084037,,0.103772,0.106069,0.08454,0.071736,0.062721,,,,35.269703,,,,,DJF,1,2,MOSEAN/WHOTS,8.358859,0.76,0.020447
22.37,,28.504717,B_subtropical_midlatitude_5,0.241391,-0.046971,-0.039593,,,-0.044468,,,True,-0.138,-0.138,-0.076154,,-0.096688,,,,2010-12-26T11:00Z,10.825833,13.355233,12.167537,29.368152,0.082047,-0.581156,-0.492552,-0.482564,,-0.555063,-0.445669,-0.47924,-0.44513,-0.40052,,,,35.290073,,,,,DJF,1,2,MOSEAN/WHOTS,6.865769,0.76,0.22214
5.86,,3.920928,B_subtropical_midlatitude_5,-0.393558,-0.021723,-0.018101,,,-0.010481,,,True,-0.016,-0.016,-0.025283,,-0.014199,,,,2010-12-27T22:00Z,4.048333,3.706927,3.543555,25.863849,0.055896,-0.381354,-0.334578,-0.323831,,-0.354677,-0.308151,-0.353668,-0.302388,-0.282623,,,,35.24839,,,,,DJF,0,0,MOSEAN/WHOTS,4.544751,0.76,0.102936
1.225,,9.121019,B_subtropical_midlatitude_5,1.940073,-0.00203,-0.001813,,,-0.013845,,,True,-0.0015,-0.0015,-0.005344,,-0.00128,,,,2011-01-06T07:00Z,1.045833,8.467836,8.087793,13.597207,0.080856,-0.026239,-0.022598,-0.022427,,-0.025724,-0.025811,-0.020389,-0.020968,-0.019394,,,,35.476791,,,,,DJF,1,2,MOSEAN/WHOTS,9.622379,0.76,0.023156
19.31,,5.388109,B_subtropical_midlatitude_5,-1.263205,-0.026672,-0.02441,,,-0.006639,,,True,-0.0155,-0.0155,-0.013456,,-0.013781,,,,2011-01-12T17:00Z,15.619167,4.420079,4.195575,12.009132,0.120201,-0.234175,-0.204067,-0.203081,,-0.230947,-0.216979,-0.211395,-0.189719,-0.174021,,,,35.47781,,,,,DJF,1,2,MOSEAN/WHOTS,11.612668,0.76,0.006792
14.305,,15.988209,B_subtropical_midlatitude_5,0.110511,-0.025021,-0.021492,,,-0.021432,,,True,-0.014,-0.014,-0.037381,,-0.015466,,,,2011-02-07T00:00Z,8.030833,6.804641,6.138465,17.13406,0.102261,-0.264288,-0.213898,-0.210167,,-0.253495,-0.137251,-0.227922,-0.181224,-0.153894,,,,35.461205,,,,,DJF,1,2,MOSEAN/WHOTS,7.392979,0.76,0.0961
3.99,,2.834064,B_subtropical_midlatitude_5,-0.332156,-0.006112,-0.005388,,,-0.004766,,,True,-0.011,-0.011,-0.007673,,-0.006356,,,,2011-03-03T18:00Z,2.48875,2.43044,2.312354,32.142122,0.073417,-0.085411,-0.073857,-0.073394,,-0.083555,-0.070371,-0.08036,-0.06838,-0.064496,,,,35.258975,,,,,MAM,1,2,MOSEAN/WHOTS,8.250182,0.76,0.012288
7.525,,4.233077,B_subtropical_midlatitude_5,-0.565154,-0.010721,-0.009935,,,-0.005784,,,True,0.0,0.0,0.00211,,-0.001029,,,,2011-05-08T16:00Z,4.84,3.620526,3.444148,17.626728,0.06551,-0.164672,-0.152234,-0.151661,,-0.162381,-0.120049,-0.137481,-0.150443,-0.146264,,,,35.405862,,,,,MAM,1,2,MOSEAN/WHOTS,9.444881,0.76,0.011453
0.0,,4.3,B_subtropical_midlatitude_5,3.78419,0.0,0.0,,,-0.007064,,,True,-0.024,-0.024,-0.027546,,-0.025944,,,,2013-09-30T07:00Z,0.0,4.120833,3.941667,33.470464,,0.0,0.0,0.0,,0.0,0.0,0.0,0.0,0.0,,,,35.238144,,,,,SON,1,2,MOSEAN/WHOTS,8.174998,0.86,0.021692
0.34,,12.671814,B_subtropical_midlatitude_5,3.368221,-0.000919,-0.000943,,,-0.021184,,,True,0.0315,0.0315,-0.006673,,0.016341,,,,2013-10-12T06:00Z,0.31875,5.850825,5.322833,12.671814,0.025089,-0.037742,-0.038385,-0.037596,,-0.036635,-0.040631,-0.037596,-0.04045,-0.040155,,,,35.165803,,,,,SON,1,2,MOSEAN/WHOTS,5.816033,0.86,0.189273
0.0,,10.090348,B_subtropical_midlatitude_5,4.624026,-0.000159,-0.000146,,,-0.010374,,,True,-0.0745,-0.0745,-0.078345,,-0.071105,,,,2013-10-31T08:00Z,0.0,2.341121,1.92069,11.327431,,-0.004965,-0.004852,-0.004647,,-0.004647,-0.004367,-0.005249,-0.004421,-0.004181,,,,35.342382,,,,,SON,1,2,MOSEAN/WHOTS,6.853971,0.86,0.089033
0.255,,5.505828,B_subtropical_midlatitude_5,2.759444,-0.000327,-0.000282,,,-0.008904,,,True,-0.0235,-0.0235,-0.018177,,-0.018849,,,,2013-11-29T11:00Z,0.155833,5.276419,5.047009,10.801769,,-0.00437,-0.003618,-0.003557,,-0.004236,-0.004835,-0.001992,-0.003338,-0.003103,,,,35.447828,,,,,SON,1,2,MOSEAN/WHOTS,9.708313,0.86,0.015161
31.94,,30.892132,B_subtropical_midlatitude_5,-0.033252,-0.143743,-0.096899,,,-0.097841,,,True,-0.2525,-0.2525,-0.263643,,-0.27255,,,,2013-12-01T19:00Z,22.322083,28.248387,26.961214,32.902479,0.050892,-3.437627,-2.499738,-1.904014,,-2.081994,-2.349148,-2.00131,-1.686501,-1.460488,,,,35.442777,,,,,DJF,1,2,MOSEAN/WHOTS,3.646354,0.86,1.53434
0.0,,12.672212,B_subtropical_midlatitude_5,4.849857,0.0,0.0,,,-0.035831,,,True,-0.602,-0.602,-0.851112,,-0.785458,,,,2013-12-06T14:00Z,0.0,8.848168,8.32016,12.274523,,0.0,0.0,0.0,,0.0,0.0,0.00147,0.0,0.0,,,,35.507837,,,,,DJF,1,2,MOSEAN/WHOTS,3.712352,0.86,0.635068
4.675,,28.030427,B_subtropical_midlatitude_5,1.773458,-0.007898,-0.006999,,,-0.041288,,,True,-0.0515,-0.0515,-0.097736,,-0.079442,,,,2014-01-03T05:00Z,3.137917,22.640432,21.472497,28.030427,0.068307,-0.11726,-0.104261,-0.102468,,-0.11348,-0.09648,-0.119231,-0.097532,-0.089172,,,,35.490138,,,,,DJF,1,2,MOSEAN/WHOTS,9.331581,0.86,0.08757
0.08,,11.08314,B_subtropical_midlatitude_5,4.129206,-0.000165,-0.000137,,,-0.01781,,,True,-0.028,-0.028,-0.015067,,-0.015372,,,,2014-01-30T08:00Z,0.04,7.223738,6.76194,11.006287,,-0.002058,-0.001664,-0.001614,,-0.001951,-0.001948,-0.003309,-0.001391,-0.001141,,,,35.420961,,,,,DJF,1,2,MOSEAN/WHOTS,7.756459,0.86,0.064666
4.31,,10.233795,B_subtropical_midlatitude_5,0.851545,-0.008449,-0.007724,,,-0.017306,,,True,-0.0065,-0.0065,-0.00943,,-0.007074,,,,2014-02-06T00:00Z,3.157917,7.366583,6.940174,12.276182,0.044127,-0.188218,-0.178658,-0.175043,,-0.182143,-0.172906,-0.213067,-0.178336,-0.173014,,,,35.415906,,,,,DJF,1,2,MOSEAN/WHOTS,6.872872,0.86,0.090522
3.185,,7.747384,B_subtropical_midlatitude_5,0.870814,-0.00421,-0.003639,,,-0.009746,,,True,-0.005,-0.005,-0.004834,,-0.001371,,,,2014-02-16T01:00Z,1.565833,5.79506,5.472252,10.347718,0.150104,-0.0334,-0.024867,-0.024243,,-0.032075,-0.03508,-0.020381,-0.018292,-0.010875,,,,35.316834,,,,,DJF,1,2,MOSEAN/WHOTS,9.587326,0.86,0.022451
7.18,,33.886646,B_subtropical_midlatitude_5,1.540837,-0.014255,-0.011658,,,-0.062693,,,True,-0.1125,-0.1125,-0.197111,,-0.099266,,,,2014-03-28T15:00Z,3.576667,22.783804,21.371861,33.404774,0.074876,-0.198671,-0.16074,-0.155691,,-0.187778,-0.113852,-0.184569,-0.136327,-0.120655,,,,35.285806,,,,,MAM,1,2,MOSEAN/WHOTS,6.744469,0.86,0.321717
14.19,,14.365261,B_subtropical_midlatitude_5,0.01219,-0.020965,-0.018733,,,-0.021362,,,True,0.004,0.004,-0.05798,,-0.096292,,,,2014-03-29T21:00Z,8.064167,13.321726,12.723174,14.5905,0.105486,-0.207967,-0.180156,-0.177583,,-0.202568,-0.135341,-0.154616,-0.16286,-0.146754,,,,35.187298,,,,,MAM,0,0,MOSEAN/WHOTS,10.266289,0.86,0.031882
0.0,,10.050836,B_subtropical_midlatitude_5,4.620141,-0.000136,-0.000128,,,-0.024821,,,True,-0.108,-0.108,-0.135995,,-0.126824,,,,2014-05-11T00:00Z,0.0,9.188538,8.769753,11.252846,0.011868,-0.021503,-0.016658,-0.010789,,-0.010789,-0.00997,-0.012382,-0.01009,-0.009223,,,,34.96059,,,,,MAM,1,2,MOSEAN/WHOTS,5.111012,0.86,0.214411
18.235,,30.673313,B_subtropical_midlatitude_5,0.517836,-0.066587,-0.055628,,,-0.083251,,,True,-0.278,-0.278,-0.342955,,-0.308591,,,,2014-05-24T14:00Z,14.949167,23.086659,21.808604,46.425857,0.067259,-0.945374,-0.862931,-0.827062,,-0.872929,-0.744376,-0.793921,-0.810164,-0.781508,,,,35.178887,,,,,MAM,1,2,MOSEAN/WHOTS,3.698442,0.86,1.524693
0.0,,3.699055,B_subtropical_midlatitude_5,3.637337,0.0,0.0,,,-0.005906,,,True,0.0015,0.0015,0.02021,,0.015621,,,,2014-08-31T06:00Z,0.0,2.02384,1.869712,11.965703,,0.0,0.0,0.0,,0.0,0.0,0.0,0.0,0.0,,,,35.094986,,,,,JJA,1,2,MOSEAN/WHOTS,7.135081,0.81,0.027018
1.615,,14.962837,B_subtropical_midlatitude_5,2.172818,-0.004817,-0.003919,,,-0.042906,,,True,-0.823,-0.823,-0.614544,,-0.768855,,,,2014-10-05T16:00Z,1.35375,13.256456,12.633004,14.888289,0.036534,-0.124958,-0.1135,-0.107277,,-0.111438,-0.103263,-0.093231,-0.109959,-0.109868,,,,35.114402,,,,,SON,0,0,MOSEAN/WHOTS,3.704657,0.81,0.684269
5.0,,29.501123,B_subtropical_midlatitude_5,1.758572,-0.007541,-0.00682,,,-0.041403,,,True,-0.0285,-0.0285,-0.04574,,-0.032584,,,,2014-12-24T09:00Z,3.716667,21.249622,20.020409,29.307679,0.102984,-0.077454,-0.066821,-0.066228,,-0.075957,-0.06406,-0.06523,-0.060563,-0.055118,,,,35.387028,,,,,DJF,0,0,MOSEAN/WHOTS,8.224974,0.81,0.129484
9.68,,6.401416,B_subtropical_midlatitude_5,-0.408319,-0.019549,-0.015065,,,-0.007924,,,True,-0.014,-0.014,-0.019226,,-0.01406,,,,2015-01-02T18:00Z,3.125833,1.638186,1.37146,19.766831,0.08384,-0.260813,-0.197406,-0.179686,,-0.218778,-0.098402,-0.175551,-0.147874,-0.118062,,,,35.407891,,,,,DJF,0,0,MOSEAN/WHOTS,4.927568,0.81,0.136155
0.315,,10.57486,B_subtropical_midlatitude_5,3.247368,-0.002064,-0.001362,,,-0.043538,,,True,-0.237,-0.237,-0.327895,,-0.343405,,,,2015-05-22T15:00Z,0.2625,9.867806,9.427187,10.57486,0.041253,-0.055989,-0.041474,-0.033011,,-0.035677,-0.023172,-0.029337,-0.030157,-0.027125,,,,35.23701,,,,,MAM,0,0,MOSEAN/WHOTS,2.981507,0.81,0.794636
28.345,,24.922087,B_subtropical_midlatitude_5,-0.128213,-0.046738,-0.041229,,,-0.03181,,,True,-0.0275,-0.0275,-0.038219,,-0.032362,,,,2015-08-24T07:00Z,17.293333,14.76113,13.722709,24.922087,0.040789,-1.352688,-1.182983,-1.010785,,-1.053284,-0.89066,-1.018924,-0.981885,-0.94088,,,,35.209025,,,,,JJA,1,2,MOSEAN/WHOTS,8.468203,0.85,0.107747
1.17,,30.975495,B_subtropical_midlatitude_5,3.197403,-0.003182,-0.002289,,,-0.070769,,,True,-0.0935,-0.0935,-0.111589,,-0.046274,,,,2015-12-13T00:00Z,0.465,18.38535,17.094704,30.975495,0.085922,-0.039691,-0.028795,-0.026643,,-0.03421,-0.02061,-0.025258,-0.021033,-0.016728,,,,35.036618,,,,,DJF,0,0,MOSEAN/WHOTS,4.623016,0.85,0.865101
8.6,,20.495111,B_subtropical_midlatitude_5,0.861731,-0.031447,-0.021741,,,-0.064332,,,True,-0.4505,-0.4505,-0.521118,,-0.56858,,,,2016-03-21T17:00Z,5.039583,16.076173,15.22221,20.455111,0.057134,-0.587878,-0.444768,-0.380519,,-0.443379,-0.368392,-0.359293,-0.335653,-0.281611,,,,35.152927,,,,,MAM,1,2,MOSEAN/WHOTS,3.592953,0.85,1.047264
3.135,,15.213683,B_subtropical_midlatitude_5,1.554718,-0.004193,-0.003806,,,-0.023952,,,True,-0.04,-0.04,-0.026021,,-0.031121,,,,2016-07-24T11:00Z,2.770833,14.239361,13.605457,157.416988,0.052265,-0.076481,-0.073542,-0.072829,,-0.075198,-0.08749,-0.059184,-0.073619,-0.075497,,,,34.918506,,,,,JJA,1,2,MOSEAN/WHOTS,8.91035,0.8,0.052724
0.085,,13.414305,B_subtropical_midlatitude_5,4.291148,-8.4e-05,-6.4e-05,,,-0.016731,,,True,-0.003,-0.003,-0.019178,,-0.010422,,,,2017-05-24T09:00Z,0.007083,5.294982,4.736053,19.369063,,-0.000356,0.0,0.0,,-0.000333,0.0,0.0,0.0,0.0,,,,34.882502,,,,,MAM,1,2,MOSEAN/WHOTS,8.366381,0.8,0.057583
33.205,,13.152439,B_subtropical_midlatitude_5,-0.921526,-0.027907,-0.025636,,,-0.015082,,,True,-0.0305,-0.0305,0.004753,,0.000201,,,,2017-07-24T14:00Z,16.041667,12.422657,11.874639,12.925651,0.124591,-0.248705,-0.207579,-0.205764,,-0.245532,-0.202616,-0.212664,-0.182777,-0.160574,,,,34.845616,,,,,JJA,1,2,MOSEAN/WHOTS,13.515886,0.8,0.009407
26.0,,26.762243,B_subtropical_midlatitude_5,0.028786,-0.038318,-0.032399,,,-0.038826,,,True,-0.0675,-0.0675,-0.050961,,-0.055416,,,,2017-10-24T01:00Z,14.691667,11.108174,9.99308,28.427719,0.134473,-0.287011,-0.246965,-0.24093,,-0.276113,-0.302503,-0.234743,-0.221187,-0.201889,,,,35.0981,,,,,SON,1,2,MOSEAN/WHOTS,8.71526,0.97,0.113893
6.635,,24.189708,B_subtropical_midlatitude_5,1.282735,-0.035684,-0.027431,,,-0.070329,,,True,-0.246,-0.246,-0.439484,,-0.311556,,,,2017-12-27T03:00Z,5.819583,22.082298,21.074394,24.189708,0.073294,-0.592169,-0.466028,-0.374267,,-0.40114,-0.337323,-0.502523,-0.3525,-0.323147,,,,35.039644,,,,,DJF,1,2,MOSEAN/WHOTS,4.697965,0.97,0.718331
9.905,,7.171492,B_subtropical_midlatitude_5,-0.319123,-0.019455,-0.016904,,,-0.011336,,,True,-0.031,-0.031,-0.027609,,-0.028904,,,,2018-01-31T02:00Z,9.1425,6.506939,6.208127,22.483668,0.115798,-0.17192,-0.14975,-0.145975,,-0.165216,-0.173036,-0.144055,-0.137104,-0.127598,,,,35.006196,,,,,DJF,1,2,MOSEAN/WHOTS,8.326275,0.97,0.037569
13.895,,16.218186,B_subtropical_midlatitude_5,0.15358,-0.037957,-0.028823,,,-0.033444,,,True,-0.062,-0.062,-0.057693,,-0.05565,,,,2018-02-02T03:00Z,7.99125,9.833037,9.157279,30.494978,0.089561,-0.436884,-0.349372,-0.321824,,-0.382903,-0.219525,-0.317913,-0.277419,-0.227322,,,,35.167872,,,,,DJF,0,0,MOSEAN/WHOTS,5.001795,0.97,0.414122
12.43,,6.585598,B_subtropical_midlatitude_5,-0.62817,-0.029134,-0.021426,,,-0.016597,,,True,-0.011,-0.011,-0.064673,,-0.029856,,,,2018-02-05T03:00Z,7.425833,5.538404,5.264004,25.070015,0.061984,-0.493339,-0.392581,-0.345673,,-0.403061,-0.229789,-0.37577,-0.301973,-0.263655,,,,35.132194,,,,,DJF,1,2,MOSEAN/WHOTS,5.428727,0.97,0.128077
1.6,,1.4905,B_subtropical_midlatitude_5,-0.06658,-0.005364,-0.004042,,,-0.003658,,,True,0.017,0.017,0.014456,,0.009717,,,,2018-02-13T20:00Z,0.834167,1.319536,1.257431,48.202617,0.068686,-0.078591,-0.064276,-0.058851,,-0.06809,-0.053061,-0.058962,-0.052199,-0.045109,,,,35.097164,,,,,DJF,1,2,MOSEAN/WHOTS,4.378295,0.97,0.054704
1.125,,1.614838,B_subtropical_midlatitude_5,0.336378,0.003474,0.001295,,,-0.003176,,,True,-0.0065,-0.0065,-0.009361,,-0.008593,,,,2018-03-26T10:00Z,0.946667,0.798071,0.730786,19.275073,-0.009585,-0.135991,-0.145611,-0.135086,,-0.11969,-0.052253,-0.148698,-0.137588,-0.158184,,,,35.211011,,,,,MAM,1,2,MOSEAN/WHOTS,3.890732,0.97,0.080705
9.49,,2.276196,B_subtropical_midlatitude_5,-1.39522,-0.030099,-0.024024,,,-0.005194,,,True,-0.002,-0.002,-0.006962,,0.003937,,,,2018-04-08T04:00Z,6.436667,1.641857,1.547016,17.258044,0.062304,-0.472088,-0.4088,-0.385595,,-0.430721,-0.357758,-0.384935,-0.365442,-0.33246,,,,35.018725,,,,,MAM,1,2,MOSEAN/WHOTS,5.039271,0.97,0.057682
0.0,,0.801039,B_subtropical_midlatitude_5,2.198378,5e-06,5e-06,,,-0.000426,,,True,0.021,0.021,0.016125,,0.018518,,,,2018-04-13T18:00Z,0.0,0.439313,0.405936,21.158297,,0.000209,0.000209,0.000209,,0.000209,0.000496,0.000139,0.000428,0.000659,,,,35.137799,,,,,MAM,1,2,MOSEAN/WHOTS,8.167035,0.97,0.004573
13.555,,29.34914,B_subtropical_midlatitude_5,0.768559,-0.008038,-0.00743,,,-0.028718,,,True,-0.0425,-0.0425,-0.038204,,-0.032772,,,,2018-08-28T04:00Z,9.224583,17.40556,16.182679,29.939964,0.07588,-0.095413,-0.099173,-0.097915,,-0.097158,-0.087833,-0.10961,-0.083487,-0.081445,,,,34.87957,,,,,JJA,1,2,MOSEAN/WHOTS,11.188897,0.97,0.053983
0.0,,13.973844,B_subtropical_midlatitude_5,4.946903,0.0,0.0,,,-0.033433,,,True,-0.115,-0.115,-0.162481,,-0.135752,,,,2018-10-19T20:00Z,0.0,8.400271,7.818028,13.599927,,0.0,0.0,0.0,,0.0,0.0,-0.018369,0.0,0.0,,,,35.025683,,,,,SON,1,2,MOSEAN/WHOTS,4.506571,0.72,0.342879
27.81,,22.050389,B_subtropical_midlatitude_5,-0.23113,-0.029204,-0.026309,,,-0.022377,,,True,-0.0115,-0.0115,-0.029103,,-0.021934,,,,2018-10-30T14:00Z,15.958333,7.898188,6.979421,22.050389,0.140884,-0.232807,-0.187947,-0.18674,,-0.228763,-0.179688,-0.202306,-0.164403,-0.142922,,,,34.992739,,,,,SON,1,2,MOSEAN/WHOTS,10.558278,0.72,0.036035
16.29,,16.093337,B_subtropical_midlatitude_5,-0.012072,-0.026981,-0.024288,,,-0.022655,,,True,-0.058,-0.058,-0.084313,,-0.05898,,,,2018-11-10T03:00Z,11.425417,12.320682,11.650127,16.961261,0.099469,-0.284615,-0.246163,-0.244173,,-0.279483,-0.200378,-0.258857,-0.226244,-0.207958,,,,35.142623,,,,,SON,1,2,MOSEAN/WHOTS,8.813458,0.72,0.052265
0.65,,2.080448,B_subtropical_midlatitude_5,1.067212,-0.003208,-0.001899,,,-0.006304,,,True,-0.01,-0.01,-0.0086,,-0.007362,,,,2018-11-30T10:00Z,0.303333,1.929658,1.842972,11.196148,0.082185,-0.077559,-0.034016,-0.023103,,-0.02757,-0.046386,-0.032223,-0.017262,-0.010729,,,,35.135965,,,,,SON,1,2,MOSEAN/WHOTS,3.080957,0.72,0.125522
2.88,,4.076697,B_subtropical_midlatitude_5,0.337597,-0.003424,-0.003167,,,-0.003749,,,True,-0.0075,-0.0075,-0.022434,,-0.011619,,,,2019-02-10T12:00Z,1.65,2.129565,1.959703,12.288874,0.088164,-0.041671,-0.036084,-0.03592,,-0.041204,-0.026264,-0.035291,-0.032757,-0.030087,,,,35.088855,,,,,DJF,1,2,MOSEAN/WHOTS,12.057431,0.72,0.004198
6.99,,10.948859,B_subtropical_midlatitude_5,0.443642,-0.009172,-0.008373,,,-0.013446,,,True,-0.0345,-0.0345,-0.018309,,-0.033712,,,,2019-05-04T13:00Z,3.727917,7.171381,6.715179,12.93189,0.093944,-0.105035,-0.089722,-0.089128,,-0.103446,-0.100225,-0.098402,-0.079032,-0.069366,,,,34.799277,,,,,MAM,1,2,MOSEAN/WHOTS,10.52676,0.72,0.018468
25.74,,12.215311,B_subtropical_midlatitude_5,-0.74108,-0.043895,-0.037194,,,-0.019121,,,True,-0.028,-0.028,-0.018449,,-0.048021,,,,2019-06-25T22:00Z,15.846667,6.481684,5.972712,21.015067,0.12645,-0.369996,-0.298789,-0.294144,,-0.358411,-0.397842,-0.291672,-0.244995,-0.218718,,,,34.869207,,,,,JJA,1,2,MOSEAN/WHOTS,6.926483,0.72,0.088307
0.0,,0.734088,B_subtropical_midlatitude_5,2.121169,0.0,0.0,,,-0.001136,,,True,-0.0145,-0.0145,-0.013563,,-0.010975,,,,2019-10-10T22:00Z,0.0,0.703501,0.672914,13.98076,,0.0,0.0,0.0,,0.0,0.0,0.000369,0.0,0.0,,,,34.975554,,,,,SON,1,2,MOSEAN/WHOTS,7.49403,0.85,0.00485
35.54,,13.581448,B_subtropical_midlatitude_5,-0.957428,-0.119105,-0.096953,,,-0.038941,,,True,-0.0885,-0.0885,-0.068703,,-0.093616,,,,2019-10-30T20:00Z,22.95125,12.234387,11.668493,13.581448,0.05863,-1.945026,-1.749063,-1.653654,,-1.765727,-1.581366,-1.394691,-1.613798,-1.52101,,,,34.783696,,,,,SON,1,2,MOSEAN/WHOTS,4.299237,0.85,0.454384
0.475,,4.448956,B_subtropical_midlatitude_5,2.068283,-0.000814,-0.000672,,,-0.00939,,,True,-0.0625,-0.0625,-0.043618,,-0.050544,,,,2019-11-03T11:00Z,0.205833,4.234749,4.049376,41.773752,0.08845,-0.009969,-0.007812,-0.007592,,-0.00947,-0.005485,-0.008779,-0.006432,-0.005667,,,,34.83878,,,,,SON,1,2,MOSEAN/WHOTS,6.551633,0.85,0.044994
0.0,,6.157152,B_subtropical_midlatitude_5,4.13631,0.00327,0.002442,,,-0.010322,,,True,0.003,0.003,-0.014915,,0.002531,,,,2019-11-17T07:00Z,0.0,5.900604,5.644056,15.921738,,0.01896,0.008268,0.003576,,0.014924,0.011884,-0.020544,-0.02071,-0.024297,,,,34.575551,,,,,SON,1,2,MOSEAN/WHOTS,6.986056,0.85,0.049539
21.76,,1.850213,B_subtropical_midlatitude_5,-2.41672,-0.017761,-0.016423,,,-0.001588,,,True,-0.0015,-0.0015,-0.00781,,-0.003575,,,,2019-12-25T08:00Z,11.46625,1.36769,1.290597,21.288945,0.098872,-0.194165,-0.167122,-0.166101,,-0.191973,-0.166466,-0.142896,-0.153254,-0.140859,,,,34.772107,,,,,DJF,1,2,MOSEAN/WHOTS,13.513601,0.85,0.001438
9.5,,6.462231,B_subtropical_midlatitude_5,-0.380432,-0.02362,-0.019201,,,-0.012237,,,True,-0.0105,-0.0105,-0.012503,,-0.008851,,,,2020-02-06T00:00Z,5.672917,3.950072,3.680812,14.509385,0.075629,-0.321326,-0.263589,-0.253877,,-0.299512,-0.193784,-0.249525,-0.223038,-0.192402,,,,34.811747,,,,,DJF,1,2,MOSEAN/WHOTS,5.856574,0.85,0.091072
4.19,,0.690539,B_subtropical_midlatitude_5,-1.691328,-0.004689,-0.004304,,,-0.000827,,,True,-0.004,-0.004,-0.004538,,-0.001783,,,,2020-03-17T04:00Z,3.645417,0.659287,0.630515,31.660391,0.072796,-0.064943,-0.059557,-0.059129,,-0.064109,-0.058699,-0.057167,-0.057096,-0.053224,,,,34.696866,,,,,MAM,1,2,MOSEAN/WHOTS,11.6044,0.85,0.000964
51.355,,14.181494,B_subtropical_midlatitude_5,-1.281743,-0.02202,-0.021528,,,-0.00711,,,True,-0.022,-0.022,-0.016812,,-0.014547,,,,2020-07-27T04:00Z,30.5475,9.871868,9.280972,14.181494,0.096727,-0.237286,-0.222447,-0.222559,,-0.23702,-0.188105,-0.242489,-0.229148,-0.234144,,,,34.580508,,,,,JJA,1,2,MOSEAN/WHOTS,20.154962,0.85,0.002174
0.0,,5.698333,B_subtropical_midlatitude_5,4.060156,7e-06,7e-06,,,-0.021024,,,True,-0.1415,-0.1415,-0.145295,,-0.128987,,,,2021-12-04T22:00Z,0.0,4.908889,4.671458,14.74,,0.001452,0.001452,0.001451,,0.001451,0.001156,0.001136,0.001464,0.001463,,,,35.038562,,,,,DJF,1,2,MOSEAN/WHOTS,3.155351,0.9,0.426545
20.51,,46.148055,B_subtropical_midlatitude_5,0.808243,-0.028145,-0.021364,,,-0.070787,,,True,-0.1715,-0.1715,-0.200793,,-0.236803,,,,2021-12-06T17:00Z,9.019583,14.959502,13.036667,110.108889,0.132695,-0.231042,-0.170376,-0.160999,,-0.2088,-0.157568,-0.188039,-0.121855,-0.09795,,,,35.073587,,,,,DJF,1,2,MOSEAN/WHOTS,7.825218,0.9,0.260997
0.99,,2.611667,B_subtropical_midlatitude_5,0.911386,-0.001343,-0.001125,,,-0.003424,,,True,0.0045,0.0045,0.003228,,0.003124,,,,2021-12-15T07:00Z,0.3575,1.731181,1.622361,14.900556,0.122214,-0.012652,-0.009466,-0.009208,,-0.012086,-0.014897,-0.010425,-0.006935,-0.004645,,,,34.956523,,,,,DJF,1,2,MOSEAN/WHOTS,8.719185,0.9,0.010973
5.13,,3.188333,B_subtropical_midlatitude_5,-0.46403,-0.006224,-0.005778,,,-0.003509,,,True,0.0005,0.0005,-0.00234,,-0.001077,,,,2021-12-30T21:00Z,3.19,1.683935,1.551088,22.859861,0.063716,-0.097202,-0.091566,-0.09068,,-0.095685,-0.087985,-0.063925,-0.091438,-0.087823,,,,34.996895,,,,,DJF,1,2,MOSEAN/WHOTS,10.19584,0.9,0.007692
0.2,,2.315,B_subtropical_midlatitude_5,2.085672,-0.000184,-0.000139,,,-0.004101,,,True,-0.0095,-0.0095,-0.009285,,-0.008342,,,,2022-03-22T09:00Z,0.016667,1.907963,1.811505,23.033472,,-0.00074,0.0,0.0,,-0.000686,0.0,0.000736,0.0,0.0,,,,35.066327,,,,,MAM,1,2,MOSEAN/WHOTS,7.22796,0.9,0.018361
0.0,,12.179998,B_subtropical_midlatitude_5,4.810557,0.0,0.0,,,-0.043668,,,True,-0.009,-0.009,-0.132534,,-0.038986,,,,2022-09-11T07:00Z,0.0,10.627499,10.119999,12.199997,,0.0,0.0,0.0,,0.0,0.0,-0.00187,0.0,0.0,,,,34.952765,,,,,SON,1,2,MOSEAN/WHOTS,2.32815,0.75,1.478641
29.455,,11.549995,B_subtropical_midlatitude_5,-0.930947,-0.0828,-0.068085,,,-0.024659,,,True,-0.041,-0.041,-0.040981,,-0.030868,,,,2022-12-16T10:00Z,17.890833,7.930418,7.449169,18.880005,0.089178,-0.956713,-0.795173,-0.763474,,-0.870685,-0.788188,-0.762424,-0.695464,-0.615335,,,,35.392389,,,,,DJF,1,2,MOSEAN/WHOTS,5.159781,0.75,0.1995
23.525,,9.0,B_subtropical_midlatitude_5,-0.954031,-0.06466,-0.052243,,,-0.018965,,,True,0.148,0.148,0.108846,,0.139939,,,,2022-12-18T15:00Z,16.3825,6.210002,5.835002,24.190018,0.083482,-0.807022,-0.660212,-0.625797,,-0.718828,-0.557671,-0.616137,-0.564704,-0.498163,,,,35.200601,,,,,DJF,1,2,MOSEAN/WHOTS,5.906584,0.75,0.102646
8.805,,8.389999,B_subtropical_midlatitude_5,-0.047724,-0.019708,-0.016139,,,-0.018315,,,True,-0.0405,-0.0405,-0.027886,,-0.040742,,,,2023-01-21T23:00Z,4.75375,6.795418,6.445835,11.379974,0.074838,-0.274788,-0.222125,-0.215651,,-0.258927,-0.216828,-0.20504,-0.187572,-0.15959,,,,34.991514,,,,,DJF,1,2,MOSEAN/WHOTS,6.110864,0.75,0.092164
0.75,,30.460007,B_subtropical_midlatitude_5,3.582211,-0.003052,-0.002898,,,-0.085333,,,True,-0.181,-0.181,-0.630465,,-0.162095,,,,2023-01-25T04:00Z,0.677083,28.869174,27.600007,30.460007,0.023546,-0.13664,-0.130197,-0.123082,,-0.123172,-0.047496,-0.144905,-0.128056,-0.126358,,,,34.977957,,,,,DJF,1,2,MOSEAN/WHOTS,5.17724,0.75,0.53563
2.875,,13.639984,B_subtropical_midlatitude_5,1.530066,-0.004605,-0.004182,,,-0.016939,,,True,-0.0215,-0.0215,-0.027272,,-0.021697,,,,2023-02-03T14:00Z,1.88,8.549989,7.981656,17.880005,0.071766,-0.065943,-0.058909,-0.058272,,-0.064731,-0.059341,-0.04851,-0.055694,-0.051467,,,,35.050337,,,,,DJF,1,2,MOSEAN/WHOTS,9.729392,0.75,0.032544
37.87,,48.009979,B_subtropical_midlatitude_5,0.236693,-0.036943,-0.033765,,,-0.038495,,,True,0.079,0.079,0.058783,,0.045872,,,,2023-02-17T14:00Z,18.081667,18.172909,16.172493,71.879974,0.13806,-0.296018,-0.246935,-0.244568,,-0.291489,-0.248723,-0.248972,-0.217265,-0.182367,,,,34.951302,,,,,DJF,1,2,MOSEAN/WHOTS,11.730796,0.75,0.056612
0.935,,13.139984,B_subtropical_midlatitude_5,2.54884,-0.001461,-0.001183,,,-0.019497,,,True,-0.017,-0.017,-0.01751,,-0.011872,,,,2023-03-06T09:00Z,0.261667,5.450822,4.903323,12.519989,0.124917,-0.014478,-0.00971,-0.009466,,-0.013747,-0.005456,-0.014667,-0.006691,-0.005118,,,,34.933913,,,,,MAM,1,2,MOSEAN/WHOTS,6.34913,0.75,0.129801
4.615,,17.579956,B_subtropical_midlatitude_5,1.321683,-0.009097,-0.007709,,,-0.029506,,,True,-0.095,-0.095,-0.093222,,-0.064643,,,,2023-03-29T08:00Z,2.183333,10.767471,10.034973,21.669952,0.096709,-0.100312,-0.081363,-0.079714,,-0.096291,-0.077199,-0.076233,-0.069063,-0.059588,,,,35.030085,,,,,MAM,1,2,MOSEAN/WHOTS,7.81796,0.75,0.086778
28.565,,16.850006,B_subtropical_midlatitude_5,-0.525409,-0.023752,-0.022014,,,-0.012993,,,True,-0.0615,-0.0615,-0.051196,,-0.062182,,,,2023-04-03T01:00Z,14.333333,8.986271,8.284187,16.850006,0.121323,-0.219839,-0.18266,-0.181447,,-0.217498,-0.222495,-0.220148,-0.158819,-0.136321,,,,34.90556,,,,,MAM,1,2,MOSEAN/WHOTS,13.718473,0.75,0.010842
6.505,,4.219971,B_subtropical_midlatitude_5,-0.424578,-0.010759,-0.009709,,,-0.005389,,,True,0.019,0.019,0.015119,,0.019914,,,,2023-04-19T02:00Z,4.990417,2.970805,2.794973,49.820007,0.069074,-0.159069,-0.142374,-0.140553,,-0.155655,-0.152621,-0.14132,-0.133128,-0.123992,,,,34.909196,,,,,MAM,1,2,MOSEAN/WHOTS,9.641199,0.75,0.010318
11.15,0.98998,7.925,B_subtropical_midlatitude_5,-0.337806,-0.009416,-0.008749,,-0.006608,-0.005856,,-0.00418,True,-0.019,-0.019,-0.016167,,-0.021,,,-0.014,2007-07-08T16:00Z,6.920833,4.782014,4.451806,12.35,0.079656,-0.124233,-0.110946,-0.109834,,-0.122545,-0.100041,-0.117223,-0.102494,-0.096851,,,-0.081007,32.5295,,,,32.5495,JJA,1,2,Papa,13.464079,1.0,0.006875
15.1,0.988462,6.231667,B_subtropical_midlatitude_5,-0.875732,-0.015477,-0.014097,,-0.010169,-0.005241,,-0.003542,True,-0.0105,-0.0105,-0.008833,,-0.009,,,-0.0085,2007-09-14T07:00Z,8.658333,3.548125,3.288472,14.326667,0.086413,-0.185732,-0.165037,-0.163132,,-0.182464,-0.151618,-0.159052,-0.156167,-0.143311,,,-0.1139,32.4165,,,,32.433,SON,1,2,Papa,12.419559,1.0,0.007324
4.45,0.982506,9.575,B_subtropical_midlatitude_5,0.754418,-0.006215,-0.00551,,-0.003702,-0.01238,,-0.008048,True,-0.011,-0.011,-0.013,,-0.0115,,,-0.0095,2007-10-18T12:00Z,3.570833,7.063542,6.664583,13.408333,0.104252,-0.06271,-0.053796,-0.052855,,-0.061009,-0.043236,-0.053492,-0.048961,-0.04474,,,-0.033101,32.468,,,,32.4815,SON,1,2,Papa,8.453944,1.0,0.043084
4.25,,5.453333,B_subtropical_midlatitude_5,0.244223,-0.00167,-0.001507,,-0.001006,-0.003429,,-0.002335,True,-0.0055,-0.0055,-0.004333,,-0.004,,,-0.003667,2007-10-20T17:00Z,0.895833,2.52,2.292778,11.883333,,-0.003972,0.000971,0.001073,,-0.003746,0.002457,0.00164,0.006258,0.01038,,,0.003694,32.4625,,,,32.476,SON,0,0,Papa,13.818389,1.0,0.004106
8.3,0.974028,22.405,B_subtropical_midlatitude_5,0.985506,-0.009866,-0.00836,,-0.004862,-0.018436,,-0.011016,True,-0.0135,-0.0135,-0.031,,-0.0095,,,-0.0215,2007-11-11T00:00Z,4.454167,9.777292,8.84375,22.89,0.094047,-0.110508,-0.091263,-0.088893,,-0.106095,-0.073352,-0.09639,-0.078106,-0.066152,,,-0.043852,32.4605,,,,32.4725,SON,1,2,Papa,10.938942,1.0,0.039979
7.8,0.977965,6.616667,B_subtropical_midlatitude_5,-0.162271,-0.007518,-0.006468,,-0.003813,-0.00592,,-0.003523,True,-0.005,-0.005,-0.005833,,-0.003,,,-0.004167,2007-11-15T06:00Z,2.875,2.942361,2.666667,14.866667,0.144342,-0.060438,-0.045818,-0.044809,,-0.05839,-0.035522,-0.034379,-0.034761,-0.026442,,,-0.023569,32.451,,,,32.463,SON,1,2,Papa,9.990091,1.0,0.017583
23.2,0.834892,8.018333,B_subtropical_midlatitude_5,-1.054328,-0.068091,-0.048135,,,-0.012965,,,True,-0.03,-0.03,-0.026333,,-0.0335,,,,2007-12-13T10:00Z,14.166667,4.265347,3.93125,10.335,0.048035,-1.456259,-1.200245,-1.002074,,-1.097142,-1.108581,-0.953241,-0.925005,-0.832274,,,,32.507,,,,,DJF,0,0,Papa,5.761309,1.0,0.118635
0.585,0.898933,1.588333,B_subtropical_midlatitude_5,0.902078,-0.001531,-0.001104,,,-0.004202,,,True,-0.0065,-0.0065,-0.0075,,-0.0065,,,,2008-04-10T09:00Z,0.2925,1.253819,1.187639,13.611667,0.068732,-0.022564,-0.017875,-0.016068,,-0.019154,-0.013482,-0.010381,-0.013719,-0.011089,,,,32.643,,,,,MAM,1,2,Papa,5.040013,1.0,0.037867
1.195,0.970334,3.465,B_subtropical_midlatitude_5,1.012653,-0.002277,-0.001915,,,-0.004688,,,True,-0.009,-0.009,-0.0105,,-0.009,,,,2008-04-30T03:00Z,0.94625,2.059236,1.914861,12.14,0.065688,-0.034665,-0.03005,-0.029159,,-0.033068,-0.023361,-0.028145,-0.027702,-0.025462,,,,32.641,,,,,MAM,1,2,Papa,8.1947,1.0,0.018665
13.245,,7.271667,B_subtropical_midlatitude_5,-0.593498,-0.016545,-0.014248,,,-0.007432,,,True,-0.0175,-0.0175,-0.0175,,-0.0175,,,,2009-08-23T11:00Z,7.053333,4.274792,3.971806,13.563333,0.071205,-0.233056,-0.207592,-0.200102,,-0.222269,-0.191466,-0.191425,-0.186777,-0.171511,,,,32.476,,,,,JJA,1,2,Papa,10.005483,1.2,0.023048
9.285,,5.243333,B_subtropical_midlatitude_5,-0.563263,-0.007432,-0.006411,,,-0.004021,,,True,-0.007,-0.007,-0.009833,,-0.007,,,,2009-09-13T15:00Z,3.525,2.647361,2.428889,20.705,0.137111,-0.062257,-0.047993,-0.046762,,-0.060047,-0.020847,-0.046176,-0.03602,-0.026517,,,,32.448,,,,,SON,1,2,Papa,12.118064,1.2,0.008194
12.48,,6.828333,B_subtropical_midlatitude_5,-0.596489,-0.009652,-0.008642,,,-0.004399,,,True,-0.004,-0.004,-0.003667,,-0.004,,,,2009-10-20T01:00Z,6.890417,3.231319,2.946806,13.76,0.100326,-0.10485,-0.087617,-0.086143,,-0.102399,-0.099883,-0.093243,-0.075945,-0.064818,,,,32.411,,,,,SON,1,2,Papa,14.376412,1.2,0.005462
0.0,,8.481667,B_subtropical_midlatitude_5,4.452213,2.4e-05,2.4e-05,,,-0.017143,,,True,-0.042,-0.042,-0.029333,,-0.042,,,,2010-01-17T07:00Z,0.0,4.274097,3.920694,16.551667,,0.0,0.0,0.0,,0.0,0.0,0.0,0.0,0.000558,,,,32.5465,,,,,DJF,1,2,Papa,3.557887,1.2,0.597836
8.435,,6.805,B_subtropical_midlatitude_5,-0.21193,-0.025736,-0.016493,,,-0.012733,,,True,-0.012,-0.012,-0.0225,,-0.012,,,,2010-02-17T18:00Z,4.633333,3.404792,3.12125,14.958333,0.066962,-0.394077,-0.312106,-0.246302,,-0.276218,-0.152381,-0.271577,-0.214902,-0.184867,,,,32.511,,,,,DJF,1,2,Papa,4.014205,1.2,0.355786
8.815,0.988319,3.575,B_subtropical_midlatitude_5,-0.886182,-0.011596,-0.010357,,,-0.003935,,,True,-0.008,-0.008,-0.0085,,-0.0085,,,,2010-07-08T14:00Z,4.325417,1.594653,1.445694,13.881667,0.056762,-0.205385,-0.184621,-0.182465,,-0.201474,-0.16448,-0.180123,-0.175562,-0.169391,,,,32.7015,,,,,JJA,1,2,Papa,9.001519,1.0,0.013759
13.11,0.988782,10.755,B_subtropical_midlatitude_5,-0.196348,-0.01217,-0.011039,,,-0.00981,,,True,0.0,0.0,-0.024833,,-0.022,,,,2010-09-22T05:00Z,9.0725,9.019375,8.57125,11.11,0.10611,-0.124122,-0.105217,-0.104037,,-0.121901,-0.109046,-0.107135,-0.094437,-0.083994,,,,32.559,,,,,SON,1,2,Papa,12.216844,1.0,0.01343
5.335,0.974792,6.791667,B_subtropical_midlatitude_5,0.237453,-0.005961,-0.00515,,,-0.006843,,,True,-0.004,-0.004,-0.008,,-0.014,,,,2010-09-26T13:00Z,1.690833,3.628681,3.345694,16.706667,0.099758,-0.064123,-0.05296,-0.051625,,-0.061766,-0.064498,-0.056595,-0.042279,-0.034626,,,,32.5535,,,,,SON,1,2,Papa,9.616759,1.0,0.020749
5.25,0.826971,6.778333,B_subtropical_midlatitude_5,0.25128,-0.010816,-0.007294,,,-0.010904,,,True,0.0,0.0,-0.026667,,-0.02,,,,2010-10-11T18:00Z,1.449167,2.839514,2.557083,21.158333,0.086465,-0.146094,-0.102014,-0.084363,,-0.110654,-0.021094,-0.079303,-0.060896,-0.040897,,,,32.5795,,,,,SON,0,0,Papa,4.784276,1.0,0.184724
7.19,0.974058,8.898333,B_subtropical_midlatitude_5,0.210536,-0.008153,-0.006965,,,-0.008922,,,True,0.0,0.0,0.007,,0.008,,,,2010-10-17T04:00Z,3.653333,4.701736,4.330972,10.313333,0.089252,-0.096906,-0.08012,-0.078042,,-0.093151,-0.09612,-0.07613,-0.068556,-0.058324,,,,32.561,,,,,SON,1,2,Papa,10.249127,1.0,0.02077
0.6,0.61104,8.948333,B_subtropical_midlatitude_5,2.559256,-0.001674,-0.000905,,,-0.016891,,,True,0.0,0.0,-0.0355,,-0.0365,,,,2010-10-21T23:00Z,0.1,4.939653,4.566806,13.536667,0.162729,-0.018087,-0.0091,-0.00556,,-0.009378,0.0,-0.007086,0.0,0.0,,,,32.589,,,,,SON,1,2,Papa,4.46949,1.0,0.294236
6.615,0.805884,9.641667,B_subtropical_midlatitude_5,0.372068,-0.018528,-0.012432,,,-0.022649,,,True,-0.015,-0.015,-0.063,,-0.064,,,,2010-11-16T11:00Z,2.877083,5.722986,5.32125,10.61,0.06995,-0.292574,-0.220533,-0.177724,,-0.209856,-0.207353,-0.170786,-0.144959,-0.111034,,,,32.638,,,,,SON,1,2,Papa,3.804546,1.0,0.466329
21.455,0.979566,9.788333,B_subtropical_midlatitude_5,-0.779252,-0.024883,-0.021523,,,-0.010177,,,True,0.0,0.0,-0.010167,,-0.01,,,,2010-12-30T23:00Z,11.2075,5.815764,5.407917,10.721667,0.132159,-0.204502,-0.166254,-0.162857,,-0.197979,-0.157831,-0.155331,-0.138809,-0.118932,,,,32.6465,,,,,DJF,1,2,Papa,10.073844,1.0,0.025579
0.81,,1.816667,B_subtropical_midlatitude_5,0.744898,-0.00103,-0.000885,,,-0.002077,,,True,0.0,0.0,-0.000833,,-0.003,,,,2011-02-04T19:00Z,0.72,1.672083,1.596389,10.343333,,0.004763,0.006707,0.006797,,0.005002,-0.003603,0.007157,0.008529,0.010341,,,,32.638,,,,,DJF,0,0,Papa,10.913424,1.0,0.003514
4.005,0.987708,3.623333,B_subtropical_midlatitude_5,-0.097586,-0.004528,-0.004103,,,-0.002337,,,True,-0.002,-0.002,-0.001833,,-0.002,,,,2011-05-03T10:00Z,2.380417,1.784583,1.633611,13.45,0.086673,-0.054925,-0.047926,-0.047337,,-0.053886,-0.046822,-0.048522,-0.043909,-0.039397,,,,32.733,,,,,MAM,1,2,Papa,12.08678,1.0,0.004813
16.825,0.941215,4.281667,B_subtropical_midlatitude_5,-1.351363,-0.029675,-0.022904,,,-0.00641,,,True,-0.015,-0.015,-0.016333,,-0.0165,,,,2011-08-17T05:00Z,7.202917,2.337986,2.159583,15.46,0.084662,-0.360258,-0.28743,-0.270534,,-0.328048,-0.267927,-0.254762,-0.233155,-0.197314,,,,32.571,,,,,JJA,1,2,Papa,6.181712,1.0,0.05676
1.975,0.967186,1.13,B_subtropical_midlatitude_5,-0.522947,-0.004214,-0.003513,,,-0.001651,,,True,0.001,0.001,-0.000833,,-0.0005,,,,2011-08-19T06:00Z,1.77875,0.928472,0.881389,24.986667,0.05704,-0.072619,-0.063669,-0.06158,,-0.068913,-0.051977,-0.061541,-0.057838,-0.053827,,,,32.5035,,,,,JJA,1,2,Papa,8.807348,1.0,0.004626
9.075,0.970699,10.733333,B_subtropical_midlatitude_5,0.166145,-0.014462,-0.012197,,,-0.014114,,,True,-0.0125,-0.0125,-0.022167,,-0.0155,,,,2011-09-08T09:00Z,5.48125,6.840556,6.393333,10.683333,0.086088,-0.17339,-0.145952,-0.141676,,-0.165563,-0.100812,-0.142215,-0.127528,-0.11014,,,,32.509,,,,,SON,1,2,Papa,8.489254,1.0,0.051034
21.26,0.933768,10.414167,B_subtropical_midlatitude_5,-0.708796,-0.039433,-0.03135,,,-0.013644,,,True,-0.0345,-0.0345,-0.028333,,-0.036,,,,2011-10-07T19:00Z,9.427083,4.697882,4.263958,16.3025,0.07559,-0.524462,-0.444152,-0.414735,,-0.474351,-0.461408,-0.431469,-0.373057,-0.324584,,,,32.528,,,,,SON,0,0,Papa,6.737925,1.0,0.10096
9.305,0.984786,11.92,B_subtropical_midlatitude_5,0.24533,-0.012714,-0.011315,,,-0.011801,,,True,-0.0135,-0.0135,-0.016333,,-0.013,,,,2012-06-15T03:00Z,6.0525,5.971944,5.475278,14.793333,0.091781,-0.144316,-0.125188,-0.123283,,-0.14078,-0.102928,-0.120661,-0.113451,-0.102155,,,,32.697,,,,,JJA,1,2,Papa,10.372016,1.0,0.027575
5.4,0.984883,2.166667,B_subtropical_midlatitude_5,-0.886438,-0.006003,-0.005429,,,-0.002151,,,True,-0.007,-0.007,-0.009,,-0.009,,,,2012-08-09T17:00Z,3.592083,1.708889,1.618611,11.953333,0.079364,-0.077881,-0.069462,-0.068412,,-0.076172,-0.072371,-0.072362,-0.066205,-0.062678,,,,32.6195,,,,,JJA,1,2,Papa,10.661319,1.0,0.004576
16.34,0.981797,10.375,B_subtropical_midlatitude_5,-0.450726,-0.019705,-0.017433,,,-0.007714,,,True,-0.0055,-0.0055,-0.009667,,-0.0055,,,,2012-08-12T12:00Z,9.479583,4.413819,3.981528,10.375,0.079023,-0.255491,-0.224698,-0.220608,,-0.248503,-0.2041,-0.236239,-0.209348,-0.194149,,,,32.603,,,,,JJA,1,2,Papa,11.643397,1.0,0.015247
0.98,0.985303,0.933333,B_subtropical_midlatitude_5,-0.044171,-0.001245,-0.00111,,,-0.001044,,,True,-0.002,-0.002,-0.000833,,-0.0015,,,,2012-09-12T16:00Z,0.873333,0.819167,0.780278,14.388333,0.088716,-0.014627,-0.012697,-0.012511,,-0.014291,-0.013941,-0.015202,-0.011744,-0.010921,,,,32.569,,,,,SON,1,2,Papa,9.895719,1.0,0.00257
12.89,0.987755,8.471667,B_subtropical_midlatitude_5,-0.415718,-0.016348,-0.014951,,,-0.008139,,,True,-0.017,-0.017,-0.015333,,-0.017,,,,2012-10-10T11:00Z,8.6725,5.943681,5.590694,12.523333,0.086482,-0.19213,-0.175023,-0.17288,,-0.188679,-0.183635,-0.178195,-0.167462,-0.155919,,,,32.475,,,,,SON,1,2,Papa,11.555031,1.0,0.013213
11.83,0.969743,8.053333,B_subtropical_midlatitude_5,-0.380629,-0.00878,-0.007574,,,-0.006594,,,True,-0.02,-0.02,-0.0125,,-0.018,,,,2012-11-04T04:00Z,3.71375,3.265278,2.929722,17.768333,0.110555,-0.090987,-0.070649,-0.068511,,-0.087017,-0.096336,-0.070785,-0.055843,-0.044514,,,,32.524,,,,,SON,1,2,Papa,10.302391,1.0,0.017027
1.455,0.985148,0.923333,B_subtropical_midlatitude_5,-0.41841,-0.002106,-0.001896,,,-0.001146,,,True,0.0015,0.0015,0.002333,,0.0025,,,,2013-01-19T09:00Z,1.358333,0.754306,0.715833,12.638333,0.081011,-0.026629,-0.023756,-0.023403,,-0.026051,-0.020859,-0.025198,-0.022508,-0.021101,,,,32.6265,,,,,DJF,1,2,Papa,10.199478,1.0,0.002302
8.58,0.976741,3.115,B_subtropical_midlatitude_5,-0.993194,-0.013313,-0.011497,,,-0.004328,,,True,-0.0095,-0.0095,-0.005833,,-0.009,,,,2013-08-06T16:00Z,4.9325,2.513819,2.384028,11.038333,0.071752,-0.18705,-0.164043,-0.160228,,-0.180359,-0.147239,-0.150347,-0.150786,-0.140232,,,,32.4435,,,,,JJA,1,2,Papa,8.676368,1.0,0.01374
6.51,0.98051,4.533333,B_subtropical_midlatitude_5,-0.355307,-0.008583,-0.007597,,,-0.004983,,,True,-0.008,-0.008,-0.008833,,-0.007,,,,2013-08-11T03:00Z,3.63125,2.539167,2.350278,32.928333,0.070806,-0.121444,-0.10942,-0.107287,,-0.117849,-0.097443,-0.106841,-0.100914,-0.093838,,,,32.429,,,,,JJA,1,2,Papa,9.126348,1.0,0.016764
11.57,1.305163,11.0,B_subtropical_midlatitude_5,-0.050076,-0.009965,-0.012354,,,-0.019369,,,True,-0.0785,-0.0785,-0.053333,,-0.0685,,,,2013-10-20T19:00Z,5.062917,5.378333,4.92,18.493333,0.029365,-0.204823,-0.32235,-0.420719,,-0.464139,-0.433921,-0.407756,-0.428644,-0.435947,,,,32.467,,,,,SON,1,2,Papa,4.423744,1.0,0.371794
11.535,,10.728333,B_subtropical_midlatitude_5,-0.071852,-0.016046,-0.013714,,,-0.011769,,,True,-0.0225,-0.0225,-0.0336,,-0.02445,,,,2014-09-06T06:00Z,9.224583,9.306875,8.859861,10.451667,0.091517,-0.176296,-0.155178,-0.14985,,-0.168199,-0.126589,-0.136047,-0.138979,-0.127452,,,,32.3596,,,,,SON,1,2,Papa,10.094791,1.3,0.035615
16.435,,6.306667,B_subtropical_midlatitude_5,-0.94814,-0.011088,-0.010293,,,-0.00313,,,True,-0.0035,-0.0035,-0.001917,,-0.00175,,,,2014-09-23T09:00Z,9.550833,2.884722,2.621944,11.506667,0.072908,-0.15771,-0.14323,-0.141173,,-0.154907,-0.122513,-0.143205,-0.137325,-0.127355,,,,32.33225,,,,,SON,1,2,Papa,14.817154,1.3,0.004841
6.865,,7.831667,B_subtropical_midlatitude_5,0.129966,-0.008138,-0.00555,,,-0.008727,,,True,-0.008,-0.008,-0.0062,,-0.0132,,,,2014-10-01T16:00Z,4.212917,3.750347,3.424028,15.415,0.078155,-0.101728,-0.081887,-0.071016,,-0.079491,-0.087476,-0.066507,-0.066192,-0.05961,,,,32.3823,,,,,SON,1,2,Papa,7.843803,1.3,0.055388
13.475,,7.331667,B_subtropical_midlatitude_5,-0.60248,-0.011788,-0.009931,,,-0.005681,,,True,-0.0185,-0.0185,-0.017967,,-0.0178,,,,2014-11-10T08:00Z,5.57375,3.479236,3.17375,12.63,0.120745,-0.107579,-0.085203,-0.082245,,-0.102546,-0.078107,-0.086226,-0.068845,-0.056921,,,,32.40575,,,,,SON,0,0,Papa,11.191937,1.3,0.016566
0.0,,3.41,B_subtropical_midlatitude_5,3.558201,-0.000625,-0.000591,,,-0.003548,,,True,-0.0015,-0.0015,-0.002417,,-0.00325,,,,2014-11-14T07:00Z,0.0,1.51875,1.376667,11.725,0.047011,-0.013124,-0.013039,-0.012571,,-0.012571,-0.007666,-0.01159,-0.013915,-0.012181,,,,32.39885,,,,,SON,1,2,Papa,8.423603,1.3,0.021164
19.13,,18.315,B_subtropical_midlatitude_5,-0.043306,-0.032556,-0.023192,,,-0.020846,,,True,-0.143,-0.143,-0.091433,,-0.1107,,,,2014-12-06T20:00Z,10.538333,9.465764,8.702639,19.345,0.07263,-0.459489,-0.37736,-0.319315,,-0.366139,-0.324196,-0.326962,-0.284096,-0.24596,,,,32.4819,,,,,DJF,0,0,Papa,8.193369,1.3,0.107414
6.305,,7.956667,B_subtropical_midlatitude_5,0.229421,-0.01007,-0.00707,,,-0.011235,,,True,-0.028,-0.028,-0.01385,,-0.02325,,,,2014-12-22T11:00Z,2.11,3.977639,3.646111,37.151667,0.087646,-0.123722,-0.09441,-0.08066,,-0.100662,-0.067184,-0.084691,-0.062151,-0.044914,,,,32.4373,,,,,DJF,0,0,Papa,6.031179,1.3,0.141289
24.745,,18.541667,B_subtropical_midlatitude_5,-0.287257,-0.052125,-0.03922,,,-0.02452,,,True,-0.043,-0.043,-0.062467,,-0.04655,,,,2015-01-24T09:00Z,15.94625,10.111875,9.339306,20.55,0.080541,-0.626879,-0.539728,-0.486963,,-0.546392,-0.416058,-0.49794,-0.4504,-0.405117,,,,32.4869,,,,,DJF,0,0,Papa,7.247814,1.3,0.187275
28.645,,12.883333,B_subtropical_midlatitude_5,-0.794797,-0.031564,-0.027406,,,-0.010751,,,True,-0.0235,-0.0235,-0.023083,,-0.02525,,,,2015-07-01T04:00Z,17.76125,7.492083,6.955278,13.446667,0.105829,-0.304793,-0.266411,-0.258962,,-0.293451,-0.237505,-0.262653,-0.243643,-0.223977,,,,32.55545,,,,,JJA,0,0,Papa,11.556261,1.3,0.026108
6.055,,2.088333,B_subtropical_midlatitude_5,-1.034125,-0.014623,-0.010842,,,-0.003664,,,True,-0.0095,-0.0095,-0.015767,,-0.01195,,,,2015-07-29T11:00Z,3.64,1.465486,1.378472,10.753333,0.058944,-0.242078,-0.205413,-0.183931,,-0.2082,-0.189302,-0.198929,-0.165981,-0.146899,,,,32.51225,,,,,JJA,1,2,Papa,5.994607,1.3,0.039393
14.93,,13.368333,B_subtropical_midlatitude_5,-0.109707,-0.028901,-0.021849,,,-0.019544,,,True,-0.0545,-0.0545,-0.054733,,-0.06425,,,,2015-08-09T16:00Z,10.00125,9.063264,8.50625,13.368333,0.087226,-0.327302,-0.27273,-0.250488,,-0.291154,-0.330543,-0.246253,-0.222893,-0.196141,,,,32.33585,,,,,JJA,1,2,Papa,7.025316,1.3,0.154071
7.165,,7.428333,B_subtropical_midlatitude_5,0.035605,-0.004666,-0.004088,,,-0.00453,,,True,-0.0095,-0.0095,-0.008583,,-0.00945,,,,2015-10-11T01:00Z,3.1125,3.541597,3.232083,11.07,0.105165,-0.049585,-0.039831,-0.038871,,-0.048005,-0.048833,-0.042179,-0.032903,-0.027016,,,,32.4928,,,,,SON,1,2,Papa,14.545028,1.3,0.005812
18.69,,9.401667,B_subtropical_midlatitude_5,-0.681858,-0.013064,-0.011995,,,-0.004916,,,True,0.0135,0.0135,0.006283,,0.01325,,,,2015-10-14T18:00Z,10.21375,3.986319,3.594583,15.686667,0.081692,-0.167744,-0.149097,-0.146836,,-0.164485,-0.124316,-0.150441,-0.13537,-0.123654,,,,32.47555,,,,,SON,1,2,Papa,15.209968,1.3,0.006511
7.35,,4.648333,B_subtropical_midlatitude_5,-0.45042,-0.010815,-0.007386,,,-0.004079,,,True,0.015,0.015,0.010167,,0.01425,,,,2015-10-26T10:00Z,4.134167,2.741042,2.547361,10.413333,0.099391,-0.125673,-0.089159,-0.074316,,-0.090093,-0.089911,-0.075926,-0.062723,-0.053798,,,,32.46485,,,,,SON,1,2,Papa,12.803264,1.3,0.005124
13.365,,14.325,B_subtropical_midlatitude_5,0.068869,-0.038895,-0.024074,,,-0.026729,,,True,-0.068,-0.068,-0.09785,,-0.0859,,,,2015-10-30T20:00Z,10.299167,11.102847,10.505972,14.008333,0.050999,-0.767477,-0.627977,-0.472047,,-0.516228,-0.407686,-0.535898,-0.429462,-0.384053,,,,32.48655,,,,,SON,1,2,Papa,6.576404,1.3,0.190957
22.68,,8.175,B_subtropical_midlatitude_5,-1.012644,-0.027031,-0.02227,,,-0.009025,,,True,-0.019,-0.019,-0.01825,,-0.02005,,,,2015-12-02T04:00Z,12.505,5.176042,4.835417,11.245,0.125895,-0.22433,-0.18541,-0.176895,,-0.210426,-0.21239,-0.186692,-0.154717,-0.130666,,,,32.53665,,,,,DJF,0,0,Papa,9.826442,1.3,0.029248
6.535,,13.366667,B_subtropical_midlatitude_5,0.707859,-0.002306,-0.002491,,,-0.011108,,,True,-0.0135,-0.0135,-0.013783,,-0.0123,,,,2016-02-29T12:00Z,5.235833,9.026111,8.469167,15.321667,0.024259,-0.091896,-0.103487,-0.102677,,-0.09101,-0.126948,-0.122142,-0.11965,-0.132116,,,,32.6877,,,,,DJF,0,0,Papa,13.838967,1.3,0.013209
1.905,,11.945,B_subtropical_midlatitude_5,1.793006,-0.00149,-0.001039,,,-0.014424,,,True,-0.0205,-0.0205,-0.03855,,-0.0313,,,,2016-09-13T21:00Z,1.036667,9.106736,8.609028,35.73,0.090402,-0.017818,-0.012459,-0.011496,,-0.016077,-0.008542,-0.015063,-0.010409,-0.006368,,,,32.56805,,,,,SON,0,0,Papa,8.458225,1.3,0.075206
14.135,,4.55,B_subtropical_midlatitude_5,-1.118837,-0.007797,-0.007108,,,-0.002387,,,True,-0.0135,-0.0135,-0.016883,,-0.0159,,,,2016-09-21T14:00Z,6.339167,2.376806,2.187222,13.613333,0.093825,-0.089956,-0.07668,-0.075758,,-0.088489,-0.073219,-0.080659,-0.06915,-0.059679,,,,32.5516,,,,,SON,1,2,Papa,17.235643,1.3,0.00192
8.6,,11.036667,B_subtropical_midlatitude_5,0.24692,-0.012088,-0.010182,,,-0.011779,,,True,-0.0225,-0.0225,-0.02075,,-0.02095,,,,2016-10-18T19:00Z,6.92375,10.518194,10.058333,10.695,0.091475,-0.13253,-0.115357,-0.111314,,-0.12612,-0.132931,-0.139774,-0.105071,-0.096584,,,,32.48415,,,,,SON,1,2,Papa,11.410536,1.3,0.023182
0.0,,6.608333,B_subtropical_midlatitude_5,4.205936,0.0,0.0,,,-0.012025,,,True,-0.0225,-0.0225,-0.022933,,-0.03205,,,,2016-12-07T10:00Z,0.0,3.608264,3.332917,14.446667,,0.0,0.0,0.0,,0.0,0.0,0.0,0.0,0.0,,,,32.62395,,,,,DJF,1,2,Papa,4.018168,1.3,0.362253
7.65,,6.49,B_subtropical_midlatitude_5,-0.162139,-0.011658,-0.00941,,,-0.007252,,,True,-0.01,-0.01,-0.012867,,-0.01105,,,,2017-04-24T18:00Z,4.249167,3.348194,3.077778,14.323333,0.095625,-0.12501,-0.103704,-0.098403,,-0.11624,-0.071401,-0.099882,-0.087464,-0.075105,,,,32.5274,,,,,MAM,1,2,Papa,8.505001,1.3,0.039848
0.93,,3.96,B_subtropical_midlatitude_5,1.371624,-0.001812,-0.001013,,,-0.00626,,,True,-0.0315,-0.0315,-0.0349,,-0.035,,,,2017-04-28T17:00Z,0.155,1.723056,1.558056,10.915,0.178016,-0.015195,-0.008094,-0.00569,,-0.009745,0.0,-0.006768,-0.001693,0.0,,,,32.56735,,,,,MAM,1,2,Papa,4.6008,1.3,0.159697
0.27,,2.213333,B_subtropical_midlatitude_5,1.832942,-0.000203,-0.000154,,,-0.001909,,,True,-0.001,-0.001,-0.000333,,0.0009,,,,2017-05-01T22:00Z,0.03375,1.103333,1.011111,10.041667,,-0.000978,-0.000406,-0.000375,,-0.000889,-0.001124,-0.000291,0.0,0.0,,,,32.4997,,,,,MAM,1,2,Papa,9.473275,1.3,0.009317
8.235,,2.876667,B_subtropical_midlatitude_5,-1.029659,-0.002402,-0.002244,,,-0.002322,,,True,-0.0085,-0.0085,-0.009767,,-0.0085,,,,2017-06-28T03:00Z,2.91875,1.707639,1.587778,10.198333,0.046954,-0.045799,-0.047671,-0.047795,,-0.046224,-0.043277,-0.048152,-0.058389,-0.065177,,,,32.43635,,,,,JJA,1,2,Papa,11.744994,1.3,0.00549
13.93,,5.72,B_subtropical_midlatitude_5,-0.879898,-0.042512,-0.025914,,,-0.010478,,,True,-0.0335,-0.0335,-0.020667,,-0.0334,,,,2017-09-04T22:00Z,8.807917,2.348611,2.110278,19.241667,0.066399,-0.817139,-0.621802,-0.390282,,-0.397481,-0.462728,-0.3963,-0.372441,-0.355003,,,,32.36305,,,,,SON,1,2,Papa,3.531431,1.3,0.420628
5.03,,4.041667,B_subtropical_midlatitude_5,-0.214007,-0.004652,-0.003955,,,-0.003929,,,True,-0.0075,-0.0075,-0.007567,,-0.00795,,,,2017-12-04T23:00Z,2.742917,2.715764,2.547361,11.64,0.100651,-0.049795,-0.040674,-0.039294,,-0.04755,-0.040461,-0.039686,-0.033054,-0.026382,,,,32.48805,,,,,DJF,1,2,Papa,11.622719,1.3,0.007842
9.855,,6.505,B_subtropical_midlatitude_5,-0.410248,-0.01391,-0.010198,,,-0.008866,,,True,-0.0275,-0.0275,-0.025567,,-0.02795,,,,2018-03-27T23:00Z,3.213333,3.039236,2.768194,22.605,0.108294,-0.139667,-0.105873,-0.094171,,-0.119794,-0.107242,-0.100054,-0.073005,-0.05256,,,,32.5372,,,,,MAM,0,0,Papa,5.942244,1.3,0.117344
8.88,,4.933333,B_subtropical_midlatitude_5,-0.578917,-0.011336,-0.009973,,,-0.005772,,,True,-0.00575,-0.00575,-0.01095,,-0.0042,,,,2018-07-02T06:00Z,4.961667,2.733333,2.527778,30.165,0.056909,-0.197188,-0.180281,-0.175243,,-0.189834,-0.108274,-0.178668,-0.178368,-0.180041,,,,32.4098,,,,,JJA,1,2,Papa,8.098209,1.3,0.035704
10.34,,6.816667,B_subtropical_midlatitude_5,-0.411711,-0.018432,-0.014645,,,-0.009283,,,True,-0.0205,-0.0205,-0.025867,,-0.0203,,,,2018-09-03T03:00Z,5.465417,3.740139,3.456111,12.431667,0.061547,-0.294115,-0.255254,-0.237938,,-0.268256,-0.2035,-0.227718,-0.220708,-0.202564,,,,32.28425,,,,,SON,1,2,Papa,7.191454,1.3,0.072918
32.555,,11.633333,B_subtropical_midlatitude_5,-1.023564,-0.028339,-0.024398,,,-0.007639,,,True,-0.022,-0.022,-0.01535,,-0.02115,,,,2018-10-31T10:00Z,15.312083,4.581944,4.097222,15.685,0.141761,-0.21504,-0.176987,-0.172108,,-0.206849,-0.215909,-0.1599,-0.146911,-0.122685,,,,32.2918,,,,,SON,0,0,Papa,12.250883,1.3,0.018681
4.33,,2.99,B_subtropical_midlatitude_5,-0.360228,-0.000924,-0.000847,,,-0.002531,,,True,0.003,0.003,0.000683,,0.0026,,,,2018-12-06T00:00Z,2.823333,1.907361,1.782778,12.725,0.021909,-0.031399,-0.038207,-0.038656,,-0.031977,-0.046929,-0.037023,-0.050677,-0.059661,,,,32.27925,,,,,DJF,0,0,Papa,11.190514,1.3,0.006609
10.115,,7.628333,B_subtropical_midlatitude_5,-0.278964,-0.018904,-0.016196,,,-0.009278,,,True,-0.025,-0.025,-0.0184,,-0.02375,,,,2019-09-25T04:00Z,4.645,3.306319,2.988472,12.925,0.039592,-0.530791,-0.501555,-0.409077,,-0.43832,-0.34858,-0.378939,-0.391062,-0.366777,,,,32.32495,,,,,SON,1,2,Papa,6.268083,1.3,0.116984
7.31,,2.701667,B_subtropical_midlatitude_5,-0.972616,-0.008932,-0.006961,,,-0.003483,,,True,-0.006,-0.006,-0.0082,,-0.006,,,,2019-10-04T00:00Z,2.830417,1.498819,1.38625,16.456667,0.09457,-0.100588,-0.079623,-0.073606,,-0.090701,-0.047846,-0.076472,-0.060863,-0.047853,,,,32.33405,,,,,SON,1,2,Papa,7.544497,1.3,0.0228
24.1,,8.705,B_subtropical_midlatitude_5,-1.011033,-0.017711,-0.015996,,,-0.005328,,,True,-0.014,-0.014,-0.010833,,-0.0134,,,,2019-10-13T13:00Z,13.422917,4.593958,4.23125,11.766667,0.089077,-0.207031,-0.183332,-0.179571,,-0.202095,-0.189163,-0.177695,-0.168444,-0.151507,,,,32.30775,,,,,SON,1,2,Papa,14.581632,1.3,0.006922
28.735,,5.051667,B_subtropical_midlatitude_5,-1.72227,-0.018543,-0.01708,,,-0.002688,,,True,0.008,0.008,0.009817,,0.01285,,,,2019-11-10T13:00Z,18.890833,2.987847,2.777361,14.015,0.105963,-0.187074,-0.163354,-0.16119,,-0.184027,-0.160613,-0.162138,-0.150083,-0.134946,,,,32.2999,,,,,SON,1,2,Papa,17.263429,1.3,0.002092
10.46,,7.521667,B_subtropical_midlatitude_5,-0.326078,-0.024851,-0.014468,,,-0.014467,,,True,-0.0365,-0.0365,-0.031,,-0.03265,,,,2019-11-25T17:00Z,3.392917,3.606597,3.293194,10.883333,0.082328,-0.380622,-0.274288,-0.175736,,-0.21246,-0.207885,-0.250162,-0.128431,-0.08261,,,,32.3016,,,,,SON,1,2,Papa,3.689248,1.3,0.489474
8.435,,8.556667,B_subtropical_midlatitude_5,0.014154,-0.011366,-0.007671,,,-0.007639,,,True,-0.022,-0.022,-0.014933,,-0.01745,,,,2020-04-26T01:00Z,4.069583,4.230972,3.874444,13.006667,0.126202,-0.116999,-0.074054,-0.060787,,-0.074424,-0.079698,-0.060976,-0.051345,-0.041934,,,,32.43585,,,,,MAM,1,2,Papa,10.935853,1.3,0.0184
9.345,,6.298333,B_subtropical_midlatitude_5,-0.389448,-0.035892,-0.02146,,-0.010151,-0.014816,,-0.006482,True,-0.032,-0.032,-0.042067,,-0.03925,,,0.008867,2020-09-03T18:00Z,5.668333,4.588958,4.326528,23.778333,0.049387,-1.151711,-0.863042,-0.434519,,-0.462839,-0.314406,-0.443087,-0.37864,-0.322204,,,-0.006782,32.22725,,,,32.22765,SON,1,2,Papa,3.896202,1.3,0.366034
14.13,,7.085,B_subtropical_midlatitude_5,-0.683357,-0.012208,-0.010595,,-0.007463,-0.006035,,-0.004227,True,-0.0125,-0.0125,-0.00595,,-0.00655,,,-0.0047,2020-10-14T21:00Z,7.755833,4.713958,4.41875,14.771667,0.095291,-0.135826,-0.114385,-0.111185,,-0.130827,-0.089937,-0.113033,-0.100514,-0.087968,,,-0.074353,32.28725,,,,32.28905,SON,1,2,Papa,13.221736,1.3,0.008275
11.99,,19.141667,B_subtropical_midlatitude_5,0.464699,-0.018785,-0.015119,,-0.009338,-0.023151,,-0.013949,True,-0.038,-0.038,-0.047783,,-0.03525,,,-0.035633,2020-10-16T15:00Z,6.82,11.344653,10.547083,51.281667,0.09157,-0.210844,-0.174586,-0.165109,,-0.194907,-0.131702,-0.187035,-0.147593,-0.127957,,,-0.083592,32.2678,,,,32.269,SON,0,0,Papa,8.178705,1.3,0.132803
6.675,,5.066667,B_subtropical_midlatitude_5,-0.271012,-0.016302,-0.011048,,-0.005273,-0.008197,,-0.003824,True,-0.0125,-0.0125,-0.018333,,-0.0147,,,-0.00455,2020-10-26T18:00Z,3.11625,2.241944,2.030833,28.4,0.082073,-0.205307,-0.158645,-0.134608,,-0.162241,-0.091677,-0.136478,-0.113104,-0.092511,,,-0.031628,32.2767,,,,32.278,SON,1,2,Papa,5.184876,1.3,0.142634
6.72,,14.686667,B_subtropical_midlatitude_5,0.773866,-0.017256,-0.011393,,-0.005352,-0.019036,,-0.00814,True,-0.0535,-0.0535,-0.057117,,-0.05315,,,-0.017367,2020-10-31T23:00Z,3.4825,5.391111,4.779167,47.085,0.062728,-0.274734,-0.229938,-0.18163,,-0.207433,-0.181441,-0.201514,-0.16272,-0.13531,,,-0.013363,32.23905,,,,32.2403,SON,1,2,Papa,4.786504,1.3,0.513665
6.655,,16.575,B_subtropical_midlatitude_5,0.903628,-0.006052,-0.005078,,-0.003384,-0.012743,,-0.00861,True,-0.0025,-0.0025,-0.007967,,-0.0056,,,-0.003933,2020-11-04T02:00Z,3.450417,7.282153,6.591528,28.941667,0.117346,-0.057533,-0.044683,-0.043272,,-0.054693,-0.041053,-0.044937,-0.035669,-0.030435,,,-0.029237,32.22105,,,,32.22215,SON,1,2,Papa,12.234859,1.3,0.025914
13.11,,11.076667,B_subtropical_midlatitude_5,-0.167146,-0.015902,-0.013458,,-0.00911,-0.009482,,-0.006137,True,-0.011,-0.011,-0.0179,,-0.01555,,,-0.013283,2020-11-14T06:00Z,7.269583,5.840694,5.379167,14.766667,0.054175,-0.30548,-0.275261,-0.248409,,-0.27106,-0.233931,-0.245279,-0.239001,-0.222005,,,-0.091107,32.26875,,,,32.27,SON,1,2,Papa,11.100102,1.3,0.025147
14.295,,3.628333,B_subtropical_midlatitude_5,-1.35092,-0.012338,-0.010994,,-0.008219,-0.002784,,-0.00209,True,-0.0045,-0.0045,-0.00515,,-0.00395,,,-0.004217,2020-12-11T15:00Z,9.966667,2.673264,2.522083,16.788333,0.106149,-0.123639,-0.105504,-0.103569,,-0.12044,-0.08733,-0.10419,-0.09453,-0.084564,,,-0.077859,32.33385,,,,32.3351,DJF,1,2,Papa,13.508443,1.3,0.004001
12.91,,3.18,B_subtropical_midlatitude_5,-1.377875,-0.017503,-0.014308,,-0.009068,-0.003418,,-0.002164,True,-0.0135,-0.0135,-0.015317,,-0.01215,,,-0.010017,2022-06-23T00:00Z,8.55,1.985278,1.852778,20.328333,0.085344,-0.205288,-0.175615,-0.167646,,-0.192647,-0.131959,-0.161002,-0.15478,-0.142065,,,-0.091371,32.3569,,,,32.3479,JJA,1,2,Papa,10.185656,1.3,0.009983
9.065,,10.656667,B_subtropical_midlatitude_5,0.160134,-0.023088,-0.016871,,-0.009128,-0.01725,,-0.008527,True,-0.0585,-0.0585,-0.04965,,-0.04805,,,-0.0161,2022-08-23T11:00Z,5.69125,5.554583,5.110556,10.908333,0.070007,-0.326051,-0.271882,-0.240997,,-0.275787,-0.265959,-0.236871,-0.215891,-0.185933,,,-0.073929,32.27265,,,,32.2706,JJA,1,2,Papa,5.598037,1.3,0.245863
4.405,,1.741667,B_subtropical_midlatitude_5,-0.894517,-0.026771,-0.011382,,-0.004574,-0.00497,,-0.002603,True,-0.0155,-0.0155,-0.014533,,-0.0137,,,-0.000867,2022-09-24T16:00Z,2.6125,1.397431,1.324861,16.495,0.116393,-1.098672,-0.563924,-0.097792,,-0.101735,-0.163964,-0.078176,-0.067452,-0.039919,,,0.001858,32.25945,,,,32.26275,SON,1,2,Papa,1.68101,1.3,0.644159
5.01,,8.318333,B_subtropical_midlatitude_5,0.499212,-0.004811,-0.003839,,,-0.008676,,,True,-0.006,-0.006,-0.009817,,-0.0082,,,,2022-10-05T23:00Z,1.643333,4.540625,4.194028,26.101667,0.153179,-0.037692,-0.026645,-0.025063,,-0.03477,-0.023331,-0.021485,-0.018002,-0.013139,,,,32.23235,,,,,SON,1,2,Papa,9.627331,1.3,0.031868
2.225,,4.378333,B_subtropical_midlatitude_5,0.655531,-0.002709,-0.002216,,,-0.005879,,,True,-0.003,-0.003,-0.0079,,-0.0045,,,,2022-10-14T08:00Z,1.183333,3.108958,2.926528,29.481667,0.09431,-0.029976,-0.024667,-0.023502,,-0.028096,-0.025468,-0.019813,-0.020548,-0.017231,,,,32.21915,,,,,SON,1,2,Papa,8.724957,1.3,0.023037
5.28,,4.338333,B_subtropical_midlatitude_5,-0.192409,-0.007507,-0.005793,,,-0.004392,,,True,-0.0125,-0.0125,-0.008867,,-0.01325,,,,2022-11-20T19:00Z,2.990833,2.061736,1.880972,16.0,0.10571,-0.075147,-0.057984,-0.054804,,-0.068128,-0.07164,-0.049573,-0.047019,-0.040345,,,,32.3562,,,,,SON,1,2,Papa,8.999593,1.3,0.020711
31.99,,7.671667,B_subtropical_midlatitude_5,-1.41806,-0.016023,-0.01481,,,-0.003515,,,True,-0.007,-0.007,-0.001567,,-0.0063,,,,2022-12-21T13:00Z,16.399583,3.692014,3.372361,14.425,0.106905,-0.162589,-0.140017,-0.138533,,-0.160383,-0.151567,-0.138347,-0.126416,-0.112991,,,,32.3907,,,,,DJF,1,2,Papa,18.64805,1.3,0.002333
3.15,,3.163333,B_subtropical_midlatitude_5,0.004094,-0.005674,-0.00421,,-0.00229,-0.004256,,-0.002339,True,-0.0145,-0.0145,-0.01575,,-0.015,,,-0.011,2023-04-28T00:00Z,1.82,1.732361,1.600556,14.93,0.0661,-0.085791,-0.071055,-0.063686,,-0.073941,-0.047323,-0.055888,-0.056351,-0.048762,,,-0.019772,32.4154,,,,32.4194,MAM,1,2,Papa,7.294439,1.3,0.031132
30.94,,13.205,B_subtropical_midlatitude_5,-0.847137,-0.02793,-0.023715,,-0.015725,-0.010224,,-0.006745,True,-0.013,-0.013,-0.022583,,-0.0126,,,-0.019683,2023-08-06T21:00Z,13.175417,6.011458,5.46125,23.583333,0.159642,-0.191533,-0.153361,-0.148552,,-0.183404,-0.095949,-0.148437,-0.125368,-0.102017,,,-0.095114,32.2615,,,,32.2674,JJA,1,2,Papa,11.528654,1.3,0.026834
1.05,,1.415,B_subtropical_midlatitude_5,0.275653,-0.001082,-0.000962,,-0.00072,-0.001214,,-0.000914,True,0.024,0.024,0.020217,,0.02425,,,0.020667,2023-09-20T21:00Z,0.845833,1.266875,1.207917,11.678333,0.085142,-0.01306,-0.011539,-0.011305,,-0.012697,-0.007895,-0.013568,-0.010328,-0.009186,,,-0.008404,32.24265,,,,32.25045,SON,1,2,Papa,12.180536,1.3,0.002318
10.34,,8.908333,B_subtropical_midlatitude_5,-0.147495,-0.012401,-0.009759,,-0.005814,-0.011083,,-0.006192,True,0.0,0.0,-0.005883,,0.0026,,,0.001533,2023-10-09T12:00Z,5.0575,5.872153,5.500972,10.538333,0.078911,-0.161524,-0.133893,-0.123672,,-0.145264,-0.099195,-0.127723,-0.110343,-0.096081,,,-0.051658,32.27655,,,,32.2848,SON,1,2,Papa,9.594133,1.3,0.032197
16.165,,5.883333,B_subtropical_midlatitude_5,-1.000038,-0.01479,-0.013258,,-0.010098,-0.003871,,-0.002912,True,-0.0075,-0.0075,-0.0106,,-0.0081,,,-0.00855,2023-10-16T21:00Z,12.990417,4.124861,3.879722,10.101667,0.103874,-0.14775,-0.130018,-0.127631,,-0.144113,-0.112437,-0.130149,-0.118906,-0.109441,,,-0.097211,32.26175,,,,32.2702,SON,1,2,Papa,13.318311,1.3,0.006613
25.16,,18.676667,B_subtropical_midlatitude_5,-0.296607,-0.020161,-0.017913,,-0.013269,-0.011754,,-0.008238,True,-0.024,-0.024,-0.024217,,-0.0237,,,-0.021483,2023-10-29T02:00Z,15.609583,7.969583,7.191389,18.676667,0.127904,-0.169969,-0.142866,-0.140053,,-0.165399,-0.145524,-0.137711,-0.126147,-0.109825,,,-0.104725,32.2974,,,,32.3071,SON,1,2,Papa,13.786097,1.3,0.019093
19.04,,12.681667,B_subtropical_midlatitude_5,-0.403769,-0.014857,-0.012867,,-0.008933,-0.007828,,-0.005127,True,-0.0035,-0.0035,-0.00505,,-0.0046,,,-0.002617,2023-11-08T08:00Z,8.547917,4.409931,3.881528,14.808333,0.146086,-0.115446,-0.090304,-0.088079,,-0.111485,-0.083751,-0.087886,-0.072325,-0.058239,,,-0.061179,32.275,,,,32.2844,SON,1,2,Papa,14.220685,1.3,0.011183
3.23,,3.641667,B_subtropical_midlatitude_5,0.116559,-0.005888,-0.004677,,-0.00287,-0.004926,,-0.003038,True,-0.011,-0.011,-0.010283,,-0.0117,,,-0.008233,2023-11-25T02:00Z,3.00875,3.156875,3.005139,10.775,0.065242,-0.086703,-0.076114,-0.071682,,-0.079844,-0.081917,-0.072128,-0.067266,-0.06255,,,-0.034715,32.29595,,,,32.30565,SON,1,2,Papa,9.735978,1.3,0.013561
2.15,,3.485,B_subtropical_midlatitude_5,0.465828,-0.003233,-0.002773,,-0.001944,-0.003793,,-0.002355,True,-0.0055,-0.0055,-0.005117,,-0.0051,,,-0.0043,2024-02-20T20:00Z,1.522917,1.892847,1.747639,18.93,0.085201,-0.038442,-0.033635,-0.032543,,-0.036732,-0.035834,-0.034009,-0.030818,-0.0278,,,-0.02087,32.41085,,,,32.4198,DJF,1,2,Papa,9.325534,1.3,0.015182
14.475,,8.726667,B_subtropical_midlatitude_5,-0.50153,-0.030434,-0.02451,,-0.01559,-0.012276,,-0.006754,True,-0.0195,-0.0195,-0.020617,,-0.01385,,,-0.014583,2024-03-14T15:00Z,10.65625,4.982222,4.618611,12.213333,0.088591,-0.339682,-0.295108,-0.276659,,-0.311011,-0.245162,-0.277618,-0.255868,-0.234577,,,-0.130971,32.4417,,,,32.4498,MAM,1,2,Papa,7.001695,1.3,0.101315
16.875,,12.471667,B_subtropical_midlatitude_5,-0.300296,-0.030526,-0.022734,,,-0.01504,,,True,-0.051,-0.051,-0.033817,,-0.0461,,,,2024-08-16T10:00Z,7.599583,5.291736,4.772083,17.833333,0.083769,-0.36163,-0.298479,-0.271389,,-0.318022,-0.32319,-0.253113,-0.238274,-0.207285,,,,32.272,,,,,JJA,1,2,Papa,6.613584,1.3,0.173642
12.59,,8.576667,B_subtropical_midlatitude_5,-0.380177,-0.018086,-0.014626,,,-0.009745,,,True,-0.0165,-0.0165,-0.014433,,-0.0171,,,,2024-09-21T08:00Z,7.42,4.827361,4.47,10.556667,0.106725,-0.172613,-0.144455,-0.137046,,-0.160256,-0.150105,-0.135757,-0.12143,-0.103124,,,,32.25175,,,,,SON,1,2,Papa,8.658562,1.3,0.049329
36.22,,10.193333,B_subtropical_midlatitude_5,-1.260872,-0.022184,-0.020038,,,-0.005385,,,True,-0.012,-0.012,-0.014883,,-0.0117,,,,2024-09-30T00:00Z,19.29875,5.118611,4.693889,15.235,0.131642,-0.186991,-0.154687,-0.152215,,-0.182967,-0.104986,-0.153243,-0.131494,-0.11039,,,,32.21115,,,,,SON,1,2,Papa,16.260834,1.3,0.005349
7.015,,7.146667,B_subtropical_midlatitude_5,0.018336,-0.006109,-0.005414,,,-0.005898,,,True,-0.0115,-0.0115,-0.010117,,-0.01025,,,,2024-10-11T17:00Z,4.445417,3.884722,3.586944,11.08,0.074328,-0.082173,-0.07421,-0.07284,,-0.080006,-0.07283,-0.07665,-0.071271,-0.06761,,,,32.2618,,,,,SON,1,2,Papa,11.857613,1.3,0.012982
9.36,,8.643333,B_subtropical_midlatitude_5,-0.078781,-0.012985,-0.00996,,,-0.010287,,,True,-0.026,-0.026,-0.02235,,-0.02415,,,,2025-01-27T23:00Z,4.07125,4.450694,4.090556,16.77,0.074657,-0.181128,-0.148807,-0.133405,,-0.157078,-0.126498,-0.139855,-0.116872,-0.096816,,,,32.4276,,,,,DJF,1,2,Papa,7.771278,1.3,0.067811
7.42,,13.121324,B_subtropical_midlatitude_5,0.564265,-0.014086,-0.011489,,,-0.020244,,,True,-0.0395,-0.0395,-0.077957,,-0.073699,,,,2012-01-01T23:00Z,4.445417,6.732012,6.185291,13.121324,0.082072,-0.176344,-0.145109,-0.139992,,-0.165611,-0.145185,-0.143654,-0.120856,-0.104752,,,,34.766244,,,,,DJF,0,0,SOFS,6.856078,0.93,0.122663
28.3,,14.212562,B_subtropical_midlatitude_5,-0.685252,-0.059544,-0.043991,,,-0.02307,,,True,-0.0145,-0.0145,-0.084974,,-0.028843,,,,2012-01-29T03:00Z,10.196667,5.047906,4.455716,17.020826,0.141617,-0.464631,-0.334537,-0.310632,,-0.408507,-0.153098,-0.31799,-0.232619,-0.16898,,,,34.732974,,,,,DJF,1,2,SOFS,5.901433,0.93,0.212013
24.035,,13.747768,B_subtropical_midlatitude_5,-0.555539,-0.017637,-0.016032,,,-0.010374,,,True,-0.0125,-0.0125,-0.0138,,-0.016252,,,,2012-03-15T01:00Z,10.945417,7.651818,7.078994,15.133388,0.14625,-0.139815,-0.110754,-0.109624,,-0.137549,-0.152454,-0.103595,-0.087953,-0.065872,,,,34.4647,,,,,MAM,1,2,SOFS,13.926282,0.93,0.010326
32.925,,8.886529,B_subtropical_midlatitude_5,-1.301538,-0.047486,-0.040201,,,-0.011234,,,True,-0.012,-0.012,-0.012789,,-0.015394,,,,2012-03-20T02:00Z,15.71125,5.488447,5.118175,11.997273,0.16023,-0.324606,-0.257146,-0.250898,,-0.311557,-0.255301,-0.251179,-0.208836,-0.169334,,,,34.483796,,,,,MAM,1,2,SOFS,9.1906,0.93,0.031066
7.395,,3.126116,B_subtropical_midlatitude_5,-0.842957,-0.022297,-0.018435,,,-0.007,,,True,-0.016,-0.016,-0.018805,,-0.014192,,,,2012-04-05T10:00Z,5.585,1.999277,1.869022,24.465537,0.068647,-0.323722,-0.28019,-0.268553,,-0.301423,-0.272506,-0.258707,-0.250698,-0.228846,,,,34.465846,,,,,MAM,1,2,SOFS,4.822991,0.93,0.080107
22.9,,12.968348,B_subtropical_midlatitude_5,-0.565301,-0.04264,-0.035073,,,-0.016807,,,True,0.005,0.005,-0.024268,,-0.026931,,,,2012-06-24T06:00Z,16.34375,7.702325,7.161977,12.867604,0.103619,-0.415264,-0.35023,-0.338476,,-0.392223,-0.277125,-0.360893,-0.307997,-0.274649,,,,34.809219,,,,,JJA,1,2,SOFS,10.324332,0.93,0.027476
4.695,,2.648512,B_subtropical_midlatitude_5,-0.556514,-0.004018,-0.003735,,,-0.001943,,,True,0.003,0.003,0.000603,,0.001768,,,,2012-07-15T22:00Z,3.505,2.057166,1.946811,10.888347,0.09632,-0.045823,-0.039038,-0.038779,,-0.045298,-0.048505,-0.034492,-0.035592,-0.032162,,,,34.508562,,,,,JJA,1,2,SOFS,14.894025,0.93,0.001509
7.83,,5.10876,B_subtropical_midlatitude_5,-0.420311,-0.016848,-0.015147,,,-0.009278,,,True,-0.01,-0.01,-0.006433,,-0.007391,,,,2013-06-08T13:00Z,4.978333,2.763609,2.550744,11.764959,0.085467,-0.21318,-0.177743,-0.177228,,-0.208711,-0.218282,-0.165603,-0.156292,-0.135251,,,,34.59091,,,,,JJA,1,2,SOFS,7.423789,0.55,0.019656
2.43,,1.849091,B_subtropical_midlatitude_5,-0.260856,-0.002267,-0.002193,,,-0.001673,,,True,-0.012,-0.012,-0.007821,,-0.007255,,,,2013-08-15T23:00Z,2.143333,1.21582,1.138774,17.560248,0.0764,-0.031459,-0.028715,-0.028709,,-0.031369,-0.0325,-0.025333,-0.02682,-0.026198,,,,34.682424,,,,,JJA,1,2,SOFS,12.323029,0.55,0.001208
6.355,,5.892562,B_subtropical_midlatitude_5,-0.074336,-0.006721,-0.005891,,,-0.004905,,,True,0.002,0.002,-0.000194,,0.002538,,,,2021-04-18T17:00Z,3.991667,2.560951,2.315427,20.446282,0.081948,-0.087841,-0.073111,-0.071886,,-0.085363,-0.066326,-0.071558,-0.063366,-0.054113,,,,34.424363,,,,,MAM,1,2,SOFS,11.911815,0.88,0.007224
